cpg_site,chr,pos,gene,gene_start,gene_end,in_gene_body,is_endo_hit
chr3_75625908,chr3,75625908,MIR1324,75630763,75630858,FALSE,FALSE
chr3_75625998,chr3,75625998,MIR1324,75630763,75630858,FALSE,FALSE
chr3_75626038,chr3,75626038,MIR1324,75630763,75630858,FALSE,FALSE
chr3_75626042,chr3,75626042,MIR1324,75630763,75630858,FALSE,FALSE
chr3_75626098,chr3,75626098,MIR1324,75630763,75630858,FALSE,FALSE
chr3_75626130,chr3,75626130,MIR1324,75630763,75630858,FALSE,FALSE
chr3_75626136,chr3,75626136,MIR1324,75630763,75630858,FALSE,FALSE
chr3_75626160,chr3,75626160,MIR1324,75630763,75630858,FALSE,FALSE
chr3_75626224,chr3,75626224,MIR1324,75630763,75630858,FALSE,FALSE
chr3_75626365,chr3,75626365,MIR1324,75630763,75630858,FALSE,FALSE
chr3_75626468,chr3,75626468,MIR1324,75630763,75630858,FALSE,FALSE
chr3_75627268,chr3,75627268,MIR1324,75630763,75630858,FALSE,FALSE
chr3_75627773,chr3,75627773,MIR1324,75630763,75630858,FALSE,FALSE
chr3_75627803,chr3,75627803,MIR1324,75630763,75630858,FALSE,FALSE
chr3_75627937,chr3,75627937,MIR1324,75630763,75630858,FALSE,FALSE
chr3_75628060,chr3,75628060,MIR1324,75630763,75630858,FALSE,FALSE
chr3_75628283,chr3,75628283,MIR1324,75630763,75630858,FALSE,FALSE
chr3_75628872,chr3,75628872,MIR1324,75630763,75630858,FALSE,FALSE
chr3_75628948,chr3,75628948,MIR1324,75630763,75630858,FALSE,FALSE
chr3_75628956,chr3,75628956,MIR1324,75630763,75630858,FALSE,FALSE
chr3_75629558,chr3,75629558,MIR1324,75630763,75630858,FALSE,FALSE
chr3_75629998,chr3,75629998,MIR1324,75630763,75630858,FALSE,FALSE
chr3_75630192,chr3,75630192,MIR1324,75630763,75630858,FALSE,FALSE
chr3_75630303,chr3,75630303,MIR1324,75630763,75630858,FALSE,FALSE
chr3_75630387,chr3,75630387,MIR1324,75630763,75630858,FALSE,FALSE
chr3_75630443,chr3,75630443,MIR1324,75630763,75630858,FALSE,FALSE
chr3_75630682,chr3,75630682,MIR1324,75630763,75630858,FALSE,FALSE
chr3_75631035,chr3,75631035,MIR1324,75630763,75630858,FALSE,FALSE
chr3_75631522,chr3,75631522,MIR1324,75630763,75630858,FALSE,FALSE
chr3_75631591,chr3,75631591,MIR1324,75630763,75630858,FALSE,FALSE
chr3_75631722,chr3,75631722,MIR1324,75630763,75630858,FALSE,FALSE
chr3_75631768,chr3,75631768,MIR1324,75630763,75630858,FALSE,FALSE
chr3_75631835,chr3,75631835,MIR1324,75630763,75630858,FALSE,FALSE
chr3_75632081,chr3,75632081,MIR1324,75630763,75630858,FALSE,FALSE
chr3_75632243,chr3,75632243,MIR1324,75630763,75630858,FALSE,FALSE
chr3_75632263,chr3,75632263,MIR1324,75630763,75630858,FALSE,FALSE
chr3_75632508,chr3,75632508,MIR1324,75630763,75630858,FALSE,FALSE
chr3_75632516,chr3,75632516,MIR1324,75630763,75630858,FALSE,FALSE
chr3_75632911,chr3,75632911,MIR1324,75630763,75630858,FALSE,FALSE
chr3_75633011,chr3,75633011,MIR1324,75630763,75630858,FALSE,FALSE
chr3_75633030,chr3,75633030,MIR1324,75630763,75630858,FALSE,FALSE
chr3_75633180,chr3,75633180,MIR1324,75630763,75630858,FALSE,FALSE
chr3_75633707,chr3,75633707,MIR1324,75630763,75630858,FALSE,FALSE
chr3_75633768,chr3,75633768,MIR1324,75630763,75630858,FALSE,FALSE
chr3_75633782,chr3,75633782,MIR1324,75630763,75630858,FALSE,FALSE
chr3_75633826,chr3,75633826,MIR1324,75630763,75630858,FALSE,FALSE
chr3_75633838,chr3,75633838,MIR1324,75630763,75630858,FALSE,FALSE
chr3_75633920,chr3,75633920,MIR1324,75630763,75630858,FALSE,FALSE
chr3_75633993,chr3,75633993,MIR1324,75630763,75630858,FALSE,FALSE
chr3_75634097,chr3,75634097,MIR1324,75630763,75630858,FALSE,FALSE
chr3_75634119,chr3,75634119,MIR1324,75630763,75630858,FALSE,FALSE
chr3_75634138,chr3,75634138,MIR1324,75630763,75630858,FALSE,FALSE
chr3_75634197,chr3,75634197,MIR1324,75630763,75630858,FALSE,FALSE
chr3_75634247,chr3,75634247,MIR1324,75630763,75630858,FALSE,FALSE
chr3_75634265,chr3,75634265,MIR1324,75630763,75630858,FALSE,FALSE
chr3_75634333,chr3,75634333,MIR1324,75630763,75630858,FALSE,FALSE
chr3_75634564,chr3,75634564,MIR1324,75630763,75630858,FALSE,FALSE
chr3_75634743,chr3,75634743,MIR1324,75630763,75630858,FALSE,FALSE
chr3_75634804,chr3,75634804,MIR1324,75630763,75630858,FALSE,FALSE
chr3_75634964,chr3,75634964,MIR1324,75630763,75630858,FALSE,FALSE
chr3_75635104,chr3,75635104,MIR1324,75630763,75630858,FALSE,FALSE
chr3_75635346,chr3,75635346,MIR1324,75630763,75630858,FALSE,FALSE
chr3_75635488,chr3,75635488,MIR1324,75630763,75630858,FALSE,FALSE
chr3_75635521,chr3,75635521,MIR1324,75630763,75630858,FALSE,FALSE
chr3_75635582,chr3,75635582,MIR1324,75630763,75630858,FALSE,FALSE
chr3_75635634,chr3,75635634,MIR1324,75630763,75630858,FALSE,FALSE
chr10_116876582,chr10,116876582,SHTN1,116881477,117126586,FALSE,FALSE
chr10_116876672,chr10,116876672,SHTN1,116881477,117126586,FALSE,FALSE
chr10_116876676,chr10,116876676,SHTN1,116881477,117126586,FALSE,FALSE
chr10_116876722,chr10,116876722,SHTN1,116881477,117126586,FALSE,FALSE
chr10_116876732,chr10,116876732,SHTN1,116881477,117126586,FALSE,FALSE
chr10_116876746,chr10,116876746,SHTN1,116881477,117126586,FALSE,FALSE
chr10_116876766,chr10,116876766,SHTN1,116881477,117126586,FALSE,FALSE
chr10_116876807,chr10,116876807,SHTN1,116881477,117126586,FALSE,FALSE
chr10_116876819,chr10,116876819,SHTN1,116881477,117126586,FALSE,FALSE
chr10_116876823,chr10,116876823,SHTN1,116881477,117126586,FALSE,FALSE
chr10_116876843,chr10,116876843,SHTN1,116881477,117126586,FALSE,FALSE
chr10_116876882,chr10,116876882,SHTN1,116881477,117126586,FALSE,FALSE
chr10_116876899,chr10,116876899,SHTN1,116881477,117126586,FALSE,FALSE
chr10_116876905,chr10,116876905,SHTN1,116881477,117126586,FALSE,FALSE
chr10_116876907,chr10,116876907,SHTN1,116881477,117126586,FALSE,FALSE
chr10_116876929,chr10,116876929,SHTN1,116881477,117126586,FALSE,FALSE
chr10_116876943,chr10,116876943,SHTN1,116881477,117126586,FALSE,FALSE
chr10_116877087,chr10,116877087,SHTN1,116881477,117126586,FALSE,FALSE
chr10_116877202,chr10,116877202,SHTN1,116881477,117126586,FALSE,FALSE
chr10_116877382,chr10,116877382,SHTN1,116881477,117126586,FALSE,FALSE
chr10_116877628,chr10,116877628,SHTN1,116881477,117126586,FALSE,FALSE
chr10_116877785,chr10,116877785,SHTN1,116881477,117126586,FALSE,FALSE
chr10_116878105,chr10,116878105,SHTN1,116881477,117126586,FALSE,FALSE
chr10_116878216,chr10,116878216,SHTN1,116881477,117126586,FALSE,FALSE
chr10_116878382,chr10,116878382,SHTN1,116881477,117126586,FALSE,FALSE
chr10_116878549,chr10,116878549,SHTN1,116881477,117126586,FALSE,FALSE
chr10_116878568,chr10,116878568,SHTN1,116881477,117126586,FALSE,FALSE
chr10_116878650,chr10,116878650,SHTN1,116881477,117126586,FALSE,FALSE
chr10_116878652,chr10,116878652,SHTN1,116881477,117126586,FALSE,FALSE
chr10_116878781,chr10,116878781,SHTN1,116881477,117126586,FALSE,FALSE
chr10_116878804,chr10,116878804,SHTN1,116881477,117126586,FALSE,FALSE
chr10_116878806,chr10,116878806,SHTN1,116881477,117126586,FALSE,FALSE
chr10_116878836,chr10,116878836,SHTN1,116881477,117126586,FALSE,FALSE
chr10_116878844,chr10,116878844,SHTN1,116881477,117126586,FALSE,FALSE
chr10_116878866,chr10,116878866,SHTN1,116881477,117126586,FALSE,FALSE
chr10_116878868,chr10,116878868,SHTN1,116881477,117126586,FALSE,FALSE
chr10_116878900,chr10,116878900,SHTN1,116881477,117126586,FALSE,FALSE
chr10_116878904,chr10,116878904,SHTN1,116881477,117126586,FALSE,FALSE
chr10_116878944,chr10,116878944,SHTN1,116881477,117126586,FALSE,FALSE
chr10_116878964,chr10,116878964,SHTN1,116881477,117126586,FALSE,FALSE
chr10_116879032,chr10,116879032,SHTN1,116881477,117126586,FALSE,FALSE
chr10_116879151,chr10,116879151,SHTN1,116881477,117126586,FALSE,FALSE
chr10_116879352,chr10,116879352,SHTN1,116881477,117126586,FALSE,FALSE
chr10_116879403,chr10,116879403,SHTN1,116881477,117126586,FALSE,FALSE
chr10_116879623,chr10,116879623,SHTN1,116881477,117126586,FALSE,FALSE
chr10_116879650,chr10,116879650,SHTN1,116881477,117126586,FALSE,FALSE
chr10_116879815,chr10,116879815,SHTN1,116881477,117126586,FALSE,FALSE
chr10_116879838,chr10,116879838,SHTN1,116881477,117126586,FALSE,FALSE
chr10_116879887,chr10,116879887,SHTN1,116881477,117126586,FALSE,FALSE
chr10_116879914,chr10,116879914,SHTN1,116881477,117126586,FALSE,FALSE
chr10_116879923,chr10,116879923,SHTN1,116881477,117126586,FALSE,FALSE
chr10_116879992,chr10,116879992,SHTN1,116881477,117126586,FALSE,FALSE
chr10_116880190,chr10,116880190,SHTN1,116881477,117126586,FALSE,FALSE
chr10_116880218,chr10,116880218,SHTN1,116881477,117126586,FALSE,FALSE
chr10_116880382,chr10,116880382,SHTN1,116881477,117126586,FALSE,FALSE
chr10_116880430,chr10,116880430,SHTN1,116881477,117126586,FALSE,FALSE
chr10_116880631,chr10,116880631,SHTN1,116881477,117126586,FALSE,FALSE
chr10_116880640,chr10,116880640,SHTN1,116881477,117126586,FALSE,FALSE
chr10_116880862,chr10,116880862,SHTN1,116881477,117126586,FALSE,FALSE
chr10_116880870,chr10,116880870,SHTN1,116881477,117126586,FALSE,FALSE
chr10_116880949,chr10,116880949,SHTN1,116881477,117126586,FALSE,FALSE
chr10_116880980,chr10,116880980,SHTN1,116881477,117126586,FALSE,FALSE
chr10_116881147,chr10,116881147,SHTN1,116881477,117126586,FALSE,FALSE
chr10_116881248,chr10,116881248,SHTN1,116881477,117126586,FALSE,FALSE
chr10_116881277,chr10,116881277,SHTN1,116881477,117126586,FALSE,FALSE
chr10_116881322,chr10,116881322,SHTN1,116881477,117126586,FALSE,FALSE
chr10_116881367,chr10,116881367,SHTN1,116881477,117126586,FALSE,FALSE
chr10_116881399,chr10,116881399,SHTN1,116881477,117126586,FALSE,FALSE
chr10_116881569,chr10,116881569,SHTN1,116881477,117126586,TRUE,FALSE
chr10_116881590,chr10,116881590,SHTN1,116881477,117126586,TRUE,FALSE
chr10_116881602,chr10,116881602,SHTN1,116881477,117126586,TRUE,FALSE
chr10_116881645,chr10,116881645,SHTN1,116881477,117126586,TRUE,FALSE
chr10_116881717,chr10,116881717,SHTN1,116881477,117126586,TRUE,FALSE
chr10_116881733,chr10,116881733,SHTN1,116881477,117126586,TRUE,FALSE
chr10_116881736,chr10,116881736,SHTN1,116881477,117126586,TRUE,FALSE
chr10_116881739,chr10,116881739,SHTN1,116881477,117126586,TRUE,FALSE
chr10_116881857,chr10,116881857,SHTN1,116881477,117126586,TRUE,FALSE
chr10_116881929,chr10,116881929,SHTN1,116881477,117126586,TRUE,FALSE
chr10_116882131,chr10,116882131,SHTN1,116881477,117126586,TRUE,FALSE
chr10_116882262,chr10,116882262,SHTN1,116881477,117126586,TRUE,FALSE
chr10_116882389,chr10,116882389,SHTN1,116881477,117126586,TRUE,FALSE
chr10_116882558,chr10,116882558,SHTN1,116881477,117126586,TRUE,FALSE
chr10_116882778,chr10,116882778,SHTN1,116881477,117126586,TRUE,FALSE
chr10_116882890,chr10,116882890,SHTN1,116881477,117126586,TRUE,FALSE
chr10_116883176,chr10,116883176,SHTN1,116881477,117126586,TRUE,FALSE
chr10_116883487,chr10,116883487,SHTN1,116881477,117126586,TRUE,FALSE
chr10_116883526,chr10,116883526,SHTN1,116881477,117126586,TRUE,FALSE
chr10_116883751,chr10,116883751,SHTN1,116881477,117126586,TRUE,FALSE
chr10_116883990,chr10,116883990,SHTN1,116881477,117126586,TRUE,FALSE
chr10_116884014,chr10,116884014,SHTN1,116881477,117126586,TRUE,FALSE
chr10_116884046,chr10,116884046,SHTN1,116881477,117126586,TRUE,FALSE
chr10_116884158,chr10,116884158,SHTN1,116881477,117126586,TRUE,FALSE
chr10_116884770,chr10,116884770,SHTN1,116881477,117126586,TRUE,FALSE
chr10_116884867,chr10,116884867,SHTN1,116881477,117126586,TRUE,FALSE
chr10_116884872,chr10,116884872,SHTN1,116881477,117126586,TRUE,FALSE
chr10_116884952,chr10,116884952,SHTN1,116881477,117126586,TRUE,FALSE
chr10_116885030,chr10,116885030,SHTN1,116881477,117126586,TRUE,FALSE
chr10_116885114,chr10,116885114,SHTN1,116881477,117126586,TRUE,FALSE
chr10_116885700,chr10,116885700,SHTN1,116881477,117126586,TRUE,FALSE
chr10_116885710,chr10,116885710,SHTN1,116881477,117126586,TRUE,FALSE
chr10_116885794,chr10,116885794,SHTN1,116881477,117126586,TRUE,FALSE
chr10_116886373,chr10,116886373,SHTN1,116881477,117126586,TRUE,FALSE
chr10_116886412,chr10,116886412,SHTN1,116881477,117126586,TRUE,FALSE
chr10_116886511,chr10,116886511,SHTN1,116881477,117126586,TRUE,FALSE
chr10_116886526,chr10,116886526,SHTN1,116881477,117126586,TRUE,FALSE
chr10_116886793,chr10,116886793,SHTN1,116881477,117126586,TRUE,FALSE
chr10_116886862,chr10,116886862,SHTN1,116881477,117126586,TRUE,FALSE
chr10_116886919,chr10,116886919,SHTN1,116881477,117126586,TRUE,FALSE
chr10_116887136,chr10,116887136,SHTN1,116881477,117126586,TRUE,FALSE
chr10_116887261,chr10,116887261,SHTN1,116881477,117126586,TRUE,FALSE
chr10_116887368,chr10,116887368,SHTN1,116881477,117126586,TRUE,FALSE
chr10_116887413,chr10,116887413,SHTN1,116881477,117126586,TRUE,FALSE
chr10_116887489,chr10,116887489,SHTN1,116881477,117126586,TRUE,FALSE
chr10_116887722,chr10,116887722,SHTN1,116881477,117126586,TRUE,FALSE
chr10_116887795,chr10,116887795,SHTN1,116881477,117126586,TRUE,FALSE
chr10_116887941,chr10,116887941,SHTN1,116881477,117126586,TRUE,FALSE
chr10_116887947,chr10,116887947,SHTN1,116881477,117126586,TRUE,FALSE
chr10_116888074,chr10,116888074,SHTN1,116881477,117126586,TRUE,FALSE
chr10_116888255,chr10,116888255,SHTN1,116881477,117126586,TRUE,FALSE
chr10_116888430,chr10,116888430,SHTN1,116881477,117126586,TRUE,FALSE
chr10_116888455,chr10,116888455,SHTN1,116881477,117126586,TRUE,FALSE
chr10_116888505,chr10,116888505,SHTN1,116881477,117126586,TRUE,FALSE
chr10_116888775,chr10,116888775,SHTN1,116881477,117126586,TRUE,FALSE
chr10_116888784,chr10,116888784,SHTN1,116881477,117126586,TRUE,FALSE
chr10_116888857,chr10,116888857,SHTN1,116881477,117126586,TRUE,FALSE
chr10_116888970,chr10,116888970,SHTN1,116881477,117126586,TRUE,FALSE
chr10_116889135,chr10,116889135,SHTN1,116881477,117126586,TRUE,FALSE
chr10_116889329,chr10,116889329,SHTN1,116881477,117126586,TRUE,FALSE
chr10_116894403,chr10,116894403,SHTN1,116881477,117126586,TRUE,FALSE
chr10_116894580,chr10,116894580,SHTN1,116881477,117126586,TRUE,FALSE
chr10_116894639,chr10,116894639,SHTN1,116881477,117126586,TRUE,FALSE
chr10_116894817,chr10,116894817,SHTN1,116881477,117126586,TRUE,FALSE
chr10_116895208,chr10,116895208,SHTN1,116881477,117126586,TRUE,FALSE
chr10_116895312,chr10,116895312,SHTN1,116881477,117126586,TRUE,FALSE
chr10_116895716,chr10,116895716,SHTN1,116881477,117126586,TRUE,FALSE
chr10_116896005,chr10,116896005,SHTN1,116881477,117126586,TRUE,FALSE
chr10_116896164,chr10,116896164,SHTN1,116881477,117126586,TRUE,FALSE
chr10_116896450,chr10,116896450,SHTN1,116881477,117126586,TRUE,FALSE
chr10_116896468,chr10,116896468,SHTN1,116881477,117126586,TRUE,FALSE
chr10_116896550,chr10,116896550,SHTN1,116881477,117126586,TRUE,FALSE
chr10_116896645,chr10,116896645,SHTN1,116881477,117126586,TRUE,FALSE
chr10_116896702,chr10,116896702,SHTN1,116881477,117126586,TRUE,FALSE
chr10_116896708,chr10,116896708,SHTN1,116881477,117126586,TRUE,FALSE
chr10_116896748,chr10,116896748,SHTN1,116881477,117126586,TRUE,FALSE
chr10_116897016,chr10,116897016,SHTN1,116881477,117126586,TRUE,FALSE
chr10_116897095,chr10,116897095,SHTN1,116881477,117126586,TRUE,FALSE
chr10_116897326,chr10,116897326,SHTN1,116881477,117126586,TRUE,FALSE
chr10_116897366,chr10,116897366,SHTN1,116881477,117126586,TRUE,FALSE
chr10_116897764,chr10,116897764,SHTN1,116881477,117126586,TRUE,FALSE
chr10_116897866,chr10,116897866,SHTN1,116881477,117126586,TRUE,FALSE
chr10_116897911,chr10,116897911,SHTN1,116881477,117126586,TRUE,FALSE
chr10_116898053,chr10,116898053,SHTN1,116881477,117126586,TRUE,FALSE
chr10_116898154,chr10,116898154,SHTN1,116881477,117126586,TRUE,FALSE
chr10_116898156,chr10,116898156,SHTN1,116881477,117126586,TRUE,FALSE
chr10_116898220,chr10,116898220,SHTN1,116881477,117126586,TRUE,FALSE
chr10_116898242,chr10,116898242,SHTN1,116881477,117126586,TRUE,FALSE
chr10_116898259,chr10,116898259,SHTN1,116881477,117126586,TRUE,FALSE
chr10_116898282,chr10,116898282,SHTN1,116881477,117126586,TRUE,FALSE
chr10_116898306,chr10,116898306,SHTN1,116881477,117126586,TRUE,FALSE
chr10_116898564,chr10,116898564,SHTN1,116881477,117126586,TRUE,FALSE
chr10_116898576,chr10,116898576,SHTN1,116881477,117126586,TRUE,FALSE
chr10_116899031,chr10,116899031,SHTN1,116881477,117126586,TRUE,FALSE
chr10_116899270,chr10,116899270,SHTN1,116881477,117126586,TRUE,FALSE
chr10_116899428,chr10,116899428,SHTN1,116881477,117126586,TRUE,FALSE
chr10_116899598,chr10,116899598,SHTN1,116881477,117126586,TRUE,FALSE
chr10_116899650,chr10,116899650,SHTN1,116881477,117126586,TRUE,FALSE
chr10_116899659,chr10,116899659,SHTN1,116881477,117126586,TRUE,FALSE
chr10_116899672,chr10,116899672,SHTN1,116881477,117126586,TRUE,FALSE
chr10_116899770,chr10,116899770,SHTN1,116881477,117126586,TRUE,FALSE
chr10_116900154,chr10,116900154,SHTN1,116881477,117126586,TRUE,FALSE
chr10_116900194,chr10,116900194,SHTN1,116881477,117126586,TRUE,FALSE
chr10_116900202,chr10,116900202,SHTN1,116881477,117126586,TRUE,FALSE
chr10_116901061,chr10,116901061,SHTN1,116881477,117126586,TRUE,FALSE
chr10_116901369,chr10,116901369,SHTN1,116881477,117126586,TRUE,FALSE
chr10_116901442,chr10,116901442,SHTN1,116881477,117126586,TRUE,FALSE
chr10_116901658,chr10,116901658,SHTN1,116881477,117126586,TRUE,FALSE
chr10_116901661,chr10,116901661,SHTN1,116881477,117126586,TRUE,FALSE
chr10_116901755,chr10,116901755,SHTN1,116881477,117126586,TRUE,FALSE
chr10_116901770,chr10,116901770,SHTN1,116881477,117126586,TRUE,FALSE
chr10_116901804,chr10,116901804,SHTN1,116881477,117126586,TRUE,FALSE
chr10_116901839,chr10,116901839,SHTN1,116881477,117126586,TRUE,FALSE
chr10_116902122,chr10,116902122,SHTN1,116881477,117126586,TRUE,FALSE
chr10_116902156,chr10,116902156,SHTN1,116881477,117126586,TRUE,FALSE
chr10_116902232,chr10,116902232,SHTN1,116881477,117126586,TRUE,FALSE
chr10_116902296,chr10,116902296,SHTN1,116881477,117126586,TRUE,FALSE
chr10_116902306,chr10,116902306,SHTN1,116881477,117126586,TRUE,FALSE
chr10_116902998,chr10,116902998,SHTN1,116881477,117126586,TRUE,FALSE
chr10_116903208,chr10,116903208,SHTN1,116881477,117126586,TRUE,FALSE
chr10_116903250,chr10,116903250,SHTN1,116881477,117126586,TRUE,FALSE
chr10_116903258,chr10,116903258,SHTN1,116881477,117126586,TRUE,FALSE
chr10_116903312,chr10,116903312,SHTN1,116881477,117126586,TRUE,FALSE
chr10_116903397,chr10,116903397,SHTN1,116881477,117126586,TRUE,FALSE
chr10_116903439,chr10,116903439,SHTN1,116881477,117126586,TRUE,FALSE
chr10_116903473,chr10,116903473,SHTN1,116881477,117126586,TRUE,FALSE
chr10_116903481,chr10,116903481,SHTN1,116881477,117126586,TRUE,FALSE
chr10_116903503,chr10,116903503,SHTN1,116881477,117126586,TRUE,FALSE
chr10_116903595,chr10,116903595,SHTN1,116881477,117126586,TRUE,FALSE
chr10_116903653,chr10,116903653,SHTN1,116881477,117126586,TRUE,FALSE
chr10_116903707,chr10,116903707,SHTN1,116881477,117126586,TRUE,FALSE
chr10_116903871,chr10,116903871,SHTN1,116881477,117126586,TRUE,FALSE
chr10_116904570,chr10,116904570,SHTN1,116881477,117126586,TRUE,FALSE
chr10_116904835,chr10,116904835,SHTN1,116881477,117126586,TRUE,FALSE
chr10_116904868,chr10,116904868,SHTN1,116881477,117126586,TRUE,FALSE
chr10_116904923,chr10,116904923,SHTN1,116881477,117126586,TRUE,FALSE
chr10_116904927,chr10,116904927,SHTN1,116881477,117126586,TRUE,FALSE
chr10_116905264,chr10,116905264,SHTN1,116881477,117126586,TRUE,FALSE
chr10_116905311,chr10,116905311,SHTN1,116881477,117126586,TRUE,FALSE
chr10_116905324,chr10,116905324,SHTN1,116881477,117126586,TRUE,FALSE
chr10_116905701,chr10,116905701,SHTN1,116881477,117126586,TRUE,FALSE
chr10_116905757,chr10,116905757,SHTN1,116881477,117126586,TRUE,FALSE
chr10_116905798,chr10,116905798,SHTN1,116881477,117126586,TRUE,FALSE
chr10_116905841,chr10,116905841,SHTN1,116881477,117126586,TRUE,FALSE
chr10_116905857,chr10,116905857,SHTN1,116881477,117126586,TRUE,FALSE
chr10_116905882,chr10,116905882,SHTN1,116881477,117126586,TRUE,FALSE
chr10_116905958,chr10,116905958,SHTN1,116881477,117126586,TRUE,FALSE
chr10_116906341,chr10,116906341,SHTN1,116881477,117126586,TRUE,FALSE
chr10_116906619,chr10,116906619,SHTN1,116881477,117126586,TRUE,FALSE
chr10_116906659,chr10,116906659,SHTN1,116881477,117126586,TRUE,FALSE
chr10_116906662,chr10,116906662,SHTN1,116881477,117126586,TRUE,FALSE
chr10_116907047,chr10,116907047,SHTN1,116881477,117126586,TRUE,FALSE
chr10_116907050,chr10,116907050,SHTN1,116881477,117126586,TRUE,FALSE
chr10_116907059,chr10,116907059,SHTN1,116881477,117126586,TRUE,FALSE
chr10_116907162,chr10,116907162,SHTN1,116881477,117126586,TRUE,FALSE
chr10_116907223,chr10,116907223,SHTN1,116881477,117126586,TRUE,FALSE
chr10_116907228,chr10,116907228,SHTN1,116881477,117126586,TRUE,FALSE
chr10_116907231,chr10,116907231,SHTN1,116881477,117126586,TRUE,FALSE
chr10_116907354,chr10,116907354,SHTN1,116881477,117126586,TRUE,FALSE
chr10_116907522,chr10,116907522,SHTN1,116881477,117126586,TRUE,FALSE
chr10_116907601,chr10,116907601,SHTN1,116881477,117126586,TRUE,FALSE
chr10_116907677,chr10,116907677,SHTN1,116881477,117126586,TRUE,FALSE
chr10_116907714,chr10,116907714,SHTN1,116881477,117126586,TRUE,FALSE
chr10_116908685,chr10,116908685,SHTN1,116881477,117126586,TRUE,FALSE
chr10_116909640,chr10,116909640,SHTN1,116881477,117126586,TRUE,FALSE
chr10_116909863,chr10,116909863,SHTN1,116881477,117126586,TRUE,FALSE
chr10_116909941,chr10,116909941,SHTN1,116881477,117126586,TRUE,FALSE
chr10_116910080,chr10,116910080,SHTN1,116881477,117126586,TRUE,FALSE
chr10_116910568,chr10,116910568,SHTN1,116881477,117126586,TRUE,FALSE
chr10_116911041,chr10,116911041,SHTN1,116881477,117126586,TRUE,FALSE
chr10_116911089,chr10,116911089,SHTN1,116881477,117126586,TRUE,FALSE
chr10_116911183,chr10,116911183,SHTN1,116881477,117126586,TRUE,FALSE
chr10_116911338,chr10,116911338,SHTN1,116881477,117126586,TRUE,FALSE
chr10_116911478,chr10,116911478,SHTN1,116881477,117126586,TRUE,FALSE
chr10_116911822,chr10,116911822,SHTN1,116881477,117126586,TRUE,FALSE
chr10_116912147,chr10,116912147,SHTN1,116881477,117126586,TRUE,FALSE
chr10_116912366,chr10,116912366,SHTN1,116881477,117126586,TRUE,FALSE
chr10_116912614,chr10,116912614,SHTN1,116881477,117126586,TRUE,FALSE
chr10_116912709,chr10,116912709,SHTN1,116881477,117126586,TRUE,FALSE
chr10_116912975,chr10,116912975,SHTN1,116881477,117126586,TRUE,FALSE
chr10_116913101,chr10,116913101,SHTN1,116881477,117126586,TRUE,FALSE
chr10_116913169,chr10,116913169,SHTN1,116881477,117126586,TRUE,FALSE
chr10_116913274,chr10,116913274,SHTN1,116881477,117126586,TRUE,FALSE
chr10_116913321,chr10,116913321,SHTN1,116881477,117126586,TRUE,FALSE
chr10_116913537,chr10,116913537,SHTN1,116881477,117126586,TRUE,FALSE
chr10_116913545,chr10,116913545,SHTN1,116881477,117126586,TRUE,FALSE
chr10_116914021,chr10,116914021,SHTN1,116881477,117126586,TRUE,FALSE
chr10_116914132,chr10,116914132,SHTN1,116881477,117126586,TRUE,FALSE
chr10_116914195,chr10,116914195,SHTN1,116881477,117126586,TRUE,FALSE
chr10_116914269,chr10,116914269,SHTN1,116881477,117126586,TRUE,FALSE
chr10_116914289,chr10,116914289,SHTN1,116881477,117126586,TRUE,FALSE
chr10_116914537,chr10,116914537,SHTN1,116881477,117126586,TRUE,FALSE
chr10_116914608,chr10,116914608,SHTN1,116881477,117126586,TRUE,FALSE
chr10_116914644,chr10,116914644,SHTN1,116881477,117126586,TRUE,FALSE
chr10_116914802,chr10,116914802,SHTN1,116881477,117126586,TRUE,FALSE
chr10_116914837,chr10,116914837,SHTN1,116881477,117126586,TRUE,FALSE
chr10_116914947,chr10,116914947,SHTN1,116881477,117126586,TRUE,FALSE
chr10_116914976,chr10,116914976,SHTN1,116881477,117126586,TRUE,FALSE
chr10_116915014,chr10,116915014,SHTN1,116881477,117126586,TRUE,FALSE
chr10_116915128,chr10,116915128,SHTN1,116881477,117126586,TRUE,FALSE
chr10_116915143,chr10,116915143,SHTN1,116881477,117126586,TRUE,FALSE
chr10_116915384,chr10,116915384,SHTN1,116881477,117126586,TRUE,FALSE
chr10_116915404,chr10,116915404,SHTN1,116881477,117126586,TRUE,FALSE
chr10_116915767,chr10,116915767,SHTN1,116881477,117126586,TRUE,FALSE
chr10_116916028,chr10,116916028,SHTN1,116881477,117126586,TRUE,FALSE
chr10_116916165,chr10,116916165,SHTN1,116881477,117126586,TRUE,FALSE
chr10_116916608,chr10,116916608,SHTN1,116881477,117126586,TRUE,FALSE
chr10_116916725,chr10,116916725,SHTN1,116881477,117126586,TRUE,FALSE
chr10_116916836,chr10,116916836,SHTN1,116881477,117126586,TRUE,FALSE
chr10_116917277,chr10,116917277,SHTN1,116881477,117126586,TRUE,FALSE
chr10_116917342,chr10,116917342,SHTN1,116881477,117126586,TRUE,FALSE
chr10_116917367,chr10,116917367,SHTN1,116881477,117126586,TRUE,FALSE
chr10_116917373,chr10,116917373,SHTN1,116881477,117126586,TRUE,FALSE
chr10_116917397,chr10,116917397,SHTN1,116881477,117126586,TRUE,FALSE
chr10_116917460,chr10,116917460,SHTN1,116881477,117126586,TRUE,FALSE
chr10_116917492,chr10,116917492,SHTN1,116881477,117126586,TRUE,FALSE
chr10_116917589,chr10,116917589,SHTN1,116881477,117126586,TRUE,FALSE
chr10_116917782,chr10,116917782,SHTN1,116881477,117126586,TRUE,FALSE
chr10_116917906,chr10,116917906,SHTN1,116881477,117126586,TRUE,FALSE
chr10_116917922,chr10,116917922,SHTN1,116881477,117126586,TRUE,FALSE
chr10_116917955,chr10,116917955,SHTN1,116881477,117126586,TRUE,FALSE
chr10_116917991,chr10,116917991,SHTN1,116881477,117126586,TRUE,FALSE
chr10_116918403,chr10,116918403,SHTN1,116881477,117126586,TRUE,FALSE
chr10_116918526,chr10,116918526,SHTN1,116881477,117126586,TRUE,FALSE
chr10_116918801,chr10,116918801,SHTN1,116881477,117126586,TRUE,FALSE
chr10_116918804,chr10,116918804,SHTN1,116881477,117126586,TRUE,FALSE
chr10_116919507,chr10,116919507,SHTN1,116881477,117126586,TRUE,FALSE
chr10_116919525,chr10,116919525,SHTN1,116881477,117126586,TRUE,FALSE
chr10_116919654,chr10,116919654,SHTN1,116881477,117126586,TRUE,FALSE
chr10_116919695,chr10,116919695,SHTN1,116881477,117126586,TRUE,FALSE
chr10_116919746,chr10,116919746,SHTN1,116881477,117126586,TRUE,FALSE
chr10_116920177,chr10,116920177,SHTN1,116881477,117126586,TRUE,FALSE
chr10_116920234,chr10,116920234,SHTN1,116881477,117126586,TRUE,FALSE
chr10_116920254,chr10,116920254,SHTN1,116881477,117126586,TRUE,FALSE
chr10_116920417,chr10,116920417,SHTN1,116881477,117126586,TRUE,FALSE
chr10_116920635,chr10,116920635,SHTN1,116881477,117126586,TRUE,FALSE
chr10_116921045,chr10,116921045,SHTN1,116881477,117126586,TRUE,FALSE
chr10_116921246,chr10,116921246,SHTN1,116881477,117126586,TRUE,FALSE
chr10_116921635,chr10,116921635,SHTN1,116881477,117126586,TRUE,FALSE
chr10_116921687,chr10,116921687,SHTN1,116881477,117126586,TRUE,FALSE
chr10_116922487,chr10,116922487,SHTN1,116881477,117126586,TRUE,FALSE
chr10_116922528,chr10,116922528,SHTN1,116881477,117126586,TRUE,FALSE
chr10_116922686,chr10,116922686,SHTN1,116881477,117126586,TRUE,FALSE
chr10_116922704,chr10,116922704,SHTN1,116881477,117126586,TRUE,FALSE
chr10_116922762,chr10,116922762,SHTN1,116881477,117126586,TRUE,FALSE
chr10_116922835,chr10,116922835,SHTN1,116881477,117126586,TRUE,FALSE
chr10_116922880,chr10,116922880,SHTN1,116881477,117126586,TRUE,FALSE
chr10_116922897,chr10,116922897,SHTN1,116881477,117126586,TRUE,FALSE
chr10_116923640,chr10,116923640,SHTN1,116881477,117126586,TRUE,FALSE
chr10_116923830,chr10,116923830,SHTN1,116881477,117126586,TRUE,FALSE
chr10_116923865,chr10,116923865,SHTN1,116881477,117126586,TRUE,FALSE
chr10_116923903,chr10,116923903,SHTN1,116881477,117126586,TRUE,FALSE
chr10_116924242,chr10,116924242,SHTN1,116881477,117126586,TRUE,FALSE
chr10_116924316,chr10,116924316,SHTN1,116881477,117126586,TRUE,FALSE
chr10_116924323,chr10,116924323,SHTN1,116881477,117126586,TRUE,FALSE
chr10_116924366,chr10,116924366,SHTN1,116881477,117126586,TRUE,FALSE
chr10_116924422,chr10,116924422,SHTN1,116881477,117126586,TRUE,FALSE
chr10_116924788,chr10,116924788,SHTN1,116881477,117126586,TRUE,FALSE
chr10_116924796,chr10,116924796,SHTN1,116881477,117126586,TRUE,FALSE
chr10_116924818,chr10,116924818,SHTN1,116881477,117126586,TRUE,FALSE
chr10_116924831,chr10,116924831,SHTN1,116881477,117126586,TRUE,FALSE
chr10_116924911,chr10,116924911,SHTN1,116881477,117126586,TRUE,FALSE
chr10_116924998,chr10,116924998,SHTN1,116881477,117126586,TRUE,FALSE
chr10_116925133,chr10,116925133,SHTN1,116881477,117126586,TRUE,FALSE
chr10_116925372,chr10,116925372,SHTN1,116881477,117126586,TRUE,FALSE
chr10_116926145,chr10,116926145,SHTN1,116881477,117126586,TRUE,FALSE
chr10_116926155,chr10,116926155,SHTN1,116881477,117126586,TRUE,FALSE
chr10_116926286,chr10,116926286,SHTN1,116881477,117126586,TRUE,FALSE
chr10_116926470,chr10,116926470,SHTN1,116881477,117126586,TRUE,FALSE
chr10_116926476,chr10,116926476,SHTN1,116881477,117126586,TRUE,FALSE
chr10_116926615,chr10,116926615,SHTN1,116881477,117126586,TRUE,FALSE
chr10_116926962,chr10,116926962,SHTN1,116881477,117126586,TRUE,FALSE
chr10_116927029,chr10,116927029,SHTN1,116881477,117126586,TRUE,FALSE
chr10_116927132,chr10,116927132,SHTN1,116881477,117126586,TRUE,FALSE
chr10_116927357,chr10,116927357,SHTN1,116881477,117126586,TRUE,FALSE
chr10_116927364,chr10,116927364,SHTN1,116881477,117126586,TRUE,FALSE
chr10_116927435,chr10,116927435,SHTN1,116881477,117126586,TRUE,FALSE
chr10_116927592,chr10,116927592,SHTN1,116881477,117126586,TRUE,FALSE
chr10_116927597,chr10,116927597,SHTN1,116881477,117126586,TRUE,FALSE
chr10_116927873,chr10,116927873,SHTN1,116881477,117126586,TRUE,FALSE
chr10_116928205,chr10,116928205,SHTN1,116881477,117126586,TRUE,FALSE
chr10_116928441,chr10,116928441,SHTN1,116881477,117126586,TRUE,FALSE
chr10_116928525,chr10,116928525,SHTN1,116881477,117126586,TRUE,FALSE
chr10_116928662,chr10,116928662,SHTN1,116881477,117126586,TRUE,FALSE
chr10_116929216,chr10,116929216,SHTN1,116881477,117126586,TRUE,FALSE
chr10_116929247,chr10,116929247,SHTN1,116881477,117126586,TRUE,FALSE
chr10_116929264,chr10,116929264,SHTN1,116881477,117126586,TRUE,FALSE
chr10_116929274,chr10,116929274,SHTN1,116881477,117126586,TRUE,FALSE
chr10_116929583,chr10,116929583,SHTN1,116881477,117126586,TRUE,FALSE
chr10_116930216,chr10,116930216,SHTN1,116881477,117126586,TRUE,FALSE
chr10_116930258,chr10,116930258,SHTN1,116881477,117126586,TRUE,FALSE
chr10_116930369,chr10,116930369,SHTN1,116881477,117126586,TRUE,FALSE
chr10_116930439,chr10,116930439,SHTN1,116881477,117126586,TRUE,FALSE
chr10_116930631,chr10,116930631,SHTN1,116881477,117126586,TRUE,FALSE
chr10_116930682,chr10,116930682,SHTN1,116881477,117126586,TRUE,FALSE
chr10_116930699,chr10,116930699,SHTN1,116881477,117126586,TRUE,FALSE
chr10_116930799,chr10,116930799,SHTN1,116881477,117126586,TRUE,FALSE
chr10_116930858,chr10,116930858,SHTN1,116881477,117126586,TRUE,FALSE
chr10_116931162,chr10,116931162,SHTN1,116881477,117126586,TRUE,FALSE
chr10_116931243,chr10,116931243,SHTN1,116881477,117126586,TRUE,FALSE
chr10_116931287,chr10,116931287,SHTN1,116881477,117126586,TRUE,FALSE
chr10_116931309,chr10,116931309,SHTN1,116881477,117126586,TRUE,FALSE
chr10_116931311,chr10,116931311,SHTN1,116881477,117126586,TRUE,FALSE
chr10_116931334,chr10,116931334,SHTN1,116881477,117126586,TRUE,FALSE
chr10_116931409,chr10,116931409,SHTN1,116881477,117126586,TRUE,FALSE
chr10_116931468,chr10,116931468,SHTN1,116881477,117126586,TRUE,FALSE
chr10_116931528,chr10,116931528,SHTN1,116881477,117126586,TRUE,FALSE
chr10_116931970,chr10,116931970,SHTN1,116881477,117126586,TRUE,FALSE
chr10_116932016,chr10,116932016,SHTN1,116881477,117126586,TRUE,FALSE
chr10_116932038,chr10,116932038,SHTN1,116881477,117126586,TRUE,FALSE
chr10_116932097,chr10,116932097,SHTN1,116881477,117126586,TRUE,FALSE
chr10_116932138,chr10,116932138,SHTN1,116881477,117126586,TRUE,FALSE
chr10_116932178,chr10,116932178,SHTN1,116881477,117126586,TRUE,FALSE
chr10_116932289,chr10,116932289,SHTN1,116881477,117126586,TRUE,FALSE
chr10_116932303,chr10,116932303,SHTN1,116881477,117126586,TRUE,FALSE
chr10_116932319,chr10,116932319,SHTN1,116881477,117126586,TRUE,FALSE
chr10_116932333,chr10,116932333,SHTN1,116881477,117126586,TRUE,FALSE
chr10_116932355,chr10,116932355,SHTN1,116881477,117126586,TRUE,FALSE
chr10_116932357,chr10,116932357,SHTN1,116881477,117126586,TRUE,FALSE
chr10_116932380,chr10,116932380,SHTN1,116881477,117126586,TRUE,FALSE
chr10_116932382,chr10,116932382,SHTN1,116881477,117126586,TRUE,FALSE
chr10_116932400,chr10,116932400,SHTN1,116881477,117126586,TRUE,FALSE
chr10_116932507,chr10,116932507,SHTN1,116881477,117126586,TRUE,FALSE
chr10_116932608,chr10,116932608,SHTN1,116881477,117126586,TRUE,FALSE
chr10_116932693,chr10,116932693,SHTN1,116881477,117126586,TRUE,FALSE
chr10_116932903,chr10,116932903,SHTN1,116881477,117126586,TRUE,FALSE
chr10_116933331,chr10,116933331,SHTN1,116881477,117126586,TRUE,FALSE
chr10_116933473,chr10,116933473,SHTN1,116881477,117126586,TRUE,FALSE
chr10_116933492,chr10,116933492,SHTN1,116881477,117126586,TRUE,FALSE
chr10_116933496,chr10,116933496,SHTN1,116881477,117126586,TRUE,FALSE
chr10_116933853,chr10,116933853,SHTN1,116881477,117126586,TRUE,FALSE
chr10_116934350,chr10,116934350,SHTN1,116881477,117126586,TRUE,FALSE
chr10_116934394,chr10,116934394,SHTN1,116881477,117126586,TRUE,FALSE
chr10_116934526,chr10,116934526,SHTN1,116881477,117126586,TRUE,FALSE
chr10_116934574,chr10,116934574,SHTN1,116881477,117126586,TRUE,FALSE
chr10_116934776,chr10,116934776,SHTN1,116881477,117126586,TRUE,FALSE
chr10_116934867,chr10,116934867,SHTN1,116881477,117126586,TRUE,FALSE
chr10_116935071,chr10,116935071,SHTN1,116881477,117126586,TRUE,FALSE
chr10_116935211,chr10,116935211,SHTN1,116881477,117126586,TRUE,FALSE
chr10_116935392,chr10,116935392,SHTN1,116881477,117126586,TRUE,FALSE
chr10_116936418,chr10,116936418,SHTN1,116881477,117126586,TRUE,FALSE
chr10_116936612,chr10,116936612,SHTN1,116881477,117126586,TRUE,FALSE
chr10_116936737,chr10,116936737,SHTN1,116881477,117126586,TRUE,FALSE
chr10_116936907,chr10,116936907,SHTN1,116881477,117126586,TRUE,FALSE
chr10_116937062,chr10,116937062,SHTN1,116881477,117126586,TRUE,FALSE
chr10_116937092,chr10,116937092,SHTN1,116881477,117126586,TRUE,FALSE
chr10_116937358,chr10,116937358,SHTN1,116881477,117126586,TRUE,FALSE
chr10_116937374,chr10,116937374,SHTN1,116881477,117126586,TRUE,FALSE
chr10_116937412,chr10,116937412,SHTN1,116881477,117126586,TRUE,FALSE
chr10_116937656,chr10,116937656,SHTN1,116881477,117126586,TRUE,FALSE
chr10_116937949,chr10,116937949,SHTN1,116881477,117126586,TRUE,FALSE
chr10_116937954,chr10,116937954,SHTN1,116881477,117126586,TRUE,FALSE
chr10_116937974,chr10,116937974,SHTN1,116881477,117126586,TRUE,FALSE
chr10_116938095,chr10,116938095,SHTN1,116881477,117126586,TRUE,FALSE
chr10_116938123,chr10,116938123,SHTN1,116881477,117126586,TRUE,FALSE
chr10_116938211,chr10,116938211,SHTN1,116881477,117126586,TRUE,FALSE
chr10_116938422,chr10,116938422,SHTN1,116881477,117126586,TRUE,FALSE
chr10_116938690,chr10,116938690,SHTN1,116881477,117126586,TRUE,FALSE
chr10_116938695,chr10,116938695,SHTN1,116881477,117126586,TRUE,FALSE
chr10_116938725,chr10,116938725,SHTN1,116881477,117126586,TRUE,FALSE
chr10_116938738,chr10,116938738,SHTN1,116881477,117126586,TRUE,FALSE
chr10_116938747,chr10,116938747,SHTN1,116881477,117126586,TRUE,FALSE
chr10_116938768,chr10,116938768,SHTN1,116881477,117126586,TRUE,FALSE
chr10_116938909,chr10,116938909,SHTN1,116881477,117126586,TRUE,FALSE
chr10_116938926,chr10,116938926,SHTN1,116881477,117126586,TRUE,FALSE
chr10_116938936,chr10,116938936,SHTN1,116881477,117126586,TRUE,FALSE
chr10_116939026,chr10,116939026,SHTN1,116881477,117126586,TRUE,FALSE
chr10_116939065,chr10,116939065,SHTN1,116881477,117126586,TRUE,FALSE
chr10_116939104,chr10,116939104,SHTN1,116881477,117126586,TRUE,FALSE
chr10_116939349,chr10,116939349,SHTN1,116881477,117126586,TRUE,FALSE
chr10_116939395,chr10,116939395,SHTN1,116881477,117126586,TRUE,FALSE
chr10_116939445,chr10,116939445,SHTN1,116881477,117126586,TRUE,FALSE
chr10_116939527,chr10,116939527,SHTN1,116881477,117126586,TRUE,FALSE
chr10_116939560,chr10,116939560,SHTN1,116881477,117126586,TRUE,FALSE
chr10_116939569,chr10,116939569,SHTN1,116881477,117126586,TRUE,FALSE
chr10_116939573,chr10,116939573,SHTN1,116881477,117126586,TRUE,FALSE
chr10_116939586,chr10,116939586,SHTN1,116881477,117126586,TRUE,FALSE
chr10_116939596,chr10,116939596,SHTN1,116881477,117126586,TRUE,FALSE
chr10_116939602,chr10,116939602,SHTN1,116881477,117126586,TRUE,FALSE
chr10_116940048,chr10,116940048,SHTN1,116881477,117126586,TRUE,FALSE
chr10_116940221,chr10,116940221,SHTN1,116881477,117126586,TRUE,FALSE
chr10_116940265,chr10,116940265,SHTN1,116881477,117126586,TRUE,FALSE
chr10_116940522,chr10,116940522,SHTN1,116881477,117126586,TRUE,FALSE
chr10_116941169,chr10,116941169,SHTN1,116881477,117126586,TRUE,FALSE
chr10_116941787,chr10,116941787,SHTN1,116881477,117126586,TRUE,FALSE
chr10_116941931,chr10,116941931,SHTN1,116881477,117126586,TRUE,FALSE
chr10_116942243,chr10,116942243,SHTN1,116881477,117126586,TRUE,FALSE
chr10_116942281,chr10,116942281,SHTN1,116881477,117126586,TRUE,FALSE
chr10_116942322,chr10,116942322,SHTN1,116881477,117126586,TRUE,FALSE
chr10_116942459,chr10,116942459,SHTN1,116881477,117126586,TRUE,FALSE
chr10_116942464,chr10,116942464,SHTN1,116881477,117126586,TRUE,FALSE
chr10_116942492,chr10,116942492,SHTN1,116881477,117126586,TRUE,FALSE
chr10_116942627,chr10,116942627,SHTN1,116881477,117126586,TRUE,FALSE
chr10_116943004,chr10,116943004,SHTN1,116881477,117126586,TRUE,FALSE
chr10_116943413,chr10,116943413,SHTN1,116881477,117126586,TRUE,FALSE
chr10_116943510,chr10,116943510,SHTN1,116881477,117126586,TRUE,FALSE
chr10_116943611,chr10,116943611,SHTN1,116881477,117126586,TRUE,FALSE
chr10_116943654,chr10,116943654,SHTN1,116881477,117126586,TRUE,FALSE
chr10_116943953,chr10,116943953,SHTN1,116881477,117126586,TRUE,FALSE
chr10_116943976,chr10,116943976,SHTN1,116881477,117126586,TRUE,FALSE
chr10_116944036,chr10,116944036,SHTN1,116881477,117126586,TRUE,FALSE
chr10_116944572,chr10,116944572,SHTN1,116881477,117126586,TRUE,FALSE
chr10_116944616,chr10,116944616,SHTN1,116881477,117126586,TRUE,FALSE
chr10_116944663,chr10,116944663,SHTN1,116881477,117126586,TRUE,FALSE
chr10_116944674,chr10,116944674,SHTN1,116881477,117126586,TRUE,FALSE
chr10_116944759,chr10,116944759,SHTN1,116881477,117126586,TRUE,FALSE
chr10_116944783,chr10,116944783,SHTN1,116881477,117126586,TRUE,FALSE
chr10_116944805,chr10,116944805,SHTN1,116881477,117126586,TRUE,FALSE
chr10_116944822,chr10,116944822,SHTN1,116881477,117126586,TRUE,FALSE
chr10_116944839,chr10,116944839,SHTN1,116881477,117126586,TRUE,FALSE
chr10_116944847,chr10,116944847,SHTN1,116881477,117126586,TRUE,FALSE
chr10_116944876,chr10,116944876,SHTN1,116881477,117126586,TRUE,FALSE
chr10_116944952,chr10,116944952,SHTN1,116881477,117126586,TRUE,FALSE
chr10_116946756,chr10,116946756,SHTN1,116881477,117126586,TRUE,FALSE
chr10_116946803,chr10,116946803,SHTN1,116881477,117126586,TRUE,FALSE
chr10_116946868,chr10,116946868,SHTN1,116881477,117126586,TRUE,FALSE
chr10_116946909,chr10,116946909,SHTN1,116881477,117126586,TRUE,FALSE
chr10_116946963,chr10,116946963,SHTN1,116881477,117126586,TRUE,FALSE
chr10_116947010,chr10,116947010,SHTN1,116881477,117126586,TRUE,FALSE
chr10_116947012,chr10,116947012,SHTN1,116881477,117126586,TRUE,FALSE
chr10_116947129,chr10,116947129,SHTN1,116881477,117126586,TRUE,FALSE
chr10_116947240,chr10,116947240,SHTN1,116881477,117126586,TRUE,FALSE
chr10_116947427,chr10,116947427,SHTN1,116881477,117126586,TRUE,FALSE
chr10_116947606,chr10,116947606,SHTN1,116881477,117126586,TRUE,FALSE
chr10_116947680,chr10,116947680,SHTN1,116881477,117126586,TRUE,FALSE
chr10_116948020,chr10,116948020,SHTN1,116881477,117126586,TRUE,FALSE
chr10_116948195,chr10,116948195,SHTN1,116881477,117126586,TRUE,FALSE
chr10_116948672,chr10,116948672,SHTN1,116881477,117126586,TRUE,FALSE
chr10_116948877,chr10,116948877,SHTN1,116881477,117126586,TRUE,FALSE
chr10_116948883,chr10,116948883,SHTN1,116881477,117126586,TRUE,FALSE
chr10_116949337,chr10,116949337,SHTN1,116881477,117126586,TRUE,FALSE
chr10_116949349,chr10,116949349,SHTN1,116881477,117126586,TRUE,FALSE
chr10_116949389,chr10,116949389,SHTN1,116881477,117126586,TRUE,FALSE
chr10_116949409,chr10,116949409,SHTN1,116881477,117126586,TRUE,FALSE
chr10_116949503,chr10,116949503,SHTN1,116881477,117126586,TRUE,FALSE
chr10_116949838,chr10,116949838,SHTN1,116881477,117126586,TRUE,FALSE
chr10_116950227,chr10,116950227,SHTN1,116881477,117126586,TRUE,FALSE
chr10_116950357,chr10,116950357,SHTN1,116881477,117126586,TRUE,FALSE
chr10_116950419,chr10,116950419,SHTN1,116881477,117126586,TRUE,FALSE
chr10_116950447,chr10,116950447,SHTN1,116881477,117126586,TRUE,FALSE
chr10_116950745,chr10,116950745,SHTN1,116881477,117126586,TRUE,FALSE
chr10_116950787,chr10,116950787,SHTN1,116881477,117126586,TRUE,FALSE
chr10_116950945,chr10,116950945,SHTN1,116881477,117126586,TRUE,FALSE
chr10_116951153,chr10,116951153,SHTN1,116881477,117126586,TRUE,FALSE
chr10_116951283,chr10,116951283,SHTN1,116881477,117126586,TRUE,FALSE
chr10_116951291,chr10,116951291,SHTN1,116881477,117126586,TRUE,FALSE
chr10_116951360,chr10,116951360,SHTN1,116881477,117126586,TRUE,FALSE
chr10_116951555,chr10,116951555,SHTN1,116881477,117126586,TRUE,FALSE
chr10_116951926,chr10,116951926,SHTN1,116881477,117126586,TRUE,FALSE
chr10_116952000,chr10,116952000,SHTN1,116881477,117126586,TRUE,FALSE
chr10_116952171,chr10,116952171,SHTN1,116881477,117126586,TRUE,FALSE
chr10_116952648,chr10,116952648,SHTN1,116881477,117126586,TRUE,FALSE
chr10_116952952,chr10,116952952,SHTN1,116881477,117126586,TRUE,FALSE
chr10_116953305,chr10,116953305,SHTN1,116881477,117126586,TRUE,FALSE
chr10_116953666,chr10,116953666,SHTN1,116881477,117126586,TRUE,FALSE
chr10_116953685,chr10,116953685,SHTN1,116881477,117126586,TRUE,FALSE
chr10_116953688,chr10,116953688,SHTN1,116881477,117126586,TRUE,FALSE
chr10_116953696,chr10,116953696,SHTN1,116881477,117126586,TRUE,FALSE
chr10_116953739,chr10,116953739,SHTN1,116881477,117126586,TRUE,FALSE
chr10_116953784,chr10,116953784,SHTN1,116881477,117126586,TRUE,FALSE
chr10_116953818,chr10,116953818,SHTN1,116881477,117126586,TRUE,FALSE
chr10_116953875,chr10,116953875,SHTN1,116881477,117126586,TRUE,FALSE
chr10_116953908,chr10,116953908,SHTN1,116881477,117126586,TRUE,FALSE
chr10_116953920,chr10,116953920,SHTN1,116881477,117126586,TRUE,FALSE
chr10_116954000,chr10,116954000,SHTN1,116881477,117126586,TRUE,FALSE
chr10_116954081,chr10,116954081,SHTN1,116881477,117126586,TRUE,FALSE
chr10_116954084,chr10,116954084,SHTN1,116881477,117126586,TRUE,FALSE
chr10_116954090,chr10,116954090,SHTN1,116881477,117126586,TRUE,FALSE
chr10_116954106,chr10,116954106,SHTN1,116881477,117126586,TRUE,FALSE
chr10_116954190,chr10,116954190,SHTN1,116881477,117126586,TRUE,FALSE
chr10_116954553,chr10,116954553,SHTN1,116881477,117126586,TRUE,FALSE
chr10_116954696,chr10,116954696,SHTN1,116881477,117126586,TRUE,FALSE
chr10_116954750,chr10,116954750,SHTN1,116881477,117126586,TRUE,FALSE
chr10_116955154,chr10,116955154,SHTN1,116881477,117126586,TRUE,FALSE
chr10_116955356,chr10,116955356,SHTN1,116881477,117126586,TRUE,FALSE
chr10_116955710,chr10,116955710,SHTN1,116881477,117126586,TRUE,FALSE
chr10_116956001,chr10,116956001,SHTN1,116881477,117126586,TRUE,FALSE
chr10_116956200,chr10,116956200,SHTN1,116881477,117126586,TRUE,FALSE
chr10_116956308,chr10,116956308,SHTN1,116881477,117126586,TRUE,FALSE
chr10_116956870,chr10,116956870,SHTN1,116881477,117126586,TRUE,FALSE
chr10_116957084,chr10,116957084,SHTN1,116881477,117126586,TRUE,FALSE
chr10_116957410,chr10,116957410,SHTN1,116881477,117126586,TRUE,FALSE
chr10_116957442,chr10,116957442,SHTN1,116881477,117126586,TRUE,FALSE
chr10_116957533,chr10,116957533,SHTN1,116881477,117126586,TRUE,FALSE
chr10_116957543,chr10,116957543,SHTN1,116881477,117126586,TRUE,FALSE
chr10_116957785,chr10,116957785,SHTN1,116881477,117126586,TRUE,FALSE
chr10_116957797,chr10,116957797,SHTN1,116881477,117126586,TRUE,FALSE
chr10_116957830,chr10,116957830,SHTN1,116881477,117126586,TRUE,FALSE
chr10_116957952,chr10,116957952,SHTN1,116881477,117126586,TRUE,FALSE
chr10_116958021,chr10,116958021,SHTN1,116881477,117126586,TRUE,FALSE
chr10_116958082,chr10,116958082,SHTN1,116881477,117126586,TRUE,FALSE
chr10_116958509,chr10,116958509,SHTN1,116881477,117126586,TRUE,FALSE
chr10_116958514,chr10,116958514,SHTN1,116881477,117126586,TRUE,FALSE
chr10_116959113,chr10,116959113,SHTN1,116881477,117126586,TRUE,FALSE
chr10_116959139,chr10,116959139,SHTN1,116881477,117126586,TRUE,FALSE
chr10_116959423,chr10,116959423,SHTN1,116881477,117126586,TRUE,FALSE
chr10_116959687,chr10,116959687,SHTN1,116881477,117126586,TRUE,FALSE
chr10_116959721,chr10,116959721,SHTN1,116881477,117126586,TRUE,FALSE
chr10_116960034,chr10,116960034,SHTN1,116881477,117126586,TRUE,FALSE
chr10_116960164,chr10,116960164,SHTN1,116881477,117126586,TRUE,FALSE
chr10_116960294,chr10,116960294,SHTN1,116881477,117126586,TRUE,FALSE
chr10_116960299,chr10,116960299,SHTN1,116881477,117126586,TRUE,FALSE
chr10_116960482,chr10,116960482,SHTN1,116881477,117126586,TRUE,FALSE
chr10_116960706,chr10,116960706,SHTN1,116881477,117126586,TRUE,FALSE
chr10_116960915,chr10,116960915,SHTN1,116881477,117126586,TRUE,FALSE
chr10_116961466,chr10,116961466,SHTN1,116881477,117126586,TRUE,FALSE
chr10_116961540,chr10,116961540,SHTN1,116881477,117126586,TRUE,FALSE
chr10_116961609,chr10,116961609,SHTN1,116881477,117126586,TRUE,FALSE
chr10_116961649,chr10,116961649,SHTN1,116881477,117126586,TRUE,FALSE
chr10_116961682,chr10,116961682,SHTN1,116881477,117126586,TRUE,FALSE
chr10_116961689,chr10,116961689,SHTN1,116881477,117126586,TRUE,FALSE
chr10_116961865,chr10,116961865,SHTN1,116881477,117126586,TRUE,FALSE
chr10_116962125,chr10,116962125,SHTN1,116881477,117126586,TRUE,FALSE
chr10_116962163,chr10,116962163,SHTN1,116881477,117126586,TRUE,FALSE
chr10_116962978,chr10,116962978,SHTN1,116881477,117126586,TRUE,FALSE
chr10_116963391,chr10,116963391,SHTN1,116881477,117126586,TRUE,FALSE
chr10_116963544,chr10,116963544,SHTN1,116881477,117126586,TRUE,FALSE
chr10_116963758,chr10,116963758,SHTN1,116881477,117126586,TRUE,FALSE
chr10_116963774,chr10,116963774,SHTN1,116881477,117126586,TRUE,FALSE
chr10_116963890,chr10,116963890,SHTN1,116881477,117126586,TRUE,FALSE
chr10_116964093,chr10,116964093,SHTN1,116881477,117126586,TRUE,FALSE
chr10_116964131,chr10,116964131,SHTN1,116881477,117126586,TRUE,FALSE
chr10_116964198,chr10,116964198,SHTN1,116881477,117126586,TRUE,FALSE
chr10_116964290,chr10,116964290,SHTN1,116881477,117126586,TRUE,FALSE
chr10_116964327,chr10,116964327,SHTN1,116881477,117126586,TRUE,FALSE
chr10_116964506,chr10,116964506,SHTN1,116881477,117126586,TRUE,FALSE
chr10_116964642,chr10,116964642,SHTN1,116881477,117126586,TRUE,FALSE
chr10_116964708,chr10,116964708,SHTN1,116881477,117126586,TRUE,FALSE
chr10_116964710,chr10,116964710,SHTN1,116881477,117126586,TRUE,FALSE
chr10_116964780,chr10,116964780,SHTN1,116881477,117126586,TRUE,FALSE
chr10_116964791,chr10,116964791,SHTN1,116881477,117126586,TRUE,FALSE
chr10_116964897,chr10,116964897,SHTN1,116881477,117126586,TRUE,FALSE
chr10_116964922,chr10,116964922,SHTN1,116881477,117126586,TRUE,FALSE
chr10_116965030,chr10,116965030,SHTN1,116881477,117126586,TRUE,FALSE
chr10_116965225,chr10,116965225,SHTN1,116881477,117126586,TRUE,FALSE
chr10_116965238,chr10,116965238,SHTN1,116881477,117126586,TRUE,FALSE
chr10_116965254,chr10,116965254,SHTN1,116881477,117126586,TRUE,FALSE
chr10_116965264,chr10,116965264,SHTN1,116881477,117126586,TRUE,FALSE
chr10_116965448,chr10,116965448,SHTN1,116881477,117126586,TRUE,FALSE
chr10_116965455,chr10,116965455,SHTN1,116881477,117126586,TRUE,FALSE
chr10_116965460,chr10,116965460,SHTN1,116881477,117126586,TRUE,FALSE
chr10_116965473,chr10,116965473,SHTN1,116881477,117126586,TRUE,FALSE
chr10_116965511,chr10,116965511,SHTN1,116881477,117126586,TRUE,FALSE
chr10_116965545,chr10,116965545,SHTN1,116881477,117126586,TRUE,FALSE
chr10_116966030,chr10,116966030,SHTN1,116881477,117126586,TRUE,FALSE
chr10_116966046,chr10,116966046,SHTN1,116881477,117126586,TRUE,FALSE
chr10_116966092,chr10,116966092,SHTN1,116881477,117126586,TRUE,FALSE
chr10_116966164,chr10,116966164,SHTN1,116881477,117126586,TRUE,FALSE
chr10_116966197,chr10,116966197,SHTN1,116881477,117126586,TRUE,FALSE
chr10_116966208,chr10,116966208,SHTN1,116881477,117126586,TRUE,FALSE
chr10_116966254,chr10,116966254,SHTN1,116881477,117126586,TRUE,FALSE
chr10_116966259,chr10,116966259,SHTN1,116881477,117126586,TRUE,FALSE
chr10_116966277,chr10,116966277,SHTN1,116881477,117126586,TRUE,FALSE
chr10_116966287,chr10,116966287,SHTN1,116881477,117126586,TRUE,FALSE
chr10_116966299,chr10,116966299,SHTN1,116881477,117126586,TRUE,FALSE
chr10_116966636,chr10,116966636,SHTN1,116881477,117126586,TRUE,FALSE
chr10_116966822,chr10,116966822,SHTN1,116881477,117126586,TRUE,FALSE
chr10_116967194,chr10,116967194,SHTN1,116881477,117126586,TRUE,FALSE
chr10_116967618,chr10,116967618,SHTN1,116881477,117126586,TRUE,FALSE
chr10_116967623,chr10,116967623,SHTN1,116881477,117126586,TRUE,FALSE
chr10_116967786,chr10,116967786,SHTN1,116881477,117126586,TRUE,FALSE
chr10_116967909,chr10,116967909,SHTN1,116881477,117126586,TRUE,FALSE
chr10_116967921,chr10,116967921,SHTN1,116881477,117126586,TRUE,FALSE
chr10_116967941,chr10,116967941,SHTN1,116881477,117126586,TRUE,FALSE
chr10_116967965,chr10,116967965,SHTN1,116881477,117126586,TRUE,FALSE
chr10_116968010,chr10,116968010,SHTN1,116881477,117126586,TRUE,FALSE
chr10_116968054,chr10,116968054,SHTN1,116881477,117126586,TRUE,FALSE
chr10_116968167,chr10,116968167,SHTN1,116881477,117126586,TRUE,FALSE
chr10_116968647,chr10,116968647,SHTN1,116881477,117126586,TRUE,FALSE
chr10_116968679,chr10,116968679,SHTN1,116881477,117126586,TRUE,FALSE
chr10_116968690,chr10,116968690,SHTN1,116881477,117126586,TRUE,FALSE
chr10_116968973,chr10,116968973,SHTN1,116881477,117126586,TRUE,FALSE
chr10_116969141,chr10,116969141,SHTN1,116881477,117126586,TRUE,FALSE
chr10_116969152,chr10,116969152,SHTN1,116881477,117126586,TRUE,FALSE
chr10_116969164,chr10,116969164,SHTN1,116881477,117126586,TRUE,FALSE
chr10_116969192,chr10,116969192,SHTN1,116881477,117126586,TRUE,FALSE
chr10_116969208,chr10,116969208,SHTN1,116881477,117126586,TRUE,FALSE
chr10_116969301,chr10,116969301,SHTN1,116881477,117126586,TRUE,FALSE
chr10_116969333,chr10,116969333,SHTN1,116881477,117126586,TRUE,FALSE
chr10_116969389,chr10,116969389,SHTN1,116881477,117126586,TRUE,FALSE
chr10_116969529,chr10,116969529,SHTN1,116881477,117126586,TRUE,FALSE
chr10_116969606,chr10,116969606,SHTN1,116881477,117126586,TRUE,FALSE
chr10_116970043,chr10,116970043,SHTN1,116881477,117126586,TRUE,FALSE
chr10_116970122,chr10,116970122,SHTN1,116881477,117126586,TRUE,FALSE
chr10_116970397,chr10,116970397,SHTN1,116881477,117126586,TRUE,FALSE
chr10_116970415,chr10,116970415,SHTN1,116881477,117126586,TRUE,FALSE
chr10_116970437,chr10,116970437,SHTN1,116881477,117126586,TRUE,FALSE
chr10_116970443,chr10,116970443,SHTN1,116881477,117126586,TRUE,FALSE
chr10_116970456,chr10,116970456,SHTN1,116881477,117126586,TRUE,FALSE
chr10_116970490,chr10,116970490,SHTN1,116881477,117126586,TRUE,FALSE
chr10_116970511,chr10,116970511,SHTN1,116881477,117126586,TRUE,FALSE
chr10_116970574,chr10,116970574,SHTN1,116881477,117126586,TRUE,FALSE
chr10_116970586,chr10,116970586,SHTN1,116881477,117126586,TRUE,FALSE
chr10_116970645,chr10,116970645,SHTN1,116881477,117126586,TRUE,FALSE
chr10_116971298,chr10,116971298,SHTN1,116881477,117126586,TRUE,FALSE
chr10_116971403,chr10,116971403,SHTN1,116881477,117126586,TRUE,FALSE
chr10_116971425,chr10,116971425,SHTN1,116881477,117126586,TRUE,FALSE
chr10_116971463,chr10,116971463,SHTN1,116881477,117126586,TRUE,FALSE
chr10_116971513,chr10,116971513,SHTN1,116881477,117126586,TRUE,FALSE
chr10_116971650,chr10,116971650,SHTN1,116881477,117126586,TRUE,FALSE
chr10_116971849,chr10,116971849,SHTN1,116881477,117126586,TRUE,FALSE
chr10_116971889,chr10,116971889,SHTN1,116881477,117126586,TRUE,FALSE
chr10_116972065,chr10,116972065,SHTN1,116881477,117126586,TRUE,FALSE
chr10_116972076,chr10,116972076,SHTN1,116881477,117126586,TRUE,FALSE
chr10_116972438,chr10,116972438,SHTN1,116881477,117126586,TRUE,FALSE
chr10_116972557,chr10,116972557,SHTN1,116881477,117126586,TRUE,FALSE
chr10_116972638,chr10,116972638,SHTN1,116881477,117126586,TRUE,FALSE
chr10_116972750,chr10,116972750,SHTN1,116881477,117126586,TRUE,FALSE
chr10_116972831,chr10,116972831,SHTN1,116881477,117126586,TRUE,FALSE
chr10_116972877,chr10,116972877,SHTN1,116881477,117126586,TRUE,FALSE
chr10_116973110,chr10,116973110,SHTN1,116881477,117126586,TRUE,FALSE
chr10_116973215,chr10,116973215,SHTN1,116881477,117126586,TRUE,FALSE
chr10_116973221,chr10,116973221,SHTN1,116881477,117126586,TRUE,FALSE
chr10_116973412,chr10,116973412,SHTN1,116881477,117126586,TRUE,FALSE
chr10_116973648,chr10,116973648,SHTN1,116881477,117126586,TRUE,FALSE
chr10_116973713,chr10,116973713,SHTN1,116881477,117126586,TRUE,FALSE
chr10_116973732,chr10,116973732,SHTN1,116881477,117126586,TRUE,FALSE
chr10_116973914,chr10,116973914,SHTN1,116881477,117126586,TRUE,FALSE
chr10_116974588,chr10,116974588,SHTN1,116881477,117126586,TRUE,FALSE
chr10_116974621,chr10,116974621,SHTN1,116881477,117126586,TRUE,FALSE
chr10_116974747,chr10,116974747,SHTN1,116881477,117126586,TRUE,FALSE
chr10_116974820,chr10,116974820,SHTN1,116881477,117126586,TRUE,FALSE
chr10_116974852,chr10,116974852,SHTN1,116881477,117126586,TRUE,FALSE
chr10_116975162,chr10,116975162,SHTN1,116881477,117126586,TRUE,FALSE
chr10_116975935,chr10,116975935,SHTN1,116881477,117126586,TRUE,FALSE
chr10_116976057,chr10,116976057,SHTN1,116881477,117126586,TRUE,FALSE
chr10_116976296,chr10,116976296,SHTN1,116881477,117126586,TRUE,FALSE
chr10_116976352,chr10,116976352,SHTN1,116881477,117126586,TRUE,FALSE
chr10_116976355,chr10,116976355,SHTN1,116881477,117126586,TRUE,FALSE
chr10_116976520,chr10,116976520,SHTN1,116881477,117126586,TRUE,FALSE
chr10_116976661,chr10,116976661,SHTN1,116881477,117126586,TRUE,FALSE
chr10_116976883,chr10,116976883,SHTN1,116881477,117126586,TRUE,FALSE
chr10_116977064,chr10,116977064,SHTN1,116881477,117126586,TRUE,FALSE
chr10_116977394,chr10,116977394,SHTN1,116881477,117126586,TRUE,FALSE
chr10_116977797,chr10,116977797,SHTN1,116881477,117126586,TRUE,FALSE
chr10_116977835,chr10,116977835,SHTN1,116881477,117126586,TRUE,FALSE
chr10_116978144,chr10,116978144,SHTN1,116881477,117126586,TRUE,FALSE
chr10_116978272,chr10,116978272,SHTN1,116881477,117126586,TRUE,FALSE
chr10_116978493,chr10,116978493,SHTN1,116881477,117126586,TRUE,FALSE
chr10_116978540,chr10,116978540,SHTN1,116881477,117126586,TRUE,FALSE
chr10_116978844,chr10,116978844,SHTN1,116881477,117126586,TRUE,FALSE
chr10_116978971,chr10,116978971,SHTN1,116881477,117126586,TRUE,FALSE
chr10_116979203,chr10,116979203,SHTN1,116881477,117126586,TRUE,FALSE
chr10_116979300,chr10,116979300,SHTN1,116881477,117126586,TRUE,FALSE
chr10_116979525,chr10,116979525,SHTN1,116881477,117126586,TRUE,FALSE
chr10_116979545,chr10,116979545,SHTN1,116881477,117126586,TRUE,FALSE
chr10_116979554,chr10,116979554,SHTN1,116881477,117126586,TRUE,FALSE
chr10_116979566,chr10,116979566,SHTN1,116881477,117126586,TRUE,FALSE
chr10_116979580,chr10,116979580,SHTN1,116881477,117126586,TRUE,FALSE
chr10_116979857,chr10,116979857,SHTN1,116881477,117126586,TRUE,FALSE
chr10_116979872,chr10,116979872,SHTN1,116881477,117126586,TRUE,FALSE
chr10_116979951,chr10,116979951,SHTN1,116881477,117126586,TRUE,FALSE
chr10_116980051,chr10,116980051,SHTN1,116881477,117126586,TRUE,FALSE
chr10_116980275,chr10,116980275,SHTN1,116881477,117126586,TRUE,FALSE
chr10_116980649,chr10,116980649,SHTN1,116881477,117126586,TRUE,FALSE
chr10_116980792,chr10,116980792,SHTN1,116881477,117126586,TRUE,FALSE
chr10_116980857,chr10,116980857,SHTN1,116881477,117126586,TRUE,FALSE
chr10_116981044,chr10,116981044,SHTN1,116881477,117126586,TRUE,FALSE
chr10_116981056,chr10,116981056,SHTN1,116881477,117126586,TRUE,FALSE
chr10_116981084,chr10,116981084,SHTN1,116881477,117126586,TRUE,FALSE
chr10_116981147,chr10,116981147,SHTN1,116881477,117126586,TRUE,FALSE
chr10_116981233,chr10,116981233,SHTN1,116881477,117126586,TRUE,FALSE
chr10_116981235,chr10,116981235,SHTN1,116881477,117126586,TRUE,FALSE
chr10_116981243,chr10,116981243,SHTN1,116881477,117126586,TRUE,FALSE
chr10_116981273,chr10,116981273,SHTN1,116881477,117126586,TRUE,FALSE
chr10_116981307,chr10,116981307,SHTN1,116881477,117126586,TRUE,FALSE
chr10_116981331,chr10,116981331,SHTN1,116881477,117126586,TRUE,FALSE
chr10_116981417,chr10,116981417,SHTN1,116881477,117126586,TRUE,FALSE
chr10_116981422,chr10,116981422,SHTN1,116881477,117126586,TRUE,FALSE
chr10_116981780,chr10,116981780,SHTN1,116881477,117126586,TRUE,FALSE
chr10_116981786,chr10,116981786,SHTN1,116881477,117126586,TRUE,FALSE
chr10_116981829,chr10,116981829,SHTN1,116881477,117126586,TRUE,FALSE
chr10_116981885,chr10,116981885,SHTN1,116881477,117126586,TRUE,FALSE
chr10_116981919,chr10,116981919,SHTN1,116881477,117126586,TRUE,FALSE
chr10_116981927,chr10,116981927,SHTN1,116881477,117126586,TRUE,FALSE
chr10_116981929,chr10,116981929,SHTN1,116881477,117126586,TRUE,FALSE
chr10_116981972,chr10,116981972,SHTN1,116881477,117126586,TRUE,FALSE
chr10_116981982,chr10,116981982,SHTN1,116881477,117126586,TRUE,FALSE
chr10_116982052,chr10,116982052,SHTN1,116881477,117126586,TRUE,FALSE
chr10_116982532,chr10,116982532,SHTN1,116881477,117126586,TRUE,FALSE
chr10_116982538,chr10,116982538,SHTN1,116881477,117126586,TRUE,FALSE
chr10_116982678,chr10,116982678,SHTN1,116881477,117126586,TRUE,FALSE
chr10_116982682,chr10,116982682,SHTN1,116881477,117126586,TRUE,FALSE
chr10_116982694,chr10,116982694,SHTN1,116881477,117126586,TRUE,FALSE
chr10_116982785,chr10,116982785,SHTN1,116881477,117126586,TRUE,FALSE
chr10_116982834,chr10,116982834,SHTN1,116881477,117126586,TRUE,FALSE
chr10_116982894,chr10,116982894,SHTN1,116881477,117126586,TRUE,FALSE
chr10_116982911,chr10,116982911,SHTN1,116881477,117126586,TRUE,FALSE
chr10_116983032,chr10,116983032,SHTN1,116881477,117126586,TRUE,FALSE
chr10_116983130,chr10,116983130,SHTN1,116881477,117126586,TRUE,FALSE
chr10_116983550,chr10,116983550,SHTN1,116881477,117126586,TRUE,FALSE
chr10_116983577,chr10,116983577,SHTN1,116881477,117126586,TRUE,FALSE
chr10_116983885,chr10,116983885,SHTN1,116881477,117126586,TRUE,FALSE
chr10_116984034,chr10,116984034,SHTN1,116881477,117126586,TRUE,FALSE
chr10_116984110,chr10,116984110,SHTN1,116881477,117126586,TRUE,FALSE
chr10_116984334,chr10,116984334,SHTN1,116881477,117126586,TRUE,FALSE
chr10_116984425,chr10,116984425,SHTN1,116881477,117126586,TRUE,FALSE
chr10_116984513,chr10,116984513,SHTN1,116881477,117126586,TRUE,FALSE
chr10_116985170,chr10,116985170,SHTN1,116881477,117126586,TRUE,FALSE
chr10_116985246,chr10,116985246,SHTN1,116881477,117126586,TRUE,FALSE
chr10_116985283,chr10,116985283,SHTN1,116881477,117126586,TRUE,FALSE
chr10_116985527,chr10,116985527,SHTN1,116881477,117126586,TRUE,FALSE
chr10_116985570,chr10,116985570,SHTN1,116881477,117126586,TRUE,FALSE
chr10_116985862,chr10,116985862,SHTN1,116881477,117126586,TRUE,FALSE
chr10_116986004,chr10,116986004,SHTN1,116881477,117126586,TRUE,FALSE
chr10_116986206,chr10,116986206,SHTN1,116881477,117126586,TRUE,FALSE
chr10_116986366,chr10,116986366,SHTN1,116881477,117126586,TRUE,FALSE
chr10_116986384,chr10,116986384,SHTN1,116881477,117126586,TRUE,FALSE
chr10_116986685,chr10,116986685,SHTN1,116881477,117126586,TRUE,FALSE
chr10_116986754,chr10,116986754,SHTN1,116881477,117126586,TRUE,FALSE
chr10_116986791,chr10,116986791,SHTN1,116881477,117126586,TRUE,FALSE
chr10_116986797,chr10,116986797,SHTN1,116881477,117126586,TRUE,FALSE
chr10_116986821,chr10,116986821,SHTN1,116881477,117126586,TRUE,FALSE
chr10_116986831,chr10,116986831,SHTN1,116881477,117126586,TRUE,FALSE
chr10_116986873,chr10,116986873,SHTN1,116881477,117126586,TRUE,FALSE
chr10_116986877,chr10,116986877,SHTN1,116881477,117126586,TRUE,FALSE
chr10_116986917,chr10,116986917,SHTN1,116881477,117126586,TRUE,FALSE
chr10_116986962,chr10,116986962,SHTN1,116881477,117126586,TRUE,FALSE
chr10_116986973,chr10,116986973,SHTN1,116881477,117126586,TRUE,FALSE
chr10_116986978,chr10,116986978,SHTN1,116881477,117126586,TRUE,FALSE
chr10_116987016,chr10,116987016,SHTN1,116881477,117126586,TRUE,FALSE
chr10_116987022,chr10,116987022,SHTN1,116881477,117126586,TRUE,FALSE
chr10_116987161,chr10,116987161,SHTN1,116881477,117126586,TRUE,FALSE
chr10_116987225,chr10,116987225,SHTN1,116881477,117126586,TRUE,FALSE
chr10_116987388,chr10,116987388,SHTN1,116881477,117126586,TRUE,FALSE
chr10_116987437,chr10,116987437,SHTN1,116881477,117126586,TRUE,FALSE
chr10_116987449,chr10,116987449,SHTN1,116881477,117126586,TRUE,FALSE
chr10_116987601,chr10,116987601,SHTN1,116881477,117126586,TRUE,FALSE
chr10_116987642,chr10,116987642,SHTN1,116881477,117126586,TRUE,FALSE
chr10_116987691,chr10,116987691,SHTN1,116881477,117126586,TRUE,FALSE
chr10_116987712,chr10,116987712,SHTN1,116881477,117126586,TRUE,FALSE
chr10_116987743,chr10,116987743,SHTN1,116881477,117126586,TRUE,FALSE
chr10_116987838,chr10,116987838,SHTN1,116881477,117126586,TRUE,FALSE
chr10_116987846,chr10,116987846,SHTN1,116881477,117126586,TRUE,FALSE
chr10_116987898,chr10,116987898,SHTN1,116881477,117126586,TRUE,FALSE
chr10_116987906,chr10,116987906,SHTN1,116881477,117126586,TRUE,FALSE
chr10_116987940,chr10,116987940,SHTN1,116881477,117126586,TRUE,FALSE
chr10_116988070,chr10,116988070,SHTN1,116881477,117126586,TRUE,FALSE
chr10_116988765,chr10,116988765,SHTN1,116881477,117126586,TRUE,FALSE
chr10_116989296,chr10,116989296,SHTN1,116881477,117126586,TRUE,FALSE
chr10_116989548,chr10,116989548,SHTN1,116881477,117126586,TRUE,FALSE
chr10_116989796,chr10,116989796,SHTN1,116881477,117126586,TRUE,FALSE
chr10_116989802,chr10,116989802,SHTN1,116881477,117126586,TRUE,FALSE
chr10_116989804,chr10,116989804,SHTN1,116881477,117126586,TRUE,FALSE
chr10_116989966,chr10,116989966,SHTN1,116881477,117126586,TRUE,FALSE
chr10_116990428,chr10,116990428,SHTN1,116881477,117126586,TRUE,FALSE
chr10_116990583,chr10,116990583,SHTN1,116881477,117126586,TRUE,FALSE
chr10_116990844,chr10,116990844,SHTN1,116881477,117126586,TRUE,FALSE
chr10_116990871,chr10,116990871,SHTN1,116881477,117126586,TRUE,FALSE
chr10_116990908,chr10,116990908,SHTN1,116881477,117126586,TRUE,FALSE
chr10_116990952,chr10,116990952,SHTN1,116881477,117126586,TRUE,FALSE
chr10_116990957,chr10,116990957,SHTN1,116881477,117126586,TRUE,FALSE
chr10_116990968,chr10,116990968,SHTN1,116881477,117126586,TRUE,FALSE
chr10_116990982,chr10,116990982,SHTN1,116881477,117126586,TRUE,FALSE
chr10_116991046,chr10,116991046,SHTN1,116881477,117126586,TRUE,FALSE
chr10_116991048,chr10,116991048,SHTN1,116881477,117126586,TRUE,FALSE
chr10_116991058,chr10,116991058,SHTN1,116881477,117126586,TRUE,FALSE
chr10_116991100,chr10,116991100,SHTN1,116881477,117126586,TRUE,FALSE
chr10_116991110,chr10,116991110,SHTN1,116881477,117126586,TRUE,FALSE
chr10_116991117,chr10,116991117,SHTN1,116881477,117126586,TRUE,FALSE
chr10_116991134,chr10,116991134,SHTN1,116881477,117126586,TRUE,FALSE
chr10_116991164,chr10,116991164,SHTN1,116881477,117126586,TRUE,FALSE
chr10_116991180,chr10,116991180,SHTN1,116881477,117126586,TRUE,FALSE
chr10_116991244,chr10,116991244,SHTN1,116881477,117126586,TRUE,FALSE
chr10_116991258,chr10,116991258,SHTN1,116881477,117126586,TRUE,FALSE
chr10_116991457,chr10,116991457,SHTN1,116881477,117126586,TRUE,FALSE
chr10_116991471,chr10,116991471,SHTN1,116881477,117126586,TRUE,FALSE
chr10_116991480,chr10,116991480,SHTN1,116881477,117126586,TRUE,FALSE
chr10_116991488,chr10,116991488,SHTN1,116881477,117126586,TRUE,FALSE
chr10_116991828,chr10,116991828,SHTN1,116881477,117126586,TRUE,FALSE
chr10_116991863,chr10,116991863,SHTN1,116881477,117126586,TRUE,FALSE
chr10_116991879,chr10,116991879,SHTN1,116881477,117126586,TRUE,FALSE
chr10_116992002,chr10,116992002,SHTN1,116881477,117126586,TRUE,FALSE
chr10_116992034,chr10,116992034,SHTN1,116881477,117126586,TRUE,FALSE
chr10_116992087,chr10,116992087,SHTN1,116881477,117126586,TRUE,FALSE
chr10_116992162,chr10,116992162,SHTN1,116881477,117126586,TRUE,FALSE
chr10_116992386,chr10,116992386,SHTN1,116881477,117126586,TRUE,FALSE
chr10_116993162,chr10,116993162,SHTN1,116881477,117126586,TRUE,FALSE
chr10_116993176,chr10,116993176,SHTN1,116881477,117126586,TRUE,FALSE
chr10_116993216,chr10,116993216,SHTN1,116881477,117126586,TRUE,FALSE
chr10_116993236,chr10,116993236,SHTN1,116881477,117126586,TRUE,FALSE
chr10_116993257,chr10,116993257,SHTN1,116881477,117126586,TRUE,FALSE
chr10_116993354,chr10,116993354,SHTN1,116881477,117126586,TRUE,FALSE
chr10_116993412,chr10,116993412,SHTN1,116881477,117126586,TRUE,FALSE
chr10_116994369,chr10,116994369,SHTN1,116881477,117126586,TRUE,FALSE
chr10_116995359,chr10,116995359,SHTN1,116881477,117126586,TRUE,FALSE
chr10_116995483,chr10,116995483,SHTN1,116881477,117126586,TRUE,FALSE
chr10_116995645,chr10,116995645,SHTN1,116881477,117126586,TRUE,FALSE
chr10_116995805,chr10,116995805,SHTN1,116881477,117126586,TRUE,FALSE
chr10_116995991,chr10,116995991,SHTN1,116881477,117126586,TRUE,FALSE
chr10_116996462,chr10,116996462,SHTN1,116881477,117126586,TRUE,FALSE
chr10_116996996,chr10,116996996,SHTN1,116881477,117126586,TRUE,FALSE
chr10_116997173,chr10,116997173,SHTN1,116881477,117126586,TRUE,FALSE
chr10_116997333,chr10,116997333,SHTN1,116881477,117126586,TRUE,FALSE
chr10_116997545,chr10,116997545,SHTN1,116881477,117126586,TRUE,FALSE
chr10_116997585,chr10,116997585,SHTN1,116881477,117126586,TRUE,FALSE
chr10_116997629,chr10,116997629,SHTN1,116881477,117126586,TRUE,FALSE
chr10_116997818,chr10,116997818,SHTN1,116881477,117126586,TRUE,FALSE
chr10_116997820,chr10,116997820,SHTN1,116881477,117126586,TRUE,FALSE
chr10_116997830,chr10,116997830,SHTN1,116881477,117126586,TRUE,FALSE
chr10_116997863,chr10,116997863,SHTN1,116881477,117126586,TRUE,FALSE
chr10_116997874,chr10,116997874,SHTN1,116881477,117126586,TRUE,FALSE
chr10_116997888,chr10,116997888,SHTN1,116881477,117126586,TRUE,FALSE
chr10_116997908,chr10,116997908,SHTN1,116881477,117126586,TRUE,FALSE
chr10_116997960,chr10,116997960,SHTN1,116881477,117126586,TRUE,FALSE
chr10_116997964,chr10,116997964,SHTN1,116881477,117126586,TRUE,FALSE
chr10_116997984,chr10,116997984,SHTN1,116881477,117126586,TRUE,FALSE
chr10_116998023,chr10,116998023,SHTN1,116881477,117126586,TRUE,FALSE
chr10_116998053,chr10,116998053,SHTN1,116881477,117126586,TRUE,FALSE
chr10_116998078,chr10,116998078,SHTN1,116881477,117126586,TRUE,FALSE
chr10_116998123,chr10,116998123,SHTN1,116881477,117126586,TRUE,FALSE
chr10_116998269,chr10,116998269,SHTN1,116881477,117126586,TRUE,FALSE
chr10_116998298,chr10,116998298,SHTN1,116881477,117126586,TRUE,FALSE
chr10_116998342,chr10,116998342,SHTN1,116881477,117126586,TRUE,FALSE
chr10_116998793,chr10,116998793,SHTN1,116881477,117126586,TRUE,FALSE
chr10_116998802,chr10,116998802,SHTN1,116881477,117126586,TRUE,FALSE
chr10_116999106,chr10,116999106,SHTN1,116881477,117126586,TRUE,FALSE
chr10_116999108,chr10,116999108,SHTN1,116881477,117126586,TRUE,FALSE
chr10_116999210,chr10,116999210,SHTN1,116881477,117126586,TRUE,FALSE
chr10_116999484,chr10,116999484,SHTN1,116881477,117126586,TRUE,FALSE
chr10_116999642,chr10,116999642,SHTN1,116881477,117126586,TRUE,FALSE
chr10_116999652,chr10,116999652,SHTN1,116881477,117126586,TRUE,FALSE
chr10_116999685,chr10,116999685,SHTN1,116881477,117126586,TRUE,FALSE
chr10_116999710,chr10,116999710,SHTN1,116881477,117126586,TRUE,FALSE
chr10_116999769,chr10,116999769,SHTN1,116881477,117126586,TRUE,FALSE
chr10_116999818,chr10,116999818,SHTN1,116881477,117126586,TRUE,FALSE
chr10_116999844,chr10,116999844,SHTN1,116881477,117126586,TRUE,FALSE
chr10_116999861,chr10,116999861,SHTN1,116881477,117126586,TRUE,FALSE
chr10_116999869,chr10,116999869,SHTN1,116881477,117126586,TRUE,FALSE
chr10_117000234,chr10,117000234,SHTN1,116881477,117126586,TRUE,FALSE
chr10_117000250,chr10,117000250,SHTN1,116881477,117126586,TRUE,FALSE
chr10_117000431,chr10,117000431,SHTN1,116881477,117126586,TRUE,FALSE
chr10_117000678,chr10,117000678,SHTN1,116881477,117126586,TRUE,FALSE
chr10_117000770,chr10,117000770,SHTN1,116881477,117126586,TRUE,FALSE
chr10_117001031,chr10,117001031,SHTN1,116881477,117126586,TRUE,FALSE
chr10_117001100,chr10,117001100,SHTN1,116881477,117126586,TRUE,FALSE
chr10_117001129,chr10,117001129,SHTN1,116881477,117126586,TRUE,FALSE
chr10_117001423,chr10,117001423,SHTN1,116881477,117126586,TRUE,FALSE
chr10_117001486,chr10,117001486,SHTN1,116881477,117126586,TRUE,FALSE
chr10_117002172,chr10,117002172,SHTN1,116881477,117126586,TRUE,FALSE
chr10_117003022,chr10,117003022,SHTN1,116881477,117126586,TRUE,FALSE
chr10_117003066,chr10,117003066,SHTN1,116881477,117126586,TRUE,FALSE
chr10_117003122,chr10,117003122,SHTN1,116881477,117126586,TRUE,FALSE
chr10_117003278,chr10,117003278,SHTN1,116881477,117126586,TRUE,FALSE
chr10_117003551,chr10,117003551,SHTN1,116881477,117126586,TRUE,FALSE
chr10_117003567,chr10,117003567,SHTN1,116881477,117126586,TRUE,FALSE
chr10_117003641,chr10,117003641,SHTN1,116881477,117126586,TRUE,FALSE
chr10_117003656,chr10,117003656,SHTN1,116881477,117126586,TRUE,FALSE
chr10_117003681,chr10,117003681,SHTN1,116881477,117126586,TRUE,FALSE
chr10_117003924,chr10,117003924,SHTN1,116881477,117126586,TRUE,FALSE
chr10_117003952,chr10,117003952,SHTN1,116881477,117126586,TRUE,FALSE
chr10_117003955,chr10,117003955,SHTN1,116881477,117126586,TRUE,FALSE
chr10_117003980,chr10,117003980,SHTN1,116881477,117126586,TRUE,FALSE
chr10_117004012,chr10,117004012,SHTN1,116881477,117126586,TRUE,FALSE
chr10_117004044,chr10,117004044,SHTN1,116881477,117126586,TRUE,FALSE
chr10_117004048,chr10,117004048,SHTN1,116881477,117126586,TRUE,FALSE
chr10_117004106,chr10,117004106,SHTN1,116881477,117126586,TRUE,FALSE
chr10_117004138,chr10,117004138,SHTN1,116881477,117126586,TRUE,FALSE
chr10_117004176,chr10,117004176,SHTN1,116881477,117126586,TRUE,FALSE
chr10_117004182,chr10,117004182,SHTN1,116881477,117126586,TRUE,FALSE
chr10_117004213,chr10,117004213,SHTN1,116881477,117126586,TRUE,FALSE
chr10_117004385,chr10,117004385,SHTN1,116881477,117126586,TRUE,FALSE
chr10_117004389,chr10,117004389,SHTN1,116881477,117126586,TRUE,FALSE
chr10_117004409,chr10,117004409,SHTN1,116881477,117126586,TRUE,FALSE
chr10_117004416,chr10,117004416,SHTN1,116881477,117126586,TRUE,FALSE
chr10_117004556,chr10,117004556,SHTN1,116881477,117126586,TRUE,FALSE
chr10_117004566,chr10,117004566,SHTN1,116881477,117126586,TRUE,FALSE
chr10_117004610,chr10,117004610,SHTN1,116881477,117126586,TRUE,FALSE
chr10_117004650,chr10,117004650,SHTN1,116881477,117126586,TRUE,FALSE
chr10_117004682,chr10,117004682,SHTN1,116881477,117126586,TRUE,FALSE
chr10_117004690,chr10,117004690,SHTN1,116881477,117126586,TRUE,FALSE
chr10_117004718,chr10,117004718,SHTN1,116881477,117126586,TRUE,FALSE
chr10_117004722,chr10,117004722,SHTN1,116881477,117126586,TRUE,FALSE
chr10_117004735,chr10,117004735,SHTN1,116881477,117126586,TRUE,FALSE
chr10_117004754,chr10,117004754,SHTN1,116881477,117126586,TRUE,FALSE
chr10_117004758,chr10,117004758,SHTN1,116881477,117126586,TRUE,FALSE
chr10_117004768,chr10,117004768,SHTN1,116881477,117126586,TRUE,FALSE
chr10_117004777,chr10,117004777,SHTN1,116881477,117126586,TRUE,FALSE
chr10_117004784,chr10,117004784,SHTN1,116881477,117126586,TRUE,FALSE
chr10_117004791,chr10,117004791,SHTN1,116881477,117126586,TRUE,FALSE
chr10_117004798,chr10,117004798,SHTN1,116881477,117126586,TRUE,FALSE
chr10_117004815,chr10,117004815,SHTN1,116881477,117126586,TRUE,FALSE
chr10_117004823,chr10,117004823,SHTN1,116881477,117126586,TRUE,FALSE
chr10_117004825,chr10,117004825,SHTN1,116881477,117126586,TRUE,FALSE
chr10_117004834,chr10,117004834,SHTN1,116881477,117126586,TRUE,FALSE
chr10_117004859,chr10,117004859,SHTN1,116881477,117126586,TRUE,FALSE
chr10_117004865,chr10,117004865,SHTN1,116881477,117126586,TRUE,FALSE
chr10_117004872,chr10,117004872,SHTN1,116881477,117126586,TRUE,FALSE
chr10_117004909,chr10,117004909,SHTN1,116881477,117126586,TRUE,FALSE
chr10_117004912,chr10,117004912,SHTN1,116881477,117126586,TRUE,FALSE
chr10_117004916,chr10,117004916,SHTN1,116881477,117126586,TRUE,FALSE
chr10_117004932,chr10,117004932,SHTN1,116881477,117126586,TRUE,FALSE
chr10_117005064,chr10,117005064,SHTN1,116881477,117126586,TRUE,FALSE
chr10_117005068,chr10,117005068,SHTN1,116881477,117126586,TRUE,FALSE
chr10_117005095,chr10,117005095,SHTN1,116881477,117126586,TRUE,FALSE
chr10_117005119,chr10,117005119,SHTN1,116881477,117126586,TRUE,FALSE
chr10_117005122,chr10,117005122,SHTN1,116881477,117126586,TRUE,FALSE
chr10_117005124,chr10,117005124,SHTN1,116881477,117126586,TRUE,FALSE
chr10_117005163,chr10,117005163,SHTN1,116881477,117126586,TRUE,FALSE
chr10_117005173,chr10,117005173,SHTN1,116881477,117126586,TRUE,FALSE
chr10_117005186,chr10,117005186,SHTN1,116881477,117126586,TRUE,FALSE
chr10_117005199,chr10,117005199,SHTN1,116881477,117126586,TRUE,FALSE
chr10_117005205,chr10,117005205,SHTN1,116881477,117126586,TRUE,FALSE
chr10_117005223,chr10,117005223,SHTN1,116881477,117126586,TRUE,FALSE
chr10_117005225,chr10,117005225,SHTN1,116881477,117126586,TRUE,FALSE
chr10_117005230,chr10,117005230,SHTN1,116881477,117126586,TRUE,FALSE
chr10_117005232,chr10,117005232,SHTN1,116881477,117126586,TRUE,FALSE
chr10_117005234,chr10,117005234,SHTN1,116881477,117126586,TRUE,FALSE
chr10_117005455,chr10,117005455,SHTN1,116881477,117126586,TRUE,FALSE
chr10_117005467,chr10,117005467,SHTN1,116881477,117126586,TRUE,FALSE
chr10_117005469,chr10,117005469,SHTN1,116881477,117126586,TRUE,FALSE
chr10_117005485,chr10,117005485,SHTN1,116881477,117126586,TRUE,FALSE
chr10_117005497,chr10,117005497,SHTN1,116881477,117126586,TRUE,FALSE
chr10_117005502,chr10,117005502,SHTN1,116881477,117126586,TRUE,FALSE
chr10_117005526,chr10,117005526,SHTN1,116881477,117126586,TRUE,FALSE
chr10_117005533,chr10,117005533,SHTN1,116881477,117126586,TRUE,FALSE
chr10_117005540,chr10,117005540,SHTN1,116881477,117126586,TRUE,FALSE
chr10_117005567,chr10,117005567,SHTN1,116881477,117126586,TRUE,FALSE
chr10_117005572,chr10,117005572,SHTN1,116881477,117126586,TRUE,FALSE
chr10_117005588,chr10,117005588,SHTN1,116881477,117126586,TRUE,FALSE
chr10_117005614,chr10,117005614,SHTN1,116881477,117126586,TRUE,FALSE
chr10_117005632,chr10,117005632,SHTN1,116881477,117126586,TRUE,FALSE
chr10_117005634,chr10,117005634,SHTN1,116881477,117126586,TRUE,FALSE
chr10_117005663,chr10,117005663,SHTN1,116881477,117126586,TRUE,FALSE
chr10_117005709,chr10,117005709,SHTN1,116881477,117126586,TRUE,FALSE
chr10_117005719,chr10,117005719,SHTN1,116881477,117126586,TRUE,FALSE
chr10_117005744,chr10,117005744,SHTN1,116881477,117126586,TRUE,FALSE
chr10_117005781,chr10,117005781,SHTN1,116881477,117126586,TRUE,FALSE
chr10_117005808,chr10,117005808,SHTN1,116881477,117126586,TRUE,FALSE
chr10_117005824,chr10,117005824,SHTN1,116881477,117126586,TRUE,FALSE
chr10_117005872,chr10,117005872,SHTN1,116881477,117126586,TRUE,FALSE
chr10_117005911,chr10,117005911,SHTN1,116881477,117126586,TRUE,FALSE
chr10_117005918,chr10,117005918,SHTN1,116881477,117126586,TRUE,FALSE
chr10_117005927,chr10,117005927,SHTN1,116881477,117126586,TRUE,FALSE
chr10_117005936,chr10,117005936,SHTN1,116881477,117126586,TRUE,FALSE
chr10_117005966,chr10,117005966,SHTN1,116881477,117126586,TRUE,FALSE
chr10_117006086,chr10,117006086,SHTN1,116881477,117126586,TRUE,FALSE
chr10_117006288,chr10,117006288,SHTN1,116881477,117126586,TRUE,FALSE
chr10_117006304,chr10,117006304,SHTN1,116881477,117126586,TRUE,FALSE
chr10_117006490,chr10,117006490,SHTN1,116881477,117126586,TRUE,FALSE
chr10_117006497,chr10,117006497,SHTN1,116881477,117126586,TRUE,FALSE
chr10_117006514,chr10,117006514,SHTN1,116881477,117126586,TRUE,FALSE
chr10_117006520,chr10,117006520,SHTN1,116881477,117126586,TRUE,FALSE
chr10_117006522,chr10,117006522,SHTN1,116881477,117126586,TRUE,FALSE
chr10_117006560,chr10,117006560,SHTN1,116881477,117126586,TRUE,FALSE
chr10_117007101,chr10,117007101,SHTN1,116881477,117126586,TRUE,FALSE
chr10_117007170,chr10,117007170,SHTN1,116881477,117126586,TRUE,FALSE
chr10_117007446,chr10,117007446,SHTN1,116881477,117126586,TRUE,FALSE
chr10_117007742,chr10,117007742,SHTN1,116881477,117126586,TRUE,FALSE
chr10_117007778,chr10,117007778,SHTN1,116881477,117126586,TRUE,FALSE
chr10_117007783,chr10,117007783,SHTN1,116881477,117126586,TRUE,FALSE
chr10_117007828,chr10,117007828,SHTN1,116881477,117126586,TRUE,FALSE
chr10_117007876,chr10,117007876,SHTN1,116881477,117126586,TRUE,FALSE
chr10_117007900,chr10,117007900,SHTN1,116881477,117126586,TRUE,FALSE
chr10_117007932,chr10,117007932,SHTN1,116881477,117126586,TRUE,FALSE
chr10_117007939,chr10,117007939,SHTN1,116881477,117126586,TRUE,FALSE
chr10_117007956,chr10,117007956,SHTN1,116881477,117126586,TRUE,FALSE
chr10_117007994,chr10,117007994,SHTN1,116881477,117126586,TRUE,FALSE
chr10_117008049,chr10,117008049,SHTN1,116881477,117126586,TRUE,FALSE
chr10_117008835,chr10,117008835,SHTN1,116881477,117126586,TRUE,FALSE
chr10_117008839,chr10,117008839,SHTN1,116881477,117126586,TRUE,FALSE
chr10_117008884,chr10,117008884,SHTN1,116881477,117126586,TRUE,FALSE
chr10_117008975,chr10,117008975,SHTN1,116881477,117126586,TRUE,FALSE
chr10_117009063,chr10,117009063,SHTN1,116881477,117126586,TRUE,FALSE
chr10_117009069,chr10,117009069,SHTN1,116881477,117126586,TRUE,FALSE
chr10_117009587,chr10,117009587,SHTN1,116881477,117126586,TRUE,FALSE
chr10_117009632,chr10,117009632,SHTN1,116881477,117126586,TRUE,FALSE
chr10_117009646,chr10,117009646,SHTN1,116881477,117126586,TRUE,FALSE
chr10_117009670,chr10,117009670,SHTN1,116881477,117126586,TRUE,FALSE
chr10_117009675,chr10,117009675,SHTN1,116881477,117126586,TRUE,FALSE
chr10_117009686,chr10,117009686,SHTN1,116881477,117126586,TRUE,FALSE
chr10_117009731,chr10,117009731,SHTN1,116881477,117126586,TRUE,FALSE
chr10_117009760,chr10,117009760,SHTN1,116881477,117126586,TRUE,FALSE
chr10_117009764,chr10,117009764,SHTN1,116881477,117126586,TRUE,FALSE
chr10_117009772,chr10,117009772,SHTN1,116881477,117126586,TRUE,FALSE
chr10_117009776,chr10,117009776,SHTN1,116881477,117126586,TRUE,FALSE
chr10_117009827,chr10,117009827,SHTN1,116881477,117126586,TRUE,FALSE
chr10_117009834,chr10,117009834,SHTN1,116881477,117126586,TRUE,FALSE
chr10_117009851,chr10,117009851,SHTN1,116881477,117126586,TRUE,FALSE
chr10_117009857,chr10,117009857,SHTN1,116881477,117126586,TRUE,FALSE
chr10_117009859,chr10,117009859,SHTN1,116881477,117126586,TRUE,FALSE
chr10_117009881,chr10,117009881,SHTN1,116881477,117126586,TRUE,FALSE
chr10_117009938,chr10,117009938,SHTN1,116881477,117126586,TRUE,FALSE
chr10_117010187,chr10,117010187,SHTN1,116881477,117126586,TRUE,FALSE
chr10_117010733,chr10,117010733,SHTN1,116881477,117126586,TRUE,FALSE
chr10_117010874,chr10,117010874,SHTN1,116881477,117126586,TRUE,FALSE
chr10_117011012,chr10,117011012,SHTN1,116881477,117126586,TRUE,FALSE
chr10_117011114,chr10,117011114,SHTN1,116881477,117126586,TRUE,FALSE
chr10_117011861,chr10,117011861,SHTN1,116881477,117126586,TRUE,FALSE
chr10_117011866,chr10,117011866,SHTN1,116881477,117126586,TRUE,FALSE
chr10_117011868,chr10,117011868,SHTN1,116881477,117126586,TRUE,FALSE
chr10_117011878,chr10,117011878,SHTN1,116881477,117126586,TRUE,FALSE
chr10_117011906,chr10,117011906,SHTN1,116881477,117126586,TRUE,FALSE
chr10_117011915,chr10,117011915,SHTN1,116881477,117126586,TRUE,FALSE
chr10_117011922,chr10,117011922,SHTN1,116881477,117126586,TRUE,FALSE
chr10_117011936,chr10,117011936,SHTN1,116881477,117126586,TRUE,FALSE
chr10_117011956,chr10,117011956,SHTN1,116881477,117126586,TRUE,FALSE
chr10_117012000,chr10,117012000,SHTN1,116881477,117126586,TRUE,FALSE
chr10_117012008,chr10,117012008,SHTN1,116881477,117126586,TRUE,FALSE
chr10_117012032,chr10,117012032,SHTN1,116881477,117126586,TRUE,FALSE
chr10_117012055,chr10,117012055,SHTN1,116881477,117126586,TRUE,FALSE
chr10_117012063,chr10,117012063,SHTN1,116881477,117126586,TRUE,FALSE
chr10_117012087,chr10,117012087,SHTN1,116881477,117126586,TRUE,FALSE
chr10_117012093,chr10,117012093,SHTN1,116881477,117126586,TRUE,FALSE
chr10_117012095,chr10,117012095,SHTN1,116881477,117126586,TRUE,FALSE
chr10_117012345,chr10,117012345,SHTN1,116881477,117126586,TRUE,FALSE
chr10_117012570,chr10,117012570,SHTN1,116881477,117126586,TRUE,FALSE
chr10_117012673,chr10,117012673,SHTN1,116881477,117126586,TRUE,FALSE
chr10_117012709,chr10,117012709,SHTN1,116881477,117126586,TRUE,FALSE
chr10_117012721,chr10,117012721,SHTN1,116881477,117126586,TRUE,FALSE
chr10_117013243,chr10,117013243,SHTN1,116881477,117126586,TRUE,FALSE
chr10_117013322,chr10,117013322,SHTN1,116881477,117126586,TRUE,FALSE
chr10_117013330,chr10,117013330,SHTN1,116881477,117126586,TRUE,FALSE
chr10_117013425,chr10,117013425,SHTN1,116881477,117126586,TRUE,FALSE
chr10_117013685,chr10,117013685,SHTN1,116881477,117126586,TRUE,FALSE
chr10_117013760,chr10,117013760,SHTN1,116881477,117126586,TRUE,FALSE
chr10_117013779,chr10,117013779,SHTN1,116881477,117126586,TRUE,FALSE
chr10_117014360,chr10,117014360,SHTN1,116881477,117126586,TRUE,FALSE
chr10_117014463,chr10,117014463,SHTN1,116881477,117126586,TRUE,FALSE
chr10_117015394,chr10,117015394,SHTN1,116881477,117126586,TRUE,FALSE
chr10_117015434,chr10,117015434,SHTN1,116881477,117126586,TRUE,FALSE
chr10_117015488,chr10,117015488,SHTN1,116881477,117126586,TRUE,FALSE
chr10_117015519,chr10,117015519,SHTN1,116881477,117126586,TRUE,FALSE
chr10_117015550,chr10,117015550,SHTN1,116881477,117126586,TRUE,FALSE
chr10_117015573,chr10,117015573,SHTN1,116881477,117126586,TRUE,FALSE
chr10_117015610,chr10,117015610,SHTN1,116881477,117126586,TRUE,FALSE
chr10_117015620,chr10,117015620,SHTN1,116881477,117126586,TRUE,FALSE
chr10_117015626,chr10,117015626,SHTN1,116881477,117126586,TRUE,FALSE
chr10_117015883,chr10,117015883,SHTN1,116881477,117126586,TRUE,FALSE
chr10_117016262,chr10,117016262,SHTN1,116881477,117126586,TRUE,FALSE
chr10_117016282,chr10,117016282,SHTN1,116881477,117126586,TRUE,FALSE
chr10_117016437,chr10,117016437,SHTN1,116881477,117126586,TRUE,FALSE
chr10_117016475,chr10,117016475,SHTN1,116881477,117126586,TRUE,FALSE
chr10_117016509,chr10,117016509,SHTN1,116881477,117126586,TRUE,FALSE
chr10_117016547,chr10,117016547,SHTN1,116881477,117126586,TRUE,FALSE
chr10_117016551,chr10,117016551,SHTN1,116881477,117126586,TRUE,FALSE
chr10_117016563,chr10,117016563,SHTN1,116881477,117126586,TRUE,FALSE
chr10_117016567,chr10,117016567,SHTN1,116881477,117126586,TRUE,FALSE
chr10_117016686,chr10,117016686,SHTN1,116881477,117126586,TRUE,FALSE
chr10_117016696,chr10,117016696,SHTN1,116881477,117126586,TRUE,FALSE
chr10_117017213,chr10,117017213,SHTN1,116881477,117126586,TRUE,FALSE
chr10_117017217,chr10,117017217,SHTN1,116881477,117126586,TRUE,FALSE
chr10_117017219,chr10,117017219,SHTN1,116881477,117126586,TRUE,FALSE
chr10_117017229,chr10,117017229,SHTN1,116881477,117126586,TRUE,FALSE
chr10_117017257,chr10,117017257,SHTN1,116881477,117126586,TRUE,FALSE
chr10_117017266,chr10,117017266,SHTN1,116881477,117126586,TRUE,FALSE
chr10_117017273,chr10,117017273,SHTN1,116881477,117126586,TRUE,FALSE
chr10_117017287,chr10,117017287,SHTN1,116881477,117126586,TRUE,FALSE
chr10_117017307,chr10,117017307,SHTN1,116881477,117126586,TRUE,FALSE
chr10_117017347,chr10,117017347,SHTN1,116881477,117126586,TRUE,FALSE
chr10_117017359,chr10,117017359,SHTN1,116881477,117126586,TRUE,FALSE
chr10_117017383,chr10,117017383,SHTN1,116881477,117126586,TRUE,FALSE
chr10_117017407,chr10,117017407,SHTN1,116881477,117126586,TRUE,FALSE
chr10_117017415,chr10,117017415,SHTN1,116881477,117126586,TRUE,FALSE
chr10_117017439,chr10,117017439,SHTN1,116881477,117126586,TRUE,FALSE
chr10_117017447,chr10,117017447,SHTN1,116881477,117126586,TRUE,FALSE
chr10_117017469,chr10,117017469,SHTN1,116881477,117126586,TRUE,FALSE
chr10_117017477,chr10,117017477,SHTN1,116881477,117126586,TRUE,FALSE
chr10_117017485,chr10,117017485,SHTN1,116881477,117126586,TRUE,FALSE
chr10_117017666,chr10,117017666,SHTN1,116881477,117126586,TRUE,FALSE
chr10_117017773,chr10,117017773,SHTN1,116881477,117126586,TRUE,FALSE
chr10_117017787,chr10,117017787,SHTN1,116881477,117126586,TRUE,FALSE
chr10_117017993,chr10,117017993,SHTN1,116881477,117126586,TRUE,FALSE
chr10_117018720,chr10,117018720,SHTN1,116881477,117126586,TRUE,FALSE
chr10_117018813,chr10,117018813,SHTN1,116881477,117126586,TRUE,FALSE
chr10_117018850,chr10,117018850,SHTN1,116881477,117126586,TRUE,FALSE
chr10_117019383,chr10,117019383,SHTN1,116881477,117126586,TRUE,FALSE
chr10_117019678,chr10,117019678,SHTN1,116881477,117126586,TRUE,FALSE
chr10_117019981,chr10,117019981,SHTN1,116881477,117126586,TRUE,FALSE
chr10_117020211,chr10,117020211,SHTN1,116881477,117126586,TRUE,FALSE
chr10_117020217,chr10,117020217,SHTN1,116881477,117126586,TRUE,FALSE
chr10_117020255,chr10,117020255,SHTN1,116881477,117126586,TRUE,FALSE
chr10_117020307,chr10,117020307,SHTN1,116881477,117126586,TRUE,FALSE
chr10_117020369,chr10,117020369,SHTN1,116881477,117126586,TRUE,FALSE
chr10_117020371,chr10,117020371,SHTN1,116881477,117126586,TRUE,FALSE
chr10_117020494,chr10,117020494,SHTN1,116881477,117126586,TRUE,FALSE
chr10_117021098,chr10,117021098,SHTN1,116881477,117126586,TRUE,FALSE
chr10_117021100,chr10,117021100,SHTN1,116881477,117126586,TRUE,FALSE
chr10_117021110,chr10,117021110,SHTN1,116881477,117126586,TRUE,FALSE
chr10_117021147,chr10,117021147,SHTN1,116881477,117126586,TRUE,FALSE
chr10_117021229,chr10,117021229,SHTN1,116881477,117126586,TRUE,FALSE
chr10_117021233,chr10,117021233,SHTN1,116881477,117126586,TRUE,FALSE
chr10_117021243,chr10,117021243,SHTN1,116881477,117126586,TRUE,FALSE
chr10_117021769,chr10,117021769,SHTN1,116881477,117126586,TRUE,FALSE
chr10_117021885,chr10,117021885,SHTN1,116881477,117126586,TRUE,FALSE
chr10_117021960,chr10,117021960,SHTN1,116881477,117126586,TRUE,FALSE
chr10_117022154,chr10,117022154,SHTN1,116881477,117126586,TRUE,FALSE
chr10_117022364,chr10,117022364,SHTN1,116881477,117126586,TRUE,FALSE
chr10_117022503,chr10,117022503,SHTN1,116881477,117126586,TRUE,FALSE
chr10_117022591,chr10,117022591,SHTN1,116881477,117126586,TRUE,FALSE
chr10_117023276,chr10,117023276,SHTN1,116881477,117126586,TRUE,FALSE
chr10_117023625,chr10,117023625,SHTN1,116881477,117126586,TRUE,FALSE
chr10_117023656,chr10,117023656,SHTN1,116881477,117126586,TRUE,FALSE
chr10_117023849,chr10,117023849,SHTN1,116881477,117126586,TRUE,FALSE
chr10_117024060,chr10,117024060,SHTN1,116881477,117126586,TRUE,FALSE
chr10_117024135,chr10,117024135,SHTN1,116881477,117126586,TRUE,FALSE
chr10_117024155,chr10,117024155,SHTN1,116881477,117126586,TRUE,FALSE
chr10_117024377,chr10,117024377,SHTN1,116881477,117126586,TRUE,FALSE
chr10_117024499,chr10,117024499,SHTN1,116881477,117126586,TRUE,FALSE
chr10_117024511,chr10,117024511,SHTN1,116881477,117126586,TRUE,FALSE
chr10_117024544,chr10,117024544,SHTN1,116881477,117126586,TRUE,FALSE
chr10_117024579,chr10,117024579,SHTN1,116881477,117126586,TRUE,FALSE
chr10_117024593,chr10,117024593,SHTN1,116881477,117126586,TRUE,FALSE
chr10_117024600,chr10,117024600,SHTN1,116881477,117126586,TRUE,FALSE
chr10_117024604,chr10,117024604,SHTN1,116881477,117126586,TRUE,FALSE
chr10_117024637,chr10,117024637,SHTN1,116881477,117126586,TRUE,FALSE
chr10_117024647,chr10,117024647,SHTN1,116881477,117126586,TRUE,FALSE
chr10_117024649,chr10,117024649,SHTN1,116881477,117126586,TRUE,FALSE
chr10_117024653,chr10,117024653,SHTN1,116881477,117126586,TRUE,FALSE
chr10_117025001,chr10,117025001,SHTN1,116881477,117126586,TRUE,FALSE
chr10_117025186,chr10,117025186,SHTN1,116881477,117126586,TRUE,FALSE
chr10_117025373,chr10,117025373,SHTN1,116881477,117126586,TRUE,FALSE
chr10_117025387,chr10,117025387,SHTN1,116881477,117126586,TRUE,FALSE
chr10_117025410,chr10,117025410,SHTN1,116881477,117126586,TRUE,FALSE
chr10_117025658,chr10,117025658,SHTN1,116881477,117126586,TRUE,FALSE
chr10_117026313,chr10,117026313,SHTN1,116881477,117126586,TRUE,FALSE
chr10_117026515,chr10,117026515,SHTN1,116881477,117126586,TRUE,FALSE
chr10_117026713,chr10,117026713,SHTN1,116881477,117126586,TRUE,FALSE
chr10_117027529,chr10,117027529,SHTN1,116881477,117126586,TRUE,FALSE
chr10_117027647,chr10,117027647,SHTN1,116881477,117126586,TRUE,FALSE
chr10_117027688,chr10,117027688,SHTN1,116881477,117126586,TRUE,FALSE
chr10_117027719,chr10,117027719,SHTN1,116881477,117126586,TRUE,FALSE
chr10_117027740,chr10,117027740,SHTN1,116881477,117126586,TRUE,FALSE
chr10_117027777,chr10,117027777,SHTN1,116881477,117126586,TRUE,FALSE
chr10_117027787,chr10,117027787,SHTN1,116881477,117126586,TRUE,FALSE
chr10_117028002,chr10,117028002,SHTN1,116881477,117126586,TRUE,FALSE
chr10_117028144,chr10,117028144,SHTN1,116881477,117126586,TRUE,FALSE
chr10_117028604,chr10,117028604,SHTN1,116881477,117126586,TRUE,FALSE
chr10_117028682,chr10,117028682,SHTN1,116881477,117126586,TRUE,FALSE
chr10_117028713,chr10,117028713,SHTN1,116881477,117126586,TRUE,FALSE
chr10_117029129,chr10,117029129,SHTN1,116881477,117126586,TRUE,FALSE
chr10_117029639,chr10,117029639,SHTN1,116881477,117126586,TRUE,FALSE
chr10_117029726,chr10,117029726,SHTN1,116881477,117126586,TRUE,FALSE
chr10_117029974,chr10,117029974,SHTN1,116881477,117126586,TRUE,FALSE
chr10_117030045,chr10,117030045,SHTN1,116881477,117126586,TRUE,FALSE
chr10_117030049,chr10,117030049,SHTN1,116881477,117126586,TRUE,FALSE
chr10_117030077,chr10,117030077,SHTN1,116881477,117126586,TRUE,FALSE
chr10_117030122,chr10,117030122,SHTN1,116881477,117126586,TRUE,FALSE
chr10_117030182,chr10,117030182,SHTN1,116881477,117126586,TRUE,FALSE
chr10_117030239,chr10,117030239,SHTN1,116881477,117126586,TRUE,FALSE
chr10_117031881,chr10,117031881,SHTN1,116881477,117126586,TRUE,FALSE
chr10_117032157,chr10,117032157,SHTN1,116881477,117126586,TRUE,FALSE
chr10_117032242,chr10,117032242,SHTN1,116881477,117126586,TRUE,FALSE
chr10_117032264,chr10,117032264,SHTN1,116881477,117126586,TRUE,FALSE
chr10_117032266,chr10,117032266,SHTN1,116881477,117126586,TRUE,FALSE
chr10_117032289,chr10,117032289,SHTN1,116881477,117126586,TRUE,FALSE
chr10_117032304,chr10,117032304,SHTN1,116881477,117126586,TRUE,FALSE
chr10_117032358,chr10,117032358,SHTN1,116881477,117126586,TRUE,FALSE
chr10_117032450,chr10,117032450,SHTN1,116881477,117126586,TRUE,FALSE
chr10_117033525,chr10,117033525,SHTN1,116881477,117126586,TRUE,FALSE
chr10_117033930,chr10,117033930,SHTN1,116881477,117126586,TRUE,FALSE
chr10_117034004,chr10,117034004,SHTN1,116881477,117126586,TRUE,FALSE
chr10_117034379,chr10,117034379,SHTN1,116881477,117126586,TRUE,FALSE
chr10_117034555,chr10,117034555,SHTN1,116881477,117126586,TRUE,FALSE
chr10_117035582,chr10,117035582,SHTN1,116881477,117126586,TRUE,FALSE
chr10_117035689,chr10,117035689,SHTN1,116881477,117126586,TRUE,FALSE
chr10_117035774,chr10,117035774,SHTN1,116881477,117126586,TRUE,FALSE
chr10_117035802,chr10,117035802,SHTN1,116881477,117126586,TRUE,FALSE
chr10_117035861,chr10,117035861,SHTN1,116881477,117126586,TRUE,FALSE
chr10_117035895,chr10,117035895,SHTN1,116881477,117126586,TRUE,FALSE
chr10_117035934,chr10,117035934,SHTN1,116881477,117126586,TRUE,FALSE
chr10_117035984,chr10,117035984,SHTN1,116881477,117126586,TRUE,FALSE
chr10_117036939,chr10,117036939,SHTN1,116881477,117126586,TRUE,FALSE
chr10_117037085,chr10,117037085,SHTN1,116881477,117126586,TRUE,FALSE
chr10_117037617,chr10,117037617,SHTN1,116881477,117126586,TRUE,FALSE
chr10_117037778,chr10,117037778,SHTN1,116881477,117126586,TRUE,FALSE
chr10_117037803,chr10,117037803,SHTN1,116881477,117126586,TRUE,FALSE
chr10_117037809,chr10,117037809,SHTN1,116881477,117126586,TRUE,FALSE
chr10_117037953,chr10,117037953,SHTN1,116881477,117126586,TRUE,FALSE
chr10_117037990,chr10,117037990,SHTN1,116881477,117126586,TRUE,FALSE
chr10_117038069,chr10,117038069,SHTN1,116881477,117126586,TRUE,FALSE
chr10_117038243,chr10,117038243,SHTN1,116881477,117126586,TRUE,FALSE
chr10_117038391,chr10,117038391,SHTN1,116881477,117126586,TRUE,FALSE
chr10_117038439,chr10,117038439,SHTN1,116881477,117126586,TRUE,FALSE
chr10_117038780,chr10,117038780,SHTN1,116881477,117126586,TRUE,FALSE
chr10_117038786,chr10,117038786,SHTN1,116881477,117126586,TRUE,FALSE
chr10_117038837,chr10,117038837,SHTN1,116881477,117126586,TRUE,FALSE
chr10_117038926,chr10,117038926,SHTN1,116881477,117126586,TRUE,FALSE
chr10_117038943,chr10,117038943,SHTN1,116881477,117126586,TRUE,FALSE
chr10_117038979,chr10,117038979,SHTN1,116881477,117126586,TRUE,FALSE
chr10_117039407,chr10,117039407,SHTN1,116881477,117126586,TRUE,FALSE
chr10_117039572,chr10,117039572,SHTN1,116881477,117126586,TRUE,FALSE
chr10_117039576,chr10,117039576,SHTN1,116881477,117126586,TRUE,FALSE
chr10_117039580,chr10,117039580,SHTN1,116881477,117126586,TRUE,FALSE
chr10_117039592,chr10,117039592,SHTN1,116881477,117126586,TRUE,FALSE
chr10_117039635,chr10,117039635,SHTN1,116881477,117126586,TRUE,FALSE
chr10_117039669,chr10,117039669,SHTN1,116881477,117126586,TRUE,FALSE
chr10_117039680,chr10,117039680,SHTN1,116881477,117126586,TRUE,FALSE
chr10_117039709,chr10,117039709,SHTN1,116881477,117126586,TRUE,FALSE
chr10_117039713,chr10,117039713,SHTN1,116881477,117126586,TRUE,FALSE
chr10_117039745,chr10,117039745,SHTN1,116881477,117126586,TRUE,FALSE
chr10_117039809,chr10,117039809,SHTN1,116881477,117126586,TRUE,FALSE
chr10_117039909,chr10,117039909,SHTN1,116881477,117126586,TRUE,FALSE
chr10_117040626,chr10,117040626,SHTN1,116881477,117126586,TRUE,FALSE
chr10_117040666,chr10,117040666,SHTN1,116881477,117126586,TRUE,FALSE
chr10_117040995,chr10,117040995,SHTN1,116881477,117126586,TRUE,FALSE
chr10_117041054,chr10,117041054,SHTN1,116881477,117126586,TRUE,FALSE
chr10_117041101,chr10,117041101,SHTN1,116881477,117126586,TRUE,FALSE
chr10_117041121,chr10,117041121,SHTN1,116881477,117126586,TRUE,FALSE
chr10_117041256,chr10,117041256,SHTN1,116881477,117126586,TRUE,FALSE
chr10_117041341,chr10,117041341,SHTN1,116881477,117126586,TRUE,FALSE
chr10_117041543,chr10,117041543,SHTN1,116881477,117126586,TRUE,FALSE
chr10_117041655,chr10,117041655,SHTN1,116881477,117126586,TRUE,FALSE
chr10_117041667,chr10,117041667,SHTN1,116881477,117126586,TRUE,FALSE
chr10_117041737,chr10,117041737,SHTN1,116881477,117126586,TRUE,FALSE
chr10_117041750,chr10,117041750,SHTN1,116881477,117126586,TRUE,FALSE
chr10_117041760,chr10,117041760,SHTN1,116881477,117126586,TRUE,FALSE
chr10_117041848,chr10,117041848,SHTN1,116881477,117126586,TRUE,FALSE
chr10_117042718,chr10,117042718,SHTN1,116881477,117126586,TRUE,FALSE
chr10_117042760,chr10,117042760,SHTN1,116881477,117126586,TRUE,FALSE
chr10_117042804,chr10,117042804,SHTN1,116881477,117126586,TRUE,FALSE
chr10_117042835,chr10,117042835,SHTN1,116881477,117126586,TRUE,FALSE
chr10_117042862,chr10,117042862,SHTN1,116881477,117126586,TRUE,FALSE
chr10_117042895,chr10,117042895,SHTN1,116881477,117126586,TRUE,FALSE
chr10_117042911,chr10,117042911,SHTN1,116881477,117126586,TRUE,FALSE
chr10_117043164,chr10,117043164,SHTN1,116881477,117126586,TRUE,FALSE
chr10_117043172,chr10,117043172,SHTN1,116881477,117126586,TRUE,FALSE
chr10_117043219,chr10,117043219,SHTN1,116881477,117126586,TRUE,FALSE
chr10_117043232,chr10,117043232,SHTN1,116881477,117126586,TRUE,FALSE
chr10_117043234,chr10,117043234,SHTN1,116881477,117126586,TRUE,FALSE
chr10_117043258,chr10,117043258,SHTN1,116881477,117126586,TRUE,FALSE
chr10_117043290,chr10,117043290,SHTN1,116881477,117126586,TRUE,FALSE
chr10_117044086,chr10,117044086,SHTN1,116881477,117126586,TRUE,FALSE
chr10_117044398,chr10,117044398,SHTN1,116881477,117126586,TRUE,FALSE
chr10_117044803,chr10,117044803,SHTN1,116881477,117126586,TRUE,FALSE
chr10_117045383,chr10,117045383,SHTN1,116881477,117126586,TRUE,FALSE
chr10_117047103,chr10,117047103,SHTN1,116881477,117126586,TRUE,FALSE
chr10_117047127,chr10,117047127,SHTN1,116881477,117126586,TRUE,FALSE
chr10_117047300,chr10,117047300,SHTN1,116881477,117126586,TRUE,FALSE
chr10_117047311,chr10,117047311,SHTN1,116881477,117126586,TRUE,FALSE
chr10_117047344,chr10,117047344,SHTN1,116881477,117126586,TRUE,FALSE
chr10_117047524,chr10,117047524,SHTN1,116881477,117126586,TRUE,FALSE
chr10_117047532,chr10,117047532,SHTN1,116881477,117126586,TRUE,FALSE
chr10_117047541,chr10,117047541,SHTN1,116881477,117126586,TRUE,FALSE
chr10_117047554,chr10,117047554,SHTN1,116881477,117126586,TRUE,FALSE
chr10_117048081,chr10,117048081,SHTN1,116881477,117126586,TRUE,FALSE
chr10_117048126,chr10,117048126,SHTN1,116881477,117126586,TRUE,FALSE
chr10_117048424,chr10,117048424,SHTN1,116881477,117126586,TRUE,FALSE
chr10_117048429,chr10,117048429,SHTN1,116881477,117126586,TRUE,FALSE
chr10_117048588,chr10,117048588,SHTN1,116881477,117126586,TRUE,FALSE
chr10_117048652,chr10,117048652,SHTN1,116881477,117126586,TRUE,FALSE
chr10_117048980,chr10,117048980,SHTN1,116881477,117126586,TRUE,FALSE
chr10_117049583,chr10,117049583,SHTN1,116881477,117126586,TRUE,FALSE
chr10_117049692,chr10,117049692,SHTN1,116881477,117126586,TRUE,FALSE
chr10_117049817,chr10,117049817,SHTN1,116881477,117126586,TRUE,FALSE
chr10_117050175,chr10,117050175,SHTN1,116881477,117126586,TRUE,FALSE
chr10_117050376,chr10,117050376,SHTN1,116881477,117126586,TRUE,FALSE
chr10_117050608,chr10,117050608,SHTN1,116881477,117126586,TRUE,FALSE
chr10_117050789,chr10,117050789,SHTN1,116881477,117126586,TRUE,FALSE
chr10_117050881,chr10,117050881,SHTN1,116881477,117126586,TRUE,FALSE
chr10_117050971,chr10,117050971,SHTN1,116881477,117126586,TRUE,FALSE
chr10_117051011,chr10,117051011,SHTN1,116881477,117126586,TRUE,FALSE
chr10_117051512,chr10,117051512,SHTN1,116881477,117126586,TRUE,FALSE
chr10_117051891,chr10,117051891,SHTN1,116881477,117126586,TRUE,FALSE
chr10_117052587,chr10,117052587,SHTN1,116881477,117126586,TRUE,FALSE
chr10_117052741,chr10,117052741,SHTN1,116881477,117126586,TRUE,FALSE
chr10_117052747,chr10,117052747,SHTN1,116881477,117126586,TRUE,FALSE
chr10_117052757,chr10,117052757,SHTN1,116881477,117126586,TRUE,FALSE
chr10_117052801,chr10,117052801,SHTN1,116881477,117126586,TRUE,FALSE
chr10_117052815,chr10,117052815,SHTN1,116881477,117126586,TRUE,FALSE
chr10_117053057,chr10,117053057,SHTN1,116881477,117126586,TRUE,FALSE
chr10_117053644,chr10,117053644,SHTN1,116881477,117126586,TRUE,FALSE
chr10_117054032,chr10,117054032,SHTN1,116881477,117126586,TRUE,FALSE
chr10_117054181,chr10,117054181,SHTN1,116881477,117126586,TRUE,FALSE
chr10_117054444,chr10,117054444,SHTN1,116881477,117126586,TRUE,FALSE
chr10_117054474,chr10,117054474,SHTN1,116881477,117126586,TRUE,FALSE
chr10_117054506,chr10,117054506,SHTN1,116881477,117126586,TRUE,FALSE
chr10_117054530,chr10,117054530,SHTN1,116881477,117126586,TRUE,FALSE
chr10_117054554,chr10,117054554,SHTN1,116881477,117126586,TRUE,FALSE
chr10_117054597,chr10,117054597,SHTN1,116881477,117126586,TRUE,FALSE
chr10_117054607,chr10,117054607,SHTN1,116881477,117126586,TRUE,FALSE
chr10_117054628,chr10,117054628,SHTN1,116881477,117126586,TRUE,FALSE
chr10_117054649,chr10,117054649,SHTN1,116881477,117126586,TRUE,FALSE
chr10_117054658,chr10,117054658,SHTN1,116881477,117126586,TRUE,FALSE
chr10_117054686,chr10,117054686,SHTN1,116881477,117126586,TRUE,FALSE
chr10_117054696,chr10,117054696,SHTN1,116881477,117126586,TRUE,FALSE
chr10_117054812,chr10,117054812,SHTN1,116881477,117126586,TRUE,FALSE
chr10_117054933,chr10,117054933,SHTN1,116881477,117126586,TRUE,FALSE
chr10_117055137,chr10,117055137,SHTN1,116881477,117126586,TRUE,FALSE
chr10_117055144,chr10,117055144,SHTN1,116881477,117126586,TRUE,FALSE
chr10_117055253,chr10,117055253,SHTN1,116881477,117126586,TRUE,FALSE
chr10_117055731,chr10,117055731,SHTN1,116881477,117126586,TRUE,FALSE
chr10_117055771,chr10,117055771,SHTN1,116881477,117126586,TRUE,FALSE
chr10_117055985,chr10,117055985,SHTN1,116881477,117126586,TRUE,FALSE
chr10_117056535,chr10,117056535,SHTN1,116881477,117126586,TRUE,FALSE
chr10_117056575,chr10,117056575,SHTN1,116881477,117126586,TRUE,FALSE
chr10_117056638,chr10,117056638,SHTN1,116881477,117126586,TRUE,FALSE
chr10_117056667,chr10,117056667,SHTN1,116881477,117126586,TRUE,FALSE
chr10_117056681,chr10,117056681,SHTN1,116881477,117126586,TRUE,FALSE
chr10_117056759,chr10,117056759,SHTN1,116881477,117126586,TRUE,FALSE
chr10_117057018,chr10,117057018,SHTN1,116881477,117126586,TRUE,FALSE
chr10_117057247,chr10,117057247,SHTN1,116881477,117126586,TRUE,FALSE
chr10_117057422,chr10,117057422,SHTN1,116881477,117126586,TRUE,FALSE
chr10_117057713,chr10,117057713,SHTN1,116881477,117126586,TRUE,FALSE
chr10_117057871,chr10,117057871,SHTN1,116881477,117126586,TRUE,FALSE
chr10_117058029,chr10,117058029,SHTN1,116881477,117126586,TRUE,FALSE
chr10_117058566,chr10,117058566,SHTN1,116881477,117126586,TRUE,FALSE
chr10_117058611,chr10,117058611,SHTN1,116881477,117126586,TRUE,FALSE
chr10_117058763,chr10,117058763,SHTN1,116881477,117126586,TRUE,FALSE
chr10_117059113,chr10,117059113,SHTN1,116881477,117126586,TRUE,FALSE
chr10_117059459,chr10,117059459,SHTN1,116881477,117126586,TRUE,FALSE
chr10_117059493,chr10,117059493,SHTN1,116881477,117126586,TRUE,FALSE
chr10_117059786,chr10,117059786,SHTN1,116881477,117126586,TRUE,FALSE
chr10_117059945,chr10,117059945,SHTN1,116881477,117126586,TRUE,FALSE
chr10_117059948,chr10,117059948,SHTN1,116881477,117126586,TRUE,FALSE
chr10_117059979,chr10,117059979,SHTN1,116881477,117126586,TRUE,FALSE
chr10_117060089,chr10,117060089,SHTN1,116881477,117126586,TRUE,FALSE
chr10_117060433,chr10,117060433,SHTN1,116881477,117126586,TRUE,FALSE
chr10_117060454,chr10,117060454,SHTN1,116881477,117126586,TRUE,FALSE
chr10_117060835,chr10,117060835,SHTN1,116881477,117126586,TRUE,FALSE
chr10_117060843,chr10,117060843,SHTN1,116881477,117126586,TRUE,FALSE
chr10_117061177,chr10,117061177,SHTN1,116881477,117126586,TRUE,FALSE
chr10_117061271,chr10,117061271,SHTN1,116881477,117126586,TRUE,FALSE
chr10_117061291,chr10,117061291,SHTN1,116881477,117126586,TRUE,FALSE
chr10_117061299,chr10,117061299,SHTN1,116881477,117126586,TRUE,FALSE
chr10_117061435,chr10,117061435,SHTN1,116881477,117126586,TRUE,FALSE
chr10_117061440,chr10,117061440,SHTN1,116881477,117126586,TRUE,FALSE
chr10_117061444,chr10,117061444,SHTN1,116881477,117126586,TRUE,FALSE
chr10_117061538,chr10,117061538,SHTN1,116881477,117126586,TRUE,FALSE
chr10_117061630,chr10,117061630,SHTN1,116881477,117126586,TRUE,FALSE
chr10_117061659,chr10,117061659,SHTN1,116881477,117126586,TRUE,FALSE
chr10_117061698,chr10,117061698,SHTN1,116881477,117126586,TRUE,FALSE
chr10_117061713,chr10,117061713,SHTN1,116881477,117126586,TRUE,FALSE
chr10_117061767,chr10,117061767,SHTN1,116881477,117126586,TRUE,FALSE
chr10_117061814,chr10,117061814,SHTN1,116881477,117126586,TRUE,FALSE
chr10_117061899,chr10,117061899,SHTN1,116881477,117126586,TRUE,FALSE
chr10_117063044,chr10,117063044,SHTN1,116881477,117126586,TRUE,FALSE
chr10_117063299,chr10,117063299,SHTN1,116881477,117126586,TRUE,FALSE
chr10_117063366,chr10,117063366,SHTN1,116881477,117126586,TRUE,FALSE
chr10_117063377,chr10,117063377,SHTN1,116881477,117126586,TRUE,FALSE
chr10_117063995,chr10,117063995,SHTN1,116881477,117126586,TRUE,FALSE
chr10_117064092,chr10,117064092,SHTN1,116881477,117126586,TRUE,FALSE
chr10_117064369,chr10,117064369,SHTN1,116881477,117126586,TRUE,FALSE
chr10_117064397,chr10,117064397,SHTN1,116881477,117126586,TRUE,FALSE
chr10_117064405,chr10,117064405,SHTN1,116881477,117126586,TRUE,FALSE
chr10_117064430,chr10,117064430,SHTN1,116881477,117126586,TRUE,FALSE
chr10_117064437,chr10,117064437,SHTN1,116881477,117126586,TRUE,FALSE
chr10_117064482,chr10,117064482,SHTN1,116881477,117126586,TRUE,FALSE
chr10_117064569,chr10,117064569,SHTN1,116881477,117126586,TRUE,FALSE
chr10_117064579,chr10,117064579,SHTN1,116881477,117126586,TRUE,FALSE
chr10_117064603,chr10,117064603,SHTN1,116881477,117126586,TRUE,FALSE
chr10_117064609,chr10,117064609,SHTN1,116881477,117126586,TRUE,FALSE
chr10_117064629,chr10,117064629,SHTN1,116881477,117126586,TRUE,FALSE
chr10_117064728,chr10,117064728,SHTN1,116881477,117126586,TRUE,FALSE
chr10_117064826,chr10,117064826,SHTN1,116881477,117126586,TRUE,FALSE
chr10_117064915,chr10,117064915,SHTN1,116881477,117126586,TRUE,FALSE
chr10_117065229,chr10,117065229,SHTN1,116881477,117126586,TRUE,FALSE
chr10_117065452,chr10,117065452,SHTN1,116881477,117126586,TRUE,FALSE
chr10_117065483,chr10,117065483,SHTN1,116881477,117126586,TRUE,FALSE
chr10_117065574,chr10,117065574,SHTN1,116881477,117126586,TRUE,FALSE
chr10_117065615,chr10,117065615,SHTN1,116881477,117126586,TRUE,FALSE
chr10_117066337,chr10,117066337,SHTN1,116881477,117126586,TRUE,FALSE
chr10_117066643,chr10,117066643,SHTN1,116881477,117126586,TRUE,FALSE
chr10_117066753,chr10,117066753,SHTN1,116881477,117126586,TRUE,FALSE
chr10_117067318,chr10,117067318,SHTN1,116881477,117126586,TRUE,FALSE
chr10_117067326,chr10,117067326,SHTN1,116881477,117126586,TRUE,FALSE
chr10_117067388,chr10,117067388,SHTN1,116881477,117126586,TRUE,FALSE
chr10_117067420,chr10,117067420,SHTN1,116881477,117126586,TRUE,FALSE
chr10_117067455,chr10,117067455,SHTN1,116881477,117126586,TRUE,FALSE
chr10_117067509,chr10,117067509,SHTN1,116881477,117126586,TRUE,FALSE
chr10_117067549,chr10,117067549,SHTN1,116881477,117126586,TRUE,FALSE
chr10_117067551,chr10,117067551,SHTN1,116881477,117126586,TRUE,FALSE
chr10_117068079,chr10,117068079,SHTN1,116881477,117126586,TRUE,FALSE
chr10_117068119,chr10,117068119,SHTN1,116881477,117126586,TRUE,FALSE
chr10_117068129,chr10,117068129,SHTN1,116881477,117126586,TRUE,FALSE
chr10_117068182,chr10,117068182,SHTN1,116881477,117126586,TRUE,FALSE
chr10_117068189,chr10,117068189,SHTN1,116881477,117126586,TRUE,FALSE
chr10_117068250,chr10,117068250,SHTN1,116881477,117126586,TRUE,FALSE
chr10_117068304,chr10,117068304,SHTN1,116881477,117126586,TRUE,FALSE
chr10_117068395,chr10,117068395,SHTN1,116881477,117126586,TRUE,FALSE
chr10_117068411,chr10,117068411,SHTN1,116881477,117126586,TRUE,FALSE
chr10_117068439,chr10,117068439,SHTN1,116881477,117126586,TRUE,FALSE
chr10_117068889,chr10,117068889,SHTN1,116881477,117126586,TRUE,FALSE
chr10_117069271,chr10,117069271,SHTN1,116881477,117126586,TRUE,FALSE
chr10_117069287,chr10,117069287,SHTN1,116881477,117126586,TRUE,FALSE
chr10_117069315,chr10,117069315,SHTN1,116881477,117126586,TRUE,FALSE
chr10_117069337,chr10,117069337,SHTN1,116881477,117126586,TRUE,FALSE
chr10_117069503,chr10,117069503,SHTN1,116881477,117126586,TRUE,FALSE
chr10_117070005,chr10,117070005,SHTN1,116881477,117126586,TRUE,FALSE
chr10_117070172,chr10,117070172,SHTN1,116881477,117126586,TRUE,FALSE
chr10_117070303,chr10,117070303,SHTN1,116881477,117126586,TRUE,FALSE
chr10_117070354,chr10,117070354,SHTN1,116881477,117126586,TRUE,FALSE
chr10_117070486,chr10,117070486,SHTN1,116881477,117126586,TRUE,FALSE
chr10_117070642,chr10,117070642,SHTN1,116881477,117126586,TRUE,FALSE
chr10_117070670,chr10,117070670,SHTN1,116881477,117126586,TRUE,FALSE
chr10_117070702,chr10,117070702,SHTN1,116881477,117126586,TRUE,FALSE
chr10_117070791,chr10,117070791,SHTN1,116881477,117126586,TRUE,FALSE
chr10_117070794,chr10,117070794,SHTN1,116881477,117126586,TRUE,FALSE
chr10_117071412,chr10,117071412,SHTN1,116881477,117126586,TRUE,FALSE
chr10_117071609,chr10,117071609,SHTN1,116881477,117126586,TRUE,FALSE
chr10_117071766,chr10,117071766,SHTN1,116881477,117126586,TRUE,FALSE
chr10_117071804,chr10,117071804,SHTN1,116881477,117126586,TRUE,FALSE
chr10_117071809,chr10,117071809,SHTN1,116881477,117126586,TRUE,FALSE
chr10_117071901,chr10,117071901,SHTN1,116881477,117126586,TRUE,FALSE
chr10_117072125,chr10,117072125,SHTN1,116881477,117126586,TRUE,FALSE
chr10_117072311,chr10,117072311,SHTN1,116881477,117126586,TRUE,FALSE
chr10_117072346,chr10,117072346,SHTN1,116881477,117126586,TRUE,FALSE
chr10_117072397,chr10,117072397,SHTN1,116881477,117126586,TRUE,FALSE
chr10_117072420,chr10,117072420,SHTN1,116881477,117126586,TRUE,FALSE
chr10_117072522,chr10,117072522,SHTN1,116881477,117126586,TRUE,FALSE
chr10_117073137,chr10,117073137,SHTN1,116881477,117126586,TRUE,FALSE
chr10_117073218,chr10,117073218,SHTN1,116881477,117126586,TRUE,FALSE
chr10_117073306,chr10,117073306,SHTN1,116881477,117126586,TRUE,FALSE
chr10_117073545,chr10,117073545,SHTN1,116881477,117126586,TRUE,FALSE
chr10_117073932,chr10,117073932,SHTN1,116881477,117126586,TRUE,FALSE
chr10_117074056,chr10,117074056,SHTN1,116881477,117126586,TRUE,FALSE
chr10_117074234,chr10,117074234,SHTN1,116881477,117126586,TRUE,FALSE
chr10_117074309,chr10,117074309,SHTN1,116881477,117126586,TRUE,FALSE
chr10_117074826,chr10,117074826,SHTN1,116881477,117126586,TRUE,FALSE
chr10_117074867,chr10,117074867,SHTN1,116881477,117126586,TRUE,FALSE
chr10_117075432,chr10,117075432,SHTN1,116881477,117126586,TRUE,FALSE
chr10_117075920,chr10,117075920,SHTN1,116881477,117126586,TRUE,FALSE
chr10_117084896,chr10,117084896,SHTN1,116881477,117126586,TRUE,FALSE
chr10_117084898,chr10,117084898,SHTN1,116881477,117126586,TRUE,FALSE
chr10_117084902,chr10,117084902,SHTN1,116881477,117126586,TRUE,FALSE
chr10_117084907,chr10,117084907,SHTN1,116881477,117126586,TRUE,FALSE
chr10_117084909,chr10,117084909,SHTN1,116881477,117126586,TRUE,FALSE
chr10_117084925,chr10,117084925,SHTN1,116881477,117126586,TRUE,FALSE
chr10_117084960,chr10,117084960,SHTN1,116881477,117126586,TRUE,FALSE
chr10_117084991,chr10,117084991,SHTN1,116881477,117126586,TRUE,FALSE
chr10_117085003,chr10,117085003,SHTN1,116881477,117126586,TRUE,FALSE
chr10_117085238,chr10,117085238,SHTN1,116881477,117126586,TRUE,FALSE
chr10_117085525,chr10,117085525,SHTN1,116881477,117126586,TRUE,FALSE
chr10_117085599,chr10,117085599,SHTN1,116881477,117126586,TRUE,FALSE
chr10_117085943,chr10,117085943,SHTN1,116881477,117126586,TRUE,FALSE
chr10_117085981,chr10,117085981,SHTN1,116881477,117126586,TRUE,FALSE
chr10_117085989,chr10,117085989,SHTN1,116881477,117126586,TRUE,FALSE
chr10_117086013,chr10,117086013,SHTN1,116881477,117126586,TRUE,FALSE
chr10_117086023,chr10,117086023,SHTN1,116881477,117126586,TRUE,FALSE
chr10_117086077,chr10,117086077,SHTN1,116881477,117126586,TRUE,FALSE
chr10_117086108,chr10,117086108,SHTN1,116881477,117126586,TRUE,FALSE
chr10_117086153,chr10,117086153,SHTN1,116881477,117126586,TRUE,FALSE
chr10_117086164,chr10,117086164,SHTN1,116881477,117126586,TRUE,FALSE
chr10_117086197,chr10,117086197,SHTN1,116881477,117126586,TRUE,FALSE
chr10_117086207,chr10,117086207,SHTN1,116881477,117126586,TRUE,FALSE
chr10_117086209,chr10,117086209,SHTN1,116881477,117126586,TRUE,FALSE
chr10_117086226,chr10,117086226,SHTN1,116881477,117126586,TRUE,FALSE
chr10_117086228,chr10,117086228,SHTN1,116881477,117126586,TRUE,FALSE
chr10_117086232,chr10,117086232,SHTN1,116881477,117126586,TRUE,FALSE
chr10_117086236,chr10,117086236,SHTN1,116881477,117126586,TRUE,FALSE
chr10_117086400,chr10,117086400,SHTN1,116881477,117126586,TRUE,FALSE
chr10_117086693,chr10,117086693,SHTN1,116881477,117126586,TRUE,FALSE
chr10_117086760,chr10,117086760,SHTN1,116881477,117126586,TRUE,FALSE
chr10_117086793,chr10,117086793,SHTN1,116881477,117126586,TRUE,FALSE
chr10_117086946,chr10,117086946,SHTN1,116881477,117126586,TRUE,FALSE
chr10_117087175,chr10,117087175,SHTN1,116881477,117126586,TRUE,FALSE
chr10_117087337,chr10,117087337,SHTN1,116881477,117126586,TRUE,FALSE
chr10_117087633,chr10,117087633,SHTN1,116881477,117126586,TRUE,FALSE
chr10_117087852,chr10,117087852,SHTN1,116881477,117126586,TRUE,FALSE
chr10_117087868,chr10,117087868,SHTN1,116881477,117126586,TRUE,FALSE
chr10_117088179,chr10,117088179,SHTN1,116881477,117126586,TRUE,FALSE
chr10_117088393,chr10,117088393,SHTN1,116881477,117126586,TRUE,FALSE
chr10_117088463,chr10,117088463,SHTN1,116881477,117126586,TRUE,FALSE
chr10_117088624,chr10,117088624,SHTN1,116881477,117126586,TRUE,FALSE
chr10_117088658,chr10,117088658,SHTN1,116881477,117126586,TRUE,FALSE
chr10_117088701,chr10,117088701,SHTN1,116881477,117126586,TRUE,FALSE
chr10_117088933,chr10,117088933,SHTN1,116881477,117126586,TRUE,FALSE
chr10_117089556,chr10,117089556,SHTN1,116881477,117126586,TRUE,FALSE
chr10_117089660,chr10,117089660,SHTN1,116881477,117126586,TRUE,FALSE
chr10_117089976,chr10,117089976,SHTN1,116881477,117126586,TRUE,FALSE
chr10_117089998,chr10,117089998,SHTN1,116881477,117126586,TRUE,FALSE
chr10_117090250,chr10,117090250,SHTN1,116881477,117126586,TRUE,FALSE
chr10_117090388,chr10,117090388,SHTN1,116881477,117126586,TRUE,FALSE
chr10_117091219,chr10,117091219,SHTN1,116881477,117126586,TRUE,FALSE
chr10_117091227,chr10,117091227,SHTN1,116881477,117126586,TRUE,FALSE
chr10_117091229,chr10,117091229,SHTN1,116881477,117126586,TRUE,FALSE
chr10_117091781,chr10,117091781,SHTN1,116881477,117126586,TRUE,FALSE
chr10_117092045,chr10,117092045,SHTN1,116881477,117126586,TRUE,FALSE
chr10_117092135,chr10,117092135,SHTN1,116881477,117126586,TRUE,FALSE
chr10_117092185,chr10,117092185,SHTN1,116881477,117126586,TRUE,FALSE
chr10_117092410,chr10,117092410,SHTN1,116881477,117126586,TRUE,FALSE
chr10_117092419,chr10,117092419,SHTN1,116881477,117126586,TRUE,FALSE
chr10_117092490,chr10,117092490,SHTN1,116881477,117126586,TRUE,FALSE
chr10_117092625,chr10,117092625,SHTN1,116881477,117126586,TRUE,FALSE
chr10_117092628,chr10,117092628,SHTN1,116881477,117126586,TRUE,FALSE
chr10_117092774,chr10,117092774,SHTN1,116881477,117126586,TRUE,FALSE
chr10_117093403,chr10,117093403,SHTN1,116881477,117126586,TRUE,FALSE
chr10_117093437,chr10,117093437,SHTN1,116881477,117126586,TRUE,FALSE
chr10_117093445,chr10,117093445,SHTN1,116881477,117126586,TRUE,FALSE
chr10_117093463,chr10,117093463,SHTN1,116881477,117126586,TRUE,FALSE
chr10_117093614,chr10,117093614,SHTN1,116881477,117126586,TRUE,FALSE
chr10_117093638,chr10,117093638,SHTN1,116881477,117126586,TRUE,FALSE
chr10_117093650,chr10,117093650,SHTN1,116881477,117126586,TRUE,FALSE
chr10_117093695,chr10,117093695,SHTN1,116881477,117126586,TRUE,FALSE
chr10_117094113,chr10,117094113,SHTN1,116881477,117126586,TRUE,FALSE
chr10_117094291,chr10,117094291,SHTN1,116881477,117126586,TRUE,FALSE
chr10_117094634,chr10,117094634,SHTN1,116881477,117126586,TRUE,FALSE
chr10_117094866,chr10,117094866,SHTN1,116881477,117126586,TRUE,FALSE
chr10_117094925,chr10,117094925,SHTN1,116881477,117126586,TRUE,FALSE
chr10_117094951,chr10,117094951,SHTN1,116881477,117126586,TRUE,FALSE
chr10_117094960,chr10,117094960,SHTN1,116881477,117126586,TRUE,FALSE
chr10_117095062,chr10,117095062,SHTN1,116881477,117126586,TRUE,FALSE
chr10_117095086,chr10,117095086,SHTN1,116881477,117126586,TRUE,FALSE
chr10_117095100,chr10,117095100,SHTN1,116881477,117126586,TRUE,FALSE
chr10_117095113,chr10,117095113,SHTN1,116881477,117126586,TRUE,FALSE
chr10_117095223,chr10,117095223,SHTN1,116881477,117126586,TRUE,FALSE
chr10_117095406,chr10,117095406,SHTN1,116881477,117126586,TRUE,FALSE
chr10_117095468,chr10,117095468,SHTN1,116881477,117126586,TRUE,FALSE
chr10_117095603,chr10,117095603,SHTN1,116881477,117126586,TRUE,FALSE
chr10_117096031,chr10,117096031,SHTN1,116881477,117126586,TRUE,FALSE
chr10_117096167,chr10,117096167,SHTN1,116881477,117126586,TRUE,FALSE
chr10_117096189,chr10,117096189,SHTN1,116881477,117126586,TRUE,FALSE
chr10_117096712,chr10,117096712,SHTN1,116881477,117126586,TRUE,FALSE
chr10_117096718,chr10,117096718,SHTN1,116881477,117126586,TRUE,FALSE
chr10_117097000,chr10,117097000,SHTN1,116881477,117126586,TRUE,FALSE
chr10_117097002,chr10,117097002,SHTN1,116881477,117126586,TRUE,FALSE
chr10_117097006,chr10,117097006,SHTN1,116881477,117126586,TRUE,FALSE
chr10_117097008,chr10,117097008,SHTN1,116881477,117126586,TRUE,FALSE
chr10_117097010,chr10,117097010,SHTN1,116881477,117126586,TRUE,FALSE
chr10_117097012,chr10,117097012,SHTN1,116881477,117126586,TRUE,FALSE
chr10_117097172,chr10,117097172,SHTN1,116881477,117126586,TRUE,FALSE
chr10_117097394,chr10,117097394,SHTN1,116881477,117126586,TRUE,FALSE
chr10_117097787,chr10,117097787,SHTN1,116881477,117126586,TRUE,FALSE
chr10_117097978,chr10,117097978,SHTN1,116881477,117126586,TRUE,FALSE
chr10_117098110,chr10,117098110,SHTN1,116881477,117126586,TRUE,FALSE
chr10_117098114,chr10,117098114,SHTN1,116881477,117126586,TRUE,FALSE
chr10_117098116,chr10,117098116,SHTN1,116881477,117126586,TRUE,FALSE
chr10_117098126,chr10,117098126,SHTN1,116881477,117126586,TRUE,FALSE
chr10_117098163,chr10,117098163,SHTN1,116881477,117126586,TRUE,FALSE
chr10_117098170,chr10,117098170,SHTN1,116881477,117126586,TRUE,FALSE
chr10_117098204,chr10,117098204,SHTN1,116881477,117126586,TRUE,FALSE
chr10_117098215,chr10,117098215,SHTN1,116881477,117126586,TRUE,FALSE
chr10_117098257,chr10,117098257,SHTN1,116881477,117126586,TRUE,FALSE
chr10_117098269,chr10,117098269,SHTN1,116881477,117126586,TRUE,FALSE
chr10_117098313,chr10,117098313,SHTN1,116881477,117126586,TRUE,FALSE
chr10_117098328,chr10,117098328,SHTN1,116881477,117126586,TRUE,FALSE
chr10_117098342,chr10,117098342,SHTN1,116881477,117126586,TRUE,FALSE
chr10_117098345,chr10,117098345,SHTN1,116881477,117126586,TRUE,FALSE
chr10_117098351,chr10,117098351,SHTN1,116881477,117126586,TRUE,FALSE
chr10_117098353,chr10,117098353,SHTN1,116881477,117126586,TRUE,FALSE
chr10_117098375,chr10,117098375,SHTN1,116881477,117126586,TRUE,FALSE
chr10_117098379,chr10,117098379,SHTN1,116881477,117126586,TRUE,FALSE
chr10_117098391,chr10,117098391,SHTN1,116881477,117126586,TRUE,FALSE
chr10_117098523,chr10,117098523,SHTN1,116881477,117126586,TRUE,FALSE
chr10_117098570,chr10,117098570,SHTN1,116881477,117126586,TRUE,FALSE
chr10_117098624,chr10,117098624,SHTN1,116881477,117126586,TRUE,FALSE
chr10_117098652,chr10,117098652,SHTN1,116881477,117126586,TRUE,FALSE
chr10_117098791,chr10,117098791,SHTN1,116881477,117126586,TRUE,FALSE
chr10_117098832,chr10,117098832,SHTN1,116881477,117126586,TRUE,FALSE
chr10_117098900,chr10,117098900,SHTN1,116881477,117126586,TRUE,FALSE
chr10_117098949,chr10,117098949,SHTN1,116881477,117126586,TRUE,FALSE
chr10_117099187,chr10,117099187,SHTN1,116881477,117126586,TRUE,FALSE
chr10_117099297,chr10,117099297,SHTN1,116881477,117126586,TRUE,FALSE
chr10_117099561,chr10,117099561,SHTN1,116881477,117126586,TRUE,FALSE
chr10_117099713,chr10,117099713,SHTN1,116881477,117126586,TRUE,FALSE
chr10_117099943,chr10,117099943,SHTN1,116881477,117126586,TRUE,FALSE
chr10_117099967,chr10,117099967,SHTN1,116881477,117126586,TRUE,FALSE
chr10_117099975,chr10,117099975,SHTN1,116881477,117126586,TRUE,FALSE
chr10_117100006,chr10,117100006,SHTN1,116881477,117126586,TRUE,FALSE
chr10_117100117,chr10,117100117,SHTN1,116881477,117126586,TRUE,FALSE
chr10_117100125,chr10,117100125,SHTN1,116881477,117126586,TRUE,FALSE
chr10_117100133,chr10,117100133,SHTN1,116881477,117126586,TRUE,FALSE
chr10_117100164,chr10,117100164,SHTN1,116881477,117126586,TRUE,FALSE
chr10_117100172,chr10,117100172,SHTN1,116881477,117126586,TRUE,FALSE
chr10_117100336,chr10,117100336,SHTN1,116881477,117126586,TRUE,FALSE
chr10_117100794,chr10,117100794,SHTN1,116881477,117126586,TRUE,FALSE
chr10_117100882,chr10,117100882,SHTN1,116881477,117126586,TRUE,FALSE
chr10_117101495,chr10,117101495,SHTN1,116881477,117126586,TRUE,FALSE
chr10_117101550,chr10,117101550,SHTN1,116881477,117126586,TRUE,FALSE
chr10_117101742,chr10,117101742,SHTN1,116881477,117126586,TRUE,FALSE
chr10_117101746,chr10,117101746,SHTN1,116881477,117126586,TRUE,FALSE
chr10_117102217,chr10,117102217,SHTN1,116881477,117126586,TRUE,FALSE
chr10_117102370,chr10,117102370,SHTN1,116881477,117126586,TRUE,FALSE
chr10_117102501,chr10,117102501,SHTN1,116881477,117126586,TRUE,FALSE
chr10_117102648,chr10,117102648,SHTN1,116881477,117126586,TRUE,FALSE
chr10_117102880,chr10,117102880,SHTN1,116881477,117126586,TRUE,FALSE
chr10_117102933,chr10,117102933,SHTN1,116881477,117126586,TRUE,FALSE
chr10_117102969,chr10,117102969,SHTN1,116881477,117126586,TRUE,FALSE
chr10_117103158,chr10,117103158,SHTN1,116881477,117126586,TRUE,FALSE
chr10_117103182,chr10,117103182,SHTN1,116881477,117126586,TRUE,FALSE
chr10_117103310,chr10,117103310,SHTN1,116881477,117126586,TRUE,FALSE
chr10_117103337,chr10,117103337,SHTN1,116881477,117126586,TRUE,FALSE
chr10_117103392,chr10,117103392,SHTN1,116881477,117126586,TRUE,FALSE
chr10_117103464,chr10,117103464,SHTN1,116881477,117126586,TRUE,FALSE
chr10_117103638,chr10,117103638,SHTN1,116881477,117126586,TRUE,FALSE
chr10_117103693,chr10,117103693,SHTN1,116881477,117126586,TRUE,FALSE
chr10_117103697,chr10,117103697,SHTN1,116881477,117126586,TRUE,FALSE
chr10_117103757,chr10,117103757,SHTN1,116881477,117126586,TRUE,FALSE
chr10_117103778,chr10,117103778,SHTN1,116881477,117126586,TRUE,FALSE
chr10_117103825,chr10,117103825,SHTN1,116881477,117126586,TRUE,FALSE
chr10_117103831,chr10,117103831,SHTN1,116881477,117126586,TRUE,FALSE
chr10_117104082,chr10,117104082,SHTN1,116881477,117126586,TRUE,FALSE
chr10_117104190,chr10,117104190,SHTN1,116881477,117126586,TRUE,FALSE
chr10_117104488,chr10,117104488,SHTN1,116881477,117126586,TRUE,FALSE
chr10_117104498,chr10,117104498,SHTN1,116881477,117126586,TRUE,FALSE
chr10_117104508,chr10,117104508,SHTN1,116881477,117126586,TRUE,FALSE
chr10_117104536,chr10,117104536,SHTN1,116881477,117126586,TRUE,FALSE
chr10_117104545,chr10,117104545,SHTN1,116881477,117126586,TRUE,FALSE
chr10_117104552,chr10,117104552,SHTN1,116881477,117126586,TRUE,FALSE
chr10_117104566,chr10,117104566,SHTN1,116881477,117126586,TRUE,FALSE
chr10_117104630,chr10,117104630,SHTN1,116881477,117126586,TRUE,FALSE
chr10_117104634,chr10,117104634,SHTN1,116881477,117126586,TRUE,FALSE
chr10_117104690,chr10,117104690,SHTN1,116881477,117126586,TRUE,FALSE
chr10_117104697,chr10,117104697,SHTN1,116881477,117126586,TRUE,FALSE
chr10_117104705,chr10,117104705,SHTN1,116881477,117126586,TRUE,FALSE
chr10_117104722,chr10,117104722,SHTN1,116881477,117126586,TRUE,FALSE
chr10_117104728,chr10,117104728,SHTN1,116881477,117126586,TRUE,FALSE
chr10_117104730,chr10,117104730,SHTN1,116881477,117126586,TRUE,FALSE
chr10_117104752,chr10,117104752,SHTN1,116881477,117126586,TRUE,FALSE
chr10_117104760,chr10,117104760,SHTN1,116881477,117126586,TRUE,FALSE
chr10_117104768,chr10,117104768,SHTN1,116881477,117126586,TRUE,FALSE
chr10_117105021,chr10,117105021,SHTN1,116881477,117126586,TRUE,FALSE
chr10_117105033,chr10,117105033,SHTN1,116881477,117126586,TRUE,FALSE
chr10_117105574,chr10,117105574,SHTN1,116881477,117126586,TRUE,FALSE
chr10_117105599,chr10,117105599,SHTN1,116881477,117126586,TRUE,FALSE
chr10_117105740,chr10,117105740,SHTN1,116881477,117126586,TRUE,FALSE
chr10_117105815,chr10,117105815,SHTN1,116881477,117126586,TRUE,FALSE
chr10_117105826,chr10,117105826,SHTN1,116881477,117126586,TRUE,FALSE
chr10_117105928,chr10,117105928,SHTN1,116881477,117126586,TRUE,FALSE
chr10_117105946,chr10,117105946,SHTN1,116881477,117126586,TRUE,FALSE
chr10_117105970,chr10,117105970,SHTN1,116881477,117126586,TRUE,FALSE
chr10_117106058,chr10,117106058,SHTN1,116881477,117126586,TRUE,FALSE
chr10_117106064,chr10,117106064,SHTN1,116881477,117126586,TRUE,FALSE
chr10_117106088,chr10,117106088,SHTN1,116881477,117126586,TRUE,FALSE
chr10_117106104,chr10,117106104,SHTN1,116881477,117126586,TRUE,FALSE
chr10_117106182,chr10,117106182,SHTN1,116881477,117126586,TRUE,FALSE
chr10_117106185,chr10,117106185,SHTN1,116881477,117126586,TRUE,FALSE
chr10_117106194,chr10,117106194,SHTN1,116881477,117126586,TRUE,FALSE
chr10_117106231,chr10,117106231,SHTN1,116881477,117126586,TRUE,FALSE
chr10_117106315,chr10,117106315,SHTN1,116881477,117126586,TRUE,FALSE
chr10_117106323,chr10,117106323,SHTN1,116881477,117126586,TRUE,FALSE
chr10_117106347,chr10,117106347,SHTN1,116881477,117126586,TRUE,FALSE
chr10_117106379,chr10,117106379,SHTN1,116881477,117126586,TRUE,FALSE
chr10_117106386,chr10,117106386,SHTN1,116881477,117126586,TRUE,FALSE
chr10_117106403,chr10,117106403,SHTN1,116881477,117126586,TRUE,FALSE
chr10_117106411,chr10,117106411,SHTN1,116881477,117126586,TRUE,FALSE
chr10_117106433,chr10,117106433,SHTN1,116881477,117126586,TRUE,FALSE
chr10_117106680,chr10,117106680,SHTN1,116881477,117126586,TRUE,FALSE
chr10_117107166,chr10,117107166,SHTN1,116881477,117126586,TRUE,FALSE
chr10_117107420,chr10,117107420,SHTN1,116881477,117126586,TRUE,FALSE
chr10_117107425,chr10,117107425,SHTN1,116881477,117126586,TRUE,FALSE
chr10_117107479,chr10,117107479,SHTN1,116881477,117126586,TRUE,FALSE
chr10_117107928,chr10,117107928,SHTN1,116881477,117126586,TRUE,FALSE
chr10_117108027,chr10,117108027,SHTN1,116881477,117126586,TRUE,FALSE
chr10_117108041,chr10,117108041,SHTN1,116881477,117126586,TRUE,FALSE
chr10_117108153,chr10,117108153,SHTN1,116881477,117126586,TRUE,FALSE
chr10_117108280,chr10,117108280,SHTN1,116881477,117126586,TRUE,FALSE
chr10_117108742,chr10,117108742,SHTN1,116881477,117126586,TRUE,FALSE
chr10_117108958,chr10,117108958,SHTN1,116881477,117126586,TRUE,FALSE
chr10_117109024,chr10,117109024,SHTN1,116881477,117126586,TRUE,FALSE
chr10_117109050,chr10,117109050,SHTN1,116881477,117126586,TRUE,FALSE
chr10_117109121,chr10,117109121,SHTN1,116881477,117126586,TRUE,FALSE
chr10_117109417,chr10,117109417,SHTN1,116881477,117126586,TRUE,FALSE
chr10_117109627,chr10,117109627,SHTN1,116881477,117126586,TRUE,FALSE
chr10_117109713,chr10,117109713,SHTN1,116881477,117126586,TRUE,FALSE
chr10_117109784,chr10,117109784,SHTN1,116881477,117126586,TRUE,FALSE
chr10_117109815,chr10,117109815,SHTN1,116881477,117126586,TRUE,FALSE
chr10_117110124,chr10,117110124,SHTN1,116881477,117126586,TRUE,FALSE
chr10_117110383,chr10,117110383,SHTN1,116881477,117126586,TRUE,FALSE
chr10_117110420,chr10,117110420,SHTN1,116881477,117126586,TRUE,FALSE
chr10_117110444,chr10,117110444,SHTN1,116881477,117126586,TRUE,FALSE
chr10_117110503,chr10,117110503,SHTN1,116881477,117126586,TRUE,FALSE
chr10_117110612,chr10,117110612,SHTN1,116881477,117126586,TRUE,FALSE
chr10_117110650,chr10,117110650,SHTN1,116881477,117126586,TRUE,FALSE
chr10_117110717,chr10,117110717,SHTN1,116881477,117126586,TRUE,FALSE
chr10_117111058,chr10,117111058,SHTN1,116881477,117126586,TRUE,FALSE
chr10_117111070,chr10,117111070,SHTN1,116881477,117126586,TRUE,FALSE
chr10_117111090,chr10,117111090,SHTN1,116881477,117126586,TRUE,FALSE
chr10_117111112,chr10,117111112,SHTN1,116881477,117126586,TRUE,FALSE
chr10_117111324,chr10,117111324,SHTN1,116881477,117126586,TRUE,FALSE
chr10_117111379,chr10,117111379,SHTN1,116881477,117126586,TRUE,FALSE
chr10_117111440,chr10,117111440,SHTN1,116881477,117126586,TRUE,FALSE
chr10_117111482,chr10,117111482,SHTN1,116881477,117126586,TRUE,FALSE
chr10_117111495,chr10,117111495,SHTN1,116881477,117126586,TRUE,FALSE
chr10_117111571,chr10,117111571,SHTN1,116881477,117126586,TRUE,FALSE
chr10_117112028,chr10,117112028,SHTN1,116881477,117126586,TRUE,FALSE
chr10_117112058,chr10,117112058,SHTN1,116881477,117126586,TRUE,FALSE
chr10_117112114,chr10,117112114,SHTN1,116881477,117126586,TRUE,FALSE
chr10_117112126,chr10,117112126,SHTN1,116881477,117126586,TRUE,FALSE
chr10_117112185,chr10,117112185,SHTN1,116881477,117126586,TRUE,FALSE
chr10_117112208,chr10,117112208,SHTN1,116881477,117126586,TRUE,FALSE
chr10_117112212,chr10,117112212,SHTN1,116881477,117126586,TRUE,FALSE
chr10_117112217,chr10,117112217,SHTN1,116881477,117126586,TRUE,FALSE
chr10_117112678,chr10,117112678,SHTN1,116881477,117126586,TRUE,FALSE
chr10_117112692,chr10,117112692,SHTN1,116881477,117126586,TRUE,FALSE
chr10_117112807,chr10,117112807,SHTN1,116881477,117126586,TRUE,FALSE
chr10_117112889,chr10,117112889,SHTN1,116881477,117126586,TRUE,FALSE
chr10_117113069,chr10,117113069,SHTN1,116881477,117126586,TRUE,FALSE
chr10_117113264,chr10,117113264,SHTN1,116881477,117126586,TRUE,FALSE
chr10_117113584,chr10,117113584,SHTN1,116881477,117126586,TRUE,FALSE
chr10_117113669,chr10,117113669,SHTN1,116881477,117126586,TRUE,FALSE
chr10_117113697,chr10,117113697,SHTN1,116881477,117126586,TRUE,FALSE
chr10_117113708,chr10,117113708,SHTN1,116881477,117126586,TRUE,FALSE
chr10_117113771,chr10,117113771,SHTN1,116881477,117126586,TRUE,FALSE
chr10_117113874,chr10,117113874,SHTN1,116881477,117126586,TRUE,FALSE
chr10_117113919,chr10,117113919,SHTN1,116881477,117126586,TRUE,FALSE
chr10_117113939,chr10,117113939,SHTN1,116881477,117126586,TRUE,FALSE
chr10_117113971,chr10,117113971,SHTN1,116881477,117126586,TRUE,FALSE
chr10_117114025,chr10,117114025,SHTN1,116881477,117126586,TRUE,FALSE
chr10_117114033,chr10,117114033,SHTN1,116881477,117126586,TRUE,FALSE
chr10_117114041,chr10,117114041,SHTN1,116881477,117126586,TRUE,FALSE
chr10_117114250,chr10,117114250,SHTN1,116881477,117126586,TRUE,FALSE
chr10_117114788,chr10,117114788,SHTN1,116881477,117126586,TRUE,FALSE
chr10_117114927,chr10,117114927,SHTN1,116881477,117126586,TRUE,FALSE
chr10_117115017,chr10,117115017,SHTN1,116881477,117126586,TRUE,FALSE
chr10_117115154,chr10,117115154,SHTN1,116881477,117126586,TRUE,FALSE
chr10_117115418,chr10,117115418,SHTN1,116881477,117126586,TRUE,FALSE
chr10_117117084,chr10,117117084,SHTN1,116881477,117126586,TRUE,FALSE
chr10_117117262,chr10,117117262,SHTN1,116881477,117126586,TRUE,FALSE
chr10_117117265,chr10,117117265,SHTN1,116881477,117126586,TRUE,FALSE
chr10_117117842,chr10,117117842,SHTN1,116881477,117126586,TRUE,FALSE
chr10_117118663,chr10,117118663,SHTN1,116881477,117126586,TRUE,FALSE
chr10_117118829,chr10,117118829,SHTN1,116881477,117126586,TRUE,FALSE
chr10_117118851,chr10,117118851,SHTN1,116881477,117126586,TRUE,FALSE
chr10_117118881,chr10,117118881,SHTN1,116881477,117126586,TRUE,FALSE
chr10_117119552,chr10,117119552,SHTN1,116881477,117126586,TRUE,FALSE
chr10_117119779,chr10,117119779,SHTN1,116881477,117126586,TRUE,FALSE
chr10_117119786,chr10,117119786,SHTN1,116881477,117126586,TRUE,FALSE
chr10_117119904,chr10,117119904,SHTN1,116881477,117126586,TRUE,FALSE
chr10_117119925,chr10,117119925,SHTN1,116881477,117126586,TRUE,FALSE
chr10_117120041,chr10,117120041,SHTN1,116881477,117126586,TRUE,FALSE
chr10_117120278,chr10,117120278,SHTN1,116881477,117126586,TRUE,FALSE
chr10_117120308,chr10,117120308,SHTN1,116881477,117126586,TRUE,FALSE
chr10_117120316,chr10,117120316,SHTN1,116881477,117126586,TRUE,FALSE
chr10_117120350,chr10,117120350,SHTN1,116881477,117126586,TRUE,FALSE
chr10_117120396,chr10,117120396,SHTN1,116881477,117126586,TRUE,FALSE
chr10_117120404,chr10,117120404,SHTN1,116881477,117126586,TRUE,FALSE
chr10_117120438,chr10,117120438,SHTN1,116881477,117126586,TRUE,FALSE
chr10_117120463,chr10,117120463,SHTN1,116881477,117126586,TRUE,FALSE
chr10_117120490,chr10,117120490,SHTN1,116881477,117126586,TRUE,FALSE
chr10_117120527,chr10,117120527,SHTN1,116881477,117126586,TRUE,FALSE
chr10_117120539,chr10,117120539,SHTN1,116881477,117126586,TRUE,FALSE
chr10_117120574,chr10,117120574,SHTN1,116881477,117126586,TRUE,FALSE
chr10_117120872,chr10,117120872,SHTN1,116881477,117126586,TRUE,FALSE
chr10_117120912,chr10,117120912,SHTN1,116881477,117126586,TRUE,FALSE
chr10_117120998,chr10,117120998,SHTN1,116881477,117126586,TRUE,FALSE
chr10_117121172,chr10,117121172,SHTN1,116881477,117126586,TRUE,FALSE
chr10_117121275,chr10,117121275,SHTN1,116881477,117126586,TRUE,FALSE
chr10_117121303,chr10,117121303,SHTN1,116881477,117126586,TRUE,FALSE
chr10_117121315,chr10,117121315,SHTN1,116881477,117126586,TRUE,FALSE
chr10_117121343,chr10,117121343,SHTN1,116881477,117126586,TRUE,FALSE
chr10_117121435,chr10,117121435,SHTN1,116881477,117126586,TRUE,FALSE
chr10_117121451,chr10,117121451,SHTN1,116881477,117126586,TRUE,FALSE
chr10_117121510,chr10,117121510,SHTN1,116881477,117126586,TRUE,FALSE
chr10_117121557,chr10,117121557,SHTN1,116881477,117126586,TRUE,FALSE
chr10_117121760,chr10,117121760,SHTN1,116881477,117126586,TRUE,FALSE
chr10_117121770,chr10,117121770,SHTN1,116881477,117126586,TRUE,FALSE
chr10_117121814,chr10,117121814,SHTN1,116881477,117126586,TRUE,FALSE
chr10_117121828,chr10,117121828,SHTN1,116881477,117126586,TRUE,FALSE
chr10_117121859,chr10,117121859,SHTN1,116881477,117126586,TRUE,FALSE
chr10_117121892,chr10,117121892,SHTN1,116881477,117126586,TRUE,FALSE
chr10_117121904,chr10,117121904,SHTN1,116881477,117126586,TRUE,FALSE
chr10_117121948,chr10,117121948,SHTN1,116881477,117126586,TRUE,FALSE
chr10_117121986,chr10,117121986,SHTN1,116881477,117126586,TRUE,FALSE
chr10_117121988,chr10,117121988,SHTN1,116881477,117126586,TRUE,FALSE
chr10_117122010,chr10,117122010,SHTN1,116881477,117126586,TRUE,FALSE
chr10_117122304,chr10,117122304,SHTN1,116881477,117126586,TRUE,FALSE
chr10_117122320,chr10,117122320,SHTN1,116881477,117126586,TRUE,FALSE
chr10_117122347,chr10,117122347,SHTN1,116881477,117126586,TRUE,FALSE
chr10_117122416,chr10,117122416,SHTN1,116881477,117126586,TRUE,FALSE
chr10_117123032,chr10,117123032,SHTN1,116881477,117126586,TRUE,FALSE
chr10_117123071,chr10,117123071,SHTN1,116881477,117126586,TRUE,FALSE
chr10_117123095,chr10,117123095,SHTN1,116881477,117126586,TRUE,FALSE
chr10_117123253,chr10,117123253,SHTN1,116881477,117126586,TRUE,FALSE
chr10_117123266,chr10,117123266,SHTN1,116881477,117126586,TRUE,FALSE
chr10_117123318,chr10,117123318,SHTN1,116881477,117126586,TRUE,FALSE
chr10_117123642,chr10,117123642,SHTN1,116881477,117126586,TRUE,FALSE
chr10_117123702,chr10,117123702,SHTN1,116881477,117126586,TRUE,FALSE
chr10_117123722,chr10,117123722,SHTN1,116881477,117126586,TRUE,FALSE
chr10_117123769,chr10,117123769,SHTN1,116881477,117126586,TRUE,FALSE
chr10_117123816,chr10,117123816,SHTN1,116881477,117126586,TRUE,FALSE
chr10_117123833,chr10,117123833,SHTN1,116881477,117126586,TRUE,FALSE
chr10_117123848,chr10,117123848,SHTN1,116881477,117126586,TRUE,FALSE
chr10_117123939,chr10,117123939,SHTN1,116881477,117126586,TRUE,FALSE
chr10_117123960,chr10,117123960,SHTN1,116881477,117126586,TRUE,FALSE
chr10_117124538,chr10,117124538,SHTN1,116881477,117126586,TRUE,FALSE
chr10_117124548,chr10,117124548,SHTN1,116881477,117126586,TRUE,FALSE
chr10_117124588,chr10,117124588,SHTN1,116881477,117126586,TRUE,FALSE
chr10_117124629,chr10,117124629,SHTN1,116881477,117126586,TRUE,FALSE
chr10_117124633,chr10,117124633,SHTN1,116881477,117126586,TRUE,FALSE
chr10_117124728,chr10,117124728,SHTN1,116881477,117126586,TRUE,FALSE
chr10_117124752,chr10,117124752,SHTN1,116881477,117126586,TRUE,FALSE
chr10_117124768,chr10,117124768,SHTN1,116881477,117126586,TRUE,FALSE
chr10_117124949,chr10,117124949,SHTN1,116881477,117126586,TRUE,FALSE
chr10_117124963,chr10,117124963,SHTN1,116881477,117126586,TRUE,FALSE
chr10_117125119,chr10,117125119,SHTN1,116881477,117126586,TRUE,FALSE
chr10_117125160,chr10,117125160,SHTN1,116881477,117126586,TRUE,FALSE
chr10_117125276,chr10,117125276,SHTN1,116881477,117126586,TRUE,FALSE
chr10_117125312,chr10,117125312,SHTN1,116881477,117126586,TRUE,FALSE
chr10_117125441,chr10,117125441,SHTN1,116881477,117126586,TRUE,FALSE
chr10_117125476,chr10,117125476,SHTN1,116881477,117126586,TRUE,FALSE
chr10_117125515,chr10,117125515,SHTN1,116881477,117126586,TRUE,FALSE
chr10_117125626,chr10,117125626,SHTN1,116881477,117126586,TRUE,FALSE
chr10_117125681,chr10,117125681,SHTN1,116881477,117126586,TRUE,FALSE
chr10_117125802,chr10,117125802,SHTN1,116881477,117126586,TRUE,FALSE
chr10_117125913,chr10,117125913,SHTN1,116881477,117126586,TRUE,FALSE
chr10_117125950,chr10,117125950,SHTN1,116881477,117126586,TRUE,FALSE
chr10_117125987,chr10,117125987,SHTN1,116881477,117126586,TRUE,FALSE
chr10_117125991,chr10,117125991,SHTN1,116881477,117126586,TRUE,FALSE
chr10_117126030,chr10,117126030,SHTN1,116881477,117126586,TRUE,FALSE
chr10_117126055,chr10,117126055,SHTN1,116881477,117126586,TRUE,FALSE
chr10_117126068,chr10,117126068,SHTN1,116881477,117126586,TRUE,FALSE
chr10_117126083,chr10,117126083,SHTN1,116881477,117126586,TRUE,FALSE
chr10_117126088,chr10,117126088,SHTN1,116881477,117126586,TRUE,TRUE
chr10_117126119,chr10,117126119,SHTN1,116881477,117126586,TRUE,FALSE
chr10_117126125,chr10,117126125,SHTN1,116881477,117126586,TRUE,FALSE
chr10_117126128,chr10,117126128,SHTN1,116881477,117126586,TRUE,FALSE
chr10_117126135,chr10,117126135,SHTN1,116881477,117126586,TRUE,FALSE
chr10_117126145,chr10,117126145,SHTN1,116881477,117126586,TRUE,FALSE
chr10_117126148,chr10,117126148,SHTN1,116881477,117126586,TRUE,FALSE
chr10_117126175,chr10,117126175,SHTN1,116881477,117126586,TRUE,FALSE
chr10_117126187,chr10,117126187,SHTN1,116881477,117126586,TRUE,FALSE
chr10_117126224,chr10,117126224,SHTN1,116881477,117126586,TRUE,FALSE
chr10_117126242,chr10,117126242,SHTN1,116881477,117126586,TRUE,FALSE
chr10_117126249,chr10,117126249,SHTN1,116881477,117126586,TRUE,FALSE
chr10_117126258,chr10,117126258,SHTN1,116881477,117126586,TRUE,FALSE
chr10_117126265,chr10,117126265,SHTN1,116881477,117126586,TRUE,FALSE
chr10_117126276,chr10,117126276,SHTN1,116881477,117126586,TRUE,FALSE
chr10_117126285,chr10,117126285,SHTN1,116881477,117126586,TRUE,FALSE
chr10_117126326,chr10,117126326,SHTN1,116881477,117126586,TRUE,FALSE
chr10_117126333,chr10,117126333,SHTN1,116881477,117126586,TRUE,TRUE
chr10_117126336,chr10,117126336,SHTN1,116881477,117126586,TRUE,FALSE
chr10_117126339,chr10,117126339,SHTN1,116881477,117126586,TRUE,FALSE
chr10_117126362,chr10,117126362,SHTN1,116881477,117126586,TRUE,FALSE
chr10_117126372,chr10,117126372,SHTN1,116881477,117126586,TRUE,FALSE
chr10_117126415,chr10,117126415,SHTN1,116881477,117126586,TRUE,FALSE
chr10_117126455,chr10,117126455,SHTN1,116881477,117126586,TRUE,FALSE
chr10_117126460,chr10,117126460,SHTN1,116881477,117126586,TRUE,FALSE
chr10_117126915,chr10,117126915,SHTN1,116881477,117126586,FALSE,FALSE
chr10_117127009,chr10,117127009,SHTN1,116881477,117126586,FALSE,FALSE
chr10_117127015,chr10,117127015,SHTN1,116881477,117126586,FALSE,FALSE
chr10_117127039,chr10,117127039,SHTN1,116881477,117126586,FALSE,FALSE
chr10_117127172,chr10,117127172,SHTN1,116881477,117126586,FALSE,FALSE
chr10_117127247,chr10,117127247,SHTN1,116881477,117126586,FALSE,FALSE
chr10_117127372,chr10,117127372,SHTN1,116881477,117126586,FALSE,FALSE
chr10_117127403,chr10,117127403,SHTN1,116881477,117126586,FALSE,FALSE
chr10_117127975,chr10,117127975,SHTN1,116881477,117126586,FALSE,FALSE
chr10_117128012,chr10,117128012,SHTN1,116881477,117126586,FALSE,FALSE
chr10_117129024,chr10,117129024,SHTN1,116881477,117126586,FALSE,FALSE
chr10_117129027,chr10,117129027,SHTN1,116881477,117126586,FALSE,FALSE
chr10_117129256,chr10,117129256,SHTN1,116881477,117126586,FALSE,FALSE
chr10_117129827,chr10,117129827,SHTN1,116881477,117126586,FALSE,FALSE
chr10_117130200,chr10,117130200,SHTN1,116881477,117126586,FALSE,FALSE
chr10_117130353,chr10,117130353,SHTN1,116881477,117126586,FALSE,FALSE
chr10_117130465,chr10,117130465,SHTN1,116881477,117126586,FALSE,FALSE
chr10_117131089,chr10,117131089,SHTN1,116881477,117126586,FALSE,FALSE
chr10_117131208,chr10,117131208,SHTN1,116881477,117126586,FALSE,FALSE
chr10_117131253,chr10,117131253,SHTN1,116881477,117126586,FALSE,FALSE
chr10_117131259,chr10,117131259,SHTN1,116881477,117126586,FALSE,FALSE
chr10_117131265,chr10,117131265,SHTN1,116881477,117126586,FALSE,FALSE
chr10_117131276,chr10,117131276,SHTN1,116881477,117126586,FALSE,FALSE
chr10_117131278,chr10,117131278,SHTN1,116881477,117126586,FALSE,FALSE
chr10_117131335,chr10,117131335,SHTN1,116881477,117126586,FALSE,FALSE
chr10_117131418,chr10,117131418,SHTN1,116881477,117126586,FALSE,FALSE
chr10_117131443,chr10,117131443,SHTN1,116881477,117126586,FALSE,FALSE
chr10_117131466,chr10,117131466,SHTN1,116881477,117126586,FALSE,FALSE
chr10_117131469,chr10,117131469,SHTN1,116881477,117126586,FALSE,FALSE
chr10_117131485,chr10,117131485,SHTN1,116881477,117126586,FALSE,FALSE
chr10_117131530,chr10,117131530,SHTN1,116881477,117126586,FALSE,FALSE
chr10_117131560,chr10,117131560,SHTN1,116881477,117126586,FALSE,FALSE
chr10_117131566,chr10,117131566,SHTN1,116881477,117126586,FALSE,FALSE
chr10_117131570,chr10,117131570,SHTN1,116881477,117126586,FALSE,FALSE
chr10_117131579,chr10,117131579,SHTN1,116881477,117126586,FALSE,FALSE
