cpg_site,category,chr,pos,gene,gene_start,gene_end,in_gene_body,is_ME_hit
chr11_17072761,constitutive,chr11,17072761,PIK3C2A,17077730,17207986,FALSE,FALSE
chr11_17072763,constitutive,chr11,17072763,PIK3C2A,17077730,17207986,FALSE,FALSE
chr11_17072794,constitutive,chr11,17072794,PIK3C2A,17077730,17207986,FALSE,FALSE
chr11_17072865,ambiguous,chr11,17072865,PIK3C2A,17077730,17207986,FALSE,FALSE
chr11_17072873,constitutive,chr11,17072873,PIK3C2A,17077730,17207986,FALSE,FALSE
chr11_17072885,constitutive,chr11,17072885,PIK3C2A,17077730,17207986,FALSE,FALSE
chr11_17072929,constitutive,chr11,17072929,PIK3C2A,17077730,17207986,FALSE,FALSE
chr11_17072943,constitutive,chr11,17072943,PIK3C2A,17077730,17207986,FALSE,FALSE
chr11_17072963,ambiguous,chr11,17072963,PIK3C2A,17077730,17207986,FALSE,FALSE
chr11_17072974,constitutive,chr11,17072974,PIK3C2A,17077730,17207986,FALSE,FALSE
chr11_17073003,constitutive,chr11,17073003,PIK3C2A,17077730,17207986,FALSE,FALSE
chr11_17073071,ambiguous,chr11,17073071,PIK3C2A,17077730,17207986,FALSE,FALSE
chr11_17073103,constitutive,chr11,17073103,PIK3C2A,17077730,17207986,FALSE,FALSE
chr11_17073121,constitutive,chr11,17073121,PIK3C2A,17077730,17207986,FALSE,FALSE
chr11_17073125,constitutive,chr11,17073125,PIK3C2A,17077730,17207986,FALSE,FALSE
chr11_17073133,constitutive,chr11,17073133,PIK3C2A,17077730,17207986,FALSE,FALSE
chr11_17073228,ambiguous,chr11,17073228,PIK3C2A,17077730,17207986,FALSE,FALSE
chr11_17073335,ambiguous,chr11,17073335,PIK3C2A,17077730,17207986,FALSE,FALSE
chr11_17073549,ambiguous,chr11,17073549,PIK3C2A,17077730,17207986,FALSE,FALSE
chr11_17073561,ambiguous,chr11,17073561,PIK3C2A,17077730,17207986,FALSE,FALSE
chr11_17073846,ambiguous,chr11,17073846,PIK3C2A,17077730,17207986,FALSE,FALSE
chr11_17074438,ambiguous,chr11,17074438,PIK3C2A,17077730,17207986,FALSE,FALSE
chr11_17074715,ambiguous,chr11,17074715,PIK3C2A,17077730,17207986,FALSE,FALSE
chr11_17074910,ambiguous,chr11,17074910,PIK3C2A,17077730,17207986,FALSE,FALSE
chr11_17075075,constitutive,chr11,17075075,PIK3C2A,17077730,17207986,FALSE,FALSE
chr11_17075178,ambiguous,chr11,17075178,PIK3C2A,17077730,17207986,FALSE,FALSE
chr11_17075397,ambiguous,chr11,17075397,PIK3C2A,17077730,17207986,FALSE,FALSE
chr11_17075479,constitutive,chr11,17075479,PIK3C2A,17077730,17207986,FALSE,FALSE
chr11_17075584,ambiguous,chr11,17075584,PIK3C2A,17077730,17207986,FALSE,FALSE
chr11_17075639,ambiguous,chr11,17075639,PIK3C2A,17077730,17207986,FALSE,FALSE
chr11_17075656,ambiguous,chr11,17075656,PIK3C2A,17077730,17207986,FALSE,FALSE
chr11_17075759,ambiguous,chr11,17075759,PIK3C2A,17077730,17207986,FALSE,FALSE
chr11_17075840,ambiguous,chr11,17075840,PIK3C2A,17077730,17207986,FALSE,FALSE
chr11_17075964,ambiguous,chr11,17075964,PIK3C2A,17077730,17207986,FALSE,FALSE
chr11_17076125,ambiguous,chr11,17076125,PIK3C2A,17077730,17207986,FALSE,FALSE
chr11_17076153,ambiguous,chr11,17076153,PIK3C2A,17077730,17207986,FALSE,FALSE
chr11_17076215,ambiguous,chr11,17076215,PIK3C2A,17077730,17207986,FALSE,FALSE
chr11_17076243,ambiguous,chr11,17076243,PIK3C2A,17077730,17207986,FALSE,FALSE
chr11_17076247,ambiguous,chr11,17076247,PIK3C2A,17077730,17207986,FALSE,FALSE
chr11_17076257,constitutive,chr11,17076257,PIK3C2A,17077730,17207986,FALSE,FALSE
chr11_17076321,constitutive,chr11,17076321,PIK3C2A,17077730,17207986,FALSE,FALSE
chr11_17076338,ambiguous,chr11,17076338,PIK3C2A,17077730,17207986,FALSE,FALSE
chr11_17076383,ambiguous,chr11,17076383,PIK3C2A,17077730,17207986,FALSE,FALSE
chr11_17076424,ambiguous,chr11,17076424,PIK3C2A,17077730,17207986,FALSE,FALSE
chr11_17076448,ambiguous,chr11,17076448,PIK3C2A,17077730,17207986,FALSE,FALSE
chr11_17076470,ambiguous,chr11,17076470,PIK3C2A,17077730,17207986,FALSE,FALSE
chr11_17076510,constitutive,chr11,17076510,PIK3C2A,17077730,17207986,FALSE,FALSE
chr11_17076512,ambiguous,chr11,17076512,PIK3C2A,17077730,17207986,FALSE,FALSE
chr11_17076534,ambiguous,chr11,17076534,PIK3C2A,17077730,17207986,FALSE,FALSE
chr11_17076699,ambiguous,chr11,17076699,PIK3C2A,17077730,17207986,FALSE,FALSE
chr11_17076716,ambiguous,chr11,17076716,PIK3C2A,17077730,17207986,FALSE,FALSE
chr11_17076725,ambiguous,chr11,17076725,PIK3C2A,17077730,17207986,FALSE,FALSE
chr11_17076805,constitutive,chr11,17076805,PIK3C2A,17077730,17207986,FALSE,FALSE
chr11_17076815,ambiguous,chr11,17076815,PIK3C2A,17077730,17207986,FALSE,FALSE
chr11_17076930,constitutive,chr11,17076930,PIK3C2A,17077730,17207986,FALSE,FALSE
chr11_17077014,constitutive,chr11,17077014,PIK3C2A,17077730,17207986,FALSE,FALSE
chr11_17077057,constitutive,chr11,17077057,PIK3C2A,17077730,17207986,FALSE,FALSE
chr11_17077063,constitutive,chr11,17077063,PIK3C2A,17077730,17207986,FALSE,FALSE
chr11_17077126,constitutive,chr11,17077126,PIK3C2A,17077730,17207986,FALSE,FALSE
chr11_17077136,constitutive,chr11,17077136,PIK3C2A,17077730,17207986,FALSE,FALSE
chr11_17077168,constitutive,chr11,17077168,PIK3C2A,17077730,17207986,FALSE,FALSE
chr11_17077222,constitutive,chr11,17077222,PIK3C2A,17077730,17207986,FALSE,FALSE
chr11_17077225,constitutive,chr11,17077225,PIK3C2A,17077730,17207986,FALSE,FALSE
chr11_17077293,constitutive,chr11,17077293,PIK3C2A,17077730,17207986,FALSE,FALSE
chr11_17077296,constitutive,chr11,17077296,PIK3C2A,17077730,17207986,FALSE,FALSE
chr11_17077306,constitutive,chr11,17077306,PIK3C2A,17077730,17207986,FALSE,FALSE
chr11_17077319,constitutive,chr11,17077319,PIK3C2A,17077730,17207986,FALSE,FALSE
chr11_17077327,constitutive,chr11,17077327,PIK3C2A,17077730,17207986,FALSE,FALSE
chr11_17077329,constitutive,chr11,17077329,PIK3C2A,17077730,17207986,FALSE,FALSE
chr11_17077342,constitutive,chr11,17077342,PIK3C2A,17077730,17207986,FALSE,FALSE
chr11_17077361,constitutive,chr11,17077361,PIK3C2A,17077730,17207986,FALSE,FALSE
chr11_17077364,constitutive,chr11,17077364,PIK3C2A,17077730,17207986,FALSE,FALSE
chr11_17077373,constitutive,chr11,17077373,PIK3C2A,17077730,17207986,FALSE,FALSE
chr11_17077397,constitutive,chr11,17077397,PIK3C2A,17077730,17207986,FALSE,FALSE
chr11_17077408,constitutive,chr11,17077408,PIK3C2A,17077730,17207986,FALSE,FALSE
chr11_17077417,constitutive,chr11,17077417,PIK3C2A,17077730,17207986,FALSE,FALSE
chr11_17077419,constitutive,chr11,17077419,PIK3C2A,17077730,17207986,FALSE,FALSE
chr11_17077437,constitutive,chr11,17077437,PIK3C2A,17077730,17207986,FALSE,FALSE
chr11_17077442,constitutive,chr11,17077442,PIK3C2A,17077730,17207986,FALSE,FALSE
chr11_17077445,constitutive,chr11,17077445,PIK3C2A,17077730,17207986,FALSE,FALSE
chr11_17077459,constitutive,chr11,17077459,PIK3C2A,17077730,17207986,FALSE,FALSE
chr11_17077497,constitutive,chr11,17077497,PIK3C2A,17077730,17207986,FALSE,FALSE
chr11_17077510,constitutive,chr11,17077510,PIK3C2A,17077730,17207986,FALSE,FALSE
chr11_17077546,constitutive,chr11,17077546,PIK3C2A,17077730,17207986,FALSE,FALSE
chr11_17077551,constitutive,chr11,17077551,PIK3C2A,17077730,17207986,FALSE,FALSE
chr11_17077647,constitutive,chr11,17077647,PIK3C2A,17077730,17207986,FALSE,FALSE
chr11_17077650,constitutive,chr11,17077650,PIK3C2A,17077730,17207986,FALSE,FALSE
chr11_17077661,constitutive,chr11,17077661,PIK3C2A,17077730,17207986,FALSE,FALSE
chr11_17077672,constitutive,chr11,17077672,PIK3C2A,17077730,17207986,FALSE,FALSE
chr11_17077684,constitutive,chr11,17077684,PIK3C2A,17077730,17207986,FALSE,FALSE
chr11_17077687,constitutive,chr11,17077687,PIK3C2A,17077730,17207986,FALSE,FALSE
chr11_17077706,constitutive,chr11,17077706,PIK3C2A,17077730,17207986,FALSE,FALSE
chr11_17077725,constitutive,chr11,17077725,PIK3C2A,17077730,17207986,FALSE,FALSE
chr11_17077731,constitutive,chr11,17077731,PIK3C2A,17077730,17207986,TRUE,FALSE
chr11_17077743,constitutive,chr11,17077743,PIK3C2A,17077730,17207986,TRUE,FALSE
chr11_17077752,constitutive,chr11,17077752,PIK3C2A,17077730,17207986,TRUE,FALSE
chr11_17077760,constitutive,chr11,17077760,PIK3C2A,17077730,17207986,TRUE,FALSE
chr11_17077765,constitutive,chr11,17077765,PIK3C2A,17077730,17207986,TRUE,FALSE
chr11_17077774,constitutive,chr11,17077774,PIK3C2A,17077730,17207986,TRUE,FALSE
chr11_17077778,constitutive,chr11,17077778,PIK3C2A,17077730,17207986,TRUE,FALSE
chr11_17077799,constitutive,chr11,17077799,PIK3C2A,17077730,17207986,TRUE,FALSE
chr11_17077814,constitutive,chr11,17077814,PIK3C2A,17077730,17207986,TRUE,FALSE
chr11_17077817,constitutive,chr11,17077817,PIK3C2A,17077730,17207986,TRUE,FALSE
chr11_17077827,constitutive,chr11,17077827,PIK3C2A,17077730,17207986,TRUE,FALSE
chr11_17077846,constitutive,chr11,17077846,PIK3C2A,17077730,17207986,TRUE,FALSE
chr11_17077856,constitutive,chr11,17077856,PIK3C2A,17077730,17207986,TRUE,FALSE
chr11_17077884,constitutive,chr11,17077884,PIK3C2A,17077730,17207986,TRUE,FALSE
chr11_17077901,constitutive,chr11,17077901,PIK3C2A,17077730,17207986,TRUE,FALSE
chr11_17077911,constitutive,chr11,17077911,PIK3C2A,17077730,17207986,TRUE,FALSE
chr11_17077914,constitutive,chr11,17077914,PIK3C2A,17077730,17207986,TRUE,FALSE
chr11_17077930,constitutive,chr11,17077930,PIK3C2A,17077730,17207986,TRUE,FALSE
chr11_17077933,constitutive,chr11,17077933,PIK3C2A,17077730,17207986,TRUE,FALSE
chr11_17077949,constitutive,chr11,17077949,PIK3C2A,17077730,17207986,TRUE,FALSE
chr11_17077958,constitutive,chr11,17077958,PIK3C2A,17077730,17207986,TRUE,FALSE
chr11_17078065,constitutive,chr11,17078065,PIK3C2A,17077730,17207986,TRUE,FALSE
chr11_17078073,constitutive,chr11,17078073,PIK3C2A,17077730,17207986,TRUE,FALSE
chr11_17078118,constitutive,chr11,17078118,PIK3C2A,17077730,17207986,TRUE,FALSE
chr11_17078134,constitutive,chr11,17078134,PIK3C2A,17077730,17207986,TRUE,FALSE
chr11_17078141,constitutive,chr11,17078141,PIK3C2A,17077730,17207986,TRUE,FALSE
chr11_17078152,constitutive,chr11,17078152,PIK3C2A,17077730,17207986,TRUE,FALSE
chr11_17078202,constitutive,chr11,17078202,PIK3C2A,17077730,17207986,TRUE,FALSE
chr11_17078208,constitutive,chr11,17078208,PIK3C2A,17077730,17207986,TRUE,FALSE
chr11_17078219,constitutive,chr11,17078219,PIK3C2A,17077730,17207986,TRUE,FALSE
chr11_17078247,constitutive,chr11,17078247,PIK3C2A,17077730,17207986,TRUE,FALSE
chr11_17078258,constitutive,chr11,17078258,PIK3C2A,17077730,17207986,TRUE,FALSE
chr11_17078265,constitutive,chr11,17078265,PIK3C2A,17077730,17207986,TRUE,FALSE
chr11_17078271,constitutive,chr11,17078271,PIK3C2A,17077730,17207986,TRUE,FALSE
chr11_17078283,constitutive,chr11,17078283,PIK3C2A,17077730,17207986,TRUE,FALSE
chr11_17078298,constitutive,chr11,17078298,PIK3C2A,17077730,17207986,TRUE,FALSE
chr11_17078307,constitutive,chr11,17078307,PIK3C2A,17077730,17207986,TRUE,FALSE
chr11_17078337,constitutive,chr11,17078337,PIK3C2A,17077730,17207986,TRUE,FALSE
chr11_17078457,constitutive,chr11,17078457,PIK3C2A,17077730,17207986,TRUE,FALSE
chr11_17078490,constitutive,chr11,17078490,PIK3C2A,17077730,17207986,TRUE,FALSE
chr11_17078498,constitutive,chr11,17078498,PIK3C2A,17077730,17207986,TRUE,FALSE
chr11_17078509,constitutive,chr11,17078509,PIK3C2A,17077730,17207986,TRUE,FALSE
chr11_17078529,constitutive,chr11,17078529,PIK3C2A,17077730,17207986,TRUE,FALSE
chr11_17078531,constitutive,chr11,17078531,PIK3C2A,17077730,17207986,TRUE,FALSE
chr11_17078537,constitutive,chr11,17078537,PIK3C2A,17077730,17207986,TRUE,FALSE
chr11_17078545,constitutive,chr11,17078545,PIK3C2A,17077730,17207986,TRUE,FALSE
chr11_17078554,ambiguous,chr11,17078554,PIK3C2A,17077730,17207986,TRUE,FALSE
chr11_17078561,constitutive,chr11,17078561,PIK3C2A,17077730,17207986,TRUE,FALSE
chr11_17078571,constitutive,chr11,17078571,PIK3C2A,17077730,17207986,TRUE,FALSE
chr11_17078617,ambiguous,chr11,17078617,PIK3C2A,17077730,17207986,TRUE,FALSE
chr11_17078656,ambiguous,chr11,17078656,PIK3C2A,17077730,17207986,TRUE,FALSE
chr11_17078694,ambiguous,chr11,17078694,PIK3C2A,17077730,17207986,TRUE,FALSE
chr11_17078709,ambiguous,chr11,17078709,PIK3C2A,17077730,17207986,TRUE,FALSE
chr11_17078713,ambiguous,chr11,17078713,PIK3C2A,17077730,17207986,TRUE,FALSE
chr11_17078746,ambiguous,chr11,17078746,PIK3C2A,17077730,17207986,TRUE,FALSE
chr11_17078756,ambiguous,chr11,17078756,PIK3C2A,17077730,17207986,TRUE,FALSE
chr11_17078758,ambiguous,chr11,17078758,PIK3C2A,17077730,17207986,TRUE,FALSE
chr11_17078766,ambiguous,chr11,17078766,PIK3C2A,17077730,17207986,TRUE,FALSE
chr11_17078809,ambiguous,chr11,17078809,PIK3C2A,17077730,17207986,TRUE,FALSE
chr11_17078843,ambiguous,chr11,17078843,PIK3C2A,17077730,17207986,TRUE,FALSE
chr11_17078847,ambiguous,chr11,17078847,PIK3C2A,17077730,17207986,TRUE,FALSE
chr11_17078853,constitutive,chr11,17078853,PIK3C2A,17077730,17207986,TRUE,FALSE
chr11_17078857,ambiguous,chr11,17078857,PIK3C2A,17077730,17207986,TRUE,FALSE
chr11_17078877,constitutive,chr11,17078877,PIK3C2A,17077730,17207986,TRUE,FALSE
chr11_17078909,constitutive,chr11,17078909,PIK3C2A,17077730,17207986,TRUE,FALSE
chr11_17078923,constitutive,chr11,17078923,PIK3C2A,17077730,17207986,TRUE,FALSE
chr11_17078931,ambiguous,chr11,17078931,PIK3C2A,17077730,17207986,TRUE,FALSE
chr11_17078947,constitutive,chr11,17078947,PIK3C2A,17077730,17207986,TRUE,FALSE
chr11_17078949,constitutive,chr11,17078949,PIK3C2A,17077730,17207986,TRUE,FALSE
chr11_17079030,constitutive,chr11,17079030,PIK3C2A,17077730,17207986,TRUE,FALSE
chr11_17079045,constitutive,chr11,17079045,PIK3C2A,17077730,17207986,TRUE,FALSE
chr11_17079140,constitutive,chr11,17079140,PIK3C2A,17077730,17207986,TRUE,FALSE
chr11_17079166,constitutive,chr11,17079166,PIK3C2A,17077730,17207986,TRUE,FALSE
chr11_17079193,constitutive,chr11,17079193,PIK3C2A,17077730,17207986,TRUE,FALSE
chr11_17079245,constitutive,chr11,17079245,PIK3C2A,17077730,17207986,TRUE,FALSE
chr11_17079249,constitutive,chr11,17079249,PIK3C2A,17077730,17207986,TRUE,FALSE
chr11_17079251,constitutive,chr11,17079251,PIK3C2A,17077730,17207986,TRUE,FALSE
chr11_17079261,constitutive,chr11,17079261,PIK3C2A,17077730,17207986,TRUE,FALSE
chr11_17079294,constitutive,chr11,17079294,PIK3C2A,17077730,17207986,TRUE,FALSE
chr11_17079298,constitutive,chr11,17079298,PIK3C2A,17077730,17207986,TRUE,FALSE
chr11_17079305,constitutive,chr11,17079305,PIK3C2A,17077730,17207986,TRUE,FALSE
chr11_17079319,constitutive,chr11,17079319,PIK3C2A,17077730,17207986,TRUE,FALSE
chr11_17079339,constitutive,chr11,17079339,PIK3C2A,17077730,17207986,TRUE,FALSE
chr11_17079350,ambiguous,chr11,17079350,PIK3C2A,17077730,17207986,TRUE,FALSE
chr11_17079380,constitutive,chr11,17079380,PIK3C2A,17077730,17207986,TRUE,FALSE
chr11_17079384,constitutive,chr11,17079384,PIK3C2A,17077730,17207986,TRUE,FALSE
chr11_17079392,constitutive,chr11,17079392,PIK3C2A,17077730,17207986,TRUE,FALSE
chr11_17079396,constitutive,chr11,17079396,PIK3C2A,17077730,17207986,TRUE,FALSE
chr11_17079440,constitutive,chr11,17079440,PIK3C2A,17077730,17207986,TRUE,FALSE
chr11_17079448,constitutive,chr11,17079448,PIK3C2A,17077730,17207986,TRUE,FALSE
chr11_17079455,constitutive,chr11,17079455,PIK3C2A,17077730,17207986,TRUE,FALSE
chr11_17079474,constitutive,chr11,17079474,PIK3C2A,17077730,17207986,TRUE,FALSE
chr11_17079478,constitutive,chr11,17079478,PIK3C2A,17077730,17207986,TRUE,FALSE
chr11_17079510,constitutive,chr11,17079510,PIK3C2A,17077730,17207986,TRUE,FALSE
chr11_17079518,constitutive,chr11,17079518,PIK3C2A,17077730,17207986,TRUE,FALSE
chr11_17079571,constitutive,chr11,17079571,PIK3C2A,17077730,17207986,TRUE,FALSE
chr11_17079677,constitutive,chr11,17079677,PIK3C2A,17077730,17207986,TRUE,FALSE
chr11_17079820,constitutive,chr11,17079820,PIK3C2A,17077730,17207986,TRUE,FALSE
chr11_17079861,ambiguous,chr11,17079861,PIK3C2A,17077730,17207986,TRUE,FALSE
chr11_17079997,constitutive,chr11,17079997,PIK3C2A,17077730,17207986,TRUE,FALSE
chr11_17080150,ambiguous,chr11,17080150,PIK3C2A,17077730,17207986,TRUE,FALSE
chr11_17080168,constitutive,chr11,17080168,PIK3C2A,17077730,17207986,TRUE,FALSE
chr11_17080178,constitutive,chr11,17080178,PIK3C2A,17077730,17207986,TRUE,FALSE
chr11_17080187,constitutive,chr11,17080187,PIK3C2A,17077730,17207986,TRUE,FALSE
chr11_17080496,ambiguous,chr11,17080496,PIK3C2A,17077730,17207986,TRUE,FALSE
chr11_17080536,constitutive,chr11,17080536,PIK3C2A,17077730,17207986,TRUE,FALSE
chr11_17080753,ambiguous,chr11,17080753,PIK3C2A,17077730,17207986,TRUE,FALSE
chr11_17080815,ambiguous,chr11,17080815,PIK3C2A,17077730,17207986,TRUE,FALSE
chr11_17080847,constitutive,chr11,17080847,PIK3C2A,17077730,17207986,TRUE,FALSE
chr11_17080871,constitutive,chr11,17080871,PIK3C2A,17077730,17207986,TRUE,FALSE
chr11_17080879,constitutive,chr11,17080879,PIK3C2A,17077730,17207986,TRUE,FALSE
chr11_17080883,constitutive,chr11,17080883,PIK3C2A,17077730,17207986,TRUE,FALSE
chr11_17080965,constitutive,chr11,17080965,PIK3C2A,17077730,17207986,TRUE,FALSE
chr11_17080969,constitutive,chr11,17080969,PIK3C2A,17077730,17207986,TRUE,FALSE
chr11_17081018,ambiguous,chr11,17081018,PIK3C2A,17077730,17207986,TRUE,FALSE
chr11_17081104,ambiguous,chr11,17081104,PIK3C2A,17077730,17207986,TRUE,FALSE
chr11_17081457,constitutive,chr11,17081457,PIK3C2A,17077730,17207986,TRUE,FALSE
chr11_17081569,ambiguous,chr11,17081569,PIK3C2A,17077730,17207986,TRUE,FALSE
chr11_17081607,constitutive,chr11,17081607,PIK3C2A,17077730,17207986,TRUE,FALSE
chr11_17081612,constitutive,chr11,17081612,PIK3C2A,17077730,17207986,TRUE,FALSE
chr11_17081623,constitutive,chr11,17081623,PIK3C2A,17077730,17207986,TRUE,FALSE
chr11_17081668,ambiguous,chr11,17081668,PIK3C2A,17077730,17207986,TRUE,FALSE
chr11_17081733,constitutive,chr11,17081733,PIK3C2A,17077730,17207986,TRUE,FALSE
chr11_17081753,constitutive,chr11,17081753,PIK3C2A,17077730,17207986,TRUE,FALSE
chr11_17081787,constitutive,chr11,17081787,PIK3C2A,17077730,17207986,TRUE,FALSE
chr11_17081827,constitutive,chr11,17081827,PIK3C2A,17077730,17207986,TRUE,FALSE
chr11_17081829,constitutive,chr11,17081829,PIK3C2A,17077730,17207986,TRUE,FALSE
chr11_17081833,constitutive,chr11,17081833,PIK3C2A,17077730,17207986,TRUE,FALSE
chr11_17081933,constitutive,chr11,17081933,PIK3C2A,17077730,17207986,TRUE,FALSE
chr11_17081971,constitutive,chr11,17081971,PIK3C2A,17077730,17207986,TRUE,FALSE
chr11_17082007,ambiguous,chr11,17082007,PIK3C2A,17077730,17207986,TRUE,FALSE
chr11_17082110,ambiguous,chr11,17082110,PIK3C2A,17077730,17207986,TRUE,FALSE
chr11_17082145,ambiguous,chr11,17082145,PIK3C2A,17077730,17207986,TRUE,FALSE
chr11_17082230,ambiguous,chr11,17082230,PIK3C2A,17077730,17207986,TRUE,FALSE
chr11_17082323,ambiguous,chr11,17082323,PIK3C2A,17077730,17207986,TRUE,FALSE
chr11_17082381,constitutive,chr11,17082381,PIK3C2A,17077730,17207986,TRUE,FALSE
chr11_17082414,ambiguous,chr11,17082414,PIK3C2A,17077730,17207986,TRUE,FALSE
chr11_17082426,constitutive,chr11,17082426,PIK3C2A,17077730,17207986,TRUE,FALSE
chr11_17082501,ambiguous,chr11,17082501,PIK3C2A,17077730,17207986,TRUE,FALSE
chr11_17082531,ambiguous,chr11,17082531,PIK3C2A,17077730,17207986,TRUE,FALSE
chr11_17082548,ambiguous,chr11,17082548,PIK3C2A,17077730,17207986,TRUE,FALSE
chr11_17082609,ambiguous,chr11,17082609,PIK3C2A,17077730,17207986,TRUE,FALSE
chr11_17082687,ambiguous,chr11,17082687,PIK3C2A,17077730,17207986,TRUE,FALSE
chr11_17082699,ambiguous,chr11,17082699,PIK3C2A,17077730,17207986,TRUE,FALSE
chr11_17082709,ambiguous,chr11,17082709,PIK3C2A,17077730,17207986,TRUE,FALSE
chr11_17082778,ambiguous,chr11,17082778,PIK3C2A,17077730,17207986,TRUE,FALSE
chr11_17082805,constitutive,chr11,17082805,PIK3C2A,17077730,17207986,TRUE,FALSE
chr11_17082838,ambiguous,chr11,17082838,PIK3C2A,17077730,17207986,TRUE,FALSE
chr11_17082854,ambiguous,chr11,17082854,PIK3C2A,17077730,17207986,TRUE,FALSE
chr11_17082999,constitutive,chr11,17082999,PIK3C2A,17077730,17207986,TRUE,FALSE
chr11_17083209,constitutive,chr11,17083209,PIK3C2A,17077730,17207986,TRUE,FALSE
chr11_17083214,constitutive,chr11,17083214,PIK3C2A,17077730,17207986,TRUE,FALSE
chr11_17083231,constitutive,chr11,17083231,PIK3C2A,17077730,17207986,TRUE,FALSE
chr11_17083635,constitutive,chr11,17083635,PIK3C2A,17077730,17207986,TRUE,FALSE
chr11_17083901,constitutive,chr11,17083901,PIK3C2A,17077730,17207986,TRUE,FALSE
chr11_17084101,constitutive,chr11,17084101,PIK3C2A,17077730,17207986,TRUE,FALSE
chr11_17084130,constitutive,chr11,17084130,PIK3C2A,17077730,17207986,TRUE,FALSE
chr11_17084206,constitutive,chr11,17084206,PIK3C2A,17077730,17207986,TRUE,FALSE
chr11_17084276,constitutive,chr11,17084276,PIK3C2A,17077730,17207986,TRUE,FALSE
chr11_17084286,constitutive,chr11,17084286,PIK3C2A,17077730,17207986,TRUE,FALSE
chr11_17084308,constitutive,chr11,17084308,PIK3C2A,17077730,17207986,TRUE,FALSE
chr11_17084330,constitutive,chr11,17084330,PIK3C2A,17077730,17207986,TRUE,FALSE
chr11_17084355,constitutive,chr11,17084355,PIK3C2A,17077730,17207986,TRUE,FALSE
chr11_17084417,constitutive,chr11,17084417,PIK3C2A,17077730,17207986,TRUE,FALSE
chr11_17084461,constitutive,chr11,17084461,PIK3C2A,17077730,17207986,TRUE,FALSE
chr11_17084503,ambiguous,chr11,17084503,PIK3C2A,17077730,17207986,TRUE,FALSE
chr11_17084548,constitutive,chr11,17084548,PIK3C2A,17077730,17207986,TRUE,FALSE
chr11_17084565,constitutive,chr11,17084565,PIK3C2A,17077730,17207986,TRUE,FALSE
chr11_17084626,constitutive,chr11,17084626,PIK3C2A,17077730,17207986,TRUE,FALSE
chr11_17084628,constitutive,chr11,17084628,PIK3C2A,17077730,17207986,TRUE,FALSE
chr11_17084640,constitutive,chr11,17084640,PIK3C2A,17077730,17207986,TRUE,FALSE
chr11_17084700,constitutive,chr11,17084700,PIK3C2A,17077730,17207986,TRUE,FALSE
chr11_17084714,constitutive,chr11,17084714,PIK3C2A,17077730,17207986,TRUE,FALSE
chr11_17084721,constitutive,chr11,17084721,PIK3C2A,17077730,17207986,TRUE,FALSE
chr11_17084730,constitutive,chr11,17084730,PIK3C2A,17077730,17207986,TRUE,FALSE
chr11_17084768,constitutive,chr11,17084768,PIK3C2A,17077730,17207986,TRUE,FALSE
chr11_17084787,constitutive,chr11,17084787,PIK3C2A,17077730,17207986,TRUE,FALSE
chr11_17084811,constitutive,chr11,17084811,PIK3C2A,17077730,17207986,TRUE,FALSE
chr11_17084831,constitutive,chr11,17084831,PIK3C2A,17077730,17207986,TRUE,FALSE
chr11_17084859,constitutive,chr11,17084859,PIK3C2A,17077730,17207986,TRUE,FALSE
chr11_17084864,constitutive,chr11,17084864,PIK3C2A,17077730,17207986,TRUE,FALSE
chr11_17084875,constitutive,chr11,17084875,PIK3C2A,17077730,17207986,TRUE,FALSE
chr11_17084889,constitutive,chr11,17084889,PIK3C2A,17077730,17207986,TRUE,FALSE
chr11_17084909,constitutive,chr11,17084909,PIK3C2A,17077730,17207986,TRUE,FALSE
chr11_17084949,constitutive,chr11,17084949,PIK3C2A,17077730,17207986,TRUE,FALSE
chr11_17084965,constitutive,chr11,17084965,PIK3C2A,17077730,17207986,TRUE,FALSE
chr11_17084985,ambiguous,chr11,17084985,PIK3C2A,17077730,17207986,TRUE,FALSE
chr11_17085006,constitutive,chr11,17085006,PIK3C2A,17077730,17207986,TRUE,FALSE
chr11_17085017,constitutive,chr11,17085017,PIK3C2A,17077730,17207986,TRUE,FALSE
chr11_17085024,constitutive,chr11,17085024,PIK3C2A,17077730,17207986,TRUE,FALSE
chr11_17085047,constitutive,chr11,17085047,PIK3C2A,17077730,17207986,TRUE,FALSE
chr11_17085049,constitutive,chr11,17085049,PIK3C2A,17077730,17207986,TRUE,FALSE
chr11_17085071,constitutive,chr11,17085071,PIK3C2A,17077730,17207986,TRUE,FALSE
chr11_17085499,constitutive,chr11,17085499,PIK3C2A,17077730,17207986,TRUE,FALSE
chr11_17085650,ambiguous,chr11,17085650,PIK3C2A,17077730,17207986,TRUE,FALSE
chr11_17085653,ambiguous,chr11,17085653,PIK3C2A,17077730,17207986,TRUE,FALSE
chr11_17085678,ambiguous,chr11,17085678,PIK3C2A,17077730,17207986,TRUE,FALSE
chr11_17085686,ambiguous,chr11,17085686,PIK3C2A,17077730,17207986,TRUE,FALSE
chr11_17085691,constitutive,chr11,17085691,PIK3C2A,17077730,17207986,TRUE,FALSE
chr11_17085695,constitutive,chr11,17085695,PIK3C2A,17077730,17207986,TRUE,FALSE
chr11_17085738,ambiguous,chr11,17085738,PIK3C2A,17077730,17207986,TRUE,FALSE
chr11_17085784,ambiguous,chr11,17085784,PIK3C2A,17077730,17207986,TRUE,FALSE
chr11_17085862,ambiguous,chr11,17085862,PIK3C2A,17077730,17207986,TRUE,FALSE
chr11_17085972,ambiguous,chr11,17085972,PIK3C2A,17077730,17207986,TRUE,FALSE
chr11_17085984,ambiguous,chr11,17085984,PIK3C2A,17077730,17207986,TRUE,FALSE
chr11_17086046,ambiguous,chr11,17086046,PIK3C2A,17077730,17207986,TRUE,FALSE
chr11_17086105,ambiguous,chr11,17086105,PIK3C2A,17077730,17207986,TRUE,FALSE
chr11_17086110,ambiguous,chr11,17086110,PIK3C2A,17077730,17207986,TRUE,FALSE
chr11_17086134,ambiguous,chr11,17086134,PIK3C2A,17077730,17207986,TRUE,FALSE
chr11_17086136,ambiguous,chr11,17086136,PIK3C2A,17077730,17207986,TRUE,FALSE
chr11_17086140,ambiguous,chr11,17086140,PIK3C2A,17077730,17207986,TRUE,FALSE
chr11_17086164,ambiguous,chr11,17086164,PIK3C2A,17077730,17207986,TRUE,FALSE
chr11_17086166,ambiguous,chr11,17086166,PIK3C2A,17077730,17207986,TRUE,FALSE
chr11_17086186,ambiguous,chr11,17086186,PIK3C2A,17077730,17207986,TRUE,FALSE
chr11_17086227,constitutive,chr11,17086227,PIK3C2A,17077730,17207986,TRUE,FALSE
chr11_17086281,constitutive,chr11,17086281,PIK3C2A,17077730,17207986,TRUE,FALSE
chr11_17086315,ambiguous,chr11,17086315,PIK3C2A,17077730,17207986,TRUE,FALSE
chr11_17086323,constitutive,chr11,17086323,PIK3C2A,17077730,17207986,TRUE,FALSE
chr11_17086603,constitutive,chr11,17086603,PIK3C2A,17077730,17207986,TRUE,FALSE
chr11_17087337,constitutive,chr11,17087337,PIK3C2A,17077730,17207986,TRUE,FALSE
chr11_17087610,ambiguous,chr11,17087610,PIK3C2A,17077730,17207986,TRUE,FALSE
chr11_17087690,ambiguous,chr11,17087690,PIK3C2A,17077730,17207986,TRUE,FALSE
chr11_17087938,constitutive,chr11,17087938,PIK3C2A,17077730,17207986,TRUE,FALSE
chr11_17088047,constitutive,chr11,17088047,PIK3C2A,17077730,17207986,TRUE,FALSE
chr11_17088295,constitutive,chr11,17088295,PIK3C2A,17077730,17207986,TRUE,FALSE
chr11_17088309,constitutive,chr11,17088309,PIK3C2A,17077730,17207986,TRUE,FALSE
chr11_17088317,constitutive,chr11,17088317,PIK3C2A,17077730,17207986,TRUE,FALSE
chr11_17088334,constitutive,chr11,17088334,PIK3C2A,17077730,17207986,TRUE,FALSE
chr11_17088351,constitutive,chr11,17088351,PIK3C2A,17077730,17207986,TRUE,FALSE
chr11_17088397,constitutive,chr11,17088397,PIK3C2A,17077730,17207986,TRUE,FALSE
chr11_17088405,constitutive,chr11,17088405,PIK3C2A,17077730,17207986,TRUE,FALSE
chr11_17088430,constitutive,chr11,17088430,PIK3C2A,17077730,17207986,TRUE,FALSE
chr11_17088484,constitutive,chr11,17088484,PIK3C2A,17077730,17207986,TRUE,FALSE
chr11_17088531,constitutive,chr11,17088531,PIK3C2A,17077730,17207986,TRUE,FALSE
chr11_17088541,constitutive,chr11,17088541,PIK3C2A,17077730,17207986,TRUE,FALSE
chr11_17089090,constitutive,chr11,17089090,PIK3C2A,17077730,17207986,TRUE,FALSE
chr11_17089197,constitutive,chr11,17089197,PIK3C2A,17077730,17207986,TRUE,FALSE
chr11_17089296,constitutive,chr11,17089296,PIK3C2A,17077730,17207986,TRUE,FALSE
chr11_17089694,constitutive,chr11,17089694,PIK3C2A,17077730,17207986,TRUE,FALSE
chr11_17089753,constitutive,chr11,17089753,PIK3C2A,17077730,17207986,TRUE,FALSE
chr11_17089777,constitutive,chr11,17089777,PIK3C2A,17077730,17207986,TRUE,FALSE
chr11_17089841,constitutive,chr11,17089841,PIK3C2A,17077730,17207986,TRUE,FALSE
chr11_17089880,constitutive,chr11,17089880,PIK3C2A,17077730,17207986,TRUE,FALSE
chr11_17089996,constitutive,chr11,17089996,PIK3C2A,17077730,17207986,TRUE,FALSE
chr11_17090052,constitutive,chr11,17090052,PIK3C2A,17077730,17207986,TRUE,FALSE
chr11_17090206,constitutive,chr11,17090206,PIK3C2A,17077730,17207986,TRUE,FALSE
chr11_17090239,constitutive,chr11,17090239,PIK3C2A,17077730,17207986,TRUE,FALSE
chr11_17090327,constitutive,chr11,17090327,PIK3C2A,17077730,17207986,TRUE,FALSE
chr11_17090398,constitutive,chr11,17090398,PIK3C2A,17077730,17207986,TRUE,FALSE
chr11_17090454,constitutive,chr11,17090454,PIK3C2A,17077730,17207986,TRUE,FALSE
chr11_17090613,constitutive,chr11,17090613,PIK3C2A,17077730,17207986,TRUE,FALSE
chr11_17090864,constitutive,chr11,17090864,PIK3C2A,17077730,17207986,TRUE,FALSE
chr11_17090886,constitutive,chr11,17090886,PIK3C2A,17077730,17207986,TRUE,FALSE
chr11_17090998,constitutive,chr11,17090998,PIK3C2A,17077730,17207986,TRUE,FALSE
chr11_17091038,constitutive,chr11,17091038,PIK3C2A,17077730,17207986,TRUE,FALSE
chr11_17091223,constitutive,chr11,17091223,PIK3C2A,17077730,17207986,TRUE,FALSE
chr11_17091259,constitutive,chr11,17091259,PIK3C2A,17077730,17207986,TRUE,FALSE
chr11_17091263,constitutive,chr11,17091263,PIK3C2A,17077730,17207986,TRUE,FALSE
chr11_17091349,constitutive,chr11,17091349,PIK3C2A,17077730,17207986,TRUE,FALSE
chr11_17091358,constitutive,chr11,17091358,PIK3C2A,17077730,17207986,TRUE,FALSE
chr11_17091365,constitutive,chr11,17091365,PIK3C2A,17077730,17207986,TRUE,FALSE
chr11_17091383,constitutive,chr11,17091383,PIK3C2A,17077730,17207986,TRUE,FALSE
chr11_17091590,constitutive,chr11,17091590,PIK3C2A,17077730,17207986,TRUE,FALSE
chr11_17091755,constitutive,chr11,17091755,PIK3C2A,17077730,17207986,TRUE,FALSE
chr11_17092031,constitutive,chr11,17092031,PIK3C2A,17077730,17207986,TRUE,FALSE
chr11_17092171,constitutive,chr11,17092171,PIK3C2A,17077730,17207986,TRUE,FALSE
chr11_17092401,constitutive,chr11,17092401,PIK3C2A,17077730,17207986,TRUE,FALSE
chr11_17092407,constitutive,chr11,17092407,PIK3C2A,17077730,17207986,TRUE,FALSE
chr11_17092437,constitutive,chr11,17092437,PIK3C2A,17077730,17207986,TRUE,FALSE
chr11_17092522,constitutive,chr11,17092522,PIK3C2A,17077730,17207986,TRUE,FALSE
chr11_17092564,constitutive,chr11,17092564,PIK3C2A,17077730,17207986,TRUE,FALSE
chr11_17092603,constitutive,chr11,17092603,PIK3C2A,17077730,17207986,TRUE,FALSE
chr11_17092620,constitutive,chr11,17092620,PIK3C2A,17077730,17207986,TRUE,FALSE
chr11_17092662,constitutive,chr11,17092662,PIK3C2A,17077730,17207986,TRUE,FALSE
chr11_17092722,constitutive,chr11,17092722,PIK3C2A,17077730,17207986,TRUE,FALSE
chr11_17092849,constitutive,chr11,17092849,PIK3C2A,17077730,17207986,TRUE,FALSE
chr11_17093087,constitutive,chr11,17093087,PIK3C2A,17077730,17207986,TRUE,FALSE
chr11_17093162,constitutive,chr11,17093162,PIK3C2A,17077730,17207986,TRUE,FALSE
chr11_17093255,constitutive,chr11,17093255,PIK3C2A,17077730,17207986,TRUE,FALSE
chr11_17093289,constitutive,chr11,17093289,PIK3C2A,17077730,17207986,TRUE,FALSE
chr11_17093297,constitutive,chr11,17093297,PIK3C2A,17077730,17207986,TRUE,FALSE
chr11_17093367,constitutive,chr11,17093367,PIK3C2A,17077730,17207986,TRUE,FALSE
chr11_17093411,constitutive,chr11,17093411,PIK3C2A,17077730,17207986,TRUE,FALSE
chr11_17093457,constitutive,chr11,17093457,PIK3C2A,17077730,17207986,TRUE,FALSE
chr11_17093465,constitutive,chr11,17093465,PIK3C2A,17077730,17207986,TRUE,FALSE
chr11_17093499,constitutive,chr11,17093499,PIK3C2A,17077730,17207986,TRUE,FALSE
chr11_17093506,constitutive,chr11,17093506,PIK3C2A,17077730,17207986,TRUE,FALSE
chr11_17093510,constitutive,chr11,17093510,PIK3C2A,17077730,17207986,TRUE,FALSE
chr11_17093553,constitutive,chr11,17093553,PIK3C2A,17077730,17207986,TRUE,FALSE
chr11_17093555,constitutive,chr11,17093555,PIK3C2A,17077730,17207986,TRUE,FALSE
chr11_17093559,constitutive,chr11,17093559,PIK3C2A,17077730,17207986,TRUE,FALSE
chr11_17093833,constitutive,chr11,17093833,PIK3C2A,17077730,17207986,TRUE,FALSE
chr11_17094063,constitutive,chr11,17094063,PIK3C2A,17077730,17207986,TRUE,FALSE
chr11_17094161,constitutive,chr11,17094161,PIK3C2A,17077730,17207986,TRUE,FALSE
chr11_17094319,constitutive,chr11,17094319,PIK3C2A,17077730,17207986,TRUE,FALSE
chr11_17094330,constitutive,chr11,17094330,PIK3C2A,17077730,17207986,TRUE,FALSE
chr11_17094372,constitutive,chr11,17094372,PIK3C2A,17077730,17207986,TRUE,FALSE
chr11_17094445,constitutive,chr11,17094445,PIK3C2A,17077730,17207986,TRUE,FALSE
chr11_17094489,constitutive,chr11,17094489,PIK3C2A,17077730,17207986,TRUE,FALSE
chr11_17094552,ambiguous,chr11,17094552,PIK3C2A,17077730,17207986,TRUE,FALSE
chr11_17094594,constitutive,chr11,17094594,PIK3C2A,17077730,17207986,TRUE,FALSE
chr11_17094672,constitutive,chr11,17094672,PIK3C2A,17077730,17207986,TRUE,FALSE
chr11_17094707,constitutive,chr11,17094707,PIK3C2A,17077730,17207986,TRUE,FALSE
chr11_17094976,constitutive,chr11,17094976,PIK3C2A,17077730,17207986,TRUE,FALSE
chr11_17095252,constitutive,chr11,17095252,PIK3C2A,17077730,17207986,TRUE,FALSE
chr11_17095258,ME,chr11,17095258,PIK3C2A,17077730,17207986,TRUE,FALSE
chr11_17095297,constitutive,chr11,17095297,PIK3C2A,17077730,17207986,TRUE,FALSE
chr11_17095301,constitutive,chr11,17095301,PIK3C2A,17077730,17207986,TRUE,FALSE
chr11_17095313,constitutive,chr11,17095313,PIK3C2A,17077730,17207986,TRUE,FALSE
chr11_17095447,constitutive,chr11,17095447,PIK3C2A,17077730,17207986,TRUE,FALSE
chr11_17095451,constitutive,chr11,17095451,PIK3C2A,17077730,17207986,TRUE,FALSE
chr11_17095507,constitutive,chr11,17095507,PIK3C2A,17077730,17207986,TRUE,FALSE
chr11_17095515,constitutive,chr11,17095515,PIK3C2A,17077730,17207986,TRUE,FALSE
chr11_17095585,constitutive,chr11,17095585,PIK3C2A,17077730,17207986,TRUE,FALSE
chr11_17095667,constitutive,chr11,17095667,PIK3C2A,17077730,17207986,TRUE,FALSE
chr11_17095675,constitutive,chr11,17095675,PIK3C2A,17077730,17207986,TRUE,FALSE
chr11_17095707,constitutive,chr11,17095707,PIK3C2A,17077730,17207986,TRUE,FALSE
chr11_17095735,ambiguous,chr11,17095735,PIK3C2A,17077730,17207986,TRUE,FALSE
chr11_17095771,constitutive,chr11,17095771,PIK3C2A,17077730,17207986,TRUE,FALSE
chr11_17095783,constitutive,chr11,17095783,PIK3C2A,17077730,17207986,TRUE,FALSE
chr11_17095865,constitutive,chr11,17095865,PIK3C2A,17077730,17207986,TRUE,FALSE
chr11_17095873,constitutive,chr11,17095873,PIK3C2A,17077730,17207986,TRUE,FALSE
chr11_17096064,constitutive,chr11,17096064,PIK3C2A,17077730,17207986,TRUE,FALSE
chr11_17096091,constitutive,chr11,17096091,PIK3C2A,17077730,17207986,TRUE,FALSE
chr11_17096131,constitutive,chr11,17096131,PIK3C2A,17077730,17207986,TRUE,FALSE
chr11_17096141,constitutive,chr11,17096141,PIK3C2A,17077730,17207986,TRUE,FALSE
chr11_17096227,constitutive,chr11,17096227,PIK3C2A,17077730,17207986,TRUE,FALSE
chr11_17096289,constitutive,chr11,17096289,PIK3C2A,17077730,17207986,TRUE,FALSE
chr11_17096329,constitutive,chr11,17096329,PIK3C2A,17077730,17207986,TRUE,FALSE
chr11_17096333,constitutive,chr11,17096333,PIK3C2A,17077730,17207986,TRUE,FALSE
chr11_17096695,ambiguous,chr11,17096695,PIK3C2A,17077730,17207986,TRUE,FALSE
chr11_17096748,constitutive,chr11,17096748,PIK3C2A,17077730,17207986,TRUE,FALSE
chr11_17096845,ambiguous,chr11,17096845,PIK3C2A,17077730,17207986,TRUE,FALSE
chr11_17097115,constitutive,chr11,17097115,PIK3C2A,17077730,17207986,TRUE,FALSE
chr11_17097193,ambiguous,chr11,17097193,PIK3C2A,17077730,17207986,TRUE,FALSE
chr11_17097286,ambiguous,chr11,17097286,PIK3C2A,17077730,17207986,TRUE,FALSE
chr11_17097641,constitutive,chr11,17097641,PIK3C2A,17077730,17207986,TRUE,FALSE
chr11_17097651,constitutive,chr11,17097651,PIK3C2A,17077730,17207986,TRUE,FALSE
chr11_17097688,constitutive,chr11,17097688,PIK3C2A,17077730,17207986,TRUE,FALSE
chr11_17097711,constitutive,chr11,17097711,PIK3C2A,17077730,17207986,TRUE,FALSE
chr11_17097786,constitutive,chr11,17097786,PIK3C2A,17077730,17207986,TRUE,FALSE
chr11_17097806,constitutive,chr11,17097806,PIK3C2A,17077730,17207986,TRUE,FALSE
chr11_17097871,constitutive,chr11,17097871,PIK3C2A,17077730,17207986,TRUE,FALSE
chr11_17098340,constitutive,chr11,17098340,PIK3C2A,17077730,17207986,TRUE,FALSE
chr11_17098557,ambiguous,chr11,17098557,PIK3C2A,17077730,17207986,TRUE,FALSE
chr11_17098925,constitutive,chr11,17098925,PIK3C2A,17077730,17207986,TRUE,FALSE
chr11_17098956,constitutive,chr11,17098956,PIK3C2A,17077730,17207986,TRUE,FALSE
chr11_17098964,constitutive,chr11,17098964,PIK3C2A,17077730,17207986,TRUE,FALSE
chr11_17098998,constitutive,chr11,17098998,PIK3C2A,17077730,17207986,TRUE,FALSE
chr11_17099044,constitutive,chr11,17099044,PIK3C2A,17077730,17207986,TRUE,FALSE
chr11_17099056,constitutive,chr11,17099056,PIK3C2A,17077730,17207986,TRUE,FALSE
chr11_17099083,constitutive,chr11,17099083,PIK3C2A,17077730,17207986,TRUE,FALSE
chr11_17099137,constitutive,chr11,17099137,PIK3C2A,17077730,17207986,TRUE,FALSE
chr11_17099141,constitutive,chr11,17099141,PIK3C2A,17077730,17207986,TRUE,FALSE
chr11_17099146,constitutive,chr11,17099146,PIK3C2A,17077730,17207986,TRUE,FALSE
chr11_17099174,constitutive,chr11,17099174,PIK3C2A,17077730,17207986,TRUE,FALSE
chr11_17099186,constitutive,chr11,17099186,PIK3C2A,17077730,17207986,TRUE,FALSE
chr11_17099419,constitutive,chr11,17099419,PIK3C2A,17077730,17207986,TRUE,FALSE
chr11_17099461,constitutive,chr11,17099461,PIK3C2A,17077730,17207986,TRUE,FALSE
chr11_17099478,constitutive,chr11,17099478,PIK3C2A,17077730,17207986,TRUE,FALSE
chr11_17099885,constitutive,chr11,17099885,PIK3C2A,17077730,17207986,TRUE,FALSE
chr11_17099918,constitutive,chr11,17099918,PIK3C2A,17077730,17207986,TRUE,FALSE
chr11_17100276,constitutive,chr11,17100276,PIK3C2A,17077730,17207986,TRUE,FALSE
chr11_17100360,constitutive,chr11,17100360,PIK3C2A,17077730,17207986,TRUE,FALSE
chr11_17100377,constitutive,chr11,17100377,PIK3C2A,17077730,17207986,TRUE,FALSE
chr11_17100441,constitutive,chr11,17100441,PIK3C2A,17077730,17207986,TRUE,FALSE
chr11_17100464,constitutive,chr11,17100464,PIK3C2A,17077730,17207986,TRUE,FALSE
chr11_17100511,constitutive,chr11,17100511,PIK3C2A,17077730,17207986,TRUE,FALSE
chr11_17100513,constitutive,chr11,17100513,PIK3C2A,17077730,17207986,TRUE,FALSE
chr11_17100871,constitutive,chr11,17100871,PIK3C2A,17077730,17207986,TRUE,FALSE
chr11_17100894,constitutive,chr11,17100894,PIK3C2A,17077730,17207986,TRUE,FALSE
chr11_17101126,constitutive,chr11,17101126,PIK3C2A,17077730,17207986,TRUE,FALSE
chr11_17101363,constitutive,chr11,17101363,PIK3C2A,17077730,17207986,TRUE,FALSE
chr11_17101429,constitutive,chr11,17101429,PIK3C2A,17077730,17207986,TRUE,FALSE
chr11_17101642,constitutive,chr11,17101642,PIK3C2A,17077730,17207986,TRUE,FALSE
chr11_17101664,constitutive,chr11,17101664,PIK3C2A,17077730,17207986,TRUE,FALSE
chr11_17101666,constitutive,chr11,17101666,PIK3C2A,17077730,17207986,TRUE,FALSE
chr11_17101728,constitutive,chr11,17101728,PIK3C2A,17077730,17207986,TRUE,FALSE
chr11_17101736,constitutive,chr11,17101736,PIK3C2A,17077730,17207986,TRUE,FALSE
chr11_17101752,constitutive,chr11,17101752,PIK3C2A,17077730,17207986,TRUE,FALSE
chr11_17101764,ambiguous,chr11,17101764,PIK3C2A,17077730,17207986,TRUE,FALSE
chr11_17101793,ambiguous,chr11,17101793,PIK3C2A,17077730,17207986,TRUE,FALSE
chr11_17101824,ambiguous,chr11,17101824,PIK3C2A,17077730,17207986,TRUE,FALSE
chr11_17101882,constitutive,chr11,17101882,PIK3C2A,17077730,17207986,TRUE,FALSE
chr11_17101898,constitutive,chr11,17101898,PIK3C2A,17077730,17207986,TRUE,FALSE
chr11_17102066,constitutive,chr11,17102066,PIK3C2A,17077730,17207986,TRUE,FALSE
chr11_17102077,constitutive,chr11,17102077,PIK3C2A,17077730,17207986,TRUE,FALSE
chr11_17102160,constitutive,chr11,17102160,PIK3C2A,17077730,17207986,TRUE,FALSE
chr11_17102174,constitutive,chr11,17102174,PIK3C2A,17077730,17207986,TRUE,FALSE
chr11_17102202,constitutive,chr11,17102202,PIK3C2A,17077730,17207986,TRUE,FALSE
chr11_17102207,constitutive,chr11,17102207,PIK3C2A,17077730,17207986,TRUE,FALSE
chr11_17102232,constitutive,chr11,17102232,PIK3C2A,17077730,17207986,TRUE,FALSE
chr11_17102252,constitutive,chr11,17102252,PIK3C2A,17077730,17207986,TRUE,FALSE
chr11_17102263,constitutive,chr11,17102263,PIK3C2A,17077730,17207986,TRUE,FALSE
chr11_17102293,constitutive,chr11,17102293,PIK3C2A,17077730,17207986,TRUE,FALSE
chr11_17102353,constitutive,chr11,17102353,PIK3C2A,17077730,17207986,TRUE,FALSE
chr11_17102361,constitutive,chr11,17102361,PIK3C2A,17077730,17207986,TRUE,FALSE
chr11_17102368,constitutive,chr11,17102368,PIK3C2A,17077730,17207986,TRUE,FALSE
chr11_17102385,constitutive,chr11,17102385,PIK3C2A,17077730,17207986,TRUE,FALSE
chr11_17102391,constitutive,chr11,17102391,PIK3C2A,17077730,17207986,TRUE,FALSE
chr11_17102415,constitutive,chr11,17102415,PIK3C2A,17077730,17207986,TRUE,FALSE
chr11_17102431,constitutive,chr11,17102431,PIK3C2A,17077730,17207986,TRUE,FALSE
chr11_17102574,constitutive,chr11,17102574,PIK3C2A,17077730,17207986,TRUE,FALSE
chr11_17102576,constitutive,chr11,17102576,PIK3C2A,17077730,17207986,TRUE,FALSE
chr11_17102730,constitutive,chr11,17102730,PIK3C2A,17077730,17207986,TRUE,FALSE
chr11_17102737,constitutive,chr11,17102737,PIK3C2A,17077730,17207986,TRUE,FALSE
chr11_17102761,constitutive,chr11,17102761,PIK3C2A,17077730,17207986,TRUE,FALSE
chr11_17103093,ambiguous,chr11,17103093,PIK3C2A,17077730,17207986,TRUE,FALSE
chr11_17103119,constitutive,chr11,17103119,PIK3C2A,17077730,17207986,TRUE,FALSE
chr11_17104053,ambiguous,chr11,17104053,PIK3C2A,17077730,17207986,TRUE,FALSE
chr11_17104453,constitutive,chr11,17104453,PIK3C2A,17077730,17207986,TRUE,FALSE
chr11_17104463,constitutive,chr11,17104463,PIK3C2A,17077730,17207986,TRUE,FALSE
chr11_17104496,constitutive,chr11,17104496,PIK3C2A,17077730,17207986,TRUE,FALSE
chr11_17104500,constitutive,chr11,17104500,PIK3C2A,17077730,17207986,TRUE,FALSE
chr11_17104521,constitutive,chr11,17104521,PIK3C2A,17077730,17207986,TRUE,FALSE
chr11_17104532,constitutive,chr11,17104532,PIK3C2A,17077730,17207986,TRUE,FALSE
chr11_17104585,constitutive,chr11,17104585,PIK3C2A,17077730,17207986,TRUE,FALSE
chr11_17104597,constitutive,chr11,17104597,PIK3C2A,17077730,17207986,TRUE,FALSE
chr11_17104641,constitutive,chr11,17104641,PIK3C2A,17077730,17207986,TRUE,FALSE
chr11_17104656,constitutive,chr11,17104656,PIK3C2A,17077730,17207986,TRUE,FALSE
chr11_17104673,constitutive,chr11,17104673,PIK3C2A,17077730,17207986,TRUE,FALSE
chr11_17104681,constitutive,chr11,17104681,PIK3C2A,17077730,17207986,TRUE,FALSE
chr11_17104781,constitutive,chr11,17104781,PIK3C2A,17077730,17207986,TRUE,FALSE
chr11_17105008,constitutive,chr11,17105008,PIK3C2A,17077730,17207986,TRUE,FALSE
chr11_17105279,constitutive,chr11,17105279,PIK3C2A,17077730,17207986,TRUE,FALSE
chr11_17105417,constitutive,chr11,17105417,PIK3C2A,17077730,17207986,TRUE,FALSE
chr11_17105485,constitutive,chr11,17105485,PIK3C2A,17077730,17207986,TRUE,FALSE
chr11_17105506,constitutive,chr11,17105506,PIK3C2A,17077730,17207986,TRUE,FALSE
chr11_17105600,ambiguous,chr11,17105600,PIK3C2A,17077730,17207986,TRUE,FALSE
chr11_17105846,constitutive,chr11,17105846,PIK3C2A,17077730,17207986,TRUE,FALSE
chr11_17105874,constitutive,chr11,17105874,PIK3C2A,17077730,17207986,TRUE,FALSE
chr11_17105937,constitutive,chr11,17105937,PIK3C2A,17077730,17207986,TRUE,FALSE
chr11_17105964,constitutive,chr11,17105964,PIK3C2A,17077730,17207986,TRUE,FALSE
chr11_17105969,constitutive,chr11,17105969,PIK3C2A,17077730,17207986,TRUE,FALSE
chr11_17106376,constitutive,chr11,17106376,PIK3C2A,17077730,17207986,TRUE,FALSE
chr11_17106390,constitutive,chr11,17106390,PIK3C2A,17077730,17207986,TRUE,FALSE
chr11_17106396,constitutive,chr11,17106396,PIK3C2A,17077730,17207986,TRUE,FALSE
chr11_17106446,constitutive,chr11,17106446,PIK3C2A,17077730,17207986,TRUE,FALSE
chr11_17106684,constitutive,chr11,17106684,PIK3C2A,17077730,17207986,TRUE,FALSE
chr11_17106721,constitutive,chr11,17106721,PIK3C2A,17077730,17207986,TRUE,FALSE
chr11_17106731,constitutive,chr11,17106731,PIK3C2A,17077730,17207986,TRUE,FALSE
chr11_17106880,constitutive,chr11,17106880,PIK3C2A,17077730,17207986,TRUE,FALSE
chr11_17106892,constitutive,chr11,17106892,PIK3C2A,17077730,17207986,TRUE,FALSE
chr11_17107039,constitutive,chr11,17107039,PIK3C2A,17077730,17207986,TRUE,FALSE
chr11_17107079,constitutive,chr11,17107079,PIK3C2A,17077730,17207986,TRUE,FALSE
chr11_17107084,constitutive,chr11,17107084,PIK3C2A,17077730,17207986,TRUE,FALSE
chr11_17107109,constitutive,chr11,17107109,PIK3C2A,17077730,17207986,TRUE,FALSE
chr11_17107169,constitutive,chr11,17107169,PIK3C2A,17077730,17207986,TRUE,FALSE
chr11_17107176,constitutive,chr11,17107176,PIK3C2A,17077730,17207986,TRUE,FALSE
chr11_17107181,constitutive,chr11,17107181,PIK3C2A,17077730,17207986,TRUE,FALSE
chr11_17107205,ambiguous,chr11,17107205,PIK3C2A,17077730,17207986,TRUE,FALSE
chr11_17107244,constitutive,chr11,17107244,PIK3C2A,17077730,17207986,TRUE,FALSE
chr11_17107269,constitutive,chr11,17107269,PIK3C2A,17077730,17207986,TRUE,FALSE
chr11_17107307,constitutive,chr11,17107307,PIK3C2A,17077730,17207986,TRUE,FALSE
chr11_17107549,constitutive,chr11,17107549,PIK3C2A,17077730,17207986,TRUE,FALSE
chr11_17107586,constitutive,chr11,17107586,PIK3C2A,17077730,17207986,TRUE,FALSE
chr11_17107794,constitutive,chr11,17107794,PIK3C2A,17077730,17207986,TRUE,FALSE
chr11_17107932,constitutive,chr11,17107932,PIK3C2A,17077730,17207986,TRUE,FALSE
chr11_17107964,ambiguous,chr11,17107964,PIK3C2A,17077730,17207986,TRUE,FALSE
chr11_17108027,ambiguous,chr11,17108027,PIK3C2A,17077730,17207986,TRUE,FALSE
chr11_17108118,constitutive,chr11,17108118,PIK3C2A,17077730,17207986,TRUE,FALSE
chr11_17108123,constitutive,chr11,17108123,PIK3C2A,17077730,17207986,TRUE,FALSE
chr11_17108163,constitutive,chr11,17108163,PIK3C2A,17077730,17207986,TRUE,FALSE
chr11_17108225,ambiguous,chr11,17108225,PIK3C2A,17077730,17207986,TRUE,FALSE
chr11_17108334,constitutive,chr11,17108334,PIK3C2A,17077730,17207986,TRUE,FALSE
chr11_17108385,constitutive,chr11,17108385,PIK3C2A,17077730,17207986,TRUE,FALSE
chr11_17108398,constitutive,chr11,17108398,PIK3C2A,17077730,17207986,TRUE,FALSE
chr11_17108404,constitutive,chr11,17108404,PIK3C2A,17077730,17207986,TRUE,FALSE
chr11_17108410,constitutive,chr11,17108410,PIK3C2A,17077730,17207986,TRUE,FALSE
chr11_17109062,constitutive,chr11,17109062,PIK3C2A,17077730,17207986,TRUE,FALSE
chr11_17109135,constitutive,chr11,17109135,PIK3C2A,17077730,17207986,TRUE,FALSE
chr11_17109219,constitutive,chr11,17109219,PIK3C2A,17077730,17207986,TRUE,FALSE
chr11_17109994,constitutive,chr11,17109994,PIK3C2A,17077730,17207986,TRUE,FALSE
chr11_17110021,constitutive,chr11,17110021,PIK3C2A,17077730,17207986,TRUE,FALSE
chr11_17110038,constitutive,chr11,17110038,PIK3C2A,17077730,17207986,TRUE,FALSE
chr11_17110248,constitutive,chr11,17110248,PIK3C2A,17077730,17207986,TRUE,FALSE
chr11_17110364,constitutive,chr11,17110364,PIK3C2A,17077730,17207986,TRUE,FALSE
chr11_17110434,constitutive,chr11,17110434,PIK3C2A,17077730,17207986,TRUE,FALSE
chr11_17110545,constitutive,chr11,17110545,PIK3C2A,17077730,17207986,TRUE,FALSE
chr11_17110689,ME,chr11,17110689,PIK3C2A,17077730,17207986,TRUE,FALSE
chr11_17110721,constitutive,chr11,17110721,PIK3C2A,17077730,17207986,TRUE,FALSE
chr11_17110976,constitutive,chr11,17110976,PIK3C2A,17077730,17207986,TRUE,FALSE
chr11_17110993,constitutive,chr11,17110993,PIK3C2A,17077730,17207986,TRUE,FALSE
chr11_17111109,ambiguous,chr11,17111109,PIK3C2A,17077730,17207986,TRUE,FALSE
chr11_17111127,constitutive,chr11,17111127,PIK3C2A,17077730,17207986,TRUE,FALSE
chr11_17111614,constitutive,chr11,17111614,PIK3C2A,17077730,17207986,TRUE,FALSE
chr11_17111642,constitutive,chr11,17111642,PIK3C2A,17077730,17207986,TRUE,FALSE
chr11_17111647,constitutive,chr11,17111647,PIK3C2A,17077730,17207986,TRUE,FALSE
chr11_17111674,constitutive,chr11,17111674,PIK3C2A,17077730,17207986,TRUE,FALSE
chr11_17111737,constitutive,chr11,17111737,PIK3C2A,17077730,17207986,TRUE,FALSE
chr11_17111747,constitutive,chr11,17111747,PIK3C2A,17077730,17207986,TRUE,FALSE
chr11_17111833,constitutive,chr11,17111833,PIK3C2A,17077730,17207986,TRUE,FALSE
chr11_17112086,constitutive,chr11,17112086,PIK3C2A,17077730,17207986,TRUE,FALSE
chr11_17112158,constitutive,chr11,17112158,PIK3C2A,17077730,17207986,TRUE,FALSE
chr11_17112177,constitutive,chr11,17112177,PIK3C2A,17077730,17207986,TRUE,FALSE
chr11_17112179,constitutive,chr11,17112179,PIK3C2A,17077730,17207986,TRUE,FALSE
chr11_17112217,constitutive,chr11,17112217,PIK3C2A,17077730,17207986,TRUE,FALSE
chr11_17112272,constitutive,chr11,17112272,PIK3C2A,17077730,17207986,TRUE,FALSE
chr11_17112280,constitutive,chr11,17112280,PIK3C2A,17077730,17207986,TRUE,FALSE
chr11_17112309,constitutive,chr11,17112309,PIK3C2A,17077730,17207986,TRUE,FALSE
chr11_17112401,constitutive,chr11,17112401,PIK3C2A,17077730,17207986,TRUE,FALSE
chr11_17112431,constitutive,chr11,17112431,PIK3C2A,17077730,17207986,TRUE,FALSE
chr11_17112664,constitutive,chr11,17112664,PIK3C2A,17077730,17207986,TRUE,FALSE
chr11_17112735,constitutive,chr11,17112735,PIK3C2A,17077730,17207986,TRUE,FALSE
chr11_17112811,constitutive,chr11,17112811,PIK3C2A,17077730,17207986,TRUE,FALSE
chr11_17113136,constitutive,chr11,17113136,PIK3C2A,17077730,17207986,TRUE,FALSE
chr11_17113160,constitutive,chr11,17113160,PIK3C2A,17077730,17207986,TRUE,FALSE
chr11_17113172,constitutive,chr11,17113172,PIK3C2A,17077730,17207986,TRUE,FALSE
chr11_17113220,constitutive,chr11,17113220,PIK3C2A,17077730,17207986,TRUE,FALSE
chr11_17113274,constitutive,chr11,17113274,PIK3C2A,17077730,17207986,TRUE,FALSE
chr11_17113357,constitutive,chr11,17113357,PIK3C2A,17077730,17207986,TRUE,FALSE
chr11_17113512,constitutive,chr11,17113512,PIK3C2A,17077730,17207986,TRUE,FALSE
chr11_17113579,constitutive,chr11,17113579,PIK3C2A,17077730,17207986,TRUE,FALSE
chr11_17113599,constitutive,chr11,17113599,PIK3C2A,17077730,17207986,TRUE,FALSE
chr11_17113602,constitutive,chr11,17113602,PIK3C2A,17077730,17207986,TRUE,FALSE
chr11_17113610,constitutive,chr11,17113610,PIK3C2A,17077730,17207986,TRUE,FALSE
chr11_17113642,constitutive,chr11,17113642,PIK3C2A,17077730,17207986,TRUE,FALSE
chr11_17113666,constitutive,chr11,17113666,PIK3C2A,17077730,17207986,TRUE,FALSE
chr11_17113713,constitutive,chr11,17113713,PIK3C2A,17077730,17207986,TRUE,FALSE
chr11_17113720,constitutive,chr11,17113720,PIK3C2A,17077730,17207986,TRUE,FALSE
chr11_17113730,constitutive,chr11,17113730,PIK3C2A,17077730,17207986,TRUE,FALSE
chr11_17113847,constitutive,chr11,17113847,PIK3C2A,17077730,17207986,TRUE,FALSE
chr11_17113856,constitutive,chr11,17113856,PIK3C2A,17077730,17207986,TRUE,FALSE
chr11_17113863,constitutive,chr11,17113863,PIK3C2A,17077730,17207986,TRUE,FALSE
chr11_17113948,constitutive,chr11,17113948,PIK3C2A,17077730,17207986,TRUE,FALSE
chr11_17113994,constitutive,chr11,17113994,PIK3C2A,17077730,17207986,TRUE,FALSE
chr11_17114034,constitutive,chr11,17114034,PIK3C2A,17077730,17207986,TRUE,FALSE
chr11_17114407,constitutive,chr11,17114407,PIK3C2A,17077730,17207986,TRUE,FALSE
chr11_17114440,constitutive,chr11,17114440,PIK3C2A,17077730,17207986,TRUE,FALSE
chr11_17114570,constitutive,chr11,17114570,PIK3C2A,17077730,17207986,TRUE,FALSE
chr11_17114679,constitutive,chr11,17114679,PIK3C2A,17077730,17207986,TRUE,FALSE
chr11_17114788,ambiguous,chr11,17114788,PIK3C2A,17077730,17207986,TRUE,FALSE
chr11_17114882,constitutive,chr11,17114882,PIK3C2A,17077730,17207986,TRUE,FALSE
chr11_17115115,constitutive,chr11,17115115,PIK3C2A,17077730,17207986,TRUE,FALSE
chr11_17115446,ambiguous,chr11,17115446,PIK3C2A,17077730,17207986,TRUE,FALSE
chr11_17115676,constitutive,chr11,17115676,PIK3C2A,17077730,17207986,TRUE,FALSE
chr11_17115692,constitutive,chr11,17115692,PIK3C2A,17077730,17207986,TRUE,FALSE
chr11_17115752,constitutive,chr11,17115752,PIK3C2A,17077730,17207986,TRUE,FALSE
chr11_17115789,constitutive,chr11,17115789,PIK3C2A,17077730,17207986,TRUE,FALSE
chr11_17115898,constitutive,chr11,17115898,PIK3C2A,17077730,17207986,TRUE,FALSE
chr11_17116337,ambiguous,chr11,17116337,PIK3C2A,17077730,17207986,TRUE,FALSE
chr11_17116628,constitutive,chr11,17116628,PIK3C2A,17077730,17207986,TRUE,FALSE
chr11_17116652,constitutive,chr11,17116652,PIK3C2A,17077730,17207986,TRUE,FALSE
chr11_17116658,constitutive,chr11,17116658,PIK3C2A,17077730,17207986,TRUE,FALSE
chr11_17116675,constitutive,chr11,17116675,PIK3C2A,17077730,17207986,TRUE,FALSE
chr11_17116682,constitutive,chr11,17116682,PIK3C2A,17077730,17207986,TRUE,FALSE
chr11_17116690,constitutive,chr11,17116690,PIK3C2A,17077730,17207986,TRUE,FALSE
chr11_17116714,constitutive,chr11,17116714,PIK3C2A,17077730,17207986,TRUE,FALSE
chr11_17116734,constitutive,chr11,17116734,PIK3C2A,17077730,17207986,TRUE,FALSE
chr11_17116738,constitutive,chr11,17116738,PIK3C2A,17077730,17207986,TRUE,FALSE
chr11_17116779,constitutive,chr11,17116779,PIK3C2A,17077730,17207986,TRUE,FALSE
chr11_17116810,constitutive,chr11,17116810,PIK3C2A,17077730,17207986,TRUE,FALSE
chr11_17116824,constitutive,chr11,17116824,PIK3C2A,17077730,17207986,TRUE,FALSE
chr11_17116835,constitutive,chr11,17116835,PIK3C2A,17077730,17207986,TRUE,FALSE
chr11_17116880,constitutive,chr11,17116880,PIK3C2A,17077730,17207986,TRUE,FALSE
chr11_17117118,ME,chr11,17117118,PIK3C2A,17077730,17207986,TRUE,FALSE
chr11_17117557,constitutive,chr11,17117557,PIK3C2A,17077730,17207986,TRUE,FALSE
chr11_17117585,constitutive,chr11,17117585,PIK3C2A,17077730,17207986,TRUE,FALSE
chr11_17117625,constitutive,chr11,17117625,PIK3C2A,17077730,17207986,TRUE,FALSE
chr11_17117630,constitutive,chr11,17117630,PIK3C2A,17077730,17207986,TRUE,FALSE
chr11_17117701,constitutive,chr11,17117701,PIK3C2A,17077730,17207986,TRUE,FALSE
chr11_17117749,constitutive,chr11,17117749,PIK3C2A,17077730,17207986,TRUE,FALSE
chr11_17117774,constitutive,chr11,17117774,PIK3C2A,17077730,17207986,TRUE,FALSE
chr11_17117782,constitutive,chr11,17117782,PIK3C2A,17077730,17207986,TRUE,FALSE
chr11_17117814,constitutive,chr11,17117814,PIK3C2A,17077730,17207986,TRUE,FALSE
chr11_17117874,constitutive,chr11,17117874,PIK3C2A,17077730,17207986,TRUE,FALSE
chr11_17117934,constitutive,chr11,17117934,PIK3C2A,17077730,17207986,TRUE,FALSE
chr11_17117955,constitutive,chr11,17117955,PIK3C2A,17077730,17207986,TRUE,FALSE
chr11_17117964,constitutive,chr11,17117964,PIK3C2A,17077730,17207986,TRUE,FALSE
chr11_17117992,constitutive,chr11,17117992,PIK3C2A,17077730,17207986,TRUE,FALSE
chr11_17118008,constitutive,chr11,17118008,PIK3C2A,17077730,17207986,TRUE,FALSE
chr11_17118170,constitutive,chr11,17118170,PIK3C2A,17077730,17207986,TRUE,FALSE
chr11_17118232,constitutive,chr11,17118232,PIK3C2A,17077730,17207986,TRUE,FALSE
chr11_17118310,constitutive,chr11,17118310,PIK3C2A,17077730,17207986,TRUE,FALSE
chr11_17118364,constitutive,chr11,17118364,PIK3C2A,17077730,17207986,TRUE,FALSE
chr11_17118419,constitutive,chr11,17118419,PIK3C2A,17077730,17207986,TRUE,FALSE
chr11_17118618,constitutive,chr11,17118618,PIK3C2A,17077730,17207986,TRUE,FALSE
chr11_17119124,ambiguous,chr11,17119124,PIK3C2A,17077730,17207986,TRUE,FALSE
chr11_17119886,constitutive,chr11,17119886,PIK3C2A,17077730,17207986,TRUE,FALSE
chr11_17119936,ambiguous,chr11,17119936,PIK3C2A,17077730,17207986,TRUE,FALSE
chr11_17120155,constitutive,chr11,17120155,PIK3C2A,17077730,17207986,TRUE,FALSE
chr11_17120325,constitutive,chr11,17120325,PIK3C2A,17077730,17207986,TRUE,FALSE
chr11_17120456,constitutive,chr11,17120456,PIK3C2A,17077730,17207986,TRUE,FALSE
chr11_17120682,constitutive,chr11,17120682,PIK3C2A,17077730,17207986,TRUE,FALSE
chr11_17120717,constitutive,chr11,17120717,PIK3C2A,17077730,17207986,TRUE,FALSE
chr11_17120840,constitutive,chr11,17120840,PIK3C2A,17077730,17207986,TRUE,FALSE
chr11_17120872,constitutive,chr11,17120872,PIK3C2A,17077730,17207986,TRUE,FALSE
chr11_17120895,constitutive,chr11,17120895,PIK3C2A,17077730,17207986,TRUE,FALSE
chr11_17120912,constitutive,chr11,17120912,PIK3C2A,17077730,17207986,TRUE,FALSE
chr11_17121009,constitutive,chr11,17121009,PIK3C2A,17077730,17207986,TRUE,FALSE
chr11_17121408,constitutive,chr11,17121408,PIK3C2A,17077730,17207986,TRUE,FALSE
chr11_17121419,constitutive,chr11,17121419,PIK3C2A,17077730,17207986,TRUE,FALSE
chr11_17121845,constitutive,chr11,17121845,PIK3C2A,17077730,17207986,TRUE,FALSE
chr11_17122004,constitutive,chr11,17122004,PIK3C2A,17077730,17207986,TRUE,FALSE
chr11_17122427,constitutive,chr11,17122427,PIK3C2A,17077730,17207986,TRUE,FALSE
chr11_17122819,constitutive,chr11,17122819,PIK3C2A,17077730,17207986,TRUE,FALSE
chr11_17123244,ambiguous,chr11,17123244,PIK3C2A,17077730,17207986,TRUE,FALSE
chr11_17123395,constitutive,chr11,17123395,PIK3C2A,17077730,17207986,TRUE,FALSE
chr11_17123455,constitutive,chr11,17123455,PIK3C2A,17077730,17207986,TRUE,FALSE
chr11_17123473,constitutive,chr11,17123473,PIK3C2A,17077730,17207986,TRUE,FALSE
chr11_17123527,constitutive,chr11,17123527,PIK3C2A,17077730,17207986,TRUE,FALSE
chr11_17123549,constitutive,chr11,17123549,PIK3C2A,17077730,17207986,TRUE,FALSE
chr11_17123888,constitutive,chr11,17123888,PIK3C2A,17077730,17207986,TRUE,FALSE
chr11_17124089,constitutive,chr11,17124089,PIK3C2A,17077730,17207986,TRUE,FALSE
chr11_17124091,constitutive,chr11,17124091,PIK3C2A,17077730,17207986,TRUE,FALSE
chr11_17124161,constitutive,chr11,17124161,PIK3C2A,17077730,17207986,TRUE,FALSE
chr11_17124478,constitutive,chr11,17124478,PIK3C2A,17077730,17207986,TRUE,FALSE
chr11_17124494,constitutive,chr11,17124494,PIK3C2A,17077730,17207986,TRUE,FALSE
chr11_17124689,constitutive,chr11,17124689,PIK3C2A,17077730,17207986,TRUE,FALSE
chr11_17125199,constitutive,chr11,17125199,PIK3C2A,17077730,17207986,TRUE,FALSE
chr11_17125341,constitutive,chr11,17125341,PIK3C2A,17077730,17207986,TRUE,FALSE
chr11_17125434,constitutive,chr11,17125434,PIK3C2A,17077730,17207986,TRUE,FALSE
chr11_17125544,constitutive,chr11,17125544,PIK3C2A,17077730,17207986,TRUE,FALSE
chr11_17125552,constitutive,chr11,17125552,PIK3C2A,17077730,17207986,TRUE,FALSE
chr11_17125582,constitutive,chr11,17125582,PIK3C2A,17077730,17207986,TRUE,FALSE
chr11_17125607,constitutive,chr11,17125607,PIK3C2A,17077730,17207986,TRUE,FALSE
chr11_17125626,constitutive,chr11,17125626,PIK3C2A,17077730,17207986,TRUE,FALSE
chr11_17125661,constitutive,chr11,17125661,PIK3C2A,17077730,17207986,TRUE,FALSE
chr11_17125715,constitutive,chr11,17125715,PIK3C2A,17077730,17207986,TRUE,FALSE
chr11_17125746,constitutive,chr11,17125746,PIK3C2A,17077730,17207986,TRUE,FALSE
chr11_17125794,constitutive,chr11,17125794,PIK3C2A,17077730,17207986,TRUE,FALSE
chr11_17125907,constitutive,chr11,17125907,PIK3C2A,17077730,17207986,TRUE,FALSE
chr11_17125921,constitutive,chr11,17125921,PIK3C2A,17077730,17207986,TRUE,FALSE
chr11_17126286,constitutive,chr11,17126286,PIK3C2A,17077730,17207986,TRUE,FALSE
chr11_17126305,constitutive,chr11,17126305,PIK3C2A,17077730,17207986,TRUE,FALSE
chr11_17126315,constitutive,chr11,17126315,PIK3C2A,17077730,17207986,TRUE,FALSE
chr11_17126322,constitutive,chr11,17126322,PIK3C2A,17077730,17207986,TRUE,FALSE
chr11_17126684,constitutive,chr11,17126684,PIK3C2A,17077730,17207986,TRUE,FALSE
chr11_17126709,constitutive,chr11,17126709,PIK3C2A,17077730,17207986,TRUE,FALSE
chr11_17127271,constitutive,chr11,17127271,PIK3C2A,17077730,17207986,TRUE,FALSE
chr11_17127339,constitutive,chr11,17127339,PIK3C2A,17077730,17207986,TRUE,FALSE
chr11_17127369,ambiguous,chr11,17127369,PIK3C2A,17077730,17207986,TRUE,FALSE
chr11_17127457,constitutive,chr11,17127457,PIK3C2A,17077730,17207986,TRUE,FALSE
chr11_17127776,constitutive,chr11,17127776,PIK3C2A,17077730,17207986,TRUE,FALSE
chr11_17128039,constitutive,chr11,17128039,PIK3C2A,17077730,17207986,TRUE,FALSE
chr11_17128290,constitutive,chr11,17128290,PIK3C2A,17077730,17207986,TRUE,FALSE
chr11_17128613,constitutive,chr11,17128613,PIK3C2A,17077730,17207986,TRUE,FALSE
chr11_17128956,ambiguous,chr11,17128956,PIK3C2A,17077730,17207986,TRUE,FALSE
chr11_17129031,ambiguous,chr11,17129031,PIK3C2A,17077730,17207986,TRUE,FALSE
chr11_17129287,ambiguous,chr11,17129287,PIK3C2A,17077730,17207986,TRUE,FALSE
chr11_17129300,ambiguous,chr11,17129300,PIK3C2A,17077730,17207986,TRUE,FALSE
chr11_17129616,constitutive,chr11,17129616,PIK3C2A,17077730,17207986,TRUE,FALSE
chr11_17129654,constitutive,chr11,17129654,PIK3C2A,17077730,17207986,TRUE,FALSE
chr11_17129677,constitutive,chr11,17129677,PIK3C2A,17077730,17207986,TRUE,FALSE
chr11_17129709,constitutive,chr11,17129709,PIK3C2A,17077730,17207986,TRUE,FALSE
chr11_17129748,constitutive,chr11,17129748,PIK3C2A,17077730,17207986,TRUE,FALSE
chr11_17129763,constitutive,chr11,17129763,PIK3C2A,17077730,17207986,TRUE,FALSE
chr11_17129780,constitutive,chr11,17129780,PIK3C2A,17077730,17207986,TRUE,FALSE
chr11_17129866,constitutive,chr11,17129866,PIK3C2A,17077730,17207986,TRUE,FALSE
chr11_17129878,constitutive,chr11,17129878,PIK3C2A,17077730,17207986,TRUE,FALSE
chr11_17130448,constitutive,chr11,17130448,PIK3C2A,17077730,17207986,TRUE,FALSE
chr11_17130526,constitutive,chr11,17130526,PIK3C2A,17077730,17207986,TRUE,FALSE
chr11_17130579,constitutive,chr11,17130579,PIK3C2A,17077730,17207986,TRUE,FALSE
chr11_17130731,constitutive,chr11,17130731,PIK3C2A,17077730,17207986,TRUE,FALSE
chr11_17130904,constitutive,chr11,17130904,PIK3C2A,17077730,17207986,TRUE,FALSE
chr11_17130912,constitutive,chr11,17130912,PIK3C2A,17077730,17207986,TRUE,FALSE
chr11_17130914,constitutive,chr11,17130914,PIK3C2A,17077730,17207986,TRUE,FALSE
chr11_17130924,constitutive,chr11,17130924,PIK3C2A,17077730,17207986,TRUE,FALSE
chr11_17130952,constitutive,chr11,17130952,PIK3C2A,17077730,17207986,TRUE,FALSE
chr11_17130961,constitutive,chr11,17130961,PIK3C2A,17077730,17207986,TRUE,FALSE
chr11_17131048,constitutive,chr11,17131048,PIK3C2A,17077730,17207986,TRUE,FALSE
chr11_17131056,constitutive,chr11,17131056,PIK3C2A,17077730,17207986,TRUE,FALSE
chr11_17131112,constitutive,chr11,17131112,PIK3C2A,17077730,17207986,TRUE,FALSE
chr11_17131183,constitutive,chr11,17131183,PIK3C2A,17077730,17207986,TRUE,FALSE
chr11_17131214,constitutive,chr11,17131214,PIK3C2A,17077730,17207986,TRUE,FALSE
chr11_17131298,constitutive,chr11,17131298,PIK3C2A,17077730,17207986,TRUE,FALSE
chr11_17131476,constitutive,chr11,17131476,PIK3C2A,17077730,17207986,TRUE,FALSE
chr11_17131514,constitutive,chr11,17131514,PIK3C2A,17077730,17207986,TRUE,FALSE
chr11_17131546,constitutive,chr11,17131546,PIK3C2A,17077730,17207986,TRUE,FALSE
chr11_17131622,constitutive,chr11,17131622,PIK3C2A,17077730,17207986,TRUE,FALSE
chr11_17131642,constitutive,chr11,17131642,PIK3C2A,17077730,17207986,TRUE,FALSE
chr11_17131663,constitutive,chr11,17131663,PIK3C2A,17077730,17207986,TRUE,FALSE
chr11_17131667,constitutive,chr11,17131667,PIK3C2A,17077730,17207986,TRUE,FALSE
chr11_17131712,constitutive,chr11,17131712,PIK3C2A,17077730,17207986,TRUE,FALSE
chr11_17131720,constitutive,chr11,17131720,PIK3C2A,17077730,17207986,TRUE,FALSE
chr11_17132345,constitutive,chr11,17132345,PIK3C2A,17077730,17207986,TRUE,FALSE
chr11_17132353,constitutive,chr11,17132353,PIK3C2A,17077730,17207986,TRUE,FALSE
chr11_17132361,constitutive,chr11,17132361,PIK3C2A,17077730,17207986,TRUE,FALSE
chr11_17132370,constitutive,chr11,17132370,PIK3C2A,17077730,17207986,TRUE,FALSE
chr11_17132377,constitutive,chr11,17132377,PIK3C2A,17077730,17207986,TRUE,FALSE
chr11_17132390,constitutive,chr11,17132390,PIK3C2A,17077730,17207986,TRUE,FALSE
chr11_17132398,constitutive,chr11,17132398,PIK3C2A,17077730,17207986,TRUE,FALSE
chr11_17132608,constitutive,chr11,17132608,PIK3C2A,17077730,17207986,TRUE,FALSE
chr11_17132618,constitutive,chr11,17132618,PIK3C2A,17077730,17207986,TRUE,FALSE
chr11_17132620,constitutive,chr11,17132620,PIK3C2A,17077730,17207986,TRUE,FALSE
chr11_17133071,constitutive,chr11,17133071,PIK3C2A,17077730,17207986,TRUE,FALSE
chr11_17133183,constitutive,chr11,17133183,PIK3C2A,17077730,17207986,TRUE,FALSE
chr11_17133264,ambiguous,chr11,17133264,PIK3C2A,17077730,17207986,TRUE,FALSE
chr11_17133385,constitutive,chr11,17133385,PIK3C2A,17077730,17207986,TRUE,FALSE
chr11_17133406,constitutive,chr11,17133406,PIK3C2A,17077730,17207986,TRUE,FALSE
chr11_17133645,constitutive,chr11,17133645,PIK3C2A,17077730,17207986,TRUE,FALSE
chr11_17133693,constitutive,chr11,17133693,PIK3C2A,17077730,17207986,TRUE,FALSE
chr11_17133756,constitutive,chr11,17133756,PIK3C2A,17077730,17207986,TRUE,FALSE
chr11_17133876,constitutive,chr11,17133876,PIK3C2A,17077730,17207986,TRUE,FALSE
chr11_17133884,ME,chr11,17133884,PIK3C2A,17077730,17207986,TRUE,FALSE
chr11_17133952,constitutive,chr11,17133952,PIK3C2A,17077730,17207986,TRUE,FALSE
chr11_17134303,constitutive,chr11,17134303,PIK3C2A,17077730,17207986,TRUE,FALSE
chr11_17134438,constitutive,chr11,17134438,PIK3C2A,17077730,17207986,TRUE,FALSE
chr11_17134580,constitutive,chr11,17134580,PIK3C2A,17077730,17207986,TRUE,FALSE
chr11_17134607,ambiguous,chr11,17134607,PIK3C2A,17077730,17207986,TRUE,FALSE
chr11_17135072,constitutive,chr11,17135072,PIK3C2A,17077730,17207986,TRUE,FALSE
chr11_17135285,constitutive,chr11,17135285,PIK3C2A,17077730,17207986,TRUE,FALSE
chr11_17135834,constitutive,chr11,17135834,PIK3C2A,17077730,17207986,TRUE,FALSE
chr11_17135852,constitutive,chr11,17135852,PIK3C2A,17077730,17207986,TRUE,FALSE
chr11_17135976,ambiguous,chr11,17135976,PIK3C2A,17077730,17207986,TRUE,FALSE
chr11_17136556,constitutive,chr11,17136556,PIK3C2A,17077730,17207986,TRUE,FALSE
chr11_17136615,constitutive,chr11,17136615,PIK3C2A,17077730,17207986,TRUE,FALSE
chr11_17136688,constitutive,chr11,17136688,PIK3C2A,17077730,17207986,TRUE,FALSE
chr11_17136810,constitutive,chr11,17136810,PIK3C2A,17077730,17207986,TRUE,FALSE
chr11_17136827,constitutive,chr11,17136827,PIK3C2A,17077730,17207986,TRUE,FALSE
chr11_17137025,constitutive,chr11,17137025,PIK3C2A,17077730,17207986,TRUE,FALSE
chr11_17137059,constitutive,chr11,17137059,PIK3C2A,17077730,17207986,TRUE,FALSE
chr11_17137287,constitutive,chr11,17137287,PIK3C2A,17077730,17207986,TRUE,FALSE
chr11_17137437,constitutive,chr11,17137437,PIK3C2A,17077730,17207986,TRUE,FALSE
chr11_17137533,constitutive,chr11,17137533,PIK3C2A,17077730,17207986,TRUE,FALSE
chr11_17137688,constitutive,chr11,17137688,PIK3C2A,17077730,17207986,TRUE,FALSE
chr11_17137700,constitutive,chr11,17137700,PIK3C2A,17077730,17207986,TRUE,FALSE
chr11_17137831,constitutive,chr11,17137831,PIK3C2A,17077730,17207986,TRUE,FALSE
chr11_17138159,constitutive,chr11,17138159,PIK3C2A,17077730,17207986,TRUE,FALSE
chr11_17138300,constitutive,chr11,17138300,PIK3C2A,17077730,17207986,TRUE,FALSE
chr11_17138307,constitutive,chr11,17138307,PIK3C2A,17077730,17207986,TRUE,FALSE
chr11_17138520,constitutive,chr11,17138520,PIK3C2A,17077730,17207986,TRUE,FALSE
chr11_17138610,constitutive,chr11,17138610,PIK3C2A,17077730,17207986,TRUE,FALSE
chr11_17138929,constitutive,chr11,17138929,PIK3C2A,17077730,17207986,TRUE,FALSE
chr11_17138937,constitutive,chr11,17138937,PIK3C2A,17077730,17207986,TRUE,FALSE
chr11_17138962,constitutive,chr11,17138962,PIK3C2A,17077730,17207986,TRUE,FALSE
chr11_17138968,constitutive,chr11,17138968,PIK3C2A,17077730,17207986,TRUE,FALSE
chr11_17138970,constitutive,chr11,17138970,PIK3C2A,17077730,17207986,TRUE,FALSE
chr11_17138993,constitutive,chr11,17138993,PIK3C2A,17077730,17207986,TRUE,FALSE
chr11_17139022,constitutive,chr11,17139022,PIK3C2A,17077730,17207986,TRUE,FALSE
chr11_17139064,constitutive,chr11,17139064,PIK3C2A,17077730,17207986,TRUE,FALSE
chr11_17139101,constitutive,chr11,17139101,PIK3C2A,17077730,17207986,TRUE,FALSE
chr11_17139114,constitutive,chr11,17139114,PIK3C2A,17077730,17207986,TRUE,FALSE
chr11_17139164,constitutive,chr11,17139164,PIK3C2A,17077730,17207986,TRUE,FALSE
chr11_17139204,constitutive,chr11,17139204,PIK3C2A,17077730,17207986,TRUE,FALSE
chr11_17139208,constitutive,chr11,17139208,PIK3C2A,17077730,17207986,TRUE,FALSE
chr11_17139313,constitutive,chr11,17139313,PIK3C2A,17077730,17207986,TRUE,FALSE
chr11_17139352,constitutive,chr11,17139352,PIK3C2A,17077730,17207986,TRUE,FALSE
chr11_17139388,constitutive,chr11,17139388,PIK3C2A,17077730,17207986,TRUE,FALSE
chr11_17139417,constitutive,chr11,17139417,PIK3C2A,17077730,17207986,TRUE,FALSE
chr11_17139424,constitutive,chr11,17139424,PIK3C2A,17077730,17207986,TRUE,FALSE
chr11_17139558,constitutive,chr11,17139558,PIK3C2A,17077730,17207986,TRUE,FALSE
chr11_17139576,constitutive,chr11,17139576,PIK3C2A,17077730,17207986,TRUE,FALSE
chr11_17139595,constitutive,chr11,17139595,PIK3C2A,17077730,17207986,TRUE,FALSE
chr11_17139615,constitutive,chr11,17139615,PIK3C2A,17077730,17207986,TRUE,FALSE
chr11_17139683,constitutive,chr11,17139683,PIK3C2A,17077730,17207986,TRUE,FALSE
chr11_17139942,constitutive,chr11,17139942,PIK3C2A,17077730,17207986,TRUE,FALSE
chr11_17141204,ambiguous,chr11,17141204,PIK3C2A,17077730,17207986,TRUE,FALSE
chr11_17141364,constitutive,chr11,17141364,PIK3C2A,17077730,17207986,TRUE,FALSE
chr11_17141394,ambiguous,chr11,17141394,PIK3C2A,17077730,17207986,TRUE,FALSE
chr11_17141418,constitutive,chr11,17141418,PIK3C2A,17077730,17207986,TRUE,FALSE
chr11_17141430,constitutive,chr11,17141430,PIK3C2A,17077730,17207986,TRUE,FALSE
chr11_17141562,constitutive,chr11,17141562,PIK3C2A,17077730,17207986,TRUE,FALSE
chr11_17142113,constitutive,chr11,17142113,PIK3C2A,17077730,17207986,TRUE,FALSE
chr11_17142580,constitutive,chr11,17142580,PIK3C2A,17077730,17207986,TRUE,FALSE
chr11_17142732,ambiguous,chr11,17142732,PIK3C2A,17077730,17207986,TRUE,FALSE
chr11_17142941,constitutive,chr11,17142941,PIK3C2A,17077730,17207986,TRUE,FALSE
chr11_17142951,constitutive,chr11,17142951,PIK3C2A,17077730,17207986,TRUE,FALSE
chr11_17143097,constitutive,chr11,17143097,PIK3C2A,17077730,17207986,TRUE,FALSE
chr11_17143370,constitutive,chr11,17143370,PIK3C2A,17077730,17207986,TRUE,FALSE
chr11_17143500,constitutive,chr11,17143500,PIK3C2A,17077730,17207986,TRUE,FALSE
chr11_17143664,constitutive,chr11,17143664,PIK3C2A,17077730,17207986,TRUE,FALSE
chr11_17143676,constitutive,chr11,17143676,PIK3C2A,17077730,17207986,TRUE,FALSE
chr11_17143707,constitutive,chr11,17143707,PIK3C2A,17077730,17207986,TRUE,FALSE
chr11_17143734,constitutive,chr11,17143734,PIK3C2A,17077730,17207986,TRUE,FALSE
chr11_17143797,constitutive,chr11,17143797,PIK3C2A,17077730,17207986,TRUE,FALSE
chr11_17144571,constitutive,chr11,17144571,PIK3C2A,17077730,17207986,TRUE,FALSE
chr11_17144622,constitutive,chr11,17144622,PIK3C2A,17077730,17207986,TRUE,FALSE
chr11_17144692,constitutive,chr11,17144692,PIK3C2A,17077730,17207986,TRUE,FALSE
chr11_17144843,constitutive,chr11,17144843,PIK3C2A,17077730,17207986,TRUE,FALSE
chr11_17144849,constitutive,chr11,17144849,PIK3C2A,17077730,17207986,TRUE,FALSE
chr11_17145013,constitutive,chr11,17145013,PIK3C2A,17077730,17207986,TRUE,FALSE
chr11_17145030,constitutive,chr11,17145030,PIK3C2A,17077730,17207986,TRUE,FALSE
chr11_17145302,constitutive,chr11,17145302,PIK3C2A,17077730,17207986,TRUE,FALSE
chr11_17145400,constitutive,chr11,17145400,PIK3C2A,17077730,17207986,TRUE,FALSE
chr11_17145418,constitutive,chr11,17145418,PIK3C2A,17077730,17207986,TRUE,FALSE
chr11_17145865,ambiguous,chr11,17145865,PIK3C2A,17077730,17207986,TRUE,FALSE
chr11_17145921,ambiguous,chr11,17145921,PIK3C2A,17077730,17207986,TRUE,FALSE
chr11_17146377,constitutive,chr11,17146377,PIK3C2A,17077730,17207986,TRUE,FALSE
chr11_17146403,constitutive,chr11,17146403,PIK3C2A,17077730,17207986,TRUE,FALSE
chr11_17146440,constitutive,chr11,17146440,PIK3C2A,17077730,17207986,TRUE,FALSE
chr11_17146450,constitutive,chr11,17146450,PIK3C2A,17077730,17207986,TRUE,FALSE
chr11_17146510,constitutive,chr11,17146510,PIK3C2A,17077730,17207986,TRUE,FALSE
chr11_17146541,constitutive,chr11,17146541,PIK3C2A,17077730,17207986,TRUE,FALSE
chr11_17146635,constitutive,chr11,17146635,PIK3C2A,17077730,17207986,TRUE,FALSE
chr11_17146955,constitutive,chr11,17146955,PIK3C2A,17077730,17207986,TRUE,FALSE
chr11_17146980,constitutive,chr11,17146980,PIK3C2A,17077730,17207986,TRUE,FALSE
chr11_17147521,constitutive,chr11,17147521,PIK3C2A,17077730,17207986,TRUE,FALSE
chr11_17147587,constitutive,chr11,17147587,PIK3C2A,17077730,17207986,TRUE,FALSE
chr11_17147790,constitutive,chr11,17147790,PIK3C2A,17077730,17207986,TRUE,FALSE
chr11_17147855,constitutive,chr11,17147855,PIK3C2A,17077730,17207986,TRUE,FALSE
chr11_17147988,constitutive,chr11,17147988,PIK3C2A,17077730,17207986,TRUE,FALSE
chr11_17148007,constitutive,chr11,17148007,PIK3C2A,17077730,17207986,TRUE,FALSE
chr11_17148015,constitutive,chr11,17148015,PIK3C2A,17077730,17207986,TRUE,FALSE
chr11_17148069,constitutive,chr11,17148069,PIK3C2A,17077730,17207986,TRUE,FALSE
chr11_17148123,constitutive,chr11,17148123,PIK3C2A,17077730,17207986,TRUE,FALSE
chr11_17148133,constitutive,chr11,17148133,PIK3C2A,17077730,17207986,TRUE,FALSE
chr11_17148190,constitutive,chr11,17148190,PIK3C2A,17077730,17207986,TRUE,FALSE
chr11_17148202,constitutive,chr11,17148202,PIK3C2A,17077730,17207986,TRUE,FALSE
chr11_17149255,constitutive,chr11,17149255,PIK3C2A,17077730,17207986,TRUE,FALSE
chr11_17149965,ambiguous,chr11,17149965,PIK3C2A,17077730,17207986,TRUE,FALSE
chr11_17150365,ambiguous,chr11,17150365,PIK3C2A,17077730,17207986,TRUE,FALSE
chr11_17150470,ambiguous,chr11,17150470,PIK3C2A,17077730,17207986,TRUE,FALSE
chr11_17150505,ambiguous,chr11,17150505,PIK3C2A,17077730,17207986,TRUE,FALSE
chr11_17150570,constitutive,chr11,17150570,PIK3C2A,17077730,17207986,TRUE,FALSE
chr11_17150623,ambiguous,chr11,17150623,PIK3C2A,17077730,17207986,TRUE,FALSE
chr11_17151099,ambiguous,chr11,17151099,PIK3C2A,17077730,17207986,TRUE,FALSE
chr11_17151310,ambiguous,chr11,17151310,PIK3C2A,17077730,17207986,TRUE,FALSE
chr11_17151730,constitutive,chr11,17151730,PIK3C2A,17077730,17207986,TRUE,FALSE
chr11_17151935,ambiguous,chr11,17151935,PIK3C2A,17077730,17207986,TRUE,FALSE
chr11_17152002,ambiguous,chr11,17152002,PIK3C2A,17077730,17207986,TRUE,FALSE
chr11_17152179,ambiguous,chr11,17152179,PIK3C2A,17077730,17207986,TRUE,FALSE
chr11_17152217,ambiguous,chr11,17152217,PIK3C2A,17077730,17207986,TRUE,FALSE
chr11_17153149,constitutive,chr11,17153149,PIK3C2A,17077730,17207986,TRUE,FALSE
chr11_17153197,constitutive,chr11,17153197,PIK3C2A,17077730,17207986,TRUE,FALSE
chr11_17153349,constitutive,chr11,17153349,PIK3C2A,17077730,17207986,TRUE,FALSE
chr11_17153389,constitutive,chr11,17153389,PIK3C2A,17077730,17207986,TRUE,FALSE
chr11_17154063,ambiguous,chr11,17154063,PIK3C2A,17077730,17207986,TRUE,FALSE
chr11_17154084,ambiguous,chr11,17154084,PIK3C2A,17077730,17207986,TRUE,FALSE
chr11_17154901,ambiguous,chr11,17154901,PIK3C2A,17077730,17207986,TRUE,FALSE
chr11_17155386,constitutive,chr11,17155386,PIK3C2A,17077730,17207986,TRUE,FALSE
chr11_17155538,constitutive,chr11,17155538,PIK3C2A,17077730,17207986,TRUE,FALSE
chr11_17155819,ambiguous,chr11,17155819,PIK3C2A,17077730,17207986,TRUE,FALSE
chr11_17155862,ambiguous,chr11,17155862,PIK3C2A,17077730,17207986,TRUE,FALSE
chr11_17156140,constitutive,chr11,17156140,PIK3C2A,17077730,17207986,TRUE,FALSE
chr11_17156333,constitutive,chr11,17156333,PIK3C2A,17077730,17207986,TRUE,FALSE
chr11_17156571,ambiguous,chr11,17156571,PIK3C2A,17077730,17207986,TRUE,FALSE
chr11_17156778,ambiguous,chr11,17156778,PIK3C2A,17077730,17207986,TRUE,FALSE
chr11_17156937,ambiguous,chr11,17156937,PIK3C2A,17077730,17207986,TRUE,FALSE
chr11_17157033,ambiguous,chr11,17157033,PIK3C2A,17077730,17207986,TRUE,FALSE
chr11_17157234,constitutive,chr11,17157234,PIK3C2A,17077730,17207986,TRUE,FALSE
chr11_17157320,constitutive,chr11,17157320,PIK3C2A,17077730,17207986,TRUE,FALSE
chr11_17157365,constitutive,chr11,17157365,PIK3C2A,17077730,17207986,TRUE,FALSE
chr11_17157414,ambiguous,chr11,17157414,PIK3C2A,17077730,17207986,TRUE,FALSE
chr11_17157524,ambiguous,chr11,17157524,PIK3C2A,17077730,17207986,TRUE,FALSE
chr11_17157705,ambiguous,chr11,17157705,PIK3C2A,17077730,17207986,TRUE,FALSE
chr11_17157717,ambiguous,chr11,17157717,PIK3C2A,17077730,17207986,TRUE,FALSE
chr11_17158077,constitutive,chr11,17158077,PIK3C2A,17077730,17207986,TRUE,FALSE
chr11_17158112,ambiguous,chr11,17158112,PIK3C2A,17077730,17207986,TRUE,FALSE
chr11_17158115,ambiguous,chr11,17158115,PIK3C2A,17077730,17207986,TRUE,FALSE
chr11_17158139,constitutive,chr11,17158139,PIK3C2A,17077730,17207986,TRUE,FALSE
chr11_17158279,constitutive,chr11,17158279,PIK3C2A,17077730,17207986,TRUE,FALSE
chr11_17158343,constitutive,chr11,17158343,PIK3C2A,17077730,17207986,TRUE,FALSE
chr11_17158649,ambiguous,chr11,17158649,PIK3C2A,17077730,17207986,TRUE,FALSE
chr11_17158832,constitutive,chr11,17158832,PIK3C2A,17077730,17207986,TRUE,FALSE
chr11_17159467,constitutive,chr11,17159467,PIK3C2A,17077730,17207986,TRUE,FALSE
chr11_17159734,ambiguous,chr11,17159734,PIK3C2A,17077730,17207986,TRUE,FALSE
chr11_17159833,ambiguous,chr11,17159833,PIK3C2A,17077730,17207986,TRUE,FALSE
chr11_17160045,ambiguous,chr11,17160045,PIK3C2A,17077730,17207986,TRUE,FALSE
chr11_17160140,ambiguous,chr11,17160140,PIK3C2A,17077730,17207986,TRUE,FALSE
chr11_17160445,ambiguous,chr11,17160445,PIK3C2A,17077730,17207986,TRUE,FALSE
chr11_17160742,constitutive,chr11,17160742,PIK3C2A,17077730,17207986,TRUE,FALSE
chr11_17160772,constitutive,chr11,17160772,PIK3C2A,17077730,17207986,TRUE,FALSE
chr11_17161882,ambiguous,chr11,17161882,PIK3C2A,17077730,17207986,TRUE,FALSE
chr11_17162057,ambiguous,chr11,17162057,PIK3C2A,17077730,17207986,TRUE,FALSE
chr11_17162061,constitutive,chr11,17162061,PIK3C2A,17077730,17207986,TRUE,FALSE
chr11_17162127,ambiguous,chr11,17162127,PIK3C2A,17077730,17207986,TRUE,FALSE
chr11_17162193,ambiguous,chr11,17162193,PIK3C2A,17077730,17207986,TRUE,FALSE
chr11_17162265,constitutive,chr11,17162265,PIK3C2A,17077730,17207986,TRUE,FALSE
chr11_17162270,ambiguous,chr11,17162270,PIK3C2A,17077730,17207986,TRUE,FALSE
chr11_17162319,constitutive,chr11,17162319,PIK3C2A,17077730,17207986,TRUE,FALSE
chr11_17162577,constitutive,chr11,17162577,PIK3C2A,17077730,17207986,TRUE,FALSE
chr11_17162663,ambiguous,chr11,17162663,PIK3C2A,17077730,17207986,TRUE,FALSE
chr11_17163034,ambiguous,chr11,17163034,PIK3C2A,17077730,17207986,TRUE,FALSE
chr11_17163043,constitutive,chr11,17163043,PIK3C2A,17077730,17207986,TRUE,FALSE
chr11_17163103,constitutive,chr11,17163103,PIK3C2A,17077730,17207986,TRUE,FALSE
chr11_17163198,constitutive,chr11,17163198,PIK3C2A,17077730,17207986,TRUE,FALSE
chr11_17163254,constitutive,chr11,17163254,PIK3C2A,17077730,17207986,TRUE,FALSE
chr11_17163262,constitutive,chr11,17163262,PIK3C2A,17077730,17207986,TRUE,FALSE
chr11_17163294,constitutive,chr11,17163294,PIK3C2A,17077730,17207986,TRUE,FALSE
chr11_17163562,constitutive,chr11,17163562,PIK3C2A,17077730,17207986,TRUE,FALSE
chr11_17163603,constitutive,chr11,17163603,PIK3C2A,17077730,17207986,TRUE,FALSE
chr11_17163633,constitutive,chr11,17163633,PIK3C2A,17077730,17207986,TRUE,FALSE
chr11_17163665,constitutive,chr11,17163665,PIK3C2A,17077730,17207986,TRUE,FALSE
chr11_17164096,ambiguous,chr11,17164096,PIK3C2A,17077730,17207986,TRUE,FALSE
chr11_17164220,constitutive,chr11,17164220,PIK3C2A,17077730,17207986,TRUE,FALSE
chr11_17164300,constitutive,chr11,17164300,PIK3C2A,17077730,17207986,TRUE,FALSE
chr11_17164306,constitutive,chr11,17164306,PIK3C2A,17077730,17207986,TRUE,FALSE
chr11_17165090,ambiguous,chr11,17165090,PIK3C2A,17077730,17207986,TRUE,FALSE
chr11_17165513,constitutive,chr11,17165513,PIK3C2A,17077730,17207986,TRUE,FALSE
chr11_17165530,ambiguous,chr11,17165530,PIK3C2A,17077730,17207986,TRUE,FALSE
chr11_17165565,ambiguous,chr11,17165565,PIK3C2A,17077730,17207986,TRUE,FALSE
chr11_17165602,constitutive,chr11,17165602,PIK3C2A,17077730,17207986,TRUE,FALSE
chr11_17165604,constitutive,chr11,17165604,PIK3C2A,17077730,17207986,TRUE,FALSE
chr11_17165635,constitutive,chr11,17165635,PIK3C2A,17077730,17207986,TRUE,FALSE
chr11_17165667,ambiguous,chr11,17165667,PIK3C2A,17077730,17207986,TRUE,FALSE
chr11_17165715,constitutive,chr11,17165715,PIK3C2A,17077730,17207986,TRUE,FALSE
chr11_17165963,constitutive,chr11,17165963,PIK3C2A,17077730,17207986,TRUE,FALSE
chr11_17166306,constitutive,chr11,17166306,PIK3C2A,17077730,17207986,TRUE,FALSE
chr11_17166356,constitutive,chr11,17166356,PIK3C2A,17077730,17207986,TRUE,FALSE
chr11_17166651,constitutive,chr11,17166651,PIK3C2A,17077730,17207986,TRUE,FALSE
chr11_17167009,constitutive,chr11,17167009,PIK3C2A,17077730,17207986,TRUE,FALSE
chr11_17167073,constitutive,chr11,17167073,PIK3C2A,17077730,17207986,TRUE,FALSE
chr11_17167127,constitutive,chr11,17167127,PIK3C2A,17077730,17207986,TRUE,FALSE
chr11_17167222,constitutive,chr11,17167222,PIK3C2A,17077730,17207986,TRUE,FALSE
chr11_17167287,constitutive,chr11,17167287,PIK3C2A,17077730,17207986,TRUE,FALSE
chr11_17167344,constitutive,chr11,17167344,PIK3C2A,17077730,17207986,TRUE,FALSE
chr11_17167360,constitutive,chr11,17167360,PIK3C2A,17077730,17207986,TRUE,FALSE
chr11_17167412,constitutive,chr11,17167412,PIK3C2A,17077730,17207986,TRUE,FALSE
chr11_17167420,constitutive,chr11,17167420,PIK3C2A,17077730,17207986,TRUE,FALSE
chr11_17167450,constitutive,chr11,17167450,PIK3C2A,17077730,17207986,TRUE,FALSE
chr11_17167535,constitutive,chr11,17167535,PIK3C2A,17077730,17207986,TRUE,FALSE
chr11_17167776,constitutive,chr11,17167776,PIK3C2A,17077730,17207986,TRUE,FALSE
chr11_17167873,constitutive,chr11,17167873,PIK3C2A,17077730,17207986,TRUE,FALSE
chr11_17167968,constitutive,chr11,17167968,PIK3C2A,17077730,17207986,TRUE,FALSE
chr11_17168307,constitutive,chr11,17168307,PIK3C2A,17077730,17207986,TRUE,FALSE
chr11_17168319,constitutive,chr11,17168319,PIK3C2A,17077730,17207986,TRUE,FALSE
chr11_17168352,constitutive,chr11,17168352,PIK3C2A,17077730,17207986,TRUE,FALSE
chr11_17168363,constitutive,chr11,17168363,PIK3C2A,17077730,17207986,TRUE,FALSE
chr11_17168377,constitutive,chr11,17168377,PIK3C2A,17077730,17207986,TRUE,FALSE
chr11_17168408,constitutive,chr11,17168408,PIK3C2A,17077730,17207986,TRUE,FALSE
chr11_17168437,constitutive,chr11,17168437,PIK3C2A,17077730,17207986,TRUE,FALSE
chr11_17168449,constitutive,chr11,17168449,PIK3C2A,17077730,17207986,TRUE,FALSE
chr11_17168473,constitutive,chr11,17168473,PIK3C2A,17077730,17207986,TRUE,FALSE
chr11_17168512,constitutive,chr11,17168512,PIK3C2A,17077730,17207986,TRUE,FALSE
chr11_17168529,constitutive,chr11,17168529,PIK3C2A,17077730,17207986,TRUE,FALSE
chr11_17168537,constitutive,chr11,17168537,PIK3C2A,17077730,17207986,TRUE,FALSE
chr11_17168559,constitutive,chr11,17168559,PIK3C2A,17077730,17207986,TRUE,FALSE
chr11_17168567,constitutive,chr11,17168567,PIK3C2A,17077730,17207986,TRUE,FALSE
chr11_17168717,constitutive,chr11,17168717,PIK3C2A,17077730,17207986,TRUE,FALSE
chr11_17168803,constitutive,chr11,17168803,PIK3C2A,17077730,17207986,TRUE,FALSE
chr11_17169095,ambiguous,chr11,17169095,PIK3C2A,17077730,17207986,TRUE,FALSE
chr11_17169172,constitutive,chr11,17169172,PIK3C2A,17077730,17207986,TRUE,FALSE
chr11_17169414,constitutive,chr11,17169414,PIK3C2A,17077730,17207986,TRUE,FALSE
chr11_17169688,constitutive,chr11,17169688,PIK3C2A,17077730,17207986,TRUE,FALSE
chr11_17169717,constitutive,chr11,17169717,PIK3C2A,17077730,17207986,TRUE,FALSE
chr11_17170070,constitutive,chr11,17170070,PIK3C2A,17077730,17207986,TRUE,FALSE
chr11_17170579,constitutive,chr11,17170579,PIK3C2A,17077730,17207986,TRUE,FALSE
chr11_17170694,ambiguous,chr11,17170694,PIK3C2A,17077730,17207986,TRUE,FALSE
chr11_17170731,ambiguous,chr11,17170731,PIK3C2A,17077730,17207986,TRUE,FALSE
chr11_17170825,constitutive,chr11,17170825,PIK3C2A,17077730,17207986,TRUE,FALSE
chr11_17170831,constitutive,chr11,17170831,PIK3C2A,17077730,17207986,TRUE,FALSE
chr11_17170869,constitutive,chr11,17170869,PIK3C2A,17077730,17207986,TRUE,FALSE
chr11_17170899,constitutive,chr11,17170899,PIK3C2A,17077730,17207986,TRUE,FALSE
chr11_17170930,constitutive,chr11,17170930,PIK3C2A,17077730,17207986,TRUE,FALSE
chr11_17170959,constitutive,chr11,17170959,PIK3C2A,17077730,17207986,TRUE,FALSE
chr11_17170971,constitutive,chr11,17170971,PIK3C2A,17077730,17207986,TRUE,FALSE
chr11_17171027,constitutive,chr11,17171027,PIK3C2A,17077730,17207986,TRUE,FALSE
chr11_17171034,constitutive,chr11,17171034,PIK3C2A,17077730,17207986,TRUE,FALSE
chr11_17171051,constitutive,chr11,17171051,PIK3C2A,17077730,17207986,TRUE,FALSE
chr11_17171059,constitutive,chr11,17171059,PIK3C2A,17077730,17207986,TRUE,FALSE
chr11_17171081,constitutive,chr11,17171081,PIK3C2A,17077730,17207986,TRUE,FALSE
chr11_17171097,constitutive,chr11,17171097,PIK3C2A,17077730,17207986,TRUE,FALSE
chr11_17171280,constitutive,chr11,17171280,PIK3C2A,17077730,17207986,TRUE,FALSE
chr11_17171785,ambiguous,chr11,17171785,PIK3C2A,17077730,17207986,TRUE,FALSE
chr11_17172218,constitutive,chr11,17172218,PIK3C2A,17077730,17207986,TRUE,FALSE
chr11_17172607,constitutive,chr11,17172607,PIK3C2A,17077730,17207986,TRUE,FALSE
chr11_17172690,ambiguous,chr11,17172690,PIK3C2A,17077730,17207986,TRUE,FALSE
chr11_17172713,constitutive,chr11,17172713,PIK3C2A,17077730,17207986,TRUE,FALSE
chr11_17172809,ambiguous,chr11,17172809,PIK3C2A,17077730,17207986,TRUE,FALSE
chr11_17172917,ambiguous,chr11,17172917,PIK3C2A,17077730,17207986,TRUE,FALSE
chr11_17173211,constitutive,chr11,17173211,PIK3C2A,17077730,17207986,TRUE,FALSE
chr11_17173425,ambiguous,chr11,17173425,PIK3C2A,17077730,17207986,TRUE,FALSE
chr11_17173499,ambiguous,chr11,17173499,PIK3C2A,17077730,17207986,TRUE,FALSE
chr11_17173792,ambiguous,chr11,17173792,PIK3C2A,17077730,17207986,TRUE,FALSE
chr11_17173871,constitutive,chr11,17173871,PIK3C2A,17077730,17207986,TRUE,FALSE
chr11_17173905,constitutive,chr11,17173905,PIK3C2A,17077730,17207986,TRUE,FALSE
chr11_17173927,constitutive,chr11,17173927,PIK3C2A,17077730,17207986,TRUE,FALSE
chr11_17173947,constitutive,chr11,17173947,PIK3C2A,17077730,17207986,TRUE,FALSE
chr11_17173951,constitutive,chr11,17173951,PIK3C2A,17077730,17207986,TRUE,FALSE
chr11_17174017,constitutive,chr11,17174017,PIK3C2A,17077730,17207986,TRUE,FALSE
chr11_17174077,constitutive,chr11,17174077,PIK3C2A,17077730,17207986,TRUE,FALSE
chr11_17174105,constitutive,chr11,17174105,PIK3C2A,17077730,17207986,TRUE,FALSE
chr11_17174305,ME,chr11,17174305,PIK3C2A,17077730,17207986,TRUE,TRUE
chr11_17174313,constitutive,chr11,17174313,PIK3C2A,17077730,17207986,TRUE,FALSE
chr11_17174315,ME,chr11,17174315,PIK3C2A,17077730,17207986,TRUE,TRUE
chr11_17174325,ME,chr11,17174325,PIK3C2A,17077730,17207986,TRUE,FALSE
chr11_17174624,constitutive,chr11,17174624,PIK3C2A,17077730,17207986,TRUE,FALSE
chr11_17174769,constitutive,chr11,17174769,PIK3C2A,17077730,17207986,TRUE,FALSE
chr11_17174960,constitutive,chr11,17174960,PIK3C2A,17077730,17207986,TRUE,FALSE
chr11_17175722,ambiguous,chr11,17175722,PIK3C2A,17077730,17207986,TRUE,FALSE
chr11_17176042,constitutive,chr11,17176042,PIK3C2A,17077730,17207986,TRUE,FALSE
chr11_17176066,constitutive,chr11,17176066,PIK3C2A,17077730,17207986,TRUE,FALSE
chr11_17176072,constitutive,chr11,17176072,PIK3C2A,17077730,17207986,TRUE,FALSE
chr11_17176096,constitutive,chr11,17176096,PIK3C2A,17077730,17207986,TRUE,FALSE
chr11_17176164,constitutive,chr11,17176164,PIK3C2A,17077730,17207986,TRUE,FALSE
chr11_17176253,constitutive,chr11,17176253,PIK3C2A,17077730,17207986,TRUE,FALSE
chr11_17176353,constitutive,chr11,17176353,PIK3C2A,17077730,17207986,TRUE,FALSE
chr11_17176586,constitutive,chr11,17176586,PIK3C2A,17077730,17207986,TRUE,FALSE
chr11_17176595,constitutive,chr11,17176595,PIK3C2A,17077730,17207986,TRUE,FALSE
chr11_17177775,constitutive,chr11,17177775,PIK3C2A,17077730,17207986,TRUE,FALSE
chr11_17177784,constitutive,chr11,17177784,PIK3C2A,17077730,17207986,TRUE,FALSE
chr11_17177787,constitutive,chr11,17177787,PIK3C2A,17077730,17207986,TRUE,FALSE
chr11_17177820,constitutive,chr11,17177820,PIK3C2A,17077730,17207986,TRUE,FALSE
chr11_17178041,constitutive,chr11,17178041,PIK3C2A,17077730,17207986,TRUE,FALSE
chr11_17178469,constitutive,chr11,17178469,PIK3C2A,17077730,17207986,TRUE,FALSE
chr11_17178601,constitutive,chr11,17178601,PIK3C2A,17077730,17207986,TRUE,FALSE
chr11_17178623,constitutive,chr11,17178623,PIK3C2A,17077730,17207986,TRUE,FALSE
chr11_17178683,constitutive,chr11,17178683,PIK3C2A,17077730,17207986,TRUE,FALSE
chr11_17179066,ambiguous,chr11,17179066,PIK3C2A,17077730,17207986,TRUE,FALSE
chr11_17179107,constitutive,chr11,17179107,PIK3C2A,17077730,17207986,TRUE,FALSE
chr11_17179154,constitutive,chr11,17179154,PIK3C2A,17077730,17207986,TRUE,FALSE
chr11_17179202,constitutive,chr11,17179202,PIK3C2A,17077730,17207986,TRUE,FALSE
chr11_17179224,constitutive,chr11,17179224,PIK3C2A,17077730,17207986,TRUE,FALSE
chr11_17179238,constitutive,chr11,17179238,PIK3C2A,17077730,17207986,TRUE,FALSE
chr11_17179361,constitutive,chr11,17179361,PIK3C2A,17077730,17207986,TRUE,FALSE
chr11_17179742,constitutive,chr11,17179742,PIK3C2A,17077730,17207986,TRUE,FALSE
chr11_17179833,constitutive,chr11,17179833,PIK3C2A,17077730,17207986,TRUE,FALSE
chr11_17179849,constitutive,chr11,17179849,PIK3C2A,17077730,17207986,TRUE,FALSE
chr11_17180241,constitutive,chr11,17180241,PIK3C2A,17077730,17207986,TRUE,FALSE
chr11_17180260,ambiguous,chr11,17180260,PIK3C2A,17077730,17207986,TRUE,FALSE
chr11_17180322,ambiguous,chr11,17180322,PIK3C2A,17077730,17207986,TRUE,FALSE
chr11_17180547,constitutive,chr11,17180547,PIK3C2A,17077730,17207986,TRUE,FALSE
chr11_17180619,constitutive,chr11,17180619,PIK3C2A,17077730,17207986,TRUE,FALSE
chr11_17180634,constitutive,chr11,17180634,PIK3C2A,17077730,17207986,TRUE,FALSE
chr11_17180690,constitutive,chr11,17180690,PIK3C2A,17077730,17207986,TRUE,FALSE
chr11_17180746,constitutive,chr11,17180746,PIK3C2A,17077730,17207986,TRUE,FALSE
chr11_17180794,constitutive,chr11,17180794,PIK3C2A,17077730,17207986,TRUE,FALSE
chr11_17181084,constitutive,chr11,17181084,PIK3C2A,17077730,17207986,TRUE,FALSE
chr11_17181123,constitutive,chr11,17181123,PIK3C2A,17077730,17207986,TRUE,FALSE
chr11_17181483,constitutive,chr11,17181483,PIK3C2A,17077730,17207986,TRUE,FALSE
chr11_17181490,constitutive,chr11,17181490,PIK3C2A,17077730,17207986,TRUE,FALSE
chr11_17181508,constitutive,chr11,17181508,PIK3C2A,17077730,17207986,TRUE,FALSE
chr11_17181707,ambiguous,chr11,17181707,PIK3C2A,17077730,17207986,TRUE,FALSE
chr11_17181813,constitutive,chr11,17181813,PIK3C2A,17077730,17207986,TRUE,FALSE
chr11_17181862,constitutive,chr11,17181862,PIK3C2A,17077730,17207986,TRUE,FALSE
chr11_17181889,constitutive,chr11,17181889,PIK3C2A,17077730,17207986,TRUE,FALSE
chr11_17181953,constitutive,chr11,17181953,PIK3C2A,17077730,17207986,TRUE,FALSE
chr11_17182006,constitutive,chr11,17182006,PIK3C2A,17077730,17207986,TRUE,FALSE
chr11_17182046,constitutive,chr11,17182046,PIK3C2A,17077730,17207986,TRUE,FALSE
chr11_17182435,constitutive,chr11,17182435,PIK3C2A,17077730,17207986,TRUE,FALSE
chr11_17182546,constitutive,chr11,17182546,PIK3C2A,17077730,17207986,TRUE,FALSE
chr11_17182590,ambiguous,chr11,17182590,PIK3C2A,17077730,17207986,TRUE,FALSE
chr11_17182879,constitutive,chr11,17182879,PIK3C2A,17077730,17207986,TRUE,FALSE
chr11_17182887,constitutive,chr11,17182887,PIK3C2A,17077730,17207986,TRUE,FALSE
chr11_17182924,constitutive,chr11,17182924,PIK3C2A,17077730,17207986,TRUE,FALSE
chr11_17183135,constitutive,chr11,17183135,PIK3C2A,17077730,17207986,TRUE,FALSE
chr11_17183504,constitutive,chr11,17183504,PIK3C2A,17077730,17207986,TRUE,FALSE
chr11_17183532,constitutive,chr11,17183532,PIK3C2A,17077730,17207986,TRUE,FALSE
chr11_17183536,constitutive,chr11,17183536,PIK3C2A,17077730,17207986,TRUE,FALSE
chr11_17183553,ambiguous,chr11,17183553,PIK3C2A,17077730,17207986,TRUE,FALSE
chr11_17183635,constitutive,chr11,17183635,PIK3C2A,17077730,17207986,TRUE,FALSE
chr11_17183710,constitutive,chr11,17183710,PIK3C2A,17077730,17207986,TRUE,FALSE
chr11_17183870,ambiguous,chr11,17183870,PIK3C2A,17077730,17207986,TRUE,FALSE
chr11_17184288,constitutive,chr11,17184288,PIK3C2A,17077730,17207986,TRUE,FALSE
chr11_17184497,constitutive,chr11,17184497,PIK3C2A,17077730,17207986,TRUE,FALSE
chr11_17184566,constitutive,chr11,17184566,PIK3C2A,17077730,17207986,TRUE,FALSE
chr11_17184754,constitutive,chr11,17184754,PIK3C2A,17077730,17207986,TRUE,FALSE
chr11_17184799,constitutive,chr11,17184799,PIK3C2A,17077730,17207986,TRUE,FALSE
chr11_17185484,ambiguous,chr11,17185484,PIK3C2A,17077730,17207986,TRUE,FALSE
chr11_17185759,constitutive,chr11,17185759,PIK3C2A,17077730,17207986,TRUE,FALSE
chr11_17186149,constitutive,chr11,17186149,PIK3C2A,17077730,17207986,TRUE,FALSE
chr11_17186177,constitutive,chr11,17186177,PIK3C2A,17077730,17207986,TRUE,FALSE
chr11_17186632,constitutive,chr11,17186632,PIK3C2A,17077730,17207986,TRUE,FALSE
chr11_17186676,constitutive,chr11,17186676,PIK3C2A,17077730,17207986,TRUE,FALSE
chr11_17186796,constitutive,chr11,17186796,PIK3C2A,17077730,17207986,TRUE,FALSE
chr11_17186802,constitutive,chr11,17186802,PIK3C2A,17077730,17207986,TRUE,FALSE
chr11_17186846,constitutive,chr11,17186846,PIK3C2A,17077730,17207986,TRUE,FALSE
chr11_17186949,constitutive,chr11,17186949,PIK3C2A,17077730,17207986,TRUE,FALSE
chr11_17187111,constitutive,chr11,17187111,PIK3C2A,17077730,17207986,TRUE,FALSE
chr11_17187221,constitutive,chr11,17187221,PIK3C2A,17077730,17207986,TRUE,FALSE
chr11_17187753,constitutive,chr11,17187753,PIK3C2A,17077730,17207986,TRUE,FALSE
chr11_17187796,constitutive,chr11,17187796,PIK3C2A,17077730,17207986,TRUE,FALSE
chr11_17188045,constitutive,chr11,17188045,PIK3C2A,17077730,17207986,TRUE,FALSE
chr11_17188075,constitutive,chr11,17188075,PIK3C2A,17077730,17207986,TRUE,FALSE
chr11_17188103,constitutive,chr11,17188103,PIK3C2A,17077730,17207986,TRUE,FALSE
chr11_17188135,constitutive,chr11,17188135,PIK3C2A,17077730,17207986,TRUE,FALSE
chr11_17188158,constitutive,chr11,17188158,PIK3C2A,17077730,17207986,TRUE,FALSE
chr11_17188481,constitutive,chr11,17188481,PIK3C2A,17077730,17207986,TRUE,FALSE
chr11_17189342,constitutive,chr11,17189342,PIK3C2A,17077730,17207986,TRUE,FALSE
chr11_17189352,constitutive,chr11,17189352,PIK3C2A,17077730,17207986,TRUE,FALSE
chr11_17189380,constitutive,chr11,17189380,PIK3C2A,17077730,17207986,TRUE,FALSE
chr11_17189385,constitutive,chr11,17189385,PIK3C2A,17077730,17207986,TRUE,FALSE
chr11_17189421,constitutive,chr11,17189421,PIK3C2A,17077730,17207986,TRUE,FALSE
chr11_17189610,constitutive,chr11,17189610,PIK3C2A,17077730,17207986,TRUE,FALSE
chr11_17189651,constitutive,chr11,17189651,PIK3C2A,17077730,17207986,TRUE,FALSE
chr11_17189990,constitutive,chr11,17189990,PIK3C2A,17077730,17207986,TRUE,FALSE
chr11_17190083,constitutive,chr11,17190083,PIK3C2A,17077730,17207986,TRUE,FALSE
chr11_17190131,constitutive,chr11,17190131,PIK3C2A,17077730,17207986,TRUE,FALSE
chr11_17190133,constitutive,chr11,17190133,PIK3C2A,17077730,17207986,TRUE,FALSE
chr11_17190211,constitutive,chr11,17190211,PIK3C2A,17077730,17207986,TRUE,FALSE
chr11_17190431,constitutive,chr11,17190431,PIK3C2A,17077730,17207986,TRUE,FALSE
chr11_17190441,constitutive,chr11,17190441,PIK3C2A,17077730,17207986,TRUE,FALSE
chr11_17190527,constitutive,chr11,17190527,PIK3C2A,17077730,17207986,TRUE,FALSE
chr11_17190553,constitutive,chr11,17190553,PIK3C2A,17077730,17207986,TRUE,FALSE
chr11_17191077,constitutive,chr11,17191077,PIK3C2A,17077730,17207986,TRUE,FALSE
chr11_17191452,constitutive,chr11,17191452,PIK3C2A,17077730,17207986,TRUE,FALSE
chr11_17191523,constitutive,chr11,17191523,PIK3C2A,17077730,17207986,TRUE,FALSE
chr11_17191681,constitutive,chr11,17191681,PIK3C2A,17077730,17207986,TRUE,FALSE
chr11_17191785,constitutive,chr11,17191785,PIK3C2A,17077730,17207986,TRUE,FALSE
chr11_17191881,constitutive,chr11,17191881,PIK3C2A,17077730,17207986,TRUE,FALSE
chr11_17191895,constitutive,chr11,17191895,PIK3C2A,17077730,17207986,TRUE,FALSE
chr11_17192005,constitutive,chr11,17192005,PIK3C2A,17077730,17207986,TRUE,FALSE
chr11_17192092,constitutive,chr11,17192092,PIK3C2A,17077730,17207986,TRUE,FALSE
chr11_17192099,constitutive,chr11,17192099,PIK3C2A,17077730,17207986,TRUE,FALSE
chr11_17192131,constitutive,chr11,17192131,PIK3C2A,17077730,17207986,TRUE,FALSE
chr11_17192508,constitutive,chr11,17192508,PIK3C2A,17077730,17207986,TRUE,FALSE
chr11_17192726,constitutive,chr11,17192726,PIK3C2A,17077730,17207986,TRUE,FALSE
chr11_17192736,constitutive,chr11,17192736,PIK3C2A,17077730,17207986,TRUE,FALSE
chr11_17192972,ambiguous,chr11,17192972,PIK3C2A,17077730,17207986,TRUE,FALSE
chr11_17193089,constitutive,chr11,17193089,PIK3C2A,17077730,17207986,TRUE,FALSE
chr11_17193119,constitutive,chr11,17193119,PIK3C2A,17077730,17207986,TRUE,FALSE
chr11_17193139,constitutive,chr11,17193139,PIK3C2A,17077730,17207986,TRUE,FALSE
chr11_17193303,constitutive,chr11,17193303,PIK3C2A,17077730,17207986,TRUE,FALSE
chr11_17193306,constitutive,chr11,17193306,PIK3C2A,17077730,17207986,TRUE,FALSE
chr11_17193351,constitutive,chr11,17193351,PIK3C2A,17077730,17207986,TRUE,FALSE
chr11_17193448,constitutive,chr11,17193448,PIK3C2A,17077730,17207986,TRUE,FALSE
chr11_17193527,constitutive,chr11,17193527,PIK3C2A,17077730,17207986,TRUE,FALSE
chr11_17193560,constitutive,chr11,17193560,PIK3C2A,17077730,17207986,TRUE,FALSE
chr11_17193585,constitutive,chr11,17193585,PIK3C2A,17077730,17207986,TRUE,FALSE
chr11_17193589,constitutive,chr11,17193589,PIK3C2A,17077730,17207986,TRUE,FALSE
chr11_17193618,constitutive,chr11,17193618,PIK3C2A,17077730,17207986,TRUE,FALSE
chr11_17193629,constitutive,chr11,17193629,PIK3C2A,17077730,17207986,TRUE,FALSE
chr11_17193643,constitutive,chr11,17193643,PIK3C2A,17077730,17207986,TRUE,FALSE
chr11_17193701,ambiguous,chr11,17193701,PIK3C2A,17077730,17207986,TRUE,FALSE
chr11_17193714,constitutive,chr11,17193714,PIK3C2A,17077730,17207986,TRUE,FALSE
chr11_17193716,constitutive,chr11,17193716,PIK3C2A,17077730,17207986,TRUE,FALSE
chr11_17193718,constitutive,chr11,17193718,PIK3C2A,17077730,17207986,TRUE,FALSE
chr11_17193794,ambiguous,chr11,17193794,PIK3C2A,17077730,17207986,TRUE,FALSE
chr11_17193924,constitutive,chr11,17193924,PIK3C2A,17077730,17207986,TRUE,FALSE
chr11_17194048,ambiguous,chr11,17194048,PIK3C2A,17077730,17207986,TRUE,FALSE
chr11_17194123,ambiguous,chr11,17194123,PIK3C2A,17077730,17207986,TRUE,FALSE
chr11_17194159,constitutive,chr11,17194159,PIK3C2A,17077730,17207986,TRUE,FALSE
chr11_17194171,constitutive,chr11,17194171,PIK3C2A,17077730,17207986,TRUE,FALSE
chr11_17194198,ambiguous,chr11,17194198,PIK3C2A,17077730,17207986,TRUE,FALSE
chr11_17194206,ambiguous,chr11,17194206,PIK3C2A,17077730,17207986,TRUE,FALSE
chr11_17194270,constitutive,chr11,17194270,PIK3C2A,17077730,17207986,TRUE,FALSE
chr11_17194324,ambiguous,chr11,17194324,PIK3C2A,17077730,17207986,TRUE,FALSE
chr11_17194363,constitutive,chr11,17194363,PIK3C2A,17077730,17207986,TRUE,FALSE
chr11_17194635,constitutive,chr11,17194635,PIK3C2A,17077730,17207986,TRUE,FALSE
chr11_17194801,ambiguous,chr11,17194801,PIK3C2A,17077730,17207986,TRUE,FALSE
chr11_17194857,constitutive,chr11,17194857,PIK3C2A,17077730,17207986,TRUE,FALSE
chr11_17194865,constitutive,chr11,17194865,PIK3C2A,17077730,17207986,TRUE,FALSE
chr11_17194896,constitutive,chr11,17194896,PIK3C2A,17077730,17207986,TRUE,FALSE
chr11_17194909,ambiguous,chr11,17194909,PIK3C2A,17077730,17207986,TRUE,FALSE
chr11_17195004,constitutive,chr11,17195004,PIK3C2A,17077730,17207986,TRUE,FALSE
chr11_17195063,constitutive,chr11,17195063,PIK3C2A,17077730,17207986,TRUE,FALSE
chr11_17195136,constitutive,chr11,17195136,PIK3C2A,17077730,17207986,TRUE,FALSE
chr11_17195180,constitutive,chr11,17195180,PIK3C2A,17077730,17207986,TRUE,FALSE
chr11_17195196,constitutive,chr11,17195196,PIK3C2A,17077730,17207986,TRUE,FALSE
chr11_17195285,constitutive,chr11,17195285,PIK3C2A,17077730,17207986,TRUE,FALSE
chr11_17195327,constitutive,chr11,17195327,PIK3C2A,17077730,17207986,TRUE,FALSE
chr11_17195337,constitutive,chr11,17195337,PIK3C2A,17077730,17207986,TRUE,FALSE
chr11_17195361,constitutive,chr11,17195361,PIK3C2A,17077730,17207986,TRUE,FALSE
chr11_17195369,constitutive,chr11,17195369,PIK3C2A,17077730,17207986,TRUE,FALSE
chr11_17195607,constitutive,chr11,17195607,PIK3C2A,17077730,17207986,TRUE,FALSE
chr11_17195619,constitutive,chr11,17195619,PIK3C2A,17077730,17207986,TRUE,FALSE
chr11_17195622,constitutive,chr11,17195622,PIK3C2A,17077730,17207986,TRUE,FALSE
chr11_17195674,constitutive,chr11,17195674,PIK3C2A,17077730,17207986,TRUE,FALSE
chr11_17195763,constitutive,chr11,17195763,PIK3C2A,17077730,17207986,TRUE,FALSE
chr11_17195767,constitutive,chr11,17195767,PIK3C2A,17077730,17207986,TRUE,FALSE
chr11_17195777,constitutive,chr11,17195777,PIK3C2A,17077730,17207986,TRUE,FALSE
chr11_17195821,constitutive,chr11,17195821,PIK3C2A,17077730,17207986,TRUE,FALSE
chr11_17195911,constitutive,chr11,17195911,PIK3C2A,17077730,17207986,TRUE,FALSE
chr11_17195987,constitutive,chr11,17195987,PIK3C2A,17077730,17207986,TRUE,FALSE
chr11_17196025,constitutive,chr11,17196025,PIK3C2A,17077730,17207986,TRUE,FALSE
chr11_17196038,ambiguous,chr11,17196038,PIK3C2A,17077730,17207986,TRUE,FALSE
chr11_17196632,constitutive,chr11,17196632,PIK3C2A,17077730,17207986,TRUE,FALSE
chr11_17196655,constitutive,chr11,17196655,PIK3C2A,17077730,17207986,TRUE,FALSE
chr11_17196662,constitutive,chr11,17196662,PIK3C2A,17077730,17207986,TRUE,FALSE
chr11_17196670,constitutive,chr11,17196670,PIK3C2A,17077730,17207986,TRUE,FALSE
chr11_17196717,constitutive,chr11,17196717,PIK3C2A,17077730,17207986,TRUE,FALSE
chr11_17196726,ambiguous,chr11,17196726,PIK3C2A,17077730,17207986,TRUE,FALSE
chr11_17196989,constitutive,chr11,17196989,PIK3C2A,17077730,17207986,TRUE,FALSE
chr11_17197026,constitutive,chr11,17197026,PIK3C2A,17077730,17207986,TRUE,FALSE
chr11_17197049,constitutive,chr11,17197049,PIK3C2A,17077730,17207986,TRUE,FALSE
chr11_17197123,constitutive,chr11,17197123,PIK3C2A,17077730,17207986,TRUE,FALSE
chr11_17197132,constitutive,chr11,17197132,PIK3C2A,17077730,17207986,TRUE,FALSE
chr11_17197165,constitutive,chr11,17197165,PIK3C2A,17077730,17207986,TRUE,FALSE
chr11_17197210,constitutive,chr11,17197210,PIK3C2A,17077730,17207986,TRUE,FALSE
chr11_17197309,constitutive,chr11,17197309,PIK3C2A,17077730,17207986,TRUE,FALSE
chr11_17197359,constitutive,chr11,17197359,PIK3C2A,17077730,17207986,TRUE,FALSE
chr11_17197924,ambiguous,chr11,17197924,PIK3C2A,17077730,17207986,TRUE,FALSE
chr11_17198178,constitutive,chr11,17198178,PIK3C2A,17077730,17207986,TRUE,FALSE
chr11_17198212,constitutive,chr11,17198212,PIK3C2A,17077730,17207986,TRUE,FALSE
chr11_17198258,constitutive,chr11,17198258,PIK3C2A,17077730,17207986,TRUE,FALSE
chr11_17198270,constitutive,chr11,17198270,PIK3C2A,17077730,17207986,TRUE,FALSE
chr11_17198329,constitutive,chr11,17198329,PIK3C2A,17077730,17207986,TRUE,FALSE
chr11_17198540,constitutive,chr11,17198540,PIK3C2A,17077730,17207986,TRUE,FALSE
chr11_17198553,constitutive,chr11,17198553,PIK3C2A,17077730,17207986,TRUE,FALSE
chr11_17198742,constitutive,chr11,17198742,PIK3C2A,17077730,17207986,TRUE,FALSE
chr11_17198754,constitutive,chr11,17198754,PIK3C2A,17077730,17207986,TRUE,FALSE
chr11_17198844,constitutive,chr11,17198844,PIK3C2A,17077730,17207986,TRUE,FALSE
chr11_17198884,constitutive,chr11,17198884,PIK3C2A,17077730,17207986,TRUE,FALSE
chr11_17198916,constitutive,chr11,17198916,PIK3C2A,17077730,17207986,TRUE,FALSE
chr11_17198934,constitutive,chr11,17198934,PIK3C2A,17077730,17207986,TRUE,FALSE
chr11_17198977,constitutive,chr11,17198977,PIK3C2A,17077730,17207986,TRUE,FALSE
chr11_17198979,constitutive,chr11,17198979,PIK3C2A,17077730,17207986,TRUE,FALSE
chr11_17199113,constitutive,chr11,17199113,PIK3C2A,17077730,17207986,TRUE,FALSE
chr11_17199562,constitutive,chr11,17199562,PIK3C2A,17077730,17207986,TRUE,FALSE
chr11_17199680,constitutive,chr11,17199680,PIK3C2A,17077730,17207986,TRUE,FALSE
chr11_17199785,constitutive,chr11,17199785,PIK3C2A,17077730,17207986,TRUE,FALSE
chr11_17199817,constitutive,chr11,17199817,PIK3C2A,17077730,17207986,TRUE,FALSE
chr11_17199876,constitutive,chr11,17199876,PIK3C2A,17077730,17207986,TRUE,FALSE
chr11_17200056,constitutive,chr11,17200056,PIK3C2A,17077730,17207986,TRUE,FALSE
chr11_17200093,ambiguous,chr11,17200093,PIK3C2A,17077730,17207986,TRUE,FALSE
chr11_17200100,constitutive,chr11,17200100,PIK3C2A,17077730,17207986,TRUE,FALSE
chr11_17200140,constitutive,chr11,17200140,PIK3C2A,17077730,17207986,TRUE,FALSE
chr11_17200142,constitutive,chr11,17200142,PIK3C2A,17077730,17207986,TRUE,FALSE
chr11_17200164,constitutive,chr11,17200164,PIK3C2A,17077730,17207986,TRUE,FALSE
chr11_17200172,constitutive,chr11,17200172,PIK3C2A,17077730,17207986,TRUE,FALSE
chr11_17200214,constitutive,chr11,17200214,PIK3C2A,17077730,17207986,TRUE,FALSE
chr11_17200223,constitutive,chr11,17200223,PIK3C2A,17077730,17207986,TRUE,FALSE
chr11_17200917,constitutive,chr11,17200917,PIK3C2A,17077730,17207986,TRUE,FALSE
chr11_17200927,ambiguous,chr11,17200927,PIK3C2A,17077730,17207986,TRUE,FALSE
chr11_17200933,ambiguous,chr11,17200933,PIK3C2A,17077730,17207986,TRUE,FALSE
chr11_17200980,constitutive,chr11,17200980,PIK3C2A,17077730,17207986,TRUE,FALSE
chr11_17201034,ambiguous,chr11,17201034,PIK3C2A,17077730,17207986,TRUE,FALSE
chr11_17201078,ambiguous,chr11,17201078,PIK3C2A,17077730,17207986,TRUE,FALSE
chr11_17201120,constitutive,chr11,17201120,PIK3C2A,17077730,17207986,TRUE,FALSE
chr11_17201137,constitutive,chr11,17201137,PIK3C2A,17077730,17207986,TRUE,FALSE
chr11_17201160,constitutive,chr11,17201160,PIK3C2A,17077730,17207986,TRUE,FALSE
chr11_17201192,constitutive,chr11,17201192,PIK3C2A,17077730,17207986,TRUE,FALSE
chr11_17201294,constitutive,chr11,17201294,PIK3C2A,17077730,17207986,TRUE,FALSE
chr11_17201383,constitutive,chr11,17201383,PIK3C2A,17077730,17207986,TRUE,FALSE
chr11_17201387,constitutive,chr11,17201387,PIK3C2A,17077730,17207986,TRUE,FALSE
chr11_17201395,constitutive,chr11,17201395,PIK3C2A,17077730,17207986,TRUE,FALSE
chr11_17201481,constitutive,chr11,17201481,PIK3C2A,17077730,17207986,TRUE,FALSE
chr11_17201512,constitutive,chr11,17201512,PIK3C2A,17077730,17207986,TRUE,FALSE
chr11_17201520,constitutive,chr11,17201520,PIK3C2A,17077730,17207986,TRUE,FALSE
chr11_17201584,ambiguous,chr11,17201584,PIK3C2A,17077730,17207986,TRUE,FALSE
chr11_17201780,constitutive,chr11,17201780,PIK3C2A,17077730,17207986,TRUE,FALSE
chr11_17201978,constitutive,chr11,17201978,PIK3C2A,17077730,17207986,TRUE,FALSE
chr11_17201983,constitutive,chr11,17201983,PIK3C2A,17077730,17207986,TRUE,FALSE
chr11_17202026,constitutive,chr11,17202026,PIK3C2A,17077730,17207986,TRUE,FALSE
chr11_17202035,constitutive,chr11,17202035,PIK3C2A,17077730,17207986,TRUE,FALSE
chr11_17202112,constitutive,chr11,17202112,PIK3C2A,17077730,17207986,TRUE,FALSE
chr11_17202148,constitutive,chr11,17202148,PIK3C2A,17077730,17207986,TRUE,FALSE
chr11_17202187,constitutive,chr11,17202187,PIK3C2A,17077730,17207986,TRUE,FALSE
chr11_17202312,constitutive,chr11,17202312,PIK3C2A,17077730,17207986,TRUE,FALSE
chr11_17202339,ambiguous,chr11,17202339,PIK3C2A,17077730,17207986,TRUE,FALSE
chr11_17202434,constitutive,chr11,17202434,PIK3C2A,17077730,17207986,TRUE,FALSE
chr11_17202444,constitutive,chr11,17202444,PIK3C2A,17077730,17207986,TRUE,FALSE
chr11_17202552,constitutive,chr11,17202552,PIK3C2A,17077730,17207986,TRUE,FALSE
chr11_17203810,ambiguous,chr11,17203810,PIK3C2A,17077730,17207986,TRUE,FALSE
chr11_17203838,constitutive,chr11,17203838,PIK3C2A,17077730,17207986,TRUE,FALSE
chr11_17203843,constitutive,chr11,17203843,PIK3C2A,17077730,17207986,TRUE,FALSE
chr11_17203934,constitutive,chr11,17203934,PIK3C2A,17077730,17207986,TRUE,FALSE
chr11_17203942,constitutive,chr11,17203942,PIK3C2A,17077730,17207986,TRUE,FALSE
chr11_17203946,constitutive,chr11,17203946,PIK3C2A,17077730,17207986,TRUE,FALSE
chr11_17203966,constitutive,chr11,17203966,PIK3C2A,17077730,17207986,TRUE,FALSE
chr11_17204005,constitutive,chr11,17204005,PIK3C2A,17077730,17207986,TRUE,FALSE
chr11_17204021,constitutive,chr11,17204021,PIK3C2A,17077730,17207986,TRUE,FALSE
chr11_17204030,constitutive,chr11,17204030,PIK3C2A,17077730,17207986,TRUE,FALSE
chr11_17204109,constitutive,chr11,17204109,PIK3C2A,17077730,17207986,TRUE,FALSE
chr11_17204370,constitutive,chr11,17204370,PIK3C2A,17077730,17207986,TRUE,FALSE
chr11_17204430,constitutive,chr11,17204430,PIK3C2A,17077730,17207986,TRUE,FALSE
chr11_17204468,ambiguous,chr11,17204468,PIK3C2A,17077730,17207986,TRUE,FALSE
chr11_17204630,constitutive,chr11,17204630,PIK3C2A,17077730,17207986,TRUE,FALSE
chr11_17204735,constitutive,chr11,17204735,PIK3C2A,17077730,17207986,TRUE,FALSE
chr11_17204903,constitutive,chr11,17204903,PIK3C2A,17077730,17207986,TRUE,FALSE
chr11_17204943,constitutive,chr11,17204943,PIK3C2A,17077730,17207986,TRUE,FALSE
chr11_17204948,constitutive,chr11,17204948,PIK3C2A,17077730,17207986,TRUE,FALSE
chr11_17204952,constitutive,chr11,17204952,PIK3C2A,17077730,17207986,TRUE,FALSE
chr11_17205006,constitutive,chr11,17205006,PIK3C2A,17077730,17207986,TRUE,FALSE
chr11_17205133,constitutive,chr11,17205133,PIK3C2A,17077730,17207986,TRUE,FALSE
chr11_17205158,ambiguous,chr11,17205158,PIK3C2A,17077730,17207986,TRUE,FALSE
chr11_17205193,constitutive,chr11,17205193,PIK3C2A,17077730,17207986,TRUE,FALSE
chr11_17205237,constitutive,chr11,17205237,PIK3C2A,17077730,17207986,TRUE,FALSE
chr11_17205302,constitutive,chr11,17205302,PIK3C2A,17077730,17207986,TRUE,FALSE
chr11_17205339,constitutive,chr11,17205339,PIK3C2A,17077730,17207986,TRUE,FALSE
chr11_17205346,constitutive,chr11,17205346,PIK3C2A,17077730,17207986,TRUE,FALSE
chr11_17205398,constitutive,chr11,17205398,PIK3C2A,17077730,17207986,TRUE,FALSE
chr11_17205428,constitutive,chr11,17205428,PIK3C2A,17077730,17207986,TRUE,FALSE
chr11_17205449,ambiguous,chr11,17205449,PIK3C2A,17077730,17207986,TRUE,FALSE
chr11_17205891,constitutive,chr11,17205891,PIK3C2A,17077730,17207986,TRUE,FALSE
chr11_17205918,constitutive,chr11,17205918,PIK3C2A,17077730,17207986,TRUE,FALSE
chr11_17205991,constitutive,chr11,17205991,PIK3C2A,17077730,17207986,TRUE,FALSE
chr11_17205993,constitutive,chr11,17205993,PIK3C2A,17077730,17207986,TRUE,FALSE
chr11_17206074,constitutive,chr11,17206074,PIK3C2A,17077730,17207986,TRUE,FALSE
chr11_17206098,constitutive,chr11,17206098,PIK3C2A,17077730,17207986,TRUE,FALSE
chr11_17206106,constitutive,chr11,17206106,PIK3C2A,17077730,17207986,TRUE,FALSE
chr11_17206188,ambiguous,chr11,17206188,PIK3C2A,17077730,17207986,TRUE,FALSE
chr11_17206265,constitutive,chr11,17206265,PIK3C2A,17077730,17207986,TRUE,FALSE
chr11_17206305,constitutive,chr11,17206305,PIK3C2A,17077730,17207986,TRUE,FALSE
chr11_17206454,ambiguous,chr11,17206454,PIK3C2A,17077730,17207986,TRUE,FALSE
chr11_17206563,ambiguous,chr11,17206563,PIK3C2A,17077730,17207986,TRUE,FALSE
chr11_17206751,ambiguous,chr11,17206751,PIK3C2A,17077730,17207986,TRUE,FALSE
chr11_17206922,ambiguous,chr11,17206922,PIK3C2A,17077730,17207986,TRUE,FALSE
chr11_17206986,constitutive,chr11,17206986,PIK3C2A,17077730,17207986,TRUE,FALSE
chr11_17207029,constitutive,chr11,17207029,PIK3C2A,17077730,17207986,TRUE,FALSE
chr11_17207123,constitutive,chr11,17207123,PIK3C2A,17077730,17207986,TRUE,FALSE
chr11_17207194,constitutive,chr11,17207194,PIK3C2A,17077730,17207986,TRUE,FALSE
chr11_17207235,constitutive,chr11,17207235,PIK3C2A,17077730,17207986,TRUE,FALSE
chr11_17207256,ambiguous,chr11,17207256,PIK3C2A,17077730,17207986,TRUE,FALSE
chr11_17207302,constitutive,chr11,17207302,PIK3C2A,17077730,17207986,TRUE,FALSE
chr11_17207304,constitutive,chr11,17207304,PIK3C2A,17077730,17207986,TRUE,FALSE
chr11_17207317,constitutive,chr11,17207317,PIK3C2A,17077730,17207986,TRUE,FALSE
chr11_17207319,constitutive,chr11,17207319,PIK3C2A,17077730,17207986,TRUE,FALSE
chr11_17207337,constitutive,chr11,17207337,PIK3C2A,17077730,17207986,TRUE,FALSE
chr11_17207403,constitutive,chr11,17207403,PIK3C2A,17077730,17207986,TRUE,FALSE
chr11_17207431,constitutive,chr11,17207431,PIK3C2A,17077730,17207986,TRUE,FALSE
chr11_17207465,constitutive,chr11,17207465,PIK3C2A,17077730,17207986,TRUE,FALSE
chr11_17207474,constitutive,chr11,17207474,PIK3C2A,17077730,17207986,TRUE,FALSE
chr11_17207485,constitutive,chr11,17207485,PIK3C2A,17077730,17207986,TRUE,FALSE
chr11_17207491,constitutive,chr11,17207491,PIK3C2A,17077730,17207986,TRUE,FALSE
chr11_17207721,constitutive,chr11,17207721,PIK3C2A,17077730,17207986,TRUE,FALSE
chr11_17207723,constitutive,chr11,17207723,PIK3C2A,17077730,17207986,TRUE,FALSE
chr11_17207746,constitutive,chr11,17207746,PIK3C2A,17077730,17207986,TRUE,FALSE
chr11_17207748,constitutive,chr11,17207748,PIK3C2A,17077730,17207986,TRUE,FALSE
chr11_17207769,constitutive,chr11,17207769,PIK3C2A,17077730,17207986,TRUE,FALSE
chr11_17207778,constitutive,chr11,17207778,PIK3C2A,17077730,17207986,TRUE,FALSE
chr11_17207812,constitutive,chr11,17207812,PIK3C2A,17077730,17207986,TRUE,FALSE
chr11_17207819,constitutive,chr11,17207819,PIK3C2A,17077730,17207986,TRUE,FALSE
chr11_17207829,constitutive,chr11,17207829,PIK3C2A,17077730,17207986,TRUE,FALSE
chr11_17207834,constitutive,chr11,17207834,PIK3C2A,17077730,17207986,TRUE,FALSE
chr11_17207838,constitutive,chr11,17207838,PIK3C2A,17077730,17207986,TRUE,FALSE
chr11_17207867,constitutive,chr11,17207867,PIK3C2A,17077730,17207986,TRUE,FALSE
chr11_17207888,constitutive,chr11,17207888,PIK3C2A,17077730,17207986,TRUE,FALSE
chr11_17207891,constitutive,chr11,17207891,PIK3C2A,17077730,17207986,TRUE,FALSE
chr11_17207897,constitutive,chr11,17207897,PIK3C2A,17077730,17207986,TRUE,FALSE
chr11_17207907,constitutive,chr11,17207907,PIK3C2A,17077730,17207986,TRUE,FALSE
chr11_17207937,constitutive,chr11,17207937,PIK3C2A,17077730,17207986,TRUE,FALSE
chr11_17207940,constitutive,chr11,17207940,PIK3C2A,17077730,17207986,TRUE,FALSE
chr11_17207943,constitutive,chr11,17207943,PIK3C2A,17077730,17207986,TRUE,FALSE
chr11_17207952,constitutive,chr11,17207952,PIK3C2A,17077730,17207986,TRUE,FALSE
chr11_17207956,constitutive,chr11,17207956,PIK3C2A,17077730,17207986,TRUE,FALSE
chr11_17207976,constitutive,chr11,17207976,PIK3C2A,17077730,17207986,TRUE,FALSE
chr11_17207983,constitutive,chr11,17207983,PIK3C2A,17077730,17207986,TRUE,FALSE
chr11_17208263,constitutive,chr11,17208263,PIK3C2A,17077730,17207986,FALSE,FALSE
chr11_17208271,constitutive,chr11,17208271,PIK3C2A,17077730,17207986,FALSE,FALSE
chr11_17208285,constitutive,chr11,17208285,PIK3C2A,17077730,17207986,FALSE,FALSE
chr11_17208323,constitutive,chr11,17208323,PIK3C2A,17077730,17207986,FALSE,FALSE
chr11_17208331,constitutive,chr11,17208331,PIK3C2A,17077730,17207986,FALSE,FALSE
chr11_17208384,constitutive,chr11,17208384,PIK3C2A,17077730,17207986,FALSE,FALSE
chr11_17208387,constitutive,chr11,17208387,PIK3C2A,17077730,17207986,FALSE,FALSE
chr11_17208390,constitutive,chr11,17208390,PIK3C2A,17077730,17207986,FALSE,FALSE
chr11_17208441,constitutive,chr11,17208441,PIK3C2A,17077730,17207986,FALSE,FALSE
chr11_17208464,constitutive,chr11,17208464,PIK3C2A,17077730,17207986,FALSE,FALSE
chr11_17208474,constitutive,chr11,17208474,PIK3C2A,17077730,17207986,FALSE,FALSE
chr11_17208493,constitutive,chr11,17208493,PIK3C2A,17077730,17207986,FALSE,FALSE
chr11_17208517,constitutive,chr11,17208517,PIK3C2A,17077730,17207986,FALSE,FALSE
chr11_17208545,constitutive,chr11,17208545,PIK3C2A,17077730,17207986,FALSE,FALSE
chr11_17208552,constitutive,chr11,17208552,PIK3C2A,17077730,17207986,FALSE,FALSE
chr11_17208563,constitutive,chr11,17208563,PIK3C2A,17077730,17207986,FALSE,FALSE
chr11_17208566,constitutive,chr11,17208566,PIK3C2A,17077730,17207986,FALSE,FALSE
chr11_17208571,constitutive,chr11,17208571,PIK3C2A,17077730,17207986,FALSE,FALSE
chr11_17208633,constitutive,chr11,17208633,PIK3C2A,17077730,17207986,FALSE,FALSE
chr11_17208723,constitutive,chr11,17208723,PIK3C2A,17077730,17207986,FALSE,FALSE
chr11_17208736,constitutive,chr11,17208736,PIK3C2A,17077730,17207986,FALSE,FALSE
chr11_17208756,constitutive,chr11,17208756,PIK3C2A,17077730,17207986,FALSE,FALSE
chr11_17208838,constitutive,chr11,17208838,PIK3C2A,17077730,17207986,FALSE,FALSE
chr11_17208849,constitutive,chr11,17208849,PIK3C2A,17077730,17207986,FALSE,FALSE
chr11_17208907,constitutive,chr11,17208907,PIK3C2A,17077730,17207986,FALSE,FALSE
chr11_17208986,ambiguous,chr11,17208986,PIK3C2A,17077730,17207986,FALSE,FALSE
chr11_17209128,ambiguous,chr11,17209128,PIK3C2A,17077730,17207986,FALSE,FALSE
chr11_17209154,ambiguous,chr11,17209154,PIK3C2A,17077730,17207986,FALSE,FALSE
chr11_17209226,ambiguous,chr11,17209226,PIK3C2A,17077730,17207986,FALSE,FALSE
chr11_17210232,constitutive,chr11,17210232,PIK3C2A,17077730,17207986,FALSE,FALSE
chr11_17210249,constitutive,chr11,17210249,PIK3C2A,17077730,17207986,FALSE,FALSE
chr11_17210364,ambiguous,chr11,17210364,PIK3C2A,17077730,17207986,FALSE,FALSE
chr11_17210384,constitutive,chr11,17210384,PIK3C2A,17077730,17207986,FALSE,FALSE
chr11_17210392,constitutive,chr11,17210392,PIK3C2A,17077730,17207986,FALSE,FALSE
chr11_17210830,constitutive,chr11,17210830,PIK3C2A,17077730,17207986,FALSE,FALSE
chr11_17210836,constitutive,chr11,17210836,PIK3C2A,17077730,17207986,FALSE,FALSE
chr11_17210858,constitutive,chr11,17210858,PIK3C2A,17077730,17207986,FALSE,FALSE
chr11_17211035,constitutive,chr11,17211035,PIK3C2A,17077730,17207986,FALSE,FALSE
chr11_17211196,constitutive,chr11,17211196,PIK3C2A,17077730,17207986,FALSE,FALSE
chr11_17211248,ambiguous,chr11,17211248,PIK3C2A,17077730,17207986,FALSE,FALSE
chr11_17211542,ambiguous,chr11,17211542,PIK3C2A,17077730,17207986,FALSE,FALSE
chr11_17211958,constitutive,chr11,17211958,PIK3C2A,17077730,17207986,FALSE,FALSE
chr11_17211963,constitutive,chr11,17211963,PIK3C2A,17077730,17207986,FALSE,FALSE
chr11_17212062,constitutive,chr11,17212062,PIK3C2A,17077730,17207986,FALSE,FALSE
chr11_17212146,constitutive,chr11,17212146,PIK3C2A,17077730,17207986,FALSE,FALSE
chr11_17212343,constitutive,chr11,17212343,PIK3C2A,17077730,17207986,FALSE,FALSE
chr11_17212676,constitutive,chr11,17212676,PIK3C2A,17077730,17207986,FALSE,FALSE
chr11_17212681,constitutive,chr11,17212681,PIK3C2A,17077730,17207986,FALSE,FALSE
chr11_17212686,ambiguous,chr11,17212686,PIK3C2A,17077730,17207986,FALSE,FALSE
chr2_1784155,ambiguous,chr2,1784155,MYT1L,1789113,2331664,FALSE,FALSE
chr2_1784179,ambiguous,chr2,1784179,MYT1L,1789113,2331664,FALSE,FALSE
chr2_1784201,ambiguous,chr2,1784201,MYT1L,1789113,2331664,FALSE,FALSE
chr2_1784218,ambiguous,chr2,1784218,MYT1L,1789113,2331664,FALSE,FALSE
chr2_1784233,ambiguous,chr2,1784233,MYT1L,1789113,2331664,FALSE,FALSE
chr2_1784308,ambiguous,chr2,1784308,MYT1L,1789113,2331664,FALSE,FALSE
chr2_1784323,ambiguous,chr2,1784323,MYT1L,1789113,2331664,FALSE,FALSE
chr2_1784341,ambiguous,chr2,1784341,MYT1L,1789113,2331664,FALSE,FALSE
chr2_1784355,ambiguous,chr2,1784355,MYT1L,1789113,2331664,FALSE,FALSE
chr2_1784365,ambiguous,chr2,1784365,MYT1L,1789113,2331664,FALSE,FALSE
chr2_1784376,ambiguous,chr2,1784376,MYT1L,1789113,2331664,FALSE,FALSE
chr2_1784386,ambiguous,chr2,1784386,MYT1L,1789113,2331664,FALSE,FALSE
chr2_1784399,ambiguous,chr2,1784399,MYT1L,1789113,2331664,FALSE,FALSE
chr2_1784429,ambiguous,chr2,1784429,MYT1L,1789113,2331664,FALSE,FALSE
chr2_1784439,ambiguous,chr2,1784439,MYT1L,1789113,2331664,FALSE,FALSE
chr2_1784457,ambiguous,chr2,1784457,MYT1L,1789113,2331664,FALSE,FALSE
chr2_1784470,ambiguous,chr2,1784470,MYT1L,1789113,2331664,FALSE,FALSE
chr2_1784482,ME,chr2,1784482,MYT1L,1789113,2331664,FALSE,FALSE
chr2_1784493,ambiguous,chr2,1784493,MYT1L,1789113,2331664,FALSE,FALSE
chr2_1784515,ambiguous,chr2,1784515,MYT1L,1789113,2331664,FALSE,FALSE
chr2_1784538,ambiguous,chr2,1784538,MYT1L,1789113,2331664,FALSE,FALSE
chr2_1784619,ambiguous,chr2,1784619,MYT1L,1789113,2331664,FALSE,FALSE
chr2_1784863,constitutive,chr2,1784863,MYT1L,1789113,2331664,FALSE,FALSE
chr2_1784866,constitutive,chr2,1784866,MYT1L,1789113,2331664,FALSE,FALSE
chr2_1785074,ME,chr2,1785074,MYT1L,1789113,2331664,FALSE,FALSE
chr2_1785084,constitutive,chr2,1785084,MYT1L,1789113,2331664,FALSE,FALSE
chr2_1785141,ambiguous,chr2,1785141,MYT1L,1789113,2331664,FALSE,FALSE
chr2_1785157,constitutive,chr2,1785157,MYT1L,1789113,2331664,FALSE,FALSE
chr2_1785160,constitutive,chr2,1785160,MYT1L,1789113,2331664,FALSE,FALSE
chr2_1785194,constitutive,chr2,1785194,MYT1L,1789113,2331664,FALSE,FALSE
chr2_1785252,ambiguous,chr2,1785252,MYT1L,1789113,2331664,FALSE,FALSE
chr2_1785271,ambiguous,chr2,1785271,MYT1L,1789113,2331664,FALSE,FALSE
chr2_1785313,ambiguous,chr2,1785313,MYT1L,1789113,2331664,FALSE,FALSE
chr2_1785425,ambiguous,chr2,1785425,MYT1L,1789113,2331664,FALSE,FALSE
chr2_1785434,ambiguous,chr2,1785434,MYT1L,1789113,2331664,FALSE,FALSE
chr2_1785474,ambiguous,chr2,1785474,MYT1L,1789113,2331664,FALSE,FALSE
chr2_1785529,ambiguous,chr2,1785529,MYT1L,1789113,2331664,FALSE,FALSE
chr2_1785541,ambiguous,chr2,1785541,MYT1L,1789113,2331664,FALSE,FALSE
chr2_1785569,ambiguous,chr2,1785569,MYT1L,1789113,2331664,FALSE,FALSE
chr2_1785575,ambiguous,chr2,1785575,MYT1L,1789113,2331664,FALSE,FALSE
chr2_1785604,constitutive,chr2,1785604,MYT1L,1789113,2331664,FALSE,FALSE
chr2_1785650,ambiguous,chr2,1785650,MYT1L,1789113,2331664,FALSE,FALSE
chr2_1785665,ambiguous,chr2,1785665,MYT1L,1789113,2331664,FALSE,FALSE
chr2_1785706,ambiguous,chr2,1785706,MYT1L,1789113,2331664,FALSE,FALSE
chr2_1786162,ambiguous,chr2,1786162,MYT1L,1789113,2331664,FALSE,FALSE
chr2_1786713,constitutive,chr2,1786713,MYT1L,1789113,2331664,FALSE,FALSE
chr2_1786726,constitutive,chr2,1786726,MYT1L,1789113,2331664,FALSE,FALSE
chr2_1786730,constitutive,chr2,1786730,MYT1L,1789113,2331664,FALSE,FALSE
chr2_1786817,ME,chr2,1786817,MYT1L,1789113,2331664,FALSE,FALSE
chr2_1786830,constitutive,chr2,1786830,MYT1L,1789113,2331664,FALSE,FALSE
chr2_1786859,constitutive,chr2,1786859,MYT1L,1789113,2331664,FALSE,FALSE
chr2_1786918,constitutive,chr2,1786918,MYT1L,1789113,2331664,FALSE,FALSE
chr2_1786933,constitutive,chr2,1786933,MYT1L,1789113,2331664,FALSE,FALSE
chr2_1786950,ambiguous,chr2,1786950,MYT1L,1789113,2331664,FALSE,FALSE
chr2_1786996,ambiguous,chr2,1786996,MYT1L,1789113,2331664,FALSE,FALSE
chr2_1787200,constitutive,chr2,1787200,MYT1L,1789113,2331664,FALSE,FALSE
chr2_1787367,ambiguous,chr2,1787367,MYT1L,1789113,2331664,FALSE,FALSE
chr2_1787827,ambiguous,chr2,1787827,MYT1L,1789113,2331664,FALSE,FALSE
chr2_1787873,ambiguous,chr2,1787873,MYT1L,1789113,2331664,FALSE,FALSE
chr2_1787916,ambiguous,chr2,1787916,MYT1L,1789113,2331664,FALSE,FALSE
chr2_1788021,ambiguous,chr2,1788021,MYT1L,1789113,2331664,FALSE,FALSE
chr2_1788063,ambiguous,chr2,1788063,MYT1L,1789113,2331664,FALSE,FALSE
chr2_1788286,ambiguous,chr2,1788286,MYT1L,1789113,2331664,FALSE,FALSE
chr2_1788348,ambiguous,chr2,1788348,MYT1L,1789113,2331664,FALSE,FALSE
chr2_1788379,ambiguous,chr2,1788379,MYT1L,1789113,2331664,FALSE,FALSE
chr2_1788399,ambiguous,chr2,1788399,MYT1L,1789113,2331664,FALSE,FALSE
chr2_1788415,ambiguous,chr2,1788415,MYT1L,1789113,2331664,FALSE,FALSE
chr2_1788563,ambiguous,chr2,1788563,MYT1L,1789113,2331664,FALSE,FALSE
chr2_1788681,constitutive,chr2,1788681,MYT1L,1789113,2331664,FALSE,FALSE
chr2_1788689,ambiguous,chr2,1788689,MYT1L,1789113,2331664,FALSE,FALSE
chr2_1788723,ambiguous,chr2,1788723,MYT1L,1789113,2331664,FALSE,FALSE
chr2_1788729,constitutive,chr2,1788729,MYT1L,1789113,2331664,FALSE,FALSE
chr2_1788742,constitutive,chr2,1788742,MYT1L,1789113,2331664,FALSE,FALSE
chr2_1788744,constitutive,chr2,1788744,MYT1L,1789113,2331664,FALSE,FALSE
chr2_1788758,ambiguous,chr2,1788758,MYT1L,1789113,2331664,FALSE,FALSE
chr2_1788769,ambiguous,chr2,1788769,MYT1L,1789113,2331664,FALSE,FALSE
chr2_1788892,constitutive,chr2,1788892,MYT1L,1789113,2331664,FALSE,FALSE
chr2_1788905,constitutive,chr2,1788905,MYT1L,1789113,2331664,FALSE,FALSE
chr2_1788926,constitutive,chr2,1788926,MYT1L,1789113,2331664,FALSE,FALSE
chr2_1788943,ambiguous,chr2,1788943,MYT1L,1789113,2331664,FALSE,FALSE
chr2_1788990,constitutive,chr2,1788990,MYT1L,1789113,2331664,FALSE,FALSE
chr2_1789050,constitutive,chr2,1789050,MYT1L,1789113,2331664,FALSE,FALSE
chr2_1789063,constitutive,chr2,1789063,MYT1L,1789113,2331664,FALSE,FALSE
chr2_1789101,constitutive,chr2,1789101,MYT1L,1789113,2331664,FALSE,FALSE
chr2_1789109,ambiguous,chr2,1789109,MYT1L,1789113,2331664,FALSE,FALSE
chr2_1789125,ambiguous,chr2,1789125,MYT1L,1789113,2331664,TRUE,FALSE
chr2_1789285,ambiguous,chr2,1789285,MYT1L,1789113,2331664,TRUE,FALSE
chr2_1789527,ambiguous,chr2,1789527,MYT1L,1789113,2331664,TRUE,FALSE
chr2_1789663,ambiguous,chr2,1789663,MYT1L,1789113,2331664,TRUE,FALSE
chr2_1789665,constitutive,chr2,1789665,MYT1L,1789113,2331664,TRUE,FALSE
chr2_1789733,constitutive,chr2,1789733,MYT1L,1789113,2331664,TRUE,FALSE
chr2_1789737,constitutive,chr2,1789737,MYT1L,1789113,2331664,TRUE,FALSE
chr2_1789779,constitutive,chr2,1789779,MYT1L,1789113,2331664,TRUE,FALSE
chr2_1789827,ambiguous,chr2,1789827,MYT1L,1789113,2331664,TRUE,FALSE
chr2_1789846,constitutive,chr2,1789846,MYT1L,1789113,2331664,TRUE,FALSE
chr2_1789856,constitutive,chr2,1789856,MYT1L,1789113,2331664,TRUE,FALSE
chr2_1789870,ambiguous,chr2,1789870,MYT1L,1789113,2331664,TRUE,FALSE
chr2_1789944,constitutive,chr2,1789944,MYT1L,1789113,2331664,TRUE,FALSE
chr2_1789983,constitutive,chr2,1789983,MYT1L,1789113,2331664,TRUE,FALSE
chr2_1790010,ambiguous,chr2,1790010,MYT1L,1789113,2331664,TRUE,FALSE
chr2_1790013,ambiguous,chr2,1790013,MYT1L,1789113,2331664,TRUE,FALSE
chr2_1790056,constitutive,chr2,1790056,MYT1L,1789113,2331664,TRUE,FALSE
chr2_1790109,constitutive,chr2,1790109,MYT1L,1789113,2331664,TRUE,FALSE
chr2_1790127,constitutive,chr2,1790127,MYT1L,1789113,2331664,TRUE,FALSE
chr2_1790131,constitutive,chr2,1790131,MYT1L,1789113,2331664,TRUE,FALSE
chr2_1790163,constitutive,chr2,1790163,MYT1L,1789113,2331664,TRUE,FALSE
chr2_1790277,ambiguous,chr2,1790277,MYT1L,1789113,2331664,TRUE,FALSE
chr2_1790362,constitutive,chr2,1790362,MYT1L,1789113,2331664,TRUE,FALSE
chr2_1790397,constitutive,chr2,1790397,MYT1L,1789113,2331664,TRUE,FALSE
chr2_1790635,ambiguous,chr2,1790635,MYT1L,1789113,2331664,TRUE,FALSE
chr2_1790718,ambiguous,chr2,1790718,MYT1L,1789113,2331664,TRUE,FALSE
chr2_1790752,ambiguous,chr2,1790752,MYT1L,1789113,2331664,TRUE,FALSE
chr2_1790959,ambiguous,chr2,1790959,MYT1L,1789113,2331664,TRUE,FALSE
chr2_1790978,ambiguous,chr2,1790978,MYT1L,1789113,2331664,TRUE,FALSE
chr2_1791026,ambiguous,chr2,1791026,MYT1L,1789113,2331664,TRUE,FALSE
chr2_1791087,ambiguous,chr2,1791087,MYT1L,1789113,2331664,TRUE,FALSE
chr2_1791332,ambiguous,chr2,1791332,MYT1L,1789113,2331664,TRUE,FALSE
chr2_1791415,ambiguous,chr2,1791415,MYT1L,1789113,2331664,TRUE,FALSE
chr2_1791426,constitutive,chr2,1791426,MYT1L,1789113,2331664,TRUE,FALSE
chr2_1791475,ambiguous,chr2,1791475,MYT1L,1789113,2331664,TRUE,FALSE
chr2_1791665,ambiguous,chr2,1791665,MYT1L,1789113,2331664,TRUE,FALSE
chr2_1791937,ambiguous,chr2,1791937,MYT1L,1789113,2331664,TRUE,FALSE
chr2_1791960,ambiguous,chr2,1791960,MYT1L,1789113,2331664,TRUE,FALSE
chr2_1791974,ambiguous,chr2,1791974,MYT1L,1789113,2331664,TRUE,FALSE
chr2_1792011,ambiguous,chr2,1792011,MYT1L,1789113,2331664,TRUE,FALSE
chr2_1792124,ambiguous,chr2,1792124,MYT1L,1789113,2331664,TRUE,FALSE
chr2_1792160,ambiguous,chr2,1792160,MYT1L,1789113,2331664,TRUE,FALSE
chr2_1792193,ambiguous,chr2,1792193,MYT1L,1789113,2331664,TRUE,FALSE
chr2_1792244,ambiguous,chr2,1792244,MYT1L,1789113,2331664,TRUE,FALSE
chr2_1792253,ambiguous,chr2,1792253,MYT1L,1789113,2331664,TRUE,FALSE
chr2_1792274,ambiguous,chr2,1792274,MYT1L,1789113,2331664,TRUE,FALSE
chr2_1792304,ambiguous,chr2,1792304,MYT1L,1789113,2331664,TRUE,FALSE
chr2_1792327,ambiguous,chr2,1792327,MYT1L,1789113,2331664,TRUE,FALSE
chr2_1792375,ambiguous,chr2,1792375,MYT1L,1789113,2331664,TRUE,FALSE
chr2_1792383,ambiguous,chr2,1792383,MYT1L,1789113,2331664,TRUE,FALSE
chr2_1792398,ambiguous,chr2,1792398,MYT1L,1789113,2331664,TRUE,FALSE
chr2_1792431,ambiguous,chr2,1792431,MYT1L,1789113,2331664,TRUE,FALSE
chr2_1792456,ambiguous,chr2,1792456,MYT1L,1789113,2331664,TRUE,FALSE
chr2_1792471,ambiguous,chr2,1792471,MYT1L,1789113,2331664,TRUE,FALSE
chr2_1792483,constitutive,chr2,1792483,MYT1L,1789113,2331664,TRUE,FALSE
chr2_1792514,constitutive,chr2,1792514,MYT1L,1789113,2331664,TRUE,FALSE
chr2_1792516,constitutive,chr2,1792516,MYT1L,1789113,2331664,TRUE,FALSE
chr2_1792522,ambiguous,chr2,1792522,MYT1L,1789113,2331664,TRUE,FALSE
chr2_1792528,ambiguous,chr2,1792528,MYT1L,1789113,2331664,TRUE,FALSE
chr2_1792551,ambiguous,chr2,1792551,MYT1L,1789113,2331664,TRUE,FALSE
chr2_1792567,constitutive,chr2,1792567,MYT1L,1789113,2331664,TRUE,FALSE
chr2_1792586,constitutive,chr2,1792586,MYT1L,1789113,2331664,TRUE,FALSE
chr2_1792591,ambiguous,chr2,1792591,MYT1L,1789113,2331664,TRUE,FALSE
chr2_1792595,constitutive,chr2,1792595,MYT1L,1789113,2331664,TRUE,FALSE
chr2_1792598,ambiguous,chr2,1792598,MYT1L,1789113,2331664,TRUE,FALSE
chr2_1792607,ambiguous,chr2,1792607,MYT1L,1789113,2331664,TRUE,FALSE
chr2_1792685,ambiguous,chr2,1792685,MYT1L,1789113,2331664,TRUE,FALSE
chr2_1792730,constitutive,chr2,1792730,MYT1L,1789113,2331664,TRUE,FALSE
chr2_1792738,constitutive,chr2,1792738,MYT1L,1789113,2331664,TRUE,FALSE
chr2_1792742,constitutive,chr2,1792742,MYT1L,1789113,2331664,TRUE,FALSE
chr2_1792762,ambiguous,chr2,1792762,MYT1L,1789113,2331664,TRUE,FALSE
chr2_1792794,ambiguous,chr2,1792794,MYT1L,1789113,2331664,TRUE,FALSE
chr2_1792801,constitutive,chr2,1792801,MYT1L,1789113,2331664,TRUE,FALSE
chr2_1792856,ambiguous,chr2,1792856,MYT1L,1789113,2331664,TRUE,FALSE
chr2_1792907,ambiguous,chr2,1792907,MYT1L,1789113,2331664,TRUE,FALSE
chr2_1792995,constitutive,chr2,1792995,MYT1L,1789113,2331664,TRUE,FALSE
chr2_1792997,constitutive,chr2,1792997,MYT1L,1789113,2331664,TRUE,FALSE
chr2_1793015,constitutive,chr2,1793015,MYT1L,1789113,2331664,TRUE,FALSE
chr2_1793052,constitutive,chr2,1793052,MYT1L,1789113,2331664,TRUE,FALSE
chr2_1793213,ambiguous,chr2,1793213,MYT1L,1789113,2331664,TRUE,FALSE
chr2_1793225,ambiguous,chr2,1793225,MYT1L,1789113,2331664,TRUE,FALSE
chr2_1793295,constitutive,chr2,1793295,MYT1L,1789113,2331664,TRUE,FALSE
chr2_1793315,constitutive,chr2,1793315,MYT1L,1789113,2331664,TRUE,FALSE
chr2_1793324,constitutive,chr2,1793324,MYT1L,1789113,2331664,TRUE,FALSE
chr2_1793381,ambiguous,chr2,1793381,MYT1L,1789113,2331664,TRUE,FALSE
chr2_1793413,constitutive,chr2,1793413,MYT1L,1789113,2331664,TRUE,FALSE
chr2_1793418,ambiguous,chr2,1793418,MYT1L,1789113,2331664,TRUE,FALSE
chr2_1793423,ambiguous,chr2,1793423,MYT1L,1789113,2331664,TRUE,FALSE
chr2_1793456,constitutive,chr2,1793456,MYT1L,1789113,2331664,TRUE,FALSE
chr2_1793498,ambiguous,chr2,1793498,MYT1L,1789113,2331664,TRUE,FALSE
chr2_1793578,ambiguous,chr2,1793578,MYT1L,1789113,2331664,TRUE,FALSE
chr2_1793643,ambiguous,chr2,1793643,MYT1L,1789113,2331664,TRUE,FALSE
chr2_1793692,constitutive,chr2,1793692,MYT1L,1789113,2331664,TRUE,FALSE
chr2_1793718,ambiguous,chr2,1793718,MYT1L,1789113,2331664,TRUE,FALSE
chr2_1793768,ambiguous,chr2,1793768,MYT1L,1789113,2331664,TRUE,FALSE
chr2_1793790,ambiguous,chr2,1793790,MYT1L,1789113,2331664,TRUE,FALSE
chr2_1793835,ambiguous,chr2,1793835,MYT1L,1789113,2331664,TRUE,FALSE
chr2_1793875,ambiguous,chr2,1793875,MYT1L,1789113,2331664,TRUE,FALSE
chr2_1793893,ambiguous,chr2,1793893,MYT1L,1789113,2331664,TRUE,FALSE
chr2_1793903,ambiguous,chr2,1793903,MYT1L,1789113,2331664,TRUE,FALSE
chr2_1793909,ambiguous,chr2,1793909,MYT1L,1789113,2331664,TRUE,FALSE
chr2_1793928,ambiguous,chr2,1793928,MYT1L,1789113,2331664,TRUE,FALSE
chr2_1793955,ambiguous,chr2,1793955,MYT1L,1789113,2331664,TRUE,FALSE
chr2_1794025,ambiguous,chr2,1794025,MYT1L,1789113,2331664,TRUE,FALSE
chr2_1794041,ambiguous,chr2,1794041,MYT1L,1789113,2331664,TRUE,FALSE
chr2_1794063,ambiguous,chr2,1794063,MYT1L,1789113,2331664,TRUE,FALSE
chr2_1794080,ambiguous,chr2,1794080,MYT1L,1789113,2331664,TRUE,FALSE
chr2_1794101,ambiguous,chr2,1794101,MYT1L,1789113,2331664,TRUE,FALSE
chr2_1794158,ambiguous,chr2,1794158,MYT1L,1789113,2331664,TRUE,FALSE
chr2_1794194,ambiguous,chr2,1794194,MYT1L,1789113,2331664,TRUE,FALSE
chr2_1794215,constitutive,chr2,1794215,MYT1L,1789113,2331664,TRUE,FALSE
chr2_1794262,ambiguous,chr2,1794262,MYT1L,1789113,2331664,TRUE,FALSE
chr2_1794275,constitutive,chr2,1794275,MYT1L,1789113,2331664,TRUE,FALSE
chr2_1794305,constitutive,chr2,1794305,MYT1L,1789113,2331664,TRUE,FALSE
chr2_1794503,constitutive,chr2,1794503,MYT1L,1789113,2331664,TRUE,FALSE
chr2_1794531,constitutive,chr2,1794531,MYT1L,1789113,2331664,TRUE,FALSE
chr2_1794566,constitutive,chr2,1794566,MYT1L,1789113,2331664,TRUE,FALSE
chr2_1794735,ambiguous,chr2,1794735,MYT1L,1789113,2331664,TRUE,FALSE
chr2_1794770,ambiguous,chr2,1794770,MYT1L,1789113,2331664,TRUE,FALSE
chr2_1794933,ambiguous,chr2,1794933,MYT1L,1789113,2331664,TRUE,FALSE
chr2_1794976,ambiguous,chr2,1794976,MYT1L,1789113,2331664,TRUE,FALSE
chr2_1794979,ambiguous,chr2,1794979,MYT1L,1789113,2331664,TRUE,FALSE
chr2_1795027,ambiguous,chr2,1795027,MYT1L,1789113,2331664,TRUE,FALSE
chr2_1795064,ambiguous,chr2,1795064,MYT1L,1789113,2331664,TRUE,FALSE
chr2_1795074,ambiguous,chr2,1795074,MYT1L,1789113,2331664,TRUE,FALSE
chr2_1795087,ambiguous,chr2,1795087,MYT1L,1789113,2331664,TRUE,FALSE
chr2_1795097,ambiguous,chr2,1795097,MYT1L,1789113,2331664,TRUE,FALSE
chr2_1795162,ambiguous,chr2,1795162,MYT1L,1789113,2331664,TRUE,FALSE
chr2_1795348,ambiguous,chr2,1795348,MYT1L,1789113,2331664,TRUE,FALSE
chr2_1795368,ambiguous,chr2,1795368,MYT1L,1789113,2331664,TRUE,FALSE
chr2_1795373,ambiguous,chr2,1795373,MYT1L,1789113,2331664,TRUE,FALSE
chr2_1795376,ambiguous,chr2,1795376,MYT1L,1789113,2331664,TRUE,FALSE
chr2_1795421,constitutive,chr2,1795421,MYT1L,1789113,2331664,TRUE,FALSE
chr2_1795451,ambiguous,chr2,1795451,MYT1L,1789113,2331664,TRUE,FALSE
chr2_1795596,ambiguous,chr2,1795596,MYT1L,1789113,2331664,TRUE,FALSE
chr2_1795598,ambiguous,chr2,1795598,MYT1L,1789113,2331664,TRUE,FALSE
chr2_1795632,ambiguous,chr2,1795632,MYT1L,1789113,2331664,TRUE,FALSE
chr2_1795641,ambiguous,chr2,1795641,MYT1L,1789113,2331664,TRUE,FALSE
chr2_1795645,ambiguous,chr2,1795645,MYT1L,1789113,2331664,TRUE,FALSE
chr2_1795661,constitutive,chr2,1795661,MYT1L,1789113,2331664,TRUE,FALSE
chr2_1795667,ambiguous,chr2,1795667,MYT1L,1789113,2331664,TRUE,FALSE
chr2_1795696,ambiguous,chr2,1795696,MYT1L,1789113,2331664,TRUE,FALSE
chr2_1795730,ambiguous,chr2,1795730,MYT1L,1789113,2331664,TRUE,FALSE
chr2_1795804,ambiguous,chr2,1795804,MYT1L,1789113,2331664,TRUE,FALSE
chr2_1795866,ambiguous,chr2,1795866,MYT1L,1789113,2331664,TRUE,FALSE
chr2_1795913,ambiguous,chr2,1795913,MYT1L,1789113,2331664,TRUE,FALSE
chr2_1795927,ambiguous,chr2,1795927,MYT1L,1789113,2331664,TRUE,FALSE
chr2_1796013,ambiguous,chr2,1796013,MYT1L,1789113,2331664,TRUE,FALSE
chr2_1796095,ambiguous,chr2,1796095,MYT1L,1789113,2331664,TRUE,FALSE
chr2_1796109,ambiguous,chr2,1796109,MYT1L,1789113,2331664,TRUE,FALSE
chr2_1796114,ambiguous,chr2,1796114,MYT1L,1789113,2331664,TRUE,FALSE
chr2_1796143,ambiguous,chr2,1796143,MYT1L,1789113,2331664,TRUE,FALSE
chr2_1796177,ambiguous,chr2,1796177,MYT1L,1789113,2331664,TRUE,FALSE
chr2_1796264,ambiguous,chr2,1796264,MYT1L,1789113,2331664,TRUE,FALSE
chr2_1796288,ambiguous,chr2,1796288,MYT1L,1789113,2331664,TRUE,FALSE
chr2_1796322,ambiguous,chr2,1796322,MYT1L,1789113,2331664,TRUE,FALSE
chr2_1796370,ambiguous,chr2,1796370,MYT1L,1789113,2331664,TRUE,FALSE
chr2_1796401,ambiguous,chr2,1796401,MYT1L,1789113,2331664,TRUE,FALSE
chr2_1796552,constitutive,chr2,1796552,MYT1L,1789113,2331664,TRUE,FALSE
chr2_1796600,ambiguous,chr2,1796600,MYT1L,1789113,2331664,TRUE,FALSE
chr2_1796667,ambiguous,chr2,1796667,MYT1L,1789113,2331664,TRUE,FALSE
chr2_1796694,ambiguous,chr2,1796694,MYT1L,1789113,2331664,TRUE,FALSE
chr2_1796700,ambiguous,chr2,1796700,MYT1L,1789113,2331664,TRUE,FALSE
chr2_1796873,ambiguous,chr2,1796873,MYT1L,1789113,2331664,TRUE,FALSE
chr2_1796886,ambiguous,chr2,1796886,MYT1L,1789113,2331664,TRUE,FALSE
chr2_1796925,ambiguous,chr2,1796925,MYT1L,1789113,2331664,TRUE,FALSE
chr2_1796944,ambiguous,chr2,1796944,MYT1L,1789113,2331664,TRUE,FALSE
chr2_1796985,ambiguous,chr2,1796985,MYT1L,1789113,2331664,TRUE,FALSE
chr2_1797013,ambiguous,chr2,1797013,MYT1L,1789113,2331664,TRUE,FALSE
chr2_1797040,ambiguous,chr2,1797040,MYT1L,1789113,2331664,TRUE,FALSE
chr2_1797051,ambiguous,chr2,1797051,MYT1L,1789113,2331664,TRUE,FALSE
chr2_1797063,ambiguous,chr2,1797063,MYT1L,1789113,2331664,TRUE,FALSE
chr2_1797161,constitutive,chr2,1797161,MYT1L,1789113,2331664,TRUE,FALSE
chr2_1797185,ambiguous,chr2,1797185,MYT1L,1789113,2331664,TRUE,FALSE
chr2_1797244,constitutive,chr2,1797244,MYT1L,1789113,2331664,TRUE,FALSE
chr2_1797251,constitutive,chr2,1797251,MYT1L,1789113,2331664,TRUE,FALSE
chr2_1797275,constitutive,chr2,1797275,MYT1L,1789113,2331664,TRUE,FALSE
chr2_1797286,constitutive,chr2,1797286,MYT1L,1789113,2331664,TRUE,FALSE
chr2_1797324,constitutive,chr2,1797324,MYT1L,1789113,2331664,TRUE,FALSE
chr2_1797348,ambiguous,chr2,1797348,MYT1L,1789113,2331664,TRUE,FALSE
chr2_1797368,constitutive,chr2,1797368,MYT1L,1789113,2331664,TRUE,FALSE
chr2_1797380,constitutive,chr2,1797380,MYT1L,1789113,2331664,TRUE,FALSE
chr2_1797410,constitutive,chr2,1797410,MYT1L,1789113,2331664,TRUE,FALSE
chr2_1797527,constitutive,chr2,1797527,MYT1L,1789113,2331664,TRUE,FALSE
chr2_1797541,ambiguous,chr2,1797541,MYT1L,1789113,2331664,TRUE,FALSE
chr2_1797563,ambiguous,chr2,1797563,MYT1L,1789113,2331664,TRUE,FALSE
chr2_1797566,ambiguous,chr2,1797566,MYT1L,1789113,2331664,TRUE,FALSE
chr2_1797635,ambiguous,chr2,1797635,MYT1L,1789113,2331664,TRUE,FALSE
chr2_1797711,ambiguous,chr2,1797711,MYT1L,1789113,2331664,TRUE,FALSE
chr2_1797813,ambiguous,chr2,1797813,MYT1L,1789113,2331664,TRUE,FALSE
chr2_1798569,ambiguous,chr2,1798569,MYT1L,1789113,2331664,TRUE,FALSE
chr2_1798598,ambiguous,chr2,1798598,MYT1L,1789113,2331664,TRUE,FALSE
chr2_1798649,ambiguous,chr2,1798649,MYT1L,1789113,2331664,TRUE,FALSE
chr2_1798697,ambiguous,chr2,1798697,MYT1L,1789113,2331664,TRUE,FALSE
chr2_1798773,ambiguous,chr2,1798773,MYT1L,1789113,2331664,TRUE,FALSE
chr2_1798792,ambiguous,chr2,1798792,MYT1L,1789113,2331664,TRUE,FALSE
chr2_1798824,ambiguous,chr2,1798824,MYT1L,1789113,2331664,TRUE,FALSE
chr2_1798844,constitutive,chr2,1798844,MYT1L,1789113,2331664,TRUE,FALSE
chr2_1798855,ambiguous,chr2,1798855,MYT1L,1789113,2331664,TRUE,FALSE
chr2_1798892,ambiguous,chr2,1798892,MYT1L,1789113,2331664,TRUE,FALSE
chr2_1799036,ambiguous,chr2,1799036,MYT1L,1789113,2331664,TRUE,FALSE
chr2_1799067,constitutive,chr2,1799067,MYT1L,1789113,2331664,TRUE,FALSE
chr2_1799075,constitutive,chr2,1799075,MYT1L,1789113,2331664,TRUE,FALSE
chr2_1799304,ambiguous,chr2,1799304,MYT1L,1789113,2331664,TRUE,FALSE
chr2_1799308,ambiguous,chr2,1799308,MYT1L,1789113,2331664,TRUE,FALSE
chr2_1799323,ambiguous,chr2,1799323,MYT1L,1789113,2331664,TRUE,FALSE
chr2_1799354,ambiguous,chr2,1799354,MYT1L,1789113,2331664,TRUE,FALSE
chr2_1799393,constitutive,chr2,1799393,MYT1L,1789113,2331664,TRUE,FALSE
chr2_1799422,ambiguous,chr2,1799422,MYT1L,1789113,2331664,TRUE,FALSE
chr2_1799472,ambiguous,chr2,1799472,MYT1L,1789113,2331664,TRUE,FALSE
chr2_1799763,ambiguous,chr2,1799763,MYT1L,1789113,2331664,TRUE,FALSE
chr2_1799832,ambiguous,chr2,1799832,MYT1L,1789113,2331664,TRUE,FALSE
chr2_1800031,ambiguous,chr2,1800031,MYT1L,1789113,2331664,TRUE,FALSE
chr2_1800084,ambiguous,chr2,1800084,MYT1L,1789113,2331664,TRUE,FALSE
chr2_1800239,constitutive,chr2,1800239,MYT1L,1789113,2331664,TRUE,FALSE
chr2_1800249,constitutive,chr2,1800249,MYT1L,1789113,2331664,TRUE,FALSE
chr2_1800296,ambiguous,chr2,1800296,MYT1L,1789113,2331664,TRUE,FALSE
chr2_1800358,constitutive,chr2,1800358,MYT1L,1789113,2331664,TRUE,FALSE
chr2_1800519,constitutive,chr2,1800519,MYT1L,1789113,2331664,TRUE,FALSE
chr2_1800631,constitutive,chr2,1800631,MYT1L,1789113,2331664,TRUE,FALSE
chr2_1800644,constitutive,chr2,1800644,MYT1L,1789113,2331664,TRUE,FALSE
chr2_1800753,constitutive,chr2,1800753,MYT1L,1789113,2331664,TRUE,FALSE
chr2_1800819,constitutive,chr2,1800819,MYT1L,1789113,2331664,TRUE,FALSE
chr2_1800853,constitutive,chr2,1800853,MYT1L,1789113,2331664,TRUE,FALSE
chr2_1800870,constitutive,chr2,1800870,MYT1L,1789113,2331664,TRUE,FALSE
chr2_1800957,ambiguous,chr2,1800957,MYT1L,1789113,2331664,TRUE,FALSE
chr2_1800997,constitutive,chr2,1800997,MYT1L,1789113,2331664,TRUE,FALSE
chr2_1801000,constitutive,chr2,1801000,MYT1L,1789113,2331664,TRUE,FALSE
chr2_1801081,ambiguous,chr2,1801081,MYT1L,1789113,2331664,TRUE,FALSE
chr2_1801144,ambiguous,chr2,1801144,MYT1L,1789113,2331664,TRUE,FALSE
chr2_1801331,constitutive,chr2,1801331,MYT1L,1789113,2331664,TRUE,FALSE
chr2_1801338,constitutive,chr2,1801338,MYT1L,1789113,2331664,TRUE,FALSE
chr2_1801422,ambiguous,chr2,1801422,MYT1L,1789113,2331664,TRUE,FALSE
chr2_1801492,ambiguous,chr2,1801492,MYT1L,1789113,2331664,TRUE,FALSE
chr2_1801503,constitutive,chr2,1801503,MYT1L,1789113,2331664,TRUE,FALSE
chr2_1801518,constitutive,chr2,1801518,MYT1L,1789113,2331664,TRUE,FALSE
chr2_1801530,constitutive,chr2,1801530,MYT1L,1789113,2331664,TRUE,FALSE
chr2_1801544,constitutive,chr2,1801544,MYT1L,1789113,2331664,TRUE,FALSE
chr2_1801604,ambiguous,chr2,1801604,MYT1L,1789113,2331664,TRUE,FALSE
chr2_1801655,constitutive,chr2,1801655,MYT1L,1789113,2331664,TRUE,FALSE
chr2_1801657,ambiguous,chr2,1801657,MYT1L,1789113,2331664,TRUE,FALSE
chr2_1801719,constitutive,chr2,1801719,MYT1L,1789113,2331664,TRUE,FALSE
chr2_1801890,constitutive,chr2,1801890,MYT1L,1789113,2331664,TRUE,FALSE
chr2_1802026,ambiguous,chr2,1802026,MYT1L,1789113,2331664,TRUE,FALSE
chr2_1802057,ambiguous,chr2,1802057,MYT1L,1789113,2331664,TRUE,FALSE
chr2_1802096,ambiguous,chr2,1802096,MYT1L,1789113,2331664,TRUE,FALSE
chr2_1802172,ambiguous,chr2,1802172,MYT1L,1789113,2331664,TRUE,FALSE
chr2_1802236,ambiguous,chr2,1802236,MYT1L,1789113,2331664,TRUE,FALSE
chr2_1802262,ambiguous,chr2,1802262,MYT1L,1789113,2331664,TRUE,FALSE
chr2_1802289,Ecto_specific,chr2,1802289,MYT1L,1789113,2331664,TRUE,FALSE
chr2_1802307,ambiguous,chr2,1802307,MYT1L,1789113,2331664,TRUE,FALSE
chr2_1802324,ambiguous,chr2,1802324,MYT1L,1789113,2331664,TRUE,FALSE
chr2_1802335,ambiguous,chr2,1802335,MYT1L,1789113,2331664,TRUE,FALSE
chr2_1802362,ambiguous,chr2,1802362,MYT1L,1789113,2331664,TRUE,FALSE
chr2_1802406,ambiguous,chr2,1802406,MYT1L,1789113,2331664,TRUE,FALSE
chr2_1802443,ambiguous,chr2,1802443,MYT1L,1789113,2331664,TRUE,FALSE
chr2_1802597,ambiguous,chr2,1802597,MYT1L,1789113,2331664,TRUE,FALSE
chr2_1802696,ambiguous,chr2,1802696,MYT1L,1789113,2331664,TRUE,FALSE
chr2_1803005,ambiguous,chr2,1803005,MYT1L,1789113,2331664,TRUE,FALSE
chr2_1803077,ambiguous,chr2,1803077,MYT1L,1789113,2331664,TRUE,FALSE
chr2_1803134,constitutive,chr2,1803134,MYT1L,1789113,2331664,TRUE,FALSE
chr2_1803149,constitutive,chr2,1803149,MYT1L,1789113,2331664,TRUE,FALSE
chr2_1803226,constitutive,chr2,1803226,MYT1L,1789113,2331664,TRUE,FALSE
chr2_1803230,constitutive,chr2,1803230,MYT1L,1789113,2331664,TRUE,FALSE
chr2_1803331,ambiguous,chr2,1803331,MYT1L,1789113,2331664,TRUE,FALSE
chr2_1803344,ambiguous,chr2,1803344,MYT1L,1789113,2331664,TRUE,FALSE
chr2_1803402,ambiguous,chr2,1803402,MYT1L,1789113,2331664,TRUE,FALSE
chr2_1803571,ambiguous,chr2,1803571,MYT1L,1789113,2331664,TRUE,FALSE
chr2_1803714,ambiguous,chr2,1803714,MYT1L,1789113,2331664,TRUE,FALSE
chr2_1803740,ambiguous,chr2,1803740,MYT1L,1789113,2331664,TRUE,FALSE
chr2_1803794,ambiguous,chr2,1803794,MYT1L,1789113,2331664,TRUE,FALSE
chr2_1803810,ambiguous,chr2,1803810,MYT1L,1789113,2331664,TRUE,FALSE
chr2_1803831,ambiguous,chr2,1803831,MYT1L,1789113,2331664,TRUE,FALSE
chr2_1803853,ambiguous,chr2,1803853,MYT1L,1789113,2331664,TRUE,FALSE
chr2_1803929,ambiguous,chr2,1803929,MYT1L,1789113,2331664,TRUE,FALSE
chr2_1803943,ambiguous,chr2,1803943,MYT1L,1789113,2331664,TRUE,FALSE
chr2_1803947,ambiguous,chr2,1803947,MYT1L,1789113,2331664,TRUE,FALSE
chr2_1803952,ambiguous,chr2,1803952,MYT1L,1789113,2331664,TRUE,FALSE
chr2_1803955,ambiguous,chr2,1803955,MYT1L,1789113,2331664,TRUE,FALSE
chr2_1804181,constitutive,chr2,1804181,MYT1L,1789113,2331664,TRUE,FALSE
chr2_1804213,constitutive,chr2,1804213,MYT1L,1789113,2331664,TRUE,FALSE
chr2_1804223,ambiguous,chr2,1804223,MYT1L,1789113,2331664,TRUE,FALSE
chr2_1804281,ambiguous,chr2,1804281,MYT1L,1789113,2331664,TRUE,FALSE
chr2_1804401,ambiguous,chr2,1804401,MYT1L,1789113,2331664,TRUE,FALSE
chr2_1804411,ambiguous,chr2,1804411,MYT1L,1789113,2331664,TRUE,FALSE
chr2_1804413,ambiguous,chr2,1804413,MYT1L,1789113,2331664,TRUE,FALSE
chr2_1804604,ambiguous,chr2,1804604,MYT1L,1789113,2331664,TRUE,FALSE
chr2_1804684,ambiguous,chr2,1804684,MYT1L,1789113,2331664,TRUE,FALSE
chr2_1804762,ambiguous,chr2,1804762,MYT1L,1789113,2331664,TRUE,FALSE
chr2_1804801,constitutive,chr2,1804801,MYT1L,1789113,2331664,TRUE,FALSE
chr2_1804831,constitutive,chr2,1804831,MYT1L,1789113,2331664,TRUE,FALSE
chr2_1804965,ambiguous,chr2,1804965,MYT1L,1789113,2331664,TRUE,FALSE
chr2_1805072,ambiguous,chr2,1805072,MYT1L,1789113,2331664,TRUE,FALSE
chr2_1805075,ambiguous,chr2,1805075,MYT1L,1789113,2331664,TRUE,FALSE
chr2_1805105,ambiguous,chr2,1805105,MYT1L,1789113,2331664,TRUE,FALSE
chr2_1805123,ambiguous,chr2,1805123,MYT1L,1789113,2331664,TRUE,FALSE
chr2_1805284,constitutive,chr2,1805284,MYT1L,1789113,2331664,TRUE,FALSE
chr2_1805316,ambiguous,chr2,1805316,MYT1L,1789113,2331664,TRUE,FALSE
chr2_1805396,ambiguous,chr2,1805396,MYT1L,1789113,2331664,TRUE,FALSE
chr2_1805489,constitutive,chr2,1805489,MYT1L,1789113,2331664,TRUE,FALSE
chr2_1805531,constitutive,chr2,1805531,MYT1L,1789113,2331664,TRUE,FALSE
chr2_1805706,constitutive,chr2,1805706,MYT1L,1789113,2331664,TRUE,FALSE
chr2_1805800,constitutive,chr2,1805800,MYT1L,1789113,2331664,TRUE,FALSE
chr2_1805817,constitutive,chr2,1805817,MYT1L,1789113,2331664,TRUE,FALSE
chr2_1805872,constitutive,chr2,1805872,MYT1L,1789113,2331664,TRUE,FALSE
chr2_1806214,ambiguous,chr2,1806214,MYT1L,1789113,2331664,TRUE,FALSE
chr2_1806312,ambiguous,chr2,1806312,MYT1L,1789113,2331664,TRUE,FALSE
chr2_1806316,constitutive,chr2,1806316,MYT1L,1789113,2331664,TRUE,FALSE
chr2_1806371,ambiguous,chr2,1806371,MYT1L,1789113,2331664,TRUE,FALSE
chr2_1806406,ambiguous,chr2,1806406,MYT1L,1789113,2331664,TRUE,FALSE
chr2_1806448,constitutive,chr2,1806448,MYT1L,1789113,2331664,TRUE,FALSE
chr2_1806452,constitutive,chr2,1806452,MYT1L,1789113,2331664,TRUE,FALSE
chr2_1806456,constitutive,chr2,1806456,MYT1L,1789113,2331664,TRUE,FALSE
chr2_1806474,ambiguous,chr2,1806474,MYT1L,1789113,2331664,TRUE,FALSE
chr2_1806481,ambiguous,chr2,1806481,MYT1L,1789113,2331664,TRUE,FALSE
chr2_1806563,ambiguous,chr2,1806563,MYT1L,1789113,2331664,TRUE,FALSE
chr2_1806636,ambiguous,chr2,1806636,MYT1L,1789113,2331664,TRUE,FALSE
chr2_1806688,ambiguous,chr2,1806688,MYT1L,1789113,2331664,TRUE,FALSE
chr2_1806752,ambiguous,chr2,1806752,MYT1L,1789113,2331664,TRUE,FALSE
chr2_1806799,ambiguous,chr2,1806799,MYT1L,1789113,2331664,TRUE,FALSE
chr2_1806832,ambiguous,chr2,1806832,MYT1L,1789113,2331664,TRUE,FALSE
chr2_1806840,ambiguous,chr2,1806840,MYT1L,1789113,2331664,TRUE,FALSE
chr2_1806883,ambiguous,chr2,1806883,MYT1L,1789113,2331664,TRUE,FALSE
chr2_1806975,ambiguous,chr2,1806975,MYT1L,1789113,2331664,TRUE,FALSE
chr2_1806991,ambiguous,chr2,1806991,MYT1L,1789113,2331664,TRUE,FALSE
chr2_1807021,ambiguous,chr2,1807021,MYT1L,1789113,2331664,TRUE,FALSE
chr2_1807279,ambiguous,chr2,1807279,MYT1L,1789113,2331664,TRUE,FALSE
chr2_1807286,ambiguous,chr2,1807286,MYT1L,1789113,2331664,TRUE,FALSE
chr2_1807294,ambiguous,chr2,1807294,MYT1L,1789113,2331664,TRUE,FALSE
chr2_1807349,ambiguous,chr2,1807349,MYT1L,1789113,2331664,TRUE,FALSE
chr2_1807539,ambiguous,chr2,1807539,MYT1L,1789113,2331664,TRUE,FALSE
chr2_1807807,constitutive,chr2,1807807,MYT1L,1789113,2331664,TRUE,FALSE
chr2_1807890,ambiguous,chr2,1807890,MYT1L,1789113,2331664,TRUE,FALSE
chr2_1807895,ambiguous,chr2,1807895,MYT1L,1789113,2331664,TRUE,FALSE
chr2_1808031,constitutive,chr2,1808031,MYT1L,1789113,2331664,TRUE,FALSE
chr2_1808154,ambiguous,chr2,1808154,MYT1L,1789113,2331664,TRUE,FALSE
chr2_1808186,ambiguous,chr2,1808186,MYT1L,1789113,2331664,TRUE,FALSE
chr2_1808316,ambiguous,chr2,1808316,MYT1L,1789113,2331664,TRUE,FALSE
chr2_1808386,ambiguous,chr2,1808386,MYT1L,1789113,2331664,TRUE,FALSE
chr2_1808430,ambiguous,chr2,1808430,MYT1L,1789113,2331664,TRUE,FALSE
chr2_1808447,constitutive,chr2,1808447,MYT1L,1789113,2331664,TRUE,FALSE
chr2_1808464,constitutive,chr2,1808464,MYT1L,1789113,2331664,TRUE,FALSE
chr2_1808817,ambiguous,chr2,1808817,MYT1L,1789113,2331664,TRUE,FALSE
chr2_1808860,constitutive,chr2,1808860,MYT1L,1789113,2331664,TRUE,FALSE
chr2_1808876,constitutive,chr2,1808876,MYT1L,1789113,2331664,TRUE,FALSE
chr2_1808892,constitutive,chr2,1808892,MYT1L,1789113,2331664,TRUE,FALSE
chr2_1808928,constitutive,chr2,1808928,MYT1L,1789113,2331664,TRUE,FALSE
chr2_1809026,constitutive,chr2,1809026,MYT1L,1789113,2331664,TRUE,FALSE
chr2_1809054,ambiguous,chr2,1809054,MYT1L,1789113,2331664,TRUE,FALSE
chr2_1809076,ambiguous,chr2,1809076,MYT1L,1789113,2331664,TRUE,FALSE
chr2_1809087,constitutive,chr2,1809087,MYT1L,1789113,2331664,TRUE,FALSE
chr2_1809137,constitutive,chr2,1809137,MYT1L,1789113,2331664,TRUE,FALSE
chr2_1809143,ambiguous,chr2,1809143,MYT1L,1789113,2331664,TRUE,FALSE
chr2_1809152,ambiguous,chr2,1809152,MYT1L,1789113,2331664,TRUE,FALSE
chr2_1809187,ambiguous,chr2,1809187,MYT1L,1789113,2331664,TRUE,FALSE
chr2_1809245,constitutive,chr2,1809245,MYT1L,1789113,2331664,TRUE,FALSE
chr2_1809397,ambiguous,chr2,1809397,MYT1L,1789113,2331664,TRUE,FALSE
chr2_1809417,ME,chr2,1809417,MYT1L,1789113,2331664,TRUE,FALSE
chr2_1809813,ambiguous,chr2,1809813,MYT1L,1789113,2331664,TRUE,FALSE
chr2_1809816,ambiguous,chr2,1809816,MYT1L,1789113,2331664,TRUE,FALSE
chr2_1809826,constitutive,chr2,1809826,MYT1L,1789113,2331664,TRUE,FALSE
chr2_1809873,ambiguous,chr2,1809873,MYT1L,1789113,2331664,TRUE,FALSE
chr2_1809945,constitutive,chr2,1809945,MYT1L,1789113,2331664,TRUE,FALSE
chr2_1809950,constitutive,chr2,1809950,MYT1L,1789113,2331664,TRUE,FALSE
chr2_1809969,ambiguous,chr2,1809969,MYT1L,1789113,2331664,TRUE,FALSE
chr2_1809976,ambiguous,chr2,1809976,MYT1L,1789113,2331664,TRUE,FALSE
chr2_1810002,ambiguous,chr2,1810002,MYT1L,1789113,2331664,TRUE,FALSE
chr2_1810127,ambiguous,chr2,1810127,MYT1L,1789113,2331664,TRUE,FALSE
chr2_1810189,constitutive,chr2,1810189,MYT1L,1789113,2331664,TRUE,FALSE
chr2_1810195,constitutive,chr2,1810195,MYT1L,1789113,2331664,TRUE,FALSE
chr2_1810238,constitutive,chr2,1810238,MYT1L,1789113,2331664,TRUE,FALSE
chr2_1810251,constitutive,chr2,1810251,MYT1L,1789113,2331664,TRUE,FALSE
chr2_1810386,constitutive,chr2,1810386,MYT1L,1789113,2331664,TRUE,FALSE
chr2_1810429,constitutive,chr2,1810429,MYT1L,1789113,2331664,TRUE,FALSE
chr2_1810436,ambiguous,chr2,1810436,MYT1L,1789113,2331664,TRUE,FALSE
chr2_1810530,constitutive,chr2,1810530,MYT1L,1789113,2331664,TRUE,FALSE
chr2_1810536,constitutive,chr2,1810536,MYT1L,1789113,2331664,TRUE,FALSE
chr2_1810727,constitutive,chr2,1810727,MYT1L,1789113,2331664,TRUE,FALSE
chr2_1810958,constitutive,chr2,1810958,MYT1L,1789113,2331664,TRUE,FALSE
chr2_1810981,ambiguous,chr2,1810981,MYT1L,1789113,2331664,TRUE,FALSE
chr2_1811003,ambiguous,chr2,1811003,MYT1L,1789113,2331664,TRUE,FALSE
chr2_1811015,ambiguous,chr2,1811015,MYT1L,1789113,2331664,TRUE,FALSE
chr2_1811084,ambiguous,chr2,1811084,MYT1L,1789113,2331664,TRUE,FALSE
chr2_1811087,ambiguous,chr2,1811087,MYT1L,1789113,2331664,TRUE,FALSE
chr2_1811122,constitutive,chr2,1811122,MYT1L,1789113,2331664,TRUE,FALSE
chr2_1811139,constitutive,chr2,1811139,MYT1L,1789113,2331664,TRUE,FALSE
chr2_1811145,ambiguous,chr2,1811145,MYT1L,1789113,2331664,TRUE,FALSE
chr2_1811232,ambiguous,chr2,1811232,MYT1L,1789113,2331664,TRUE,FALSE
chr2_1811336,constitutive,chr2,1811336,MYT1L,1789113,2331664,TRUE,FALSE
chr2_1811354,ambiguous,chr2,1811354,MYT1L,1789113,2331664,TRUE,FALSE
chr2_1811384,ambiguous,chr2,1811384,MYT1L,1789113,2331664,TRUE,FALSE
chr2_1811399,ambiguous,chr2,1811399,MYT1L,1789113,2331664,TRUE,FALSE
chr2_1811427,ambiguous,chr2,1811427,MYT1L,1789113,2331664,TRUE,FALSE
chr2_1811429,ambiguous,chr2,1811429,MYT1L,1789113,2331664,TRUE,FALSE
chr2_1811454,ambiguous,chr2,1811454,MYT1L,1789113,2331664,TRUE,FALSE
chr2_1811458,ambiguous,chr2,1811458,MYT1L,1789113,2331664,TRUE,FALSE
chr2_1811516,constitutive,chr2,1811516,MYT1L,1789113,2331664,TRUE,FALSE
chr2_1811523,ambiguous,chr2,1811523,MYT1L,1789113,2331664,TRUE,FALSE
chr2_1811567,ambiguous,chr2,1811567,MYT1L,1789113,2331664,TRUE,FALSE
chr2_1811694,ambiguous,chr2,1811694,MYT1L,1789113,2331664,TRUE,FALSE
chr2_1811734,ambiguous,chr2,1811734,MYT1L,1789113,2331664,TRUE,FALSE
chr2_1811740,ambiguous,chr2,1811740,MYT1L,1789113,2331664,TRUE,FALSE
chr2_1811749,ambiguous,chr2,1811749,MYT1L,1789113,2331664,TRUE,FALSE
chr2_1811751,ambiguous,chr2,1811751,MYT1L,1789113,2331664,TRUE,FALSE
chr2_1811756,ambiguous,chr2,1811756,MYT1L,1789113,2331664,TRUE,FALSE
chr2_1811816,ambiguous,chr2,1811816,MYT1L,1789113,2331664,TRUE,FALSE
chr2_1811827,ambiguous,chr2,1811827,MYT1L,1789113,2331664,TRUE,FALSE
chr2_1811878,ambiguous,chr2,1811878,MYT1L,1789113,2331664,TRUE,FALSE
chr2_1811891,ambiguous,chr2,1811891,MYT1L,1789113,2331664,TRUE,FALSE
chr2_1811933,ambiguous,chr2,1811933,MYT1L,1789113,2331664,TRUE,FALSE
chr2_1811953,ambiguous,chr2,1811953,MYT1L,1789113,2331664,TRUE,FALSE
chr2_1812037,ambiguous,chr2,1812037,MYT1L,1789113,2331664,TRUE,FALSE
chr2_1812119,ambiguous,chr2,1812119,MYT1L,1789113,2331664,TRUE,FALSE
chr2_1812200,constitutive,chr2,1812200,MYT1L,1789113,2331664,TRUE,FALSE
chr2_1812220,constitutive,chr2,1812220,MYT1L,1789113,2331664,TRUE,FALSE
chr2_1812231,constitutive,chr2,1812231,MYT1L,1789113,2331664,TRUE,FALSE
chr2_1812432,ambiguous,chr2,1812432,MYT1L,1789113,2331664,TRUE,FALSE
chr2_1812554,constitutive,chr2,1812554,MYT1L,1789113,2331664,TRUE,FALSE
chr2_1812599,constitutive,chr2,1812599,MYT1L,1789113,2331664,TRUE,FALSE
chr2_1812603,constitutive,chr2,1812603,MYT1L,1789113,2331664,TRUE,FALSE
chr2_1812605,constitutive,chr2,1812605,MYT1L,1789113,2331664,TRUE,FALSE
chr2_1812643,constitutive,chr2,1812643,MYT1L,1789113,2331664,TRUE,FALSE
chr2_1812648,constitutive,chr2,1812648,MYT1L,1789113,2331664,TRUE,FALSE
chr2_1812736,ambiguous,chr2,1812736,MYT1L,1789113,2331664,TRUE,FALSE
chr2_1812800,ambiguous,chr2,1812800,MYT1L,1789113,2331664,TRUE,FALSE
chr2_1812824,ambiguous,chr2,1812824,MYT1L,1789113,2331664,TRUE,FALSE
chr2_1812830,constitutive,chr2,1812830,MYT1L,1789113,2331664,TRUE,FALSE
chr2_1812870,ambiguous,chr2,1812870,MYT1L,1789113,2331664,TRUE,FALSE
chr2_1812916,ambiguous,chr2,1812916,MYT1L,1789113,2331664,TRUE,FALSE
chr2_1812998,ambiguous,chr2,1812998,MYT1L,1789113,2331664,TRUE,FALSE
chr2_1813006,ambiguous,chr2,1813006,MYT1L,1789113,2331664,TRUE,FALSE
chr2_1813013,ambiguous,chr2,1813013,MYT1L,1789113,2331664,TRUE,FALSE
chr2_1813018,ambiguous,chr2,1813018,MYT1L,1789113,2331664,TRUE,FALSE
chr2_1813032,ambiguous,chr2,1813032,MYT1L,1789113,2331664,TRUE,FALSE
chr2_1813082,ambiguous,chr2,1813082,MYT1L,1789113,2331664,TRUE,FALSE
chr2_1813103,ambiguous,chr2,1813103,MYT1L,1789113,2331664,TRUE,FALSE
chr2_1813106,ME,chr2,1813106,MYT1L,1789113,2331664,TRUE,FALSE
chr2_1813118,ambiguous,chr2,1813118,MYT1L,1789113,2331664,TRUE,FALSE
chr2_1813450,ME,chr2,1813450,MYT1L,1789113,2331664,TRUE,FALSE
chr2_1813491,ME,chr2,1813491,MYT1L,1789113,2331664,TRUE,FALSE
chr2_1813495,ME,chr2,1813495,MYT1L,1789113,2331664,TRUE,FALSE
chr2_1813512,ME,chr2,1813512,MYT1L,1789113,2331664,TRUE,FALSE
chr2_1813517,ME,chr2,1813517,MYT1L,1789113,2331664,TRUE,FALSE
chr2_1813542,ambiguous,chr2,1813542,MYT1L,1789113,2331664,TRUE,FALSE
chr2_1813546,ME,chr2,1813546,MYT1L,1789113,2331664,TRUE,FALSE
chr2_1813567,ambiguous,chr2,1813567,MYT1L,1789113,2331664,TRUE,FALSE
chr2_1813574,ME,chr2,1813574,MYT1L,1789113,2331664,TRUE,FALSE
chr2_1813579,ME,chr2,1813579,MYT1L,1789113,2331664,TRUE,TRUE
chr2_1813585,ME,chr2,1813585,MYT1L,1789113,2331664,TRUE,FALSE
chr2_1813588,ME,chr2,1813588,MYT1L,1789113,2331664,TRUE,FALSE
chr2_1813595,ME,chr2,1813595,MYT1L,1789113,2331664,TRUE,TRUE
chr2_1813610,ambiguous,chr2,1813610,MYT1L,1789113,2331664,TRUE,FALSE
chr2_1813616,ME,chr2,1813616,MYT1L,1789113,2331664,TRUE,FALSE
chr2_1813631,ME,chr2,1813631,MYT1L,1789113,2331664,TRUE,FALSE
chr2_1813637,ME,chr2,1813637,MYT1L,1789113,2331664,TRUE,FALSE
chr2_1813647,ME,chr2,1813647,MYT1L,1789113,2331664,TRUE,FALSE
chr2_1813654,ME,chr2,1813654,MYT1L,1789113,2331664,TRUE,FALSE
chr2_1813694,ME,chr2,1813694,MYT1L,1789113,2331664,TRUE,FALSE
chr2_1813745,ambiguous,chr2,1813745,MYT1L,1789113,2331664,TRUE,FALSE
chr2_1813749,ME,chr2,1813749,MYT1L,1789113,2331664,TRUE,FALSE
chr2_1813753,ME,chr2,1813753,MYT1L,1789113,2331664,TRUE,FALSE
chr2_1813755,ME,chr2,1813755,MYT1L,1789113,2331664,TRUE,FALSE
chr2_1813765,ambiguous,chr2,1813765,MYT1L,1789113,2331664,TRUE,FALSE
chr2_1814070,ambiguous,chr2,1814070,MYT1L,1789113,2331664,TRUE,FALSE
chr2_1814098,constitutive,chr2,1814098,MYT1L,1789113,2331664,TRUE,FALSE
chr2_1814119,constitutive,chr2,1814119,MYT1L,1789113,2331664,TRUE,FALSE
chr2_1814122,constitutive,chr2,1814122,MYT1L,1789113,2331664,TRUE,FALSE
chr2_1814149,constitutive,chr2,1814149,MYT1L,1789113,2331664,TRUE,FALSE
chr2_1814162,ambiguous,chr2,1814162,MYT1L,1789113,2331664,TRUE,FALSE
chr2_1814179,ambiguous,chr2,1814179,MYT1L,1789113,2331664,TRUE,FALSE
chr2_1814192,ambiguous,chr2,1814192,MYT1L,1789113,2331664,TRUE,FALSE
chr2_1814236,constitutive,chr2,1814236,MYT1L,1789113,2331664,TRUE,FALSE
chr2_1814345,constitutive,chr2,1814345,MYT1L,1789113,2331664,TRUE,FALSE
chr2_1814357,ambiguous,chr2,1814357,MYT1L,1789113,2331664,TRUE,FALSE
chr2_1814368,constitutive,chr2,1814368,MYT1L,1789113,2331664,TRUE,FALSE
chr2_1814378,constitutive,chr2,1814378,MYT1L,1789113,2331664,TRUE,FALSE
chr2_1814388,constitutive,chr2,1814388,MYT1L,1789113,2331664,TRUE,FALSE
chr2_1814393,constitutive,chr2,1814393,MYT1L,1789113,2331664,TRUE,FALSE
chr2_1814405,constitutive,chr2,1814405,MYT1L,1789113,2331664,TRUE,FALSE
chr2_1814490,constitutive,chr2,1814490,MYT1L,1789113,2331664,TRUE,FALSE
chr2_1814593,constitutive,chr2,1814593,MYT1L,1789113,2331664,TRUE,FALSE
chr2_1814638,ambiguous,chr2,1814638,MYT1L,1789113,2331664,TRUE,FALSE
chr2_1814802,ambiguous,chr2,1814802,MYT1L,1789113,2331664,TRUE,FALSE
chr2_1814840,ambiguous,chr2,1814840,MYT1L,1789113,2331664,TRUE,FALSE
chr2_1814996,ambiguous,chr2,1814996,MYT1L,1789113,2331664,TRUE,FALSE
chr2_1815151,constitutive,chr2,1815151,MYT1L,1789113,2331664,TRUE,FALSE
chr2_1815179,ambiguous,chr2,1815179,MYT1L,1789113,2331664,TRUE,FALSE
chr2_1815183,constitutive,chr2,1815183,MYT1L,1789113,2331664,TRUE,FALSE
chr2_1815223,ambiguous,chr2,1815223,MYT1L,1789113,2331664,TRUE,FALSE
chr2_1815287,constitutive,chr2,1815287,MYT1L,1789113,2331664,TRUE,FALSE
chr2_1815306,constitutive,chr2,1815306,MYT1L,1789113,2331664,TRUE,FALSE
chr2_1815347,ambiguous,chr2,1815347,MYT1L,1789113,2331664,TRUE,FALSE
chr2_1815373,ambiguous,chr2,1815373,MYT1L,1789113,2331664,TRUE,FALSE
chr2_1815588,ambiguous,chr2,1815588,MYT1L,1789113,2331664,TRUE,FALSE
chr2_1815596,ambiguous,chr2,1815596,MYT1L,1789113,2331664,TRUE,FALSE
chr2_1815736,constitutive,chr2,1815736,MYT1L,1789113,2331664,TRUE,FALSE
chr2_1815903,constitutive,chr2,1815903,MYT1L,1789113,2331664,TRUE,FALSE
chr2_1815909,constitutive,chr2,1815909,MYT1L,1789113,2331664,TRUE,FALSE
chr2_1815924,constitutive,chr2,1815924,MYT1L,1789113,2331664,TRUE,FALSE
chr2_1815946,constitutive,chr2,1815946,MYT1L,1789113,2331664,TRUE,FALSE
chr2_1815965,constitutive,chr2,1815965,MYT1L,1789113,2331664,TRUE,FALSE
chr2_1816050,constitutive,chr2,1816050,MYT1L,1789113,2331664,TRUE,FALSE
chr2_1816068,constitutive,chr2,1816068,MYT1L,1789113,2331664,TRUE,FALSE
chr2_1816269,ambiguous,chr2,1816269,MYT1L,1789113,2331664,TRUE,FALSE
chr2_1816285,constitutive,chr2,1816285,MYT1L,1789113,2331664,TRUE,FALSE
chr2_1816300,ambiguous,chr2,1816300,MYT1L,1789113,2331664,TRUE,FALSE
chr2_1816328,Ecto_specific,chr2,1816328,MYT1L,1789113,2331664,TRUE,FALSE
chr2_1816339,ambiguous,chr2,1816339,MYT1L,1789113,2331664,TRUE,FALSE
chr2_1816341,ambiguous,chr2,1816341,MYT1L,1789113,2331664,TRUE,FALSE
chr2_1816394,ambiguous,chr2,1816394,MYT1L,1789113,2331664,TRUE,FALSE
chr2_1816397,ambiguous,chr2,1816397,MYT1L,1789113,2331664,TRUE,FALSE
chr2_1816527,ambiguous,chr2,1816527,MYT1L,1789113,2331664,TRUE,FALSE
chr2_1816543,ambiguous,chr2,1816543,MYT1L,1789113,2331664,TRUE,FALSE
chr2_1816619,ambiguous,chr2,1816619,MYT1L,1789113,2331664,TRUE,FALSE
chr2_1816627,ambiguous,chr2,1816627,MYT1L,1789113,2331664,TRUE,FALSE
chr2_1816633,ambiguous,chr2,1816633,MYT1L,1789113,2331664,TRUE,FALSE
chr2_1816661,ambiguous,chr2,1816661,MYT1L,1789113,2331664,TRUE,FALSE
chr2_1816695,ambiguous,chr2,1816695,MYT1L,1789113,2331664,TRUE,FALSE
chr2_1816712,ambiguous,chr2,1816712,MYT1L,1789113,2331664,TRUE,FALSE
chr2_1816721,ambiguous,chr2,1816721,MYT1L,1789113,2331664,TRUE,FALSE
chr2_1816747,ambiguous,chr2,1816747,MYT1L,1789113,2331664,TRUE,FALSE
chr2_1816828,ambiguous,chr2,1816828,MYT1L,1789113,2331664,TRUE,FALSE
chr2_1816926,constitutive,chr2,1816926,MYT1L,1789113,2331664,TRUE,FALSE
chr2_1816952,constitutive,chr2,1816952,MYT1L,1789113,2331664,TRUE,FALSE
chr2_1816977,constitutive,chr2,1816977,MYT1L,1789113,2331664,TRUE,FALSE
chr2_1817222,ambiguous,chr2,1817222,MYT1L,1789113,2331664,TRUE,FALSE
chr2_1817261,ambiguous,chr2,1817261,MYT1L,1789113,2331664,TRUE,FALSE
chr2_1817287,ambiguous,chr2,1817287,MYT1L,1789113,2331664,TRUE,FALSE
chr2_1817329,ambiguous,chr2,1817329,MYT1L,1789113,2331664,TRUE,FALSE
chr2_1817336,ambiguous,chr2,1817336,MYT1L,1789113,2331664,TRUE,FALSE
chr2_1817340,ambiguous,chr2,1817340,MYT1L,1789113,2331664,TRUE,FALSE
chr2_1817377,ambiguous,chr2,1817377,MYT1L,1789113,2331664,TRUE,FALSE
chr2_1817388,ambiguous,chr2,1817388,MYT1L,1789113,2331664,TRUE,FALSE
chr2_1817408,constitutive,chr2,1817408,MYT1L,1789113,2331664,TRUE,FALSE
chr2_1817527,ambiguous,chr2,1817527,MYT1L,1789113,2331664,TRUE,FALSE
chr2_1817558,constitutive,chr2,1817558,MYT1L,1789113,2331664,TRUE,FALSE
chr2_1817560,constitutive,chr2,1817560,MYT1L,1789113,2331664,TRUE,FALSE
chr2_1817569,constitutive,chr2,1817569,MYT1L,1789113,2331664,TRUE,FALSE
chr2_1817589,constitutive,chr2,1817589,MYT1L,1789113,2331664,TRUE,FALSE
chr2_1817669,constitutive,chr2,1817669,MYT1L,1789113,2331664,TRUE,FALSE
chr2_1817699,constitutive,chr2,1817699,MYT1L,1789113,2331664,TRUE,FALSE
chr2_1817713,constitutive,chr2,1817713,MYT1L,1789113,2331664,TRUE,FALSE
chr2_1817725,constitutive,chr2,1817725,MYT1L,1789113,2331664,TRUE,FALSE
chr2_1817733,constitutive,chr2,1817733,MYT1L,1789113,2331664,TRUE,FALSE
chr2_1817776,constitutive,chr2,1817776,MYT1L,1789113,2331664,TRUE,FALSE
chr2_1817786,constitutive,chr2,1817786,MYT1L,1789113,2331664,TRUE,FALSE
chr2_1817828,constitutive,chr2,1817828,MYT1L,1789113,2331664,TRUE,FALSE
chr2_1817869,constitutive,chr2,1817869,MYT1L,1789113,2331664,TRUE,FALSE
chr2_1817931,ambiguous,chr2,1817931,MYT1L,1789113,2331664,TRUE,FALSE
chr2_1817942,ambiguous,chr2,1817942,MYT1L,1789113,2331664,TRUE,FALSE
chr2_1817961,ambiguous,chr2,1817961,MYT1L,1789113,2331664,TRUE,FALSE
chr2_1817974,ambiguous,chr2,1817974,MYT1L,1789113,2331664,TRUE,FALSE
chr2_1818042,ambiguous,chr2,1818042,MYT1L,1789113,2331664,TRUE,FALSE
chr2_1818067,ambiguous,chr2,1818067,MYT1L,1789113,2331664,TRUE,FALSE
chr2_1818168,ambiguous,chr2,1818168,MYT1L,1789113,2331664,TRUE,FALSE
chr2_1818287,ambiguous,chr2,1818287,MYT1L,1789113,2331664,TRUE,FALSE
chr2_1818300,Ecto_specific,chr2,1818300,MYT1L,1789113,2331664,TRUE,FALSE
chr2_1818332,ambiguous,chr2,1818332,MYT1L,1789113,2331664,TRUE,FALSE
chr2_1818564,ambiguous,chr2,1818564,MYT1L,1789113,2331664,TRUE,FALSE
chr2_1818631,ambiguous,chr2,1818631,MYT1L,1789113,2331664,TRUE,FALSE
chr2_1818635,ambiguous,chr2,1818635,MYT1L,1789113,2331664,TRUE,FALSE
chr2_1818640,ambiguous,chr2,1818640,MYT1L,1789113,2331664,TRUE,FALSE
chr2_1818669,ambiguous,chr2,1818669,MYT1L,1789113,2331664,TRUE,FALSE
chr2_1818723,ambiguous,chr2,1818723,MYT1L,1789113,2331664,TRUE,FALSE
chr2_1818787,ambiguous,chr2,1818787,MYT1L,1789113,2331664,TRUE,FALSE
chr2_1818886,ambiguous,chr2,1818886,MYT1L,1789113,2331664,TRUE,FALSE
chr2_1818920,ambiguous,chr2,1818920,MYT1L,1789113,2331664,TRUE,FALSE
chr2_1818925,ambiguous,chr2,1818925,MYT1L,1789113,2331664,TRUE,FALSE
chr2_1819174,ambiguous,chr2,1819174,MYT1L,1789113,2331664,TRUE,FALSE
chr2_1819223,ambiguous,chr2,1819223,MYT1L,1789113,2331664,TRUE,FALSE
chr2_1819256,ambiguous,chr2,1819256,MYT1L,1789113,2331664,TRUE,FALSE
chr2_1819578,ambiguous,chr2,1819578,MYT1L,1789113,2331664,TRUE,FALSE
chr2_1819600,ambiguous,chr2,1819600,MYT1L,1789113,2331664,TRUE,FALSE
chr2_1819620,ambiguous,chr2,1819620,MYT1L,1789113,2331664,TRUE,FALSE
chr2_1819670,ambiguous,chr2,1819670,MYT1L,1789113,2331664,TRUE,FALSE
chr2_1819713,ambiguous,chr2,1819713,MYT1L,1789113,2331664,TRUE,FALSE
chr2_1820045,ambiguous,chr2,1820045,MYT1L,1789113,2331664,TRUE,FALSE
chr2_1820795,constitutive,chr2,1820795,MYT1L,1789113,2331664,TRUE,FALSE
chr2_1820893,constitutive,chr2,1820893,MYT1L,1789113,2331664,TRUE,FALSE
chr2_1820940,constitutive,chr2,1820940,MYT1L,1789113,2331664,TRUE,FALSE
chr2_1821035,constitutive,chr2,1821035,MYT1L,1789113,2331664,TRUE,FALSE
chr2_1821074,constitutive,chr2,1821074,MYT1L,1789113,2331664,TRUE,FALSE
chr2_1821119,constitutive,chr2,1821119,MYT1L,1789113,2331664,TRUE,FALSE
chr2_1821123,constitutive,chr2,1821123,MYT1L,1789113,2331664,TRUE,FALSE
chr2_1821147,constitutive,chr2,1821147,MYT1L,1789113,2331664,TRUE,FALSE
chr2_1821160,constitutive,chr2,1821160,MYT1L,1789113,2331664,TRUE,FALSE
chr2_1821256,constitutive,chr2,1821256,MYT1L,1789113,2331664,TRUE,FALSE
chr2_1821433,ambiguous,chr2,1821433,MYT1L,1789113,2331664,TRUE,FALSE
chr2_1821751,ambiguous,chr2,1821751,MYT1L,1789113,2331664,TRUE,FALSE
chr2_1821785,constitutive,chr2,1821785,MYT1L,1789113,2331664,TRUE,FALSE
chr2_1821806,constitutive,chr2,1821806,MYT1L,1789113,2331664,TRUE,FALSE
chr2_1821843,ambiguous,chr2,1821843,MYT1L,1789113,2331664,TRUE,FALSE
chr2_1821863,ambiguous,chr2,1821863,MYT1L,1789113,2331664,TRUE,FALSE
chr2_1821931,constitutive,chr2,1821931,MYT1L,1789113,2331664,TRUE,FALSE
chr2_1821961,constitutive,chr2,1821961,MYT1L,1789113,2331664,TRUE,FALSE
chr2_1821968,constitutive,chr2,1821968,MYT1L,1789113,2331664,TRUE,FALSE
chr2_1822007,constitutive,chr2,1822007,MYT1L,1789113,2331664,TRUE,FALSE
chr2_1822185,constitutive,chr2,1822185,MYT1L,1789113,2331664,TRUE,FALSE
chr2_1822394,ambiguous,chr2,1822394,MYT1L,1789113,2331664,TRUE,FALSE
chr2_1822455,constitutive,chr2,1822455,MYT1L,1789113,2331664,TRUE,FALSE
chr2_1822502,ambiguous,chr2,1822502,MYT1L,1789113,2331664,TRUE,FALSE
chr2_1822536,ambiguous,chr2,1822536,MYT1L,1789113,2331664,TRUE,FALSE
chr2_1822606,ambiguous,chr2,1822606,MYT1L,1789113,2331664,TRUE,FALSE
chr2_1822678,ambiguous,chr2,1822678,MYT1L,1789113,2331664,TRUE,FALSE
chr2_1822706,ambiguous,chr2,1822706,MYT1L,1789113,2331664,TRUE,FALSE
chr2_1822739,constitutive,chr2,1822739,MYT1L,1789113,2331664,TRUE,FALSE
chr2_1822764,ambiguous,chr2,1822764,MYT1L,1789113,2331664,TRUE,FALSE
chr2_1822954,ambiguous,chr2,1822954,MYT1L,1789113,2331664,TRUE,FALSE
chr2_1822964,ambiguous,chr2,1822964,MYT1L,1789113,2331664,TRUE,FALSE
chr2_1823054,ambiguous,chr2,1823054,MYT1L,1789113,2331664,TRUE,FALSE
chr2_1823128,ambiguous,chr2,1823128,MYT1L,1789113,2331664,TRUE,FALSE
chr2_1823133,ambiguous,chr2,1823133,MYT1L,1789113,2331664,TRUE,FALSE
chr2_1823253,ambiguous,chr2,1823253,MYT1L,1789113,2331664,TRUE,FALSE
chr2_1823430,ambiguous,chr2,1823430,MYT1L,1789113,2331664,TRUE,FALSE
chr2_1823436,ambiguous,chr2,1823436,MYT1L,1789113,2331664,TRUE,FALSE
chr2_1823540,ambiguous,chr2,1823540,MYT1L,1789113,2331664,TRUE,FALSE
chr2_1823575,ambiguous,chr2,1823575,MYT1L,1789113,2331664,TRUE,FALSE
chr2_1823636,ambiguous,chr2,1823636,MYT1L,1789113,2331664,TRUE,FALSE
chr2_1823656,ambiguous,chr2,1823656,MYT1L,1789113,2331664,TRUE,FALSE
chr2_1823685,ambiguous,chr2,1823685,MYT1L,1789113,2331664,TRUE,FALSE
chr2_1823695,ambiguous,chr2,1823695,MYT1L,1789113,2331664,TRUE,FALSE
chr2_1823733,ambiguous,chr2,1823733,MYT1L,1789113,2331664,TRUE,FALSE
chr2_1823740,ambiguous,chr2,1823740,MYT1L,1789113,2331664,TRUE,FALSE
chr2_1823769,ambiguous,chr2,1823769,MYT1L,1789113,2331664,TRUE,FALSE
chr2_1823781,ambiguous,chr2,1823781,MYT1L,1789113,2331664,TRUE,FALSE
chr2_1823810,ambiguous,chr2,1823810,MYT1L,1789113,2331664,TRUE,FALSE
chr2_1823822,ambiguous,chr2,1823822,MYT1L,1789113,2331664,TRUE,FALSE
chr2_1823935,ambiguous,chr2,1823935,MYT1L,1789113,2331664,TRUE,FALSE
chr2_1823960,ambiguous,chr2,1823960,MYT1L,1789113,2331664,TRUE,FALSE
chr2_1823963,ambiguous,chr2,1823963,MYT1L,1789113,2331664,TRUE,FALSE
chr2_1823974,ambiguous,chr2,1823974,MYT1L,1789113,2331664,TRUE,FALSE
chr2_1823992,ambiguous,chr2,1823992,MYT1L,1789113,2331664,TRUE,FALSE
chr2_1823994,ambiguous,chr2,1823994,MYT1L,1789113,2331664,TRUE,FALSE
chr2_1824009,ambiguous,chr2,1824009,MYT1L,1789113,2331664,TRUE,FALSE
chr2_1824018,ambiguous,chr2,1824018,MYT1L,1789113,2331664,TRUE,FALSE
chr2_1824284,ambiguous,chr2,1824284,MYT1L,1789113,2331664,TRUE,FALSE
chr2_1824327,ambiguous,chr2,1824327,MYT1L,1789113,2331664,TRUE,FALSE
chr2_1824425,ambiguous,chr2,1824425,MYT1L,1789113,2331664,TRUE,FALSE
chr2_1824431,ambiguous,chr2,1824431,MYT1L,1789113,2331664,TRUE,FALSE
chr2_1824443,ambiguous,chr2,1824443,MYT1L,1789113,2331664,TRUE,FALSE
chr2_1824452,ambiguous,chr2,1824452,MYT1L,1789113,2331664,TRUE,FALSE
chr2_1824517,ambiguous,chr2,1824517,MYT1L,1789113,2331664,TRUE,FALSE
chr2_1824575,ambiguous,chr2,1824575,MYT1L,1789113,2331664,TRUE,FALSE
chr2_1824588,constitutive,chr2,1824588,MYT1L,1789113,2331664,TRUE,FALSE
chr2_1824758,ambiguous,chr2,1824758,MYT1L,1789113,2331664,TRUE,FALSE
chr2_1824768,ambiguous,chr2,1824768,MYT1L,1789113,2331664,TRUE,FALSE
chr2_1824852,ambiguous,chr2,1824852,MYT1L,1789113,2331664,TRUE,FALSE
chr2_1824877,ambiguous,chr2,1824877,MYT1L,1789113,2331664,TRUE,FALSE
chr2_1824891,constitutive,chr2,1824891,MYT1L,1789113,2331664,TRUE,FALSE
chr2_1825161,ambiguous,chr2,1825161,MYT1L,1789113,2331664,TRUE,FALSE
chr2_1825312,ambiguous,chr2,1825312,MYT1L,1789113,2331664,TRUE,FALSE
chr2_1825326,ambiguous,chr2,1825326,MYT1L,1789113,2331664,TRUE,FALSE
chr2_1825560,ambiguous,chr2,1825560,MYT1L,1789113,2331664,TRUE,FALSE
chr2_1825610,constitutive,chr2,1825610,MYT1L,1789113,2331664,TRUE,FALSE
chr2_1825780,constitutive,chr2,1825780,MYT1L,1789113,2331664,TRUE,FALSE
chr2_1825841,constitutive,chr2,1825841,MYT1L,1789113,2331664,TRUE,FALSE
chr2_1825854,constitutive,chr2,1825854,MYT1L,1789113,2331664,TRUE,FALSE
chr2_1825858,constitutive,chr2,1825858,MYT1L,1789113,2331664,TRUE,FALSE
chr2_1825972,ambiguous,chr2,1825972,MYT1L,1789113,2331664,TRUE,FALSE
chr2_1826004,ambiguous,chr2,1826004,MYT1L,1789113,2331664,TRUE,FALSE
chr2_1826006,ambiguous,chr2,1826006,MYT1L,1789113,2331664,TRUE,FALSE
chr2_1826013,ambiguous,chr2,1826013,MYT1L,1789113,2331664,TRUE,FALSE
chr2_1826042,ambiguous,chr2,1826042,MYT1L,1789113,2331664,TRUE,FALSE
chr2_1826088,constitutive,chr2,1826088,MYT1L,1789113,2331664,TRUE,FALSE
chr2_1826127,ambiguous,chr2,1826127,MYT1L,1789113,2331664,TRUE,FALSE
chr2_1826249,ambiguous,chr2,1826249,MYT1L,1789113,2331664,TRUE,FALSE
chr2_1826254,ambiguous,chr2,1826254,MYT1L,1789113,2331664,TRUE,FALSE
chr2_1826261,ambiguous,chr2,1826261,MYT1L,1789113,2331664,TRUE,FALSE
chr2_1826295,ambiguous,chr2,1826295,MYT1L,1789113,2331664,TRUE,FALSE
chr2_1826431,ambiguous,chr2,1826431,MYT1L,1789113,2331664,TRUE,FALSE
chr2_1826433,ambiguous,chr2,1826433,MYT1L,1789113,2331664,TRUE,FALSE
chr2_1826450,ambiguous,chr2,1826450,MYT1L,1789113,2331664,TRUE,FALSE
chr2_1826547,ambiguous,chr2,1826547,MYT1L,1789113,2331664,TRUE,FALSE
chr2_1826591,ambiguous,chr2,1826591,MYT1L,1789113,2331664,TRUE,FALSE
chr2_1826662,ambiguous,chr2,1826662,MYT1L,1789113,2331664,TRUE,FALSE
chr2_1826669,constitutive,chr2,1826669,MYT1L,1789113,2331664,TRUE,FALSE
chr2_1826685,constitutive,chr2,1826685,MYT1L,1789113,2331664,TRUE,FALSE
chr2_1826688,constitutive,chr2,1826688,MYT1L,1789113,2331664,TRUE,FALSE
chr2_1826691,constitutive,chr2,1826691,MYT1L,1789113,2331664,TRUE,FALSE
chr2_1826700,constitutive,chr2,1826700,MYT1L,1789113,2331664,TRUE,FALSE
chr2_1827203,ambiguous,chr2,1827203,MYT1L,1789113,2331664,TRUE,FALSE
chr2_1827219,ambiguous,chr2,1827219,MYT1L,1789113,2331664,TRUE,FALSE
chr2_1827414,ambiguous,chr2,1827414,MYT1L,1789113,2331664,TRUE,FALSE
chr2_1827453,ambiguous,chr2,1827453,MYT1L,1789113,2331664,TRUE,FALSE
chr2_1827531,ambiguous,chr2,1827531,MYT1L,1789113,2331664,TRUE,FALSE
chr2_1827568,ambiguous,chr2,1827568,MYT1L,1789113,2331664,TRUE,FALSE
chr2_1827588,ambiguous,chr2,1827588,MYT1L,1789113,2331664,TRUE,FALSE
chr2_1827758,ambiguous,chr2,1827758,MYT1L,1789113,2331664,TRUE,FALSE
chr2_1827956,ambiguous,chr2,1827956,MYT1L,1789113,2331664,TRUE,FALSE
chr2_1827963,ambiguous,chr2,1827963,MYT1L,1789113,2331664,TRUE,FALSE
chr2_1827987,constitutive,chr2,1827987,MYT1L,1789113,2331664,TRUE,FALSE
chr2_1827991,ambiguous,chr2,1827991,MYT1L,1789113,2331664,TRUE,FALSE
chr2_1828037,ambiguous,chr2,1828037,MYT1L,1789113,2331664,TRUE,FALSE
chr2_1828062,constitutive,chr2,1828062,MYT1L,1789113,2331664,TRUE,FALSE
chr2_1828068,ambiguous,chr2,1828068,MYT1L,1789113,2331664,TRUE,FALSE
chr2_1828082,ambiguous,chr2,1828082,MYT1L,1789113,2331664,TRUE,FALSE
chr2_1828129,ambiguous,chr2,1828129,MYT1L,1789113,2331664,TRUE,FALSE
chr2_1828131,ambiguous,chr2,1828131,MYT1L,1789113,2331664,TRUE,FALSE
chr2_1828208,ambiguous,chr2,1828208,MYT1L,1789113,2331664,TRUE,FALSE
chr2_1828463,ambiguous,chr2,1828463,MYT1L,1789113,2331664,TRUE,FALSE
chr2_1828500,ME,chr2,1828500,MYT1L,1789113,2331664,TRUE,FALSE
chr2_1828515,ambiguous,chr2,1828515,MYT1L,1789113,2331664,TRUE,FALSE
chr2_1828613,ambiguous,chr2,1828613,MYT1L,1789113,2331664,TRUE,FALSE
chr2_1828878,ambiguous,chr2,1828878,MYT1L,1789113,2331664,TRUE,FALSE
chr2_1829107,ambiguous,chr2,1829107,MYT1L,1789113,2331664,TRUE,FALSE
chr2_1829136,ambiguous,chr2,1829136,MYT1L,1789113,2331664,TRUE,FALSE
chr2_1830001,ambiguous,chr2,1830001,MYT1L,1789113,2331664,TRUE,FALSE
chr2_1830004,ambiguous,chr2,1830004,MYT1L,1789113,2331664,TRUE,FALSE
chr2_1830008,ambiguous,chr2,1830008,MYT1L,1789113,2331664,TRUE,FALSE
chr2_1830097,ambiguous,chr2,1830097,MYT1L,1789113,2331664,TRUE,FALSE
chr2_1830169,constitutive,chr2,1830169,MYT1L,1789113,2331664,TRUE,FALSE
chr2_1830210,ambiguous,chr2,1830210,MYT1L,1789113,2331664,TRUE,FALSE
chr2_1830246,ambiguous,chr2,1830246,MYT1L,1789113,2331664,TRUE,FALSE
chr2_1830371,constitutive,chr2,1830371,MYT1L,1789113,2331664,TRUE,FALSE
chr2_1830489,ambiguous,chr2,1830489,MYT1L,1789113,2331664,TRUE,FALSE
chr2_1830497,constitutive,chr2,1830497,MYT1L,1789113,2331664,TRUE,FALSE
chr2_1830834,ambiguous,chr2,1830834,MYT1L,1789113,2331664,TRUE,FALSE
chr2_1830912,constitutive,chr2,1830912,MYT1L,1789113,2331664,TRUE,FALSE
chr2_1830954,constitutive,chr2,1830954,MYT1L,1789113,2331664,TRUE,FALSE
chr2_1831028,ME,chr2,1831028,MYT1L,1789113,2331664,TRUE,FALSE
chr2_1831064,ambiguous,chr2,1831064,MYT1L,1789113,2331664,TRUE,FALSE
chr2_1831130,constitutive,chr2,1831130,MYT1L,1789113,2331664,TRUE,FALSE
chr2_1831138,constitutive,chr2,1831138,MYT1L,1789113,2331664,TRUE,FALSE
chr2_1831141,constitutive,chr2,1831141,MYT1L,1789113,2331664,TRUE,FALSE
chr2_1831143,constitutive,chr2,1831143,MYT1L,1789113,2331664,TRUE,FALSE
chr2_1831441,constitutive,chr2,1831441,MYT1L,1789113,2331664,TRUE,FALSE
chr2_1831462,ME,chr2,1831462,MYT1L,1789113,2331664,TRUE,FALSE
chr2_1831465,ambiguous,chr2,1831465,MYT1L,1789113,2331664,TRUE,FALSE
chr2_1831479,ambiguous,chr2,1831479,MYT1L,1789113,2331664,TRUE,FALSE
chr2_1831548,ambiguous,chr2,1831548,MYT1L,1789113,2331664,TRUE,FALSE
chr2_1831623,ambiguous,chr2,1831623,MYT1L,1789113,2331664,TRUE,FALSE
chr2_1831651,ambiguous,chr2,1831651,MYT1L,1789113,2331664,TRUE,FALSE
chr2_1831673,constitutive,chr2,1831673,MYT1L,1789113,2331664,TRUE,FALSE
chr2_1831681,ambiguous,chr2,1831681,MYT1L,1789113,2331664,TRUE,FALSE
chr2_1831738,constitutive,chr2,1831738,MYT1L,1789113,2331664,TRUE,FALSE
chr2_1831781,constitutive,chr2,1831781,MYT1L,1789113,2331664,TRUE,FALSE
chr2_1831790,constitutive,chr2,1831790,MYT1L,1789113,2331664,TRUE,FALSE
chr2_1831868,ambiguous,chr2,1831868,MYT1L,1789113,2331664,TRUE,FALSE
chr2_1831915,ambiguous,chr2,1831915,MYT1L,1789113,2331664,TRUE,FALSE
chr2_1831924,constitutive,chr2,1831924,MYT1L,1789113,2331664,TRUE,FALSE
chr2_1831926,constitutive,chr2,1831926,MYT1L,1789113,2331664,TRUE,FALSE
chr2_1831947,constitutive,chr2,1831947,MYT1L,1789113,2331664,TRUE,FALSE
chr2_1831954,constitutive,chr2,1831954,MYT1L,1789113,2331664,TRUE,FALSE
chr2_1832012,ambiguous,chr2,1832012,MYT1L,1789113,2331664,TRUE,FALSE
chr2_1832072,ambiguous,chr2,1832072,MYT1L,1789113,2331664,TRUE,FALSE
chr2_1832388,constitutive,chr2,1832388,MYT1L,1789113,2331664,TRUE,FALSE
chr2_1832415,constitutive,chr2,1832415,MYT1L,1789113,2331664,TRUE,FALSE
chr2_1832466,constitutive,chr2,1832466,MYT1L,1789113,2331664,TRUE,FALSE
chr2_1832501,constitutive,chr2,1832501,MYT1L,1789113,2331664,TRUE,FALSE
chr2_1832637,constitutive,chr2,1832637,MYT1L,1789113,2331664,TRUE,FALSE
chr2_1832657,constitutive,chr2,1832657,MYT1L,1789113,2331664,TRUE,FALSE
chr2_1832659,constitutive,chr2,1832659,MYT1L,1789113,2331664,TRUE,FALSE
chr2_1832687,constitutive,chr2,1832687,MYT1L,1789113,2331664,TRUE,FALSE
chr2_1832840,constitutive,chr2,1832840,MYT1L,1789113,2331664,TRUE,FALSE
chr2_1832940,ambiguous,chr2,1832940,MYT1L,1789113,2331664,TRUE,FALSE
chr2_1832970,constitutive,chr2,1832970,MYT1L,1789113,2331664,TRUE,FALSE
chr2_1832980,constitutive,chr2,1832980,MYT1L,1789113,2331664,TRUE,FALSE
chr2_1833010,constitutive,chr2,1833010,MYT1L,1789113,2331664,TRUE,FALSE
chr2_1833014,constitutive,chr2,1833014,MYT1L,1789113,2331664,TRUE,FALSE
chr2_1833036,ambiguous,chr2,1833036,MYT1L,1789113,2331664,TRUE,FALSE
chr2_1833046,constitutive,chr2,1833046,MYT1L,1789113,2331664,TRUE,FALSE
chr2_1833085,ambiguous,chr2,1833085,MYT1L,1789113,2331664,TRUE,FALSE
chr2_1833192,ambiguous,chr2,1833192,MYT1L,1789113,2331664,TRUE,FALSE
chr2_1833216,constitutive,chr2,1833216,MYT1L,1789113,2331664,TRUE,FALSE
chr2_1833268,ambiguous,chr2,1833268,MYT1L,1789113,2331664,TRUE,FALSE
chr2_1833319,ambiguous,chr2,1833319,MYT1L,1789113,2331664,TRUE,FALSE
chr2_1833357,ambiguous,chr2,1833357,MYT1L,1789113,2331664,TRUE,FALSE
chr2_1833429,ambiguous,chr2,1833429,MYT1L,1789113,2331664,TRUE,FALSE
chr2_1833515,ambiguous,chr2,1833515,MYT1L,1789113,2331664,TRUE,FALSE
chr2_1833541,ambiguous,chr2,1833541,MYT1L,1789113,2331664,TRUE,FALSE
chr2_1833679,ambiguous,chr2,1833679,MYT1L,1789113,2331664,TRUE,FALSE
chr2_1833700,ambiguous,chr2,1833700,MYT1L,1789113,2331664,TRUE,FALSE
chr2_1833814,ambiguous,chr2,1833814,MYT1L,1789113,2331664,TRUE,FALSE
chr2_1833837,ambiguous,chr2,1833837,MYT1L,1789113,2331664,TRUE,FALSE
chr2_1833869,constitutive,chr2,1833869,MYT1L,1789113,2331664,TRUE,FALSE
chr2_1833883,ambiguous,chr2,1833883,MYT1L,1789113,2331664,TRUE,FALSE
chr2_1833889,ambiguous,chr2,1833889,MYT1L,1789113,2331664,TRUE,FALSE
chr2_1833920,constitutive,chr2,1833920,MYT1L,1789113,2331664,TRUE,FALSE
chr2_1833974,ambiguous,chr2,1833974,MYT1L,1789113,2331664,TRUE,FALSE
chr2_1833980,ambiguous,chr2,1833980,MYT1L,1789113,2331664,TRUE,FALSE
chr2_1834229,ambiguous,chr2,1834229,MYT1L,1789113,2331664,TRUE,FALSE
chr2_1834235,ambiguous,chr2,1834235,MYT1L,1789113,2331664,TRUE,FALSE
chr2_1834237,ambiguous,chr2,1834237,MYT1L,1789113,2331664,TRUE,FALSE
chr2_1834368,constitutive,chr2,1834368,MYT1L,1789113,2331664,TRUE,FALSE
chr2_1834529,ambiguous,chr2,1834529,MYT1L,1789113,2331664,TRUE,FALSE
chr2_1834570,ambiguous,chr2,1834570,MYT1L,1789113,2331664,TRUE,FALSE
chr2_1834687,ambiguous,chr2,1834687,MYT1L,1789113,2331664,TRUE,FALSE
chr2_1834725,constitutive,chr2,1834725,MYT1L,1789113,2331664,TRUE,FALSE
chr2_1834786,constitutive,chr2,1834786,MYT1L,1789113,2331664,TRUE,FALSE
chr2_1834819,ambiguous,chr2,1834819,MYT1L,1789113,2331664,TRUE,FALSE
chr2_1834852,ambiguous,chr2,1834852,MYT1L,1789113,2331664,TRUE,FALSE
chr2_1835463,ambiguous,chr2,1835463,MYT1L,1789113,2331664,TRUE,FALSE
chr2_1835608,ambiguous,chr2,1835608,MYT1L,1789113,2331664,TRUE,FALSE
chr2_1835655,ambiguous,chr2,1835655,MYT1L,1789113,2331664,TRUE,FALSE
chr2_1835694,ambiguous,chr2,1835694,MYT1L,1789113,2331664,TRUE,FALSE
chr2_1835704,ambiguous,chr2,1835704,MYT1L,1789113,2331664,TRUE,FALSE
chr2_1835754,ambiguous,chr2,1835754,MYT1L,1789113,2331664,TRUE,FALSE
chr2_1835757,ambiguous,chr2,1835757,MYT1L,1789113,2331664,TRUE,FALSE
chr2_1835802,ambiguous,chr2,1835802,MYT1L,1789113,2331664,TRUE,FALSE
chr2_1835822,ambiguous,chr2,1835822,MYT1L,1789113,2331664,TRUE,FALSE
chr2_1835863,ambiguous,chr2,1835863,MYT1L,1789113,2331664,TRUE,FALSE
chr2_1835900,ambiguous,chr2,1835900,MYT1L,1789113,2331664,TRUE,FALSE
chr2_1835916,ambiguous,chr2,1835916,MYT1L,1789113,2331664,TRUE,FALSE
chr2_1836191,ambiguous,chr2,1836191,MYT1L,1789113,2331664,TRUE,FALSE
chr2_1836474,ambiguous,chr2,1836474,MYT1L,1789113,2331664,TRUE,FALSE
chr2_1836574,constitutive,chr2,1836574,MYT1L,1789113,2331664,TRUE,FALSE
chr2_1837037,ambiguous,chr2,1837037,MYT1L,1789113,2331664,TRUE,FALSE
chr2_1837047,ambiguous,chr2,1837047,MYT1L,1789113,2331664,TRUE,FALSE
chr2_1837271,ambiguous,chr2,1837271,MYT1L,1789113,2331664,TRUE,FALSE
chr2_1837296,ambiguous,chr2,1837296,MYT1L,1789113,2331664,TRUE,FALSE
chr2_1837321,ambiguous,chr2,1837321,MYT1L,1789113,2331664,TRUE,FALSE
chr2_1837331,ambiguous,chr2,1837331,MYT1L,1789113,2331664,TRUE,FALSE
chr2_1837343,ambiguous,chr2,1837343,MYT1L,1789113,2331664,TRUE,FALSE
chr2_1837360,ambiguous,chr2,1837360,MYT1L,1789113,2331664,TRUE,FALSE
chr2_1837574,ambiguous,chr2,1837574,MYT1L,1789113,2331664,TRUE,FALSE
chr2_1837580,ambiguous,chr2,1837580,MYT1L,1789113,2331664,TRUE,FALSE
chr2_1837582,ambiguous,chr2,1837582,MYT1L,1789113,2331664,TRUE,FALSE
chr2_1837628,ambiguous,chr2,1837628,MYT1L,1789113,2331664,TRUE,FALSE
chr2_1837661,ambiguous,chr2,1837661,MYT1L,1789113,2331664,TRUE,FALSE
chr2_1837703,ambiguous,chr2,1837703,MYT1L,1789113,2331664,TRUE,FALSE
chr2_1837827,ambiguous,chr2,1837827,MYT1L,1789113,2331664,TRUE,FALSE
chr2_1837997,ambiguous,chr2,1837997,MYT1L,1789113,2331664,TRUE,FALSE
chr2_1838036,ambiguous,chr2,1838036,MYT1L,1789113,2331664,TRUE,FALSE
chr2_1838056,constitutive,chr2,1838056,MYT1L,1789113,2331664,TRUE,FALSE
chr2_1838058,constitutive,chr2,1838058,MYT1L,1789113,2331664,TRUE,FALSE
chr2_1838070,constitutive,chr2,1838070,MYT1L,1789113,2331664,TRUE,FALSE
chr2_1838165,ambiguous,chr2,1838165,MYT1L,1789113,2331664,TRUE,FALSE
chr2_1838209,constitutive,chr2,1838209,MYT1L,1789113,2331664,TRUE,FALSE
chr2_1838395,constitutive,chr2,1838395,MYT1L,1789113,2331664,TRUE,FALSE
chr2_1838410,constitutive,chr2,1838410,MYT1L,1789113,2331664,TRUE,FALSE
chr2_1838482,ambiguous,chr2,1838482,MYT1L,1789113,2331664,TRUE,FALSE
chr2_1838535,ambiguous,chr2,1838535,MYT1L,1789113,2331664,TRUE,FALSE
chr2_1838554,constitutive,chr2,1838554,MYT1L,1789113,2331664,TRUE,FALSE
chr2_1838569,constitutive,chr2,1838569,MYT1L,1789113,2331664,TRUE,FALSE
chr2_1838596,constitutive,chr2,1838596,MYT1L,1789113,2331664,TRUE,FALSE
chr2_1838607,constitutive,chr2,1838607,MYT1L,1789113,2331664,TRUE,FALSE
chr2_1838633,constitutive,chr2,1838633,MYT1L,1789113,2331664,TRUE,FALSE
chr2_1838764,constitutive,chr2,1838764,MYT1L,1789113,2331664,TRUE,FALSE
chr2_1838796,constitutive,chr2,1838796,MYT1L,1789113,2331664,TRUE,FALSE
chr2_1838813,ambiguous,chr2,1838813,MYT1L,1789113,2331664,TRUE,FALSE
chr2_1838902,ambiguous,chr2,1838902,MYT1L,1789113,2331664,TRUE,FALSE
chr2_1839052,constitutive,chr2,1839052,MYT1L,1789113,2331664,TRUE,FALSE
chr2_1839075,ambiguous,chr2,1839075,MYT1L,1789113,2331664,TRUE,FALSE
chr2_1839088,constitutive,chr2,1839088,MYT1L,1789113,2331664,TRUE,FALSE
chr2_1839097,ambiguous,chr2,1839097,MYT1L,1789113,2331664,TRUE,FALSE
chr2_1839104,constitutive,chr2,1839104,MYT1L,1789113,2331664,TRUE,FALSE
chr2_1839130,constitutive,chr2,1839130,MYT1L,1789113,2331664,TRUE,FALSE
chr2_1839136,constitutive,chr2,1839136,MYT1L,1789113,2331664,TRUE,FALSE
chr2_1839138,constitutive,chr2,1839138,MYT1L,1789113,2331664,TRUE,FALSE
chr2_1839152,constitutive,chr2,1839152,MYT1L,1789113,2331664,TRUE,FALSE
chr2_1839171,constitutive,chr2,1839171,MYT1L,1789113,2331664,TRUE,FALSE
chr2_1839177,ambiguous,chr2,1839177,MYT1L,1789113,2331664,TRUE,FALSE
chr2_1839189,ambiguous,chr2,1839189,MYT1L,1789113,2331664,TRUE,FALSE
chr2_1839192,constitutive,chr2,1839192,MYT1L,1789113,2331664,TRUE,FALSE
chr2_1839202,constitutive,chr2,1839202,MYT1L,1789113,2331664,TRUE,FALSE
chr2_1839223,constitutive,chr2,1839223,MYT1L,1789113,2331664,TRUE,FALSE
chr2_1839232,constitutive,chr2,1839232,MYT1L,1789113,2331664,TRUE,FALSE
chr2_1839267,ambiguous,chr2,1839267,MYT1L,1789113,2331664,TRUE,FALSE
chr2_1839286,constitutive,chr2,1839286,MYT1L,1789113,2331664,TRUE,FALSE
chr2_1839300,constitutive,chr2,1839300,MYT1L,1789113,2331664,TRUE,FALSE
chr2_1839321,constitutive,chr2,1839321,MYT1L,1789113,2331664,TRUE,FALSE
chr2_1839364,constitutive,chr2,1839364,MYT1L,1789113,2331664,TRUE,FALSE
chr2_1839412,ambiguous,chr2,1839412,MYT1L,1789113,2331664,TRUE,FALSE
chr2_1839415,ambiguous,chr2,1839415,MYT1L,1789113,2331664,TRUE,FALSE
chr2_1839450,ambiguous,chr2,1839450,MYT1L,1789113,2331664,TRUE,FALSE
chr2_1839664,ambiguous,chr2,1839664,MYT1L,1789113,2331664,TRUE,FALSE
chr2_1839688,constitutive,chr2,1839688,MYT1L,1789113,2331664,TRUE,FALSE
chr2_1839750,constitutive,chr2,1839750,MYT1L,1789113,2331664,TRUE,FALSE
chr2_1839764,constitutive,chr2,1839764,MYT1L,1789113,2331664,TRUE,FALSE
chr2_1839792,ambiguous,chr2,1839792,MYT1L,1789113,2331664,TRUE,FALSE
chr2_1839833,ambiguous,chr2,1839833,MYT1L,1789113,2331664,TRUE,FALSE
chr2_1839893,ambiguous,chr2,1839893,MYT1L,1789113,2331664,TRUE,FALSE
chr2_1839916,constitutive,chr2,1839916,MYT1L,1789113,2331664,TRUE,FALSE
chr2_1839934,ambiguous,chr2,1839934,MYT1L,1789113,2331664,TRUE,FALSE
chr2_1840000,constitutive,chr2,1840000,MYT1L,1789113,2331664,TRUE,FALSE
chr2_1840029,constitutive,chr2,1840029,MYT1L,1789113,2331664,TRUE,FALSE
chr2_1840251,ambiguous,chr2,1840251,MYT1L,1789113,2331664,TRUE,FALSE
chr2_1840288,constitutive,chr2,1840288,MYT1L,1789113,2331664,TRUE,FALSE
chr2_1840399,constitutive,chr2,1840399,MYT1L,1789113,2331664,TRUE,FALSE
chr2_1840660,constitutive,chr2,1840660,MYT1L,1789113,2331664,TRUE,FALSE
chr2_1840708,ambiguous,chr2,1840708,MYT1L,1789113,2331664,TRUE,FALSE
chr2_1840972,constitutive,chr2,1840972,MYT1L,1789113,2331664,TRUE,FALSE
chr2_1841004,constitutive,chr2,1841004,MYT1L,1789113,2331664,TRUE,FALSE
chr2_1841060,constitutive,chr2,1841060,MYT1L,1789113,2331664,TRUE,FALSE
chr2_1841095,ambiguous,chr2,1841095,MYT1L,1789113,2331664,TRUE,FALSE
chr2_1841106,constitutive,chr2,1841106,MYT1L,1789113,2331664,TRUE,FALSE
chr2_1841126,constitutive,chr2,1841126,MYT1L,1789113,2331664,TRUE,FALSE
chr2_1841140,constitutive,chr2,1841140,MYT1L,1789113,2331664,TRUE,FALSE
chr2_1841156,constitutive,chr2,1841156,MYT1L,1789113,2331664,TRUE,FALSE
chr2_1841354,ME,chr2,1841354,MYT1L,1789113,2331664,TRUE,FALSE
chr2_1841365,constitutive,chr2,1841365,MYT1L,1789113,2331664,TRUE,FALSE
chr2_1841399,constitutive,chr2,1841399,MYT1L,1789113,2331664,TRUE,FALSE
chr2_1841406,constitutive,chr2,1841406,MYT1L,1789113,2331664,TRUE,FALSE
chr2_1841428,constitutive,chr2,1841428,MYT1L,1789113,2331664,TRUE,FALSE
chr2_1841431,ambiguous,chr2,1841431,MYT1L,1789113,2331664,TRUE,FALSE
chr2_1841589,ambiguous,chr2,1841589,MYT1L,1789113,2331664,TRUE,FALSE
chr2_1841609,ME,chr2,1841609,MYT1L,1789113,2331664,TRUE,FALSE
chr2_1841629,ambiguous,chr2,1841629,MYT1L,1789113,2331664,TRUE,FALSE
chr2_1841648,ambiguous,chr2,1841648,MYT1L,1789113,2331664,TRUE,FALSE
chr2_1841676,ambiguous,chr2,1841676,MYT1L,1789113,2331664,TRUE,FALSE
chr2_1841678,ambiguous,chr2,1841678,MYT1L,1789113,2331664,TRUE,FALSE
chr2_1841684,ambiguous,chr2,1841684,MYT1L,1789113,2331664,TRUE,FALSE
chr2_1841688,ME,chr2,1841688,MYT1L,1789113,2331664,TRUE,FALSE
chr2_1841694,ambiguous,chr2,1841694,MYT1L,1789113,2331664,TRUE,FALSE
chr2_1841700,ambiguous,chr2,1841700,MYT1L,1789113,2331664,TRUE,FALSE
chr2_1841709,ambiguous,chr2,1841709,MYT1L,1789113,2331664,TRUE,FALSE
chr2_1841804,ambiguous,chr2,1841804,MYT1L,1789113,2331664,TRUE,FALSE
chr2_1841849,ambiguous,chr2,1841849,MYT1L,1789113,2331664,TRUE,FALSE
chr2_1841887,ambiguous,chr2,1841887,MYT1L,1789113,2331664,TRUE,FALSE
chr2_1842090,constitutive,chr2,1842090,MYT1L,1789113,2331664,TRUE,FALSE
chr2_1842092,constitutive,chr2,1842092,MYT1L,1789113,2331664,TRUE,FALSE
chr2_1842098,constitutive,chr2,1842098,MYT1L,1789113,2331664,TRUE,FALSE
chr2_1842101,constitutive,chr2,1842101,MYT1L,1789113,2331664,TRUE,FALSE
chr2_1842111,constitutive,chr2,1842111,MYT1L,1789113,2331664,TRUE,FALSE
chr2_1842160,ambiguous,chr2,1842160,MYT1L,1789113,2331664,TRUE,FALSE
chr2_1842200,ambiguous,chr2,1842200,MYT1L,1789113,2331664,TRUE,FALSE
chr2_1842311,ambiguous,chr2,1842311,MYT1L,1789113,2331664,TRUE,FALSE
chr2_1842327,ambiguous,chr2,1842327,MYT1L,1789113,2331664,TRUE,FALSE
chr2_1842337,ambiguous,chr2,1842337,MYT1L,1789113,2331664,TRUE,FALSE
chr2_1842344,ambiguous,chr2,1842344,MYT1L,1789113,2331664,TRUE,FALSE
chr2_1842382,ambiguous,chr2,1842382,MYT1L,1789113,2331664,TRUE,FALSE
chr2_1842426,constitutive,chr2,1842426,MYT1L,1789113,2331664,TRUE,FALSE
chr2_1842690,ambiguous,chr2,1842690,MYT1L,1789113,2331664,TRUE,FALSE
chr2_1842714,constitutive,chr2,1842714,MYT1L,1789113,2331664,TRUE,FALSE
chr2_1842727,constitutive,chr2,1842727,MYT1L,1789113,2331664,TRUE,FALSE
chr2_1842729,constitutive,chr2,1842729,MYT1L,1789113,2331664,TRUE,FALSE
chr2_1842753,constitutive,chr2,1842753,MYT1L,1789113,2331664,TRUE,FALSE
chr2_1842759,constitutive,chr2,1842759,MYT1L,1789113,2331664,TRUE,FALSE
chr2_1842791,constitutive,chr2,1842791,MYT1L,1789113,2331664,TRUE,FALSE
chr2_1842797,constitutive,chr2,1842797,MYT1L,1789113,2331664,TRUE,FALSE
chr2_1842829,constitutive,chr2,1842829,MYT1L,1789113,2331664,TRUE,FALSE
chr2_1842857,ambiguous,chr2,1842857,MYT1L,1789113,2331664,TRUE,FALSE
chr2_1842872,constitutive,chr2,1842872,MYT1L,1789113,2331664,TRUE,FALSE
chr2_1842882,constitutive,chr2,1842882,MYT1L,1789113,2331664,TRUE,FALSE
chr2_1842888,constitutive,chr2,1842888,MYT1L,1789113,2331664,TRUE,FALSE
chr2_1842898,constitutive,chr2,1842898,MYT1L,1789113,2331664,TRUE,FALSE
chr2_1842904,constitutive,chr2,1842904,MYT1L,1789113,2331664,TRUE,FALSE
chr2_1842914,constitutive,chr2,1842914,MYT1L,1789113,2331664,TRUE,FALSE
chr2_1842920,constitutive,chr2,1842920,MYT1L,1789113,2331664,TRUE,FALSE
chr2_1842930,constitutive,chr2,1842930,MYT1L,1789113,2331664,TRUE,FALSE
chr2_1842936,constitutive,chr2,1842936,MYT1L,1789113,2331664,TRUE,FALSE
chr2_1842946,constitutive,chr2,1842946,MYT1L,1789113,2331664,TRUE,FALSE
chr2_1842952,constitutive,chr2,1842952,MYT1L,1789113,2331664,TRUE,FALSE
chr2_1842962,constitutive,chr2,1842962,MYT1L,1789113,2331664,TRUE,FALSE
chr2_1842964,constitutive,chr2,1842964,MYT1L,1789113,2331664,TRUE,FALSE
chr2_1842966,constitutive,chr2,1842966,MYT1L,1789113,2331664,TRUE,FALSE
chr2_1843025,constitutive,chr2,1843025,MYT1L,1789113,2331664,TRUE,FALSE
chr2_1843035,constitutive,chr2,1843035,MYT1L,1789113,2331664,TRUE,FALSE
chr2_1843053,ambiguous,chr2,1843053,MYT1L,1789113,2331664,TRUE,FALSE
chr2_1843065,constitutive,chr2,1843065,MYT1L,1789113,2331664,TRUE,FALSE
chr2_1843067,constitutive,chr2,1843067,MYT1L,1789113,2331664,TRUE,FALSE
chr2_1843072,ambiguous,chr2,1843072,MYT1L,1789113,2331664,TRUE,FALSE
chr2_1843081,constitutive,chr2,1843081,MYT1L,1789113,2331664,TRUE,FALSE
chr2_1843090,constitutive,chr2,1843090,MYT1L,1789113,2331664,TRUE,FALSE
chr2_1843311,ambiguous,chr2,1843311,MYT1L,1789113,2331664,TRUE,FALSE
chr2_1843425,ambiguous,chr2,1843425,MYT1L,1789113,2331664,TRUE,FALSE
chr2_1843476,constitutive,chr2,1843476,MYT1L,1789113,2331664,TRUE,FALSE
chr2_1843626,constitutive,chr2,1843626,MYT1L,1789113,2331664,TRUE,FALSE
chr2_1843674,constitutive,chr2,1843674,MYT1L,1789113,2331664,TRUE,FALSE
chr2_1843729,ambiguous,chr2,1843729,MYT1L,1789113,2331664,TRUE,FALSE
chr2_1843755,ambiguous,chr2,1843755,MYT1L,1789113,2331664,TRUE,FALSE
chr2_1843902,constitutive,chr2,1843902,MYT1L,1789113,2331664,TRUE,FALSE
chr2_1843910,constitutive,chr2,1843910,MYT1L,1789113,2331664,TRUE,FALSE
chr2_1844125,constitutive,chr2,1844125,MYT1L,1789113,2331664,TRUE,FALSE
chr2_1844160,ambiguous,chr2,1844160,MYT1L,1789113,2331664,TRUE,FALSE
chr2_1844163,constitutive,chr2,1844163,MYT1L,1789113,2331664,TRUE,FALSE
chr2_1844251,constitutive,chr2,1844251,MYT1L,1789113,2331664,TRUE,FALSE
chr2_1844349,ambiguous,chr2,1844349,MYT1L,1789113,2331664,TRUE,FALSE
chr2_1844523,constitutive,chr2,1844523,MYT1L,1789113,2331664,TRUE,FALSE
chr2_1844542,constitutive,chr2,1844542,MYT1L,1789113,2331664,TRUE,FALSE
chr2_1844565,constitutive,chr2,1844565,MYT1L,1789113,2331664,TRUE,FALSE
chr2_1844597,constitutive,chr2,1844597,MYT1L,1789113,2331664,TRUE,FALSE
chr2_1844612,constitutive,chr2,1844612,MYT1L,1789113,2331664,TRUE,FALSE
chr2_1844655,constitutive,chr2,1844655,MYT1L,1789113,2331664,TRUE,FALSE
chr2_1844799,ambiguous,chr2,1844799,MYT1L,1789113,2331664,TRUE,FALSE
chr2_1844862,ambiguous,chr2,1844862,MYT1L,1789113,2331664,TRUE,FALSE
chr2_1845009,ambiguous,chr2,1845009,MYT1L,1789113,2331664,TRUE,FALSE
chr2_1845052,ambiguous,chr2,1845052,MYT1L,1789113,2331664,TRUE,FALSE
chr2_1845064,constitutive,chr2,1845064,MYT1L,1789113,2331664,TRUE,FALSE
chr2_1845081,ambiguous,chr2,1845081,MYT1L,1789113,2331664,TRUE,FALSE
chr2_1845095,ambiguous,chr2,1845095,MYT1L,1789113,2331664,TRUE,FALSE
chr2_1845170,ambiguous,chr2,1845170,MYT1L,1789113,2331664,TRUE,FALSE
chr2_1845193,constitutive,chr2,1845193,MYT1L,1789113,2331664,TRUE,FALSE
chr2_1845211,constitutive,chr2,1845211,MYT1L,1789113,2331664,TRUE,FALSE
chr2_1845253,constitutive,chr2,1845253,MYT1L,1789113,2331664,TRUE,FALSE
chr2_1845266,constitutive,chr2,1845266,MYT1L,1789113,2331664,TRUE,FALSE
chr2_1845301,ambiguous,chr2,1845301,MYT1L,1789113,2331664,TRUE,FALSE
chr2_1845312,ambiguous,chr2,1845312,MYT1L,1789113,2331664,TRUE,FALSE
chr2_1845471,ambiguous,chr2,1845471,MYT1L,1789113,2331664,TRUE,FALSE
chr2_1845488,ambiguous,chr2,1845488,MYT1L,1789113,2331664,TRUE,FALSE
chr2_1845524,ambiguous,chr2,1845524,MYT1L,1789113,2331664,TRUE,FALSE
chr2_1845642,constitutive,chr2,1845642,MYT1L,1789113,2331664,TRUE,FALSE
chr2_1845658,ambiguous,chr2,1845658,MYT1L,1789113,2331664,TRUE,FALSE
chr2_1845673,constitutive,chr2,1845673,MYT1L,1789113,2331664,TRUE,FALSE
chr2_1845716,ambiguous,chr2,1845716,MYT1L,1789113,2331664,TRUE,FALSE
chr2_1845760,ambiguous,chr2,1845760,MYT1L,1789113,2331664,TRUE,FALSE
chr2_1845781,ambiguous,chr2,1845781,MYT1L,1789113,2331664,TRUE,FALSE
chr2_1845873,ambiguous,chr2,1845873,MYT1L,1789113,2331664,TRUE,FALSE
chr2_1845960,constitutive,chr2,1845960,MYT1L,1789113,2331664,TRUE,FALSE
chr2_1845963,constitutive,chr2,1845963,MYT1L,1789113,2331664,TRUE,FALSE
chr2_1846137,constitutive,chr2,1846137,MYT1L,1789113,2331664,TRUE,FALSE
chr2_1846183,ambiguous,chr2,1846183,MYT1L,1789113,2331664,TRUE,FALSE
chr2_1846193,ambiguous,chr2,1846193,MYT1L,1789113,2331664,TRUE,FALSE
chr2_1846241,ambiguous,chr2,1846241,MYT1L,1789113,2331664,TRUE,FALSE
chr2_1846294,ambiguous,chr2,1846294,MYT1L,1789113,2331664,TRUE,FALSE
chr2_1846341,ambiguous,chr2,1846341,MYT1L,1789113,2331664,TRUE,FALSE
chr2_1846454,ambiguous,chr2,1846454,MYT1L,1789113,2331664,TRUE,FALSE
chr2_1846463,ambiguous,chr2,1846463,MYT1L,1789113,2331664,TRUE,FALSE
chr2_1846520,ambiguous,chr2,1846520,MYT1L,1789113,2331664,TRUE,FALSE
chr2_1846533,ambiguous,chr2,1846533,MYT1L,1789113,2331664,TRUE,FALSE
chr2_1846546,ambiguous,chr2,1846546,MYT1L,1789113,2331664,TRUE,FALSE
chr2_1846606,ambiguous,chr2,1846606,MYT1L,1789113,2331664,TRUE,FALSE
chr2_1846637,ambiguous,chr2,1846637,MYT1L,1789113,2331664,TRUE,FALSE
chr2_1846675,constitutive,chr2,1846675,MYT1L,1789113,2331664,TRUE,FALSE
chr2_1846680,ambiguous,chr2,1846680,MYT1L,1789113,2331664,TRUE,FALSE
chr2_1846721,constitutive,chr2,1846721,MYT1L,1789113,2331664,TRUE,FALSE
chr2_1846739,ambiguous,chr2,1846739,MYT1L,1789113,2331664,TRUE,FALSE
chr2_1846766,constitutive,chr2,1846766,MYT1L,1789113,2331664,TRUE,FALSE
chr2_1846878,ambiguous,chr2,1846878,MYT1L,1789113,2331664,TRUE,FALSE
chr2_1846891,constitutive,chr2,1846891,MYT1L,1789113,2331664,TRUE,FALSE
chr2_1847073,ambiguous,chr2,1847073,MYT1L,1789113,2331664,TRUE,FALSE
chr2_1847098,constitutive,chr2,1847098,MYT1L,1789113,2331664,TRUE,FALSE
chr2_1847106,constitutive,chr2,1847106,MYT1L,1789113,2331664,TRUE,FALSE
chr2_1847154,constitutive,chr2,1847154,MYT1L,1789113,2331664,TRUE,FALSE
chr2_1847189,constitutive,chr2,1847189,MYT1L,1789113,2331664,TRUE,FALSE
chr2_1847191,constitutive,chr2,1847191,MYT1L,1789113,2331664,TRUE,FALSE
chr2_1847321,constitutive,chr2,1847321,MYT1L,1789113,2331664,TRUE,FALSE
chr2_1847328,constitutive,chr2,1847328,MYT1L,1789113,2331664,TRUE,FALSE
chr2_1847359,constitutive,chr2,1847359,MYT1L,1789113,2331664,TRUE,FALSE
chr2_1847477,ambiguous,chr2,1847477,MYT1L,1789113,2331664,TRUE,FALSE
chr2_1847524,ambiguous,chr2,1847524,MYT1L,1789113,2331664,TRUE,FALSE
chr2_1847565,ambiguous,chr2,1847565,MYT1L,1789113,2331664,TRUE,FALSE
chr2_1847616,ambiguous,chr2,1847616,MYT1L,1789113,2331664,TRUE,FALSE
chr2_1847790,constitutive,chr2,1847790,MYT1L,1789113,2331664,TRUE,FALSE
chr2_1847801,constitutive,chr2,1847801,MYT1L,1789113,2331664,TRUE,FALSE
chr2_1847865,ambiguous,chr2,1847865,MYT1L,1789113,2331664,TRUE,FALSE
chr2_1847901,constitutive,chr2,1847901,MYT1L,1789113,2331664,TRUE,FALSE
chr2_1848002,constitutive,chr2,1848002,MYT1L,1789113,2331664,TRUE,FALSE
chr2_1848012,ambiguous,chr2,1848012,MYT1L,1789113,2331664,TRUE,FALSE
chr2_1848090,constitutive,chr2,1848090,MYT1L,1789113,2331664,TRUE,FALSE
chr2_1848103,constitutive,chr2,1848103,MYT1L,1789113,2331664,TRUE,FALSE
chr2_1848337,ambiguous,chr2,1848337,MYT1L,1789113,2331664,TRUE,FALSE
chr2_1848343,ambiguous,chr2,1848343,MYT1L,1789113,2331664,TRUE,FALSE
chr2_1848345,ambiguous,chr2,1848345,MYT1L,1789113,2331664,TRUE,FALSE
chr2_1848350,ambiguous,chr2,1848350,MYT1L,1789113,2331664,TRUE,FALSE
chr2_1848395,ambiguous,chr2,1848395,MYT1L,1789113,2331664,TRUE,FALSE
chr2_1848397,ambiguous,chr2,1848397,MYT1L,1789113,2331664,TRUE,FALSE
chr2_1848402,ambiguous,chr2,1848402,MYT1L,1789113,2331664,TRUE,FALSE
chr2_1848550,ambiguous,chr2,1848550,MYT1L,1789113,2331664,TRUE,FALSE
chr2_1848561,ambiguous,chr2,1848561,MYT1L,1789113,2331664,TRUE,FALSE
chr2_1848774,ambiguous,chr2,1848774,MYT1L,1789113,2331664,TRUE,FALSE
chr2_1848799,ambiguous,chr2,1848799,MYT1L,1789113,2331664,TRUE,FALSE
chr2_1848826,ambiguous,chr2,1848826,MYT1L,1789113,2331664,TRUE,FALSE
chr2_1848838,ambiguous,chr2,1848838,MYT1L,1789113,2331664,TRUE,FALSE
chr2_1848882,ambiguous,chr2,1848882,MYT1L,1789113,2331664,TRUE,FALSE
chr2_1848908,ambiguous,chr2,1848908,MYT1L,1789113,2331664,TRUE,FALSE
chr2_1848919,ambiguous,chr2,1848919,MYT1L,1789113,2331664,TRUE,FALSE
chr2_1849220,ambiguous,chr2,1849220,MYT1L,1789113,2331664,TRUE,FALSE
chr2_1849236,ambiguous,chr2,1849236,MYT1L,1789113,2331664,TRUE,FALSE
chr2_1849259,ambiguous,chr2,1849259,MYT1L,1789113,2331664,TRUE,FALSE
chr2_1849278,ambiguous,chr2,1849278,MYT1L,1789113,2331664,TRUE,FALSE
chr2_1849399,ambiguous,chr2,1849399,MYT1L,1789113,2331664,TRUE,FALSE
chr2_1849402,ambiguous,chr2,1849402,MYT1L,1789113,2331664,TRUE,FALSE
chr2_1849404,ambiguous,chr2,1849404,MYT1L,1789113,2331664,TRUE,FALSE
chr2_1849413,ambiguous,chr2,1849413,MYT1L,1789113,2331664,TRUE,FALSE
chr2_1849555,ambiguous,chr2,1849555,MYT1L,1789113,2331664,TRUE,FALSE
chr2_1849603,ambiguous,chr2,1849603,MYT1L,1789113,2331664,TRUE,FALSE
chr2_1849616,ambiguous,chr2,1849616,MYT1L,1789113,2331664,TRUE,FALSE
chr2_1849621,ambiguous,chr2,1849621,MYT1L,1789113,2331664,TRUE,FALSE
chr2_1849628,ambiguous,chr2,1849628,MYT1L,1789113,2331664,TRUE,FALSE
chr2_1849637,ambiguous,chr2,1849637,MYT1L,1789113,2331664,TRUE,FALSE
chr2_1849707,ambiguous,chr2,1849707,MYT1L,1789113,2331664,TRUE,FALSE
chr2_1849715,ambiguous,chr2,1849715,MYT1L,1789113,2331664,TRUE,FALSE
chr2_1849795,ambiguous,chr2,1849795,MYT1L,1789113,2331664,TRUE,FALSE
chr2_1849844,ambiguous,chr2,1849844,MYT1L,1789113,2331664,TRUE,FALSE
chr2_1849911,ambiguous,chr2,1849911,MYT1L,1789113,2331664,TRUE,FALSE
chr2_1850009,ambiguous,chr2,1850009,MYT1L,1789113,2331664,TRUE,FALSE
chr2_1850023,ambiguous,chr2,1850023,MYT1L,1789113,2331664,TRUE,FALSE
chr2_1850326,constitutive,chr2,1850326,MYT1L,1789113,2331664,TRUE,FALSE
chr2_1850382,ambiguous,chr2,1850382,MYT1L,1789113,2331664,TRUE,FALSE
chr2_1850437,ambiguous,chr2,1850437,MYT1L,1789113,2331664,TRUE,FALSE
chr2_1850530,ambiguous,chr2,1850530,MYT1L,1789113,2331664,TRUE,FALSE
chr2_1850544,constitutive,chr2,1850544,MYT1L,1789113,2331664,TRUE,FALSE
chr2_1850619,ambiguous,chr2,1850619,MYT1L,1789113,2331664,TRUE,FALSE
chr2_1850710,constitutive,chr2,1850710,MYT1L,1789113,2331664,TRUE,FALSE
chr2_1850740,constitutive,chr2,1850740,MYT1L,1789113,2331664,TRUE,FALSE
chr2_1850777,constitutive,chr2,1850777,MYT1L,1789113,2331664,TRUE,FALSE
chr2_1850812,ambiguous,chr2,1850812,MYT1L,1789113,2331664,TRUE,FALSE
chr2_1850905,ambiguous,chr2,1850905,MYT1L,1789113,2331664,TRUE,FALSE
chr2_1850929,constitutive,chr2,1850929,MYT1L,1789113,2331664,TRUE,FALSE
chr2_1850956,ambiguous,chr2,1850956,MYT1L,1789113,2331664,TRUE,FALSE
chr2_1851005,ambiguous,chr2,1851005,MYT1L,1789113,2331664,TRUE,FALSE
chr2_1851034,ambiguous,chr2,1851034,MYT1L,1789113,2331664,TRUE,FALSE
chr2_1851491,ambiguous,chr2,1851491,MYT1L,1789113,2331664,TRUE,FALSE
chr2_1851507,constitutive,chr2,1851507,MYT1L,1789113,2331664,TRUE,FALSE
chr2_1851553,constitutive,chr2,1851553,MYT1L,1789113,2331664,TRUE,FALSE
chr2_1851572,ambiguous,chr2,1851572,MYT1L,1789113,2331664,TRUE,FALSE
chr2_1851663,constitutive,chr2,1851663,MYT1L,1789113,2331664,TRUE,FALSE
chr2_1851694,ambiguous,chr2,1851694,MYT1L,1789113,2331664,TRUE,FALSE
chr2_1851835,ambiguous,chr2,1851835,MYT1L,1789113,2331664,TRUE,FALSE
chr2_1851903,ambiguous,chr2,1851903,MYT1L,1789113,2331664,TRUE,FALSE
chr2_1851942,ambiguous,chr2,1851942,MYT1L,1789113,2331664,TRUE,FALSE
chr2_1851998,ambiguous,chr2,1851998,MYT1L,1789113,2331664,TRUE,FALSE
chr2_1852069,ambiguous,chr2,1852069,MYT1L,1789113,2331664,TRUE,FALSE
chr2_1852187,ambiguous,chr2,1852187,MYT1L,1789113,2331664,TRUE,FALSE
chr2_1852225,ambiguous,chr2,1852225,MYT1L,1789113,2331664,TRUE,FALSE
chr2_1852230,ambiguous,chr2,1852230,MYT1L,1789113,2331664,TRUE,FALSE
chr2_1852256,ambiguous,chr2,1852256,MYT1L,1789113,2331664,TRUE,FALSE
chr2_1852268,ambiguous,chr2,1852268,MYT1L,1789113,2331664,TRUE,FALSE
chr2_1852328,ambiguous,chr2,1852328,MYT1L,1789113,2331664,TRUE,FALSE
chr2_1852426,ambiguous,chr2,1852426,MYT1L,1789113,2331664,TRUE,FALSE
chr2_1852605,constitutive,chr2,1852605,MYT1L,1789113,2331664,TRUE,FALSE
chr2_1852646,ME,chr2,1852646,MYT1L,1789113,2331664,TRUE,FALSE
chr2_1852937,constitutive,chr2,1852937,MYT1L,1789113,2331664,TRUE,FALSE
chr2_1853020,ambiguous,chr2,1853020,MYT1L,1789113,2331664,TRUE,FALSE
chr2_1853186,ambiguous,chr2,1853186,MYT1L,1789113,2331664,TRUE,FALSE
chr2_1853328,ambiguous,chr2,1853328,MYT1L,1789113,2331664,TRUE,FALSE
chr2_1853420,ambiguous,chr2,1853420,MYT1L,1789113,2331664,TRUE,FALSE
chr2_1853591,ambiguous,chr2,1853591,MYT1L,1789113,2331664,TRUE,FALSE
chr2_1854259,ambiguous,chr2,1854259,MYT1L,1789113,2331664,TRUE,FALSE
chr2_1854394,constitutive,chr2,1854394,MYT1L,1789113,2331664,TRUE,FALSE
chr2_1854457,ambiguous,chr2,1854457,MYT1L,1789113,2331664,TRUE,FALSE
chr2_1854702,ambiguous,chr2,1854702,MYT1L,1789113,2331664,TRUE,FALSE
chr2_1854711,ambiguous,chr2,1854711,MYT1L,1789113,2331664,TRUE,FALSE
chr2_1854720,ambiguous,chr2,1854720,MYT1L,1789113,2331664,TRUE,FALSE
chr2_1854733,ambiguous,chr2,1854733,MYT1L,1789113,2331664,TRUE,FALSE
chr2_1854749,ambiguous,chr2,1854749,MYT1L,1789113,2331664,TRUE,FALSE
chr2_1854751,ambiguous,chr2,1854751,MYT1L,1789113,2331664,TRUE,FALSE
chr2_1854811,ambiguous,chr2,1854811,MYT1L,1789113,2331664,TRUE,FALSE
chr2_1854814,ambiguous,chr2,1854814,MYT1L,1789113,2331664,TRUE,FALSE
chr2_1854832,ambiguous,chr2,1854832,MYT1L,1789113,2331664,TRUE,FALSE
chr2_1854844,ambiguous,chr2,1854844,MYT1L,1789113,2331664,TRUE,FALSE
chr2_1854866,ambiguous,chr2,1854866,MYT1L,1789113,2331664,TRUE,FALSE
chr2_1854890,constitutive,chr2,1854890,MYT1L,1789113,2331664,TRUE,FALSE
chr2_1854902,ambiguous,chr2,1854902,MYT1L,1789113,2331664,TRUE,FALSE
chr2_1854961,constitutive,chr2,1854961,MYT1L,1789113,2331664,TRUE,FALSE
chr2_1854968,constitutive,chr2,1854968,MYT1L,1789113,2331664,TRUE,FALSE
chr2_1854991,constitutive,chr2,1854991,MYT1L,1789113,2331664,TRUE,FALSE
chr2_1855062,ambiguous,chr2,1855062,MYT1L,1789113,2331664,TRUE,FALSE
chr2_1855188,ambiguous,chr2,1855188,MYT1L,1789113,2331664,TRUE,FALSE
chr2_1855231,ambiguous,chr2,1855231,MYT1L,1789113,2331664,TRUE,FALSE
chr2_1855242,ambiguous,chr2,1855242,MYT1L,1789113,2331664,TRUE,FALSE
chr2_1855263,ambiguous,chr2,1855263,MYT1L,1789113,2331664,TRUE,FALSE
chr2_1855269,ambiguous,chr2,1855269,MYT1L,1789113,2331664,TRUE,FALSE
chr2_1855273,ambiguous,chr2,1855273,MYT1L,1789113,2331664,TRUE,FALSE
chr2_1855278,ambiguous,chr2,1855278,MYT1L,1789113,2331664,TRUE,FALSE
chr2_1855286,ambiguous,chr2,1855286,MYT1L,1789113,2331664,TRUE,FALSE
chr2_1855299,ambiguous,chr2,1855299,MYT1L,1789113,2331664,TRUE,FALSE
chr2_1855301,ambiguous,chr2,1855301,MYT1L,1789113,2331664,TRUE,FALSE
chr2_1855340,ambiguous,chr2,1855340,MYT1L,1789113,2331664,TRUE,FALSE
chr2_1855374,ambiguous,chr2,1855374,MYT1L,1789113,2331664,TRUE,FALSE
chr2_1855457,ambiguous,chr2,1855457,MYT1L,1789113,2331664,TRUE,FALSE
chr2_1855487,ambiguous,chr2,1855487,MYT1L,1789113,2331664,TRUE,FALSE
chr2_1855497,ambiguous,chr2,1855497,MYT1L,1789113,2331664,TRUE,FALSE
chr2_1855558,ambiguous,chr2,1855558,MYT1L,1789113,2331664,TRUE,FALSE
chr2_1855563,ambiguous,chr2,1855563,MYT1L,1789113,2331664,TRUE,FALSE
chr2_1855587,ambiguous,chr2,1855587,MYT1L,1789113,2331664,TRUE,FALSE
chr2_1855656,ambiguous,chr2,1855656,MYT1L,1789113,2331664,TRUE,FALSE
chr2_1855765,ambiguous,chr2,1855765,MYT1L,1789113,2331664,TRUE,FALSE
chr2_1855777,ambiguous,chr2,1855777,MYT1L,1789113,2331664,TRUE,FALSE
chr2_1855989,ambiguous,chr2,1855989,MYT1L,1789113,2331664,TRUE,FALSE
chr2_1856048,ambiguous,chr2,1856048,MYT1L,1789113,2331664,TRUE,FALSE
chr2_1856063,ambiguous,chr2,1856063,MYT1L,1789113,2331664,TRUE,FALSE
chr2_1856334,constitutive,chr2,1856334,MYT1L,1789113,2331664,TRUE,FALSE
chr2_1856373,constitutive,chr2,1856373,MYT1L,1789113,2331664,TRUE,FALSE
chr2_1856395,constitutive,chr2,1856395,MYT1L,1789113,2331664,TRUE,FALSE
chr2_1856460,constitutive,chr2,1856460,MYT1L,1789113,2331664,TRUE,FALSE
chr2_1856471,constitutive,chr2,1856471,MYT1L,1789113,2331664,TRUE,FALSE
chr2_1856606,ambiguous,chr2,1856606,MYT1L,1789113,2331664,TRUE,FALSE
chr2_1856639,ambiguous,chr2,1856639,MYT1L,1789113,2331664,TRUE,FALSE
chr2_1857024,constitutive,chr2,1857024,MYT1L,1789113,2331664,TRUE,FALSE
chr2_1857107,ambiguous,chr2,1857107,MYT1L,1789113,2331664,TRUE,FALSE
chr2_1857152,ambiguous,chr2,1857152,MYT1L,1789113,2331664,TRUE,FALSE
chr2_1857183,constitutive,chr2,1857183,MYT1L,1789113,2331664,TRUE,FALSE
chr2_1857255,ambiguous,chr2,1857255,MYT1L,1789113,2331664,TRUE,FALSE
chr2_1857633,ambiguous,chr2,1857633,MYT1L,1789113,2331664,TRUE,FALSE
chr2_1857719,ambiguous,chr2,1857719,MYT1L,1789113,2331664,TRUE,FALSE
chr2_1858003,ambiguous,chr2,1858003,MYT1L,1789113,2331664,TRUE,FALSE
chr2_1858060,constitutive,chr2,1858060,MYT1L,1789113,2331664,TRUE,FALSE
chr2_1858110,constitutive,chr2,1858110,MYT1L,1789113,2331664,TRUE,FALSE
chr2_1858269,constitutive,chr2,1858269,MYT1L,1789113,2331664,TRUE,FALSE
chr2_1858368,ambiguous,chr2,1858368,MYT1L,1789113,2331664,TRUE,FALSE
chr2_1858465,constitutive,chr2,1858465,MYT1L,1789113,2331664,TRUE,FALSE
chr2_1858689,ME,chr2,1858689,MYT1L,1789113,2331664,TRUE,FALSE
chr2_1858774,constitutive,chr2,1858774,MYT1L,1789113,2331664,TRUE,FALSE
chr2_1858795,ambiguous,chr2,1858795,MYT1L,1789113,2331664,TRUE,FALSE
chr2_1858819,constitutive,chr2,1858819,MYT1L,1789113,2331664,TRUE,FALSE
chr2_1858828,ambiguous,chr2,1858828,MYT1L,1789113,2331664,TRUE,FALSE
chr2_1858866,ambiguous,chr2,1858866,MYT1L,1789113,2331664,TRUE,FALSE
chr2_1858915,ambiguous,chr2,1858915,MYT1L,1789113,2331664,TRUE,FALSE
chr2_1858927,ambiguous,chr2,1858927,MYT1L,1789113,2331664,TRUE,FALSE
chr2_1858966,ambiguous,chr2,1858966,MYT1L,1789113,2331664,TRUE,FALSE
chr2_1858969,ambiguous,chr2,1858969,MYT1L,1789113,2331664,TRUE,FALSE
chr2_1859080,ambiguous,chr2,1859080,MYT1L,1789113,2331664,TRUE,FALSE
chr2_1859121,ambiguous,chr2,1859121,MYT1L,1789113,2331664,TRUE,FALSE
chr2_1859415,constitutive,chr2,1859415,MYT1L,1789113,2331664,TRUE,FALSE
chr2_1859460,ambiguous,chr2,1859460,MYT1L,1789113,2331664,TRUE,FALSE
chr2_1859568,ambiguous,chr2,1859568,MYT1L,1789113,2331664,TRUE,FALSE
chr2_1859663,ambiguous,chr2,1859663,MYT1L,1789113,2331664,TRUE,FALSE
chr2_1859699,ambiguous,chr2,1859699,MYT1L,1789113,2331664,TRUE,FALSE
chr2_1859708,constitutive,chr2,1859708,MYT1L,1789113,2331664,TRUE,FALSE
chr2_1859756,ambiguous,chr2,1859756,MYT1L,1789113,2331664,TRUE,FALSE
chr2_1859769,constitutive,chr2,1859769,MYT1L,1789113,2331664,TRUE,FALSE
chr2_1859810,ambiguous,chr2,1859810,MYT1L,1789113,2331664,TRUE,FALSE
chr2_1859814,constitutive,chr2,1859814,MYT1L,1789113,2331664,TRUE,FALSE
chr2_1859829,constitutive,chr2,1859829,MYT1L,1789113,2331664,TRUE,FALSE
chr2_1859841,constitutive,chr2,1859841,MYT1L,1789113,2331664,TRUE,FALSE
chr2_1859843,constitutive,chr2,1859843,MYT1L,1789113,2331664,TRUE,FALSE
chr2_1859846,constitutive,chr2,1859846,MYT1L,1789113,2331664,TRUE,FALSE
chr2_1859876,ambiguous,chr2,1859876,MYT1L,1789113,2331664,TRUE,FALSE
chr2_1859881,constitutive,chr2,1859881,MYT1L,1789113,2331664,TRUE,FALSE
chr2_1859883,constitutive,chr2,1859883,MYT1L,1789113,2331664,TRUE,FALSE
chr2_1859935,constitutive,chr2,1859935,MYT1L,1789113,2331664,TRUE,FALSE
chr2_1859940,constitutive,chr2,1859940,MYT1L,1789113,2331664,TRUE,FALSE
chr2_1859976,constitutive,chr2,1859976,MYT1L,1789113,2331664,TRUE,FALSE
chr2_1859982,constitutive,chr2,1859982,MYT1L,1789113,2331664,TRUE,FALSE
chr2_1860019,ambiguous,chr2,1860019,MYT1L,1789113,2331664,TRUE,FALSE
chr2_1860074,ambiguous,chr2,1860074,MYT1L,1789113,2331664,TRUE,FALSE
chr2_1860088,constitutive,chr2,1860088,MYT1L,1789113,2331664,TRUE,FALSE
chr2_1860093,constitutive,chr2,1860093,MYT1L,1789113,2331664,TRUE,FALSE
chr2_1860104,constitutive,chr2,1860104,MYT1L,1789113,2331664,TRUE,FALSE
chr2_1860111,constitutive,chr2,1860111,MYT1L,1789113,2331664,TRUE,FALSE
chr2_1860149,constitutive,chr2,1860149,MYT1L,1789113,2331664,TRUE,FALSE
chr2_1860157,ambiguous,chr2,1860157,MYT1L,1789113,2331664,TRUE,FALSE
chr2_1860176,ambiguous,chr2,1860176,MYT1L,1789113,2331664,TRUE,FALSE
chr2_1860231,ambiguous,chr2,1860231,MYT1L,1789113,2331664,TRUE,FALSE
chr2_1860347,constitutive,chr2,1860347,MYT1L,1789113,2331664,TRUE,FALSE
chr2_1860379,constitutive,chr2,1860379,MYT1L,1789113,2331664,TRUE,FALSE
chr2_1860385,constitutive,chr2,1860385,MYT1L,1789113,2331664,TRUE,FALSE
chr2_1860387,constitutive,chr2,1860387,MYT1L,1789113,2331664,TRUE,FALSE
chr2_1860418,constitutive,chr2,1860418,MYT1L,1789113,2331664,TRUE,FALSE
chr2_1860433,constitutive,chr2,1860433,MYT1L,1789113,2331664,TRUE,FALSE
chr2_1860437,ambiguous,chr2,1860437,MYT1L,1789113,2331664,TRUE,FALSE
chr2_1860511,constitutive,chr2,1860511,MYT1L,1789113,2331664,TRUE,FALSE
chr2_1860544,ambiguous,chr2,1860544,MYT1L,1789113,2331664,TRUE,FALSE
chr2_1860633,ambiguous,chr2,1860633,MYT1L,1789113,2331664,TRUE,FALSE
chr2_1860637,constitutive,chr2,1860637,MYT1L,1789113,2331664,TRUE,FALSE
chr2_1860647,ambiguous,chr2,1860647,MYT1L,1789113,2331664,TRUE,FALSE
chr2_1860693,ambiguous,chr2,1860693,MYT1L,1789113,2331664,TRUE,FALSE
chr2_1860791,ambiguous,chr2,1860791,MYT1L,1789113,2331664,TRUE,FALSE
chr2_1860845,ambiguous,chr2,1860845,MYT1L,1789113,2331664,TRUE,FALSE
chr2_1860870,ambiguous,chr2,1860870,MYT1L,1789113,2331664,TRUE,FALSE
chr2_1860926,ambiguous,chr2,1860926,MYT1L,1789113,2331664,TRUE,FALSE
chr2_1860946,ambiguous,chr2,1860946,MYT1L,1789113,2331664,TRUE,FALSE
chr2_1860949,ambiguous,chr2,1860949,MYT1L,1789113,2331664,TRUE,FALSE
chr2_1860955,constitutive,chr2,1860955,MYT1L,1789113,2331664,TRUE,FALSE
chr2_1861047,ambiguous,chr2,1861047,MYT1L,1789113,2331664,TRUE,FALSE
chr2_1861050,ambiguous,chr2,1861050,MYT1L,1789113,2331664,TRUE,FALSE
chr2_1861107,ambiguous,chr2,1861107,MYT1L,1789113,2331664,TRUE,FALSE
chr2_1861189,ambiguous,chr2,1861189,MYT1L,1789113,2331664,TRUE,FALSE
chr2_1861223,ambiguous,chr2,1861223,MYT1L,1789113,2331664,TRUE,FALSE
chr2_1861244,ambiguous,chr2,1861244,MYT1L,1789113,2331664,TRUE,FALSE
chr2_1861457,ambiguous,chr2,1861457,MYT1L,1789113,2331664,TRUE,FALSE
chr2_1861561,ambiguous,chr2,1861561,MYT1L,1789113,2331664,TRUE,FALSE
chr2_1861585,ambiguous,chr2,1861585,MYT1L,1789113,2331664,TRUE,FALSE
chr2_1861668,ambiguous,chr2,1861668,MYT1L,1789113,2331664,TRUE,FALSE
chr2_1861682,ambiguous,chr2,1861682,MYT1L,1789113,2331664,TRUE,FALSE
chr2_1861838,constitutive,chr2,1861838,MYT1L,1789113,2331664,TRUE,FALSE
chr2_1862001,ambiguous,chr2,1862001,MYT1L,1789113,2331664,TRUE,FALSE
chr2_1862066,ambiguous,chr2,1862066,MYT1L,1789113,2331664,TRUE,FALSE
chr2_1862180,ambiguous,chr2,1862180,MYT1L,1789113,2331664,TRUE,FALSE
chr2_1862392,ambiguous,chr2,1862392,MYT1L,1789113,2331664,TRUE,FALSE
chr2_1862420,ambiguous,chr2,1862420,MYT1L,1789113,2331664,TRUE,FALSE
chr2_1862518,ambiguous,chr2,1862518,MYT1L,1789113,2331664,TRUE,FALSE
chr2_1862756,ambiguous,chr2,1862756,MYT1L,1789113,2331664,TRUE,FALSE
chr2_1862773,ambiguous,chr2,1862773,MYT1L,1789113,2331664,TRUE,FALSE
chr2_1862803,ambiguous,chr2,1862803,MYT1L,1789113,2331664,TRUE,FALSE
chr2_1862997,ambiguous,chr2,1862997,MYT1L,1789113,2331664,TRUE,FALSE
chr2_1863060,ambiguous,chr2,1863060,MYT1L,1789113,2331664,TRUE,FALSE
chr2_1863172,ambiguous,chr2,1863172,MYT1L,1789113,2331664,TRUE,FALSE
chr2_1863244,ambiguous,chr2,1863244,MYT1L,1789113,2331664,TRUE,FALSE
chr2_1863300,ambiguous,chr2,1863300,MYT1L,1789113,2331664,TRUE,FALSE
chr2_1863476,ambiguous,chr2,1863476,MYT1L,1789113,2331664,TRUE,FALSE
chr2_1863510,ambiguous,chr2,1863510,MYT1L,1789113,2331664,TRUE,FALSE
chr2_1863532,ambiguous,chr2,1863532,MYT1L,1789113,2331664,TRUE,FALSE
chr2_1863551,constitutive,chr2,1863551,MYT1L,1789113,2331664,TRUE,FALSE
chr2_1863553,constitutive,chr2,1863553,MYT1L,1789113,2331664,TRUE,FALSE
chr2_1863561,ambiguous,chr2,1863561,MYT1L,1789113,2331664,TRUE,FALSE
chr2_1863568,constitutive,chr2,1863568,MYT1L,1789113,2331664,TRUE,FALSE
chr2_1863610,constitutive,chr2,1863610,MYT1L,1789113,2331664,TRUE,FALSE
chr2_1863634,ambiguous,chr2,1863634,MYT1L,1789113,2331664,TRUE,FALSE
chr2_1863665,ambiguous,chr2,1863665,MYT1L,1789113,2331664,TRUE,FALSE
chr2_1863918,constitutive,chr2,1863918,MYT1L,1789113,2331664,TRUE,FALSE
chr2_1863930,ambiguous,chr2,1863930,MYT1L,1789113,2331664,TRUE,FALSE
chr2_1863979,ambiguous,chr2,1863979,MYT1L,1789113,2331664,TRUE,FALSE
chr2_1864029,ambiguous,chr2,1864029,MYT1L,1789113,2331664,TRUE,FALSE
chr2_1864063,constitutive,chr2,1864063,MYT1L,1789113,2331664,TRUE,FALSE
chr2_1864116,ambiguous,chr2,1864116,MYT1L,1789113,2331664,TRUE,FALSE
chr2_1864657,ambiguous,chr2,1864657,MYT1L,1789113,2331664,TRUE,FALSE
chr2_1864670,ambiguous,chr2,1864670,MYT1L,1789113,2331664,TRUE,FALSE
chr2_1864790,ambiguous,chr2,1864790,MYT1L,1789113,2331664,TRUE,FALSE
chr2_1864843,ambiguous,chr2,1864843,MYT1L,1789113,2331664,TRUE,FALSE
chr2_1864951,ambiguous,chr2,1864951,MYT1L,1789113,2331664,TRUE,FALSE
chr2_1865150,ambiguous,chr2,1865150,MYT1L,1789113,2331664,TRUE,FALSE
chr2_1865252,ambiguous,chr2,1865252,MYT1L,1789113,2331664,TRUE,FALSE
chr2_1865316,ambiguous,chr2,1865316,MYT1L,1789113,2331664,TRUE,FALSE
chr2_1865320,ambiguous,chr2,1865320,MYT1L,1789113,2331664,TRUE,FALSE
chr2_1865324,ambiguous,chr2,1865324,MYT1L,1789113,2331664,TRUE,FALSE
chr2_1865379,ambiguous,chr2,1865379,MYT1L,1789113,2331664,TRUE,FALSE
chr2_1865398,ambiguous,chr2,1865398,MYT1L,1789113,2331664,TRUE,FALSE
chr2_1865436,ambiguous,chr2,1865436,MYT1L,1789113,2331664,TRUE,FALSE
chr2_1865514,constitutive,chr2,1865514,MYT1L,1789113,2331664,TRUE,FALSE
chr2_1865519,ambiguous,chr2,1865519,MYT1L,1789113,2331664,TRUE,FALSE
chr2_1865632,ambiguous,chr2,1865632,MYT1L,1789113,2331664,TRUE,FALSE
chr2_1865664,ambiguous,chr2,1865664,MYT1L,1789113,2331664,TRUE,FALSE
chr2_1865781,constitutive,chr2,1865781,MYT1L,1789113,2331664,TRUE,FALSE
chr2_1865783,ambiguous,chr2,1865783,MYT1L,1789113,2331664,TRUE,FALSE
chr2_1865797,ambiguous,chr2,1865797,MYT1L,1789113,2331664,TRUE,FALSE
chr2_1865849,ambiguous,chr2,1865849,MYT1L,1789113,2331664,TRUE,FALSE
chr2_1866013,ambiguous,chr2,1866013,MYT1L,1789113,2331664,TRUE,FALSE
chr2_1866060,ambiguous,chr2,1866060,MYT1L,1789113,2331664,TRUE,FALSE
chr2_1866074,ambiguous,chr2,1866074,MYT1L,1789113,2331664,TRUE,FALSE
chr2_1866091,ambiguous,chr2,1866091,MYT1L,1789113,2331664,TRUE,FALSE
chr2_1866104,ambiguous,chr2,1866104,MYT1L,1789113,2331664,TRUE,FALSE
chr2_1866120,ambiguous,chr2,1866120,MYT1L,1789113,2331664,TRUE,FALSE
chr2_1866179,ambiguous,chr2,1866179,MYT1L,1789113,2331664,TRUE,FALSE
chr2_1866320,ambiguous,chr2,1866320,MYT1L,1789113,2331664,TRUE,FALSE
chr2_1866323,ambiguous,chr2,1866323,MYT1L,1789113,2331664,TRUE,FALSE
chr2_1866369,ambiguous,chr2,1866369,MYT1L,1789113,2331664,TRUE,FALSE
chr2_1867215,ambiguous,chr2,1867215,MYT1L,1789113,2331664,TRUE,FALSE
chr2_1867276,ambiguous,chr2,1867276,MYT1L,1789113,2331664,TRUE,FALSE
chr2_1867304,ambiguous,chr2,1867304,MYT1L,1789113,2331664,TRUE,FALSE
chr2_1867371,ambiguous,chr2,1867371,MYT1L,1789113,2331664,TRUE,FALSE
chr2_1867384,ambiguous,chr2,1867384,MYT1L,1789113,2331664,TRUE,FALSE
chr2_1867413,ambiguous,chr2,1867413,MYT1L,1789113,2331664,TRUE,FALSE
chr2_1867436,ambiguous,chr2,1867436,MYT1L,1789113,2331664,TRUE,FALSE
chr2_1867610,ambiguous,chr2,1867610,MYT1L,1789113,2331664,TRUE,FALSE
chr2_1867640,ambiguous,chr2,1867640,MYT1L,1789113,2331664,TRUE,FALSE
chr2_1867645,ambiguous,chr2,1867645,MYT1L,1789113,2331664,TRUE,FALSE
chr2_1867738,Ecto_specific,chr2,1867738,MYT1L,1789113,2331664,TRUE,FALSE
chr2_1867873,Ecto_specific,chr2,1867873,MYT1L,1789113,2331664,TRUE,FALSE
chr2_1868111,ambiguous,chr2,1868111,MYT1L,1789113,2331664,TRUE,FALSE
chr2_1868252,ambiguous,chr2,1868252,MYT1L,1789113,2331664,TRUE,FALSE
chr2_1868254,ambiguous,chr2,1868254,MYT1L,1789113,2331664,TRUE,FALSE
chr2_1868258,ambiguous,chr2,1868258,MYT1L,1789113,2331664,TRUE,FALSE
chr2_1868592,ambiguous,chr2,1868592,MYT1L,1789113,2331664,TRUE,FALSE
chr2_1868729,ambiguous,chr2,1868729,MYT1L,1789113,2331664,TRUE,FALSE
chr2_1868733,ambiguous,chr2,1868733,MYT1L,1789113,2331664,TRUE,FALSE
chr2_1868784,ambiguous,chr2,1868784,MYT1L,1789113,2331664,TRUE,FALSE
chr2_1868803,ambiguous,chr2,1868803,MYT1L,1789113,2331664,TRUE,FALSE
chr2_1868848,ambiguous,chr2,1868848,MYT1L,1789113,2331664,TRUE,FALSE
chr2_1868861,ambiguous,chr2,1868861,MYT1L,1789113,2331664,TRUE,FALSE
chr2_1868913,ambiguous,chr2,1868913,MYT1L,1789113,2331664,TRUE,FALSE
chr2_1869028,ambiguous,chr2,1869028,MYT1L,1789113,2331664,TRUE,FALSE
chr2_1869138,ambiguous,chr2,1869138,MYT1L,1789113,2331664,TRUE,FALSE
chr2_1869164,ambiguous,chr2,1869164,MYT1L,1789113,2331664,TRUE,FALSE
chr2_1869224,ambiguous,chr2,1869224,MYT1L,1789113,2331664,TRUE,FALSE
chr2_1869325,constitutive,chr2,1869325,MYT1L,1789113,2331664,TRUE,FALSE
chr2_1869331,constitutive,chr2,1869331,MYT1L,1789113,2331664,TRUE,FALSE
chr2_1869337,constitutive,chr2,1869337,MYT1L,1789113,2331664,TRUE,FALSE
chr2_1869443,constitutive,chr2,1869443,MYT1L,1789113,2331664,TRUE,FALSE
chr2_1869450,constitutive,chr2,1869450,MYT1L,1789113,2331664,TRUE,FALSE
chr2_1869458,constitutive,chr2,1869458,MYT1L,1789113,2331664,TRUE,FALSE
chr2_1869488,constitutive,chr2,1869488,MYT1L,1789113,2331664,TRUE,FALSE
chr2_1869510,ambiguous,chr2,1869510,MYT1L,1789113,2331664,TRUE,FALSE
chr2_1869549,ambiguous,chr2,1869549,MYT1L,1789113,2331664,TRUE,FALSE
chr2_1869560,ambiguous,chr2,1869560,MYT1L,1789113,2331664,TRUE,FALSE
chr2_1869625,ambiguous,chr2,1869625,MYT1L,1789113,2331664,TRUE,FALSE
chr2_1869667,ambiguous,chr2,1869667,MYT1L,1789113,2331664,TRUE,FALSE
chr2_1869947,ambiguous,chr2,1869947,MYT1L,1789113,2331664,TRUE,FALSE
chr2_1870030,ambiguous,chr2,1870030,MYT1L,1789113,2331664,TRUE,FALSE
chr2_1870044,ambiguous,chr2,1870044,MYT1L,1789113,2331664,TRUE,FALSE
chr2_1870052,ambiguous,chr2,1870052,MYT1L,1789113,2331664,TRUE,FALSE
chr2_1870176,ambiguous,chr2,1870176,MYT1L,1789113,2331664,TRUE,FALSE
chr2_1870270,ambiguous,chr2,1870270,MYT1L,1789113,2331664,TRUE,FALSE
chr2_1870475,ambiguous,chr2,1870475,MYT1L,1789113,2331664,TRUE,FALSE
chr2_1870626,ambiguous,chr2,1870626,MYT1L,1789113,2331664,TRUE,FALSE
chr2_1870680,ambiguous,chr2,1870680,MYT1L,1789113,2331664,TRUE,FALSE
chr2_1870765,ambiguous,chr2,1870765,MYT1L,1789113,2331664,TRUE,FALSE
chr2_1870864,ambiguous,chr2,1870864,MYT1L,1789113,2331664,TRUE,FALSE
chr2_1870904,constitutive,chr2,1870904,MYT1L,1789113,2331664,TRUE,FALSE
chr2_1870933,constitutive,chr2,1870933,MYT1L,1789113,2331664,TRUE,FALSE
chr2_1870995,ambiguous,chr2,1870995,MYT1L,1789113,2331664,TRUE,FALSE
chr2_1871004,ambiguous,chr2,1871004,MYT1L,1789113,2331664,TRUE,FALSE
chr2_1871034,ambiguous,chr2,1871034,MYT1L,1789113,2331664,TRUE,FALSE
chr2_1871110,ambiguous,chr2,1871110,MYT1L,1789113,2331664,TRUE,FALSE
chr2_1871120,ambiguous,chr2,1871120,MYT1L,1789113,2331664,TRUE,FALSE
chr2_1871253,ambiguous,chr2,1871253,MYT1L,1789113,2331664,TRUE,FALSE
chr2_1871278,ambiguous,chr2,1871278,MYT1L,1789113,2331664,TRUE,FALSE
chr2_1871286,constitutive,chr2,1871286,MYT1L,1789113,2331664,TRUE,FALSE
chr2_1871290,ME,chr2,1871290,MYT1L,1789113,2331664,TRUE,FALSE
chr2_1871343,ambiguous,chr2,1871343,MYT1L,1789113,2331664,TRUE,FALSE
chr2_1871346,ambiguous,chr2,1871346,MYT1L,1789113,2331664,TRUE,FALSE
chr2_1871362,ambiguous,chr2,1871362,MYT1L,1789113,2331664,TRUE,FALSE
chr2_1871411,ambiguous,chr2,1871411,MYT1L,1789113,2331664,TRUE,FALSE
chr2_1871466,ambiguous,chr2,1871466,MYT1L,1789113,2331664,TRUE,FALSE
chr2_1871503,ambiguous,chr2,1871503,MYT1L,1789113,2331664,TRUE,FALSE
chr2_1871610,ambiguous,chr2,1871610,MYT1L,1789113,2331664,TRUE,FALSE
chr2_1871654,ambiguous,chr2,1871654,MYT1L,1789113,2331664,TRUE,FALSE
chr2_1871916,constitutive,chr2,1871916,MYT1L,1789113,2331664,TRUE,FALSE
chr2_1871933,ambiguous,chr2,1871933,MYT1L,1789113,2331664,TRUE,FALSE
chr2_1871939,constitutive,chr2,1871939,MYT1L,1789113,2331664,TRUE,FALSE
chr2_1871962,constitutive,chr2,1871962,MYT1L,1789113,2331664,TRUE,FALSE
chr2_1871985,constitutive,chr2,1871985,MYT1L,1789113,2331664,TRUE,FALSE
chr2_1872006,ambiguous,chr2,1872006,MYT1L,1789113,2331664,TRUE,FALSE
chr2_1872052,ambiguous,chr2,1872052,MYT1L,1789113,2331664,TRUE,FALSE
chr2_1872207,ambiguous,chr2,1872207,MYT1L,1789113,2331664,TRUE,FALSE
chr2_1872222,ambiguous,chr2,1872222,MYT1L,1789113,2331664,TRUE,FALSE
chr2_1872260,ambiguous,chr2,1872260,MYT1L,1789113,2331664,TRUE,FALSE
chr2_1872271,ambiguous,chr2,1872271,MYT1L,1789113,2331664,TRUE,FALSE
chr2_1872301,ambiguous,chr2,1872301,MYT1L,1789113,2331664,TRUE,FALSE
chr2_1872366,ambiguous,chr2,1872366,MYT1L,1789113,2331664,TRUE,FALSE
chr2_1872434,ambiguous,chr2,1872434,MYT1L,1789113,2331664,TRUE,FALSE
chr2_1872560,ambiguous,chr2,1872560,MYT1L,1789113,2331664,TRUE,FALSE
chr2_1872842,ambiguous,chr2,1872842,MYT1L,1789113,2331664,TRUE,FALSE
chr2_1873093,ambiguous,chr2,1873093,MYT1L,1789113,2331664,TRUE,FALSE
chr2_1873110,constitutive,chr2,1873110,MYT1L,1789113,2331664,TRUE,FALSE
chr2_1873427,constitutive,chr2,1873427,MYT1L,1789113,2331664,TRUE,FALSE
chr2_1873433,constitutive,chr2,1873433,MYT1L,1789113,2331664,TRUE,FALSE
chr2_1873694,ambiguous,chr2,1873694,MYT1L,1789113,2331664,TRUE,FALSE
chr2_1873787,ambiguous,chr2,1873787,MYT1L,1789113,2331664,TRUE,FALSE
chr2_1873957,constitutive,chr2,1873957,MYT1L,1789113,2331664,TRUE,FALSE
chr2_1874007,ambiguous,chr2,1874007,MYT1L,1789113,2331664,TRUE,FALSE
chr2_1874034,ambiguous,chr2,1874034,MYT1L,1789113,2331664,TRUE,FALSE
chr2_1874094,constitutive,chr2,1874094,MYT1L,1789113,2331664,TRUE,FALSE
chr2_1874099,ambiguous,chr2,1874099,MYT1L,1789113,2331664,TRUE,FALSE
chr2_1874186,ambiguous,chr2,1874186,MYT1L,1789113,2331664,TRUE,FALSE
chr2_1874309,ambiguous,chr2,1874309,MYT1L,1789113,2331664,TRUE,FALSE
chr2_1874393,ambiguous,chr2,1874393,MYT1L,1789113,2331664,TRUE,FALSE
chr2_1874539,ambiguous,chr2,1874539,MYT1L,1789113,2331664,TRUE,FALSE
chr2_1874585,ambiguous,chr2,1874585,MYT1L,1789113,2331664,TRUE,FALSE
chr2_1874594,ambiguous,chr2,1874594,MYT1L,1789113,2331664,TRUE,FALSE
chr2_1874624,ambiguous,chr2,1874624,MYT1L,1789113,2331664,TRUE,FALSE
chr2_1874654,ambiguous,chr2,1874654,MYT1L,1789113,2331664,TRUE,FALSE
chr2_1874703,ambiguous,chr2,1874703,MYT1L,1789113,2331664,TRUE,FALSE
chr2_1874839,ambiguous,chr2,1874839,MYT1L,1789113,2331664,TRUE,FALSE
chr2_1874856,ambiguous,chr2,1874856,MYT1L,1789113,2331664,TRUE,FALSE
chr2_1874906,ME,chr2,1874906,MYT1L,1789113,2331664,TRUE,FALSE
chr2_1874946,constitutive,chr2,1874946,MYT1L,1789113,2331664,TRUE,FALSE
chr2_1874951,ambiguous,chr2,1874951,MYT1L,1789113,2331664,TRUE,FALSE
chr2_1874967,ambiguous,chr2,1874967,MYT1L,1789113,2331664,TRUE,FALSE
chr2_1874992,constitutive,chr2,1874992,MYT1L,1789113,2331664,TRUE,FALSE
chr2_1875099,constitutive,chr2,1875099,MYT1L,1789113,2331664,TRUE,FALSE
chr2_1875134,ambiguous,chr2,1875134,MYT1L,1789113,2331664,TRUE,FALSE
chr2_1875160,constitutive,chr2,1875160,MYT1L,1789113,2331664,TRUE,FALSE
chr2_1875163,constitutive,chr2,1875163,MYT1L,1789113,2331664,TRUE,FALSE
chr2_1875169,constitutive,chr2,1875169,MYT1L,1789113,2331664,TRUE,FALSE
chr2_1875198,constitutive,chr2,1875198,MYT1L,1789113,2331664,TRUE,FALSE
chr2_1875209,ambiguous,chr2,1875209,MYT1L,1789113,2331664,TRUE,FALSE
chr2_1875213,ambiguous,chr2,1875213,MYT1L,1789113,2331664,TRUE,FALSE
chr2_1875218,ambiguous,chr2,1875218,MYT1L,1789113,2331664,TRUE,FALSE
chr2_1875247,ambiguous,chr2,1875247,MYT1L,1789113,2331664,TRUE,FALSE
chr2_1875271,constitutive,chr2,1875271,MYT1L,1789113,2331664,TRUE,FALSE
chr2_1875388,ambiguous,chr2,1875388,MYT1L,1789113,2331664,TRUE,FALSE
chr2_1875393,ambiguous,chr2,1875393,MYT1L,1789113,2331664,TRUE,FALSE
chr2_1875475,constitutive,chr2,1875475,MYT1L,1789113,2331664,TRUE,FALSE
chr2_1875575,ambiguous,chr2,1875575,MYT1L,1789113,2331664,TRUE,FALSE
chr2_1875596,constitutive,chr2,1875596,MYT1L,1789113,2331664,TRUE,FALSE
chr2_1875608,constitutive,chr2,1875608,MYT1L,1789113,2331664,TRUE,FALSE
chr2_1875672,constitutive,chr2,1875672,MYT1L,1789113,2331664,TRUE,FALSE
chr2_1875679,constitutive,chr2,1875679,MYT1L,1789113,2331664,TRUE,FALSE
chr2_1875686,constitutive,chr2,1875686,MYT1L,1789113,2331664,TRUE,FALSE
chr2_1875697,constitutive,chr2,1875697,MYT1L,1789113,2331664,TRUE,FALSE
chr2_1875755,constitutive,chr2,1875755,MYT1L,1789113,2331664,TRUE,FALSE
chr2_1875793,constitutive,chr2,1875793,MYT1L,1789113,2331664,TRUE,FALSE
chr2_1875834,constitutive,chr2,1875834,MYT1L,1789113,2331664,TRUE,FALSE
chr2_1875947,ambiguous,chr2,1875947,MYT1L,1789113,2331664,TRUE,FALSE
chr2_1876009,ambiguous,chr2,1876009,MYT1L,1789113,2331664,TRUE,FALSE
chr2_1876036,ambiguous,chr2,1876036,MYT1L,1789113,2331664,TRUE,FALSE
chr2_1876048,constitutive,chr2,1876048,MYT1L,1789113,2331664,TRUE,FALSE
chr2_1876091,constitutive,chr2,1876091,MYT1L,1789113,2331664,TRUE,FALSE
chr2_1876102,ambiguous,chr2,1876102,MYT1L,1789113,2331664,TRUE,FALSE
chr2_1876220,ambiguous,chr2,1876220,MYT1L,1789113,2331664,TRUE,FALSE
chr2_1876240,ambiguous,chr2,1876240,MYT1L,1789113,2331664,TRUE,FALSE
chr2_1876266,ambiguous,chr2,1876266,MYT1L,1789113,2331664,TRUE,FALSE
chr2_1876322,ambiguous,chr2,1876322,MYT1L,1789113,2331664,TRUE,FALSE
chr2_1876351,ambiguous,chr2,1876351,MYT1L,1789113,2331664,TRUE,FALSE
chr2_1876357,ambiguous,chr2,1876357,MYT1L,1789113,2331664,TRUE,FALSE
chr2_1876359,ambiguous,chr2,1876359,MYT1L,1789113,2331664,TRUE,FALSE
chr2_1876368,ambiguous,chr2,1876368,MYT1L,1789113,2331664,TRUE,FALSE
chr2_1876377,ambiguous,chr2,1876377,MYT1L,1789113,2331664,TRUE,FALSE
chr2_1876437,ambiguous,chr2,1876437,MYT1L,1789113,2331664,TRUE,FALSE
chr2_1876491,ambiguous,chr2,1876491,MYT1L,1789113,2331664,TRUE,FALSE
chr2_1876516,constitutive,chr2,1876516,MYT1L,1789113,2331664,TRUE,FALSE
chr2_1876532,constitutive,chr2,1876532,MYT1L,1789113,2331664,TRUE,FALSE
chr2_1876553,ambiguous,chr2,1876553,MYT1L,1789113,2331664,TRUE,FALSE
chr2_1876596,constitutive,chr2,1876596,MYT1L,1789113,2331664,TRUE,FALSE
chr2_1876613,constitutive,chr2,1876613,MYT1L,1789113,2331664,TRUE,FALSE
chr2_1876629,constitutive,chr2,1876629,MYT1L,1789113,2331664,TRUE,FALSE
chr2_1876634,constitutive,chr2,1876634,MYT1L,1789113,2331664,TRUE,FALSE
chr2_1876697,ambiguous,chr2,1876697,MYT1L,1789113,2331664,TRUE,FALSE
chr2_1876723,ambiguous,chr2,1876723,MYT1L,1789113,2331664,TRUE,FALSE
chr2_1876743,ambiguous,chr2,1876743,MYT1L,1789113,2331664,TRUE,FALSE
chr2_1876859,ambiguous,chr2,1876859,MYT1L,1789113,2331664,TRUE,FALSE
chr2_1876892,ambiguous,chr2,1876892,MYT1L,1789113,2331664,TRUE,FALSE
chr2_1876925,ambiguous,chr2,1876925,MYT1L,1789113,2331664,TRUE,FALSE
chr2_1876989,ambiguous,chr2,1876989,MYT1L,1789113,2331664,TRUE,FALSE
chr2_1877028,ambiguous,chr2,1877028,MYT1L,1789113,2331664,TRUE,FALSE
chr2_1877076,constitutive,chr2,1877076,MYT1L,1789113,2331664,TRUE,FALSE
chr2_1877135,ambiguous,chr2,1877135,MYT1L,1789113,2331664,TRUE,FALSE
chr2_1877266,ambiguous,chr2,1877266,MYT1L,1789113,2331664,TRUE,FALSE
chr2_1877281,constitutive,chr2,1877281,MYT1L,1789113,2331664,TRUE,FALSE
chr2_1877482,ambiguous,chr2,1877482,MYT1L,1789113,2331664,TRUE,FALSE
chr2_1877591,ambiguous,chr2,1877591,MYT1L,1789113,2331664,TRUE,FALSE
chr2_1877627,ambiguous,chr2,1877627,MYT1L,1789113,2331664,TRUE,FALSE
chr2_1877659,constitutive,chr2,1877659,MYT1L,1789113,2331664,TRUE,FALSE
chr2_1877663,constitutive,chr2,1877663,MYT1L,1789113,2331664,TRUE,FALSE
chr2_1877690,constitutive,chr2,1877690,MYT1L,1789113,2331664,TRUE,FALSE
chr2_1877694,constitutive,chr2,1877694,MYT1L,1789113,2331664,TRUE,FALSE
chr2_1877696,constitutive,chr2,1877696,MYT1L,1789113,2331664,TRUE,FALSE
chr2_1877882,ambiguous,chr2,1877882,MYT1L,1789113,2331664,TRUE,FALSE
chr2_1877948,ambiguous,chr2,1877948,MYT1L,1789113,2331664,TRUE,FALSE
chr2_1878019,constitutive,chr2,1878019,MYT1L,1789113,2331664,TRUE,FALSE
chr2_1878022,constitutive,chr2,1878022,MYT1L,1789113,2331664,TRUE,FALSE
chr2_1878225,constitutive,chr2,1878225,MYT1L,1789113,2331664,TRUE,FALSE
chr2_1878429,ambiguous,chr2,1878429,MYT1L,1789113,2331664,TRUE,FALSE
chr2_1878605,ambiguous,chr2,1878605,MYT1L,1789113,2331664,TRUE,FALSE
chr2_1878631,ambiguous,chr2,1878631,MYT1L,1789113,2331664,TRUE,FALSE
chr2_1878709,ambiguous,chr2,1878709,MYT1L,1789113,2331664,TRUE,FALSE
chr2_1878854,ambiguous,chr2,1878854,MYT1L,1789113,2331664,TRUE,FALSE
chr2_1879089,ambiguous,chr2,1879089,MYT1L,1789113,2331664,TRUE,FALSE
chr2_1879133,ambiguous,chr2,1879133,MYT1L,1789113,2331664,TRUE,FALSE
chr2_1879172,ambiguous,chr2,1879172,MYT1L,1789113,2331664,TRUE,FALSE
chr2_1879186,ambiguous,chr2,1879186,MYT1L,1789113,2331664,TRUE,FALSE
chr2_1879773,constitutive,chr2,1879773,MYT1L,1789113,2331664,TRUE,FALSE
chr2_1880089,ambiguous,chr2,1880089,MYT1L,1789113,2331664,TRUE,FALSE
chr2_1880182,ambiguous,chr2,1880182,MYT1L,1789113,2331664,TRUE,FALSE
chr2_1880257,ambiguous,chr2,1880257,MYT1L,1789113,2331664,TRUE,FALSE
chr2_1880355,ambiguous,chr2,1880355,MYT1L,1789113,2331664,TRUE,FALSE
chr2_1880398,constitutive,chr2,1880398,MYT1L,1789113,2331664,TRUE,FALSE
chr2_1880400,constitutive,chr2,1880400,MYT1L,1789113,2331664,TRUE,FALSE
chr2_1880406,ambiguous,chr2,1880406,MYT1L,1789113,2331664,TRUE,FALSE
chr2_1880416,ambiguous,chr2,1880416,MYT1L,1789113,2331664,TRUE,FALSE
chr2_1880430,ambiguous,chr2,1880430,MYT1L,1789113,2331664,TRUE,FALSE
chr2_1880686,ambiguous,chr2,1880686,MYT1L,1789113,2331664,TRUE,FALSE
chr2_1880760,ambiguous,chr2,1880760,MYT1L,1789113,2331664,TRUE,FALSE
chr2_1880913,ambiguous,chr2,1880913,MYT1L,1789113,2331664,TRUE,FALSE
chr2_1880941,constitutive,chr2,1880941,MYT1L,1789113,2331664,TRUE,FALSE
chr2_1881014,constitutive,chr2,1881014,MYT1L,1789113,2331664,TRUE,FALSE
chr2_1881050,constitutive,chr2,1881050,MYT1L,1789113,2331664,TRUE,FALSE
chr2_1881170,Meso_specific,chr2,1881170,MYT1L,1789113,2331664,TRUE,FALSE
chr2_1881237,ambiguous,chr2,1881237,MYT1L,1789113,2331664,TRUE,FALSE
chr2_1881313,ambiguous,chr2,1881313,MYT1L,1789113,2331664,TRUE,FALSE
chr2_1881654,ambiguous,chr2,1881654,MYT1L,1789113,2331664,TRUE,FALSE
chr2_1881711,ambiguous,chr2,1881711,MYT1L,1789113,2331664,TRUE,FALSE
chr2_1881735,ambiguous,chr2,1881735,MYT1L,1789113,2331664,TRUE,FALSE
chr2_1881821,constitutive,chr2,1881821,MYT1L,1789113,2331664,TRUE,FALSE
chr2_1881904,constitutive,chr2,1881904,MYT1L,1789113,2331664,TRUE,FALSE
chr2_1881924,ambiguous,chr2,1881924,MYT1L,1789113,2331664,TRUE,FALSE
chr2_1881960,constitutive,chr2,1881960,MYT1L,1789113,2331664,TRUE,FALSE
chr2_1881998,constitutive,chr2,1881998,MYT1L,1789113,2331664,TRUE,FALSE
chr2_1882056,ambiguous,chr2,1882056,MYT1L,1789113,2331664,TRUE,FALSE
chr2_1882084,ambiguous,chr2,1882084,MYT1L,1789113,2331664,TRUE,FALSE
chr2_1882095,ambiguous,chr2,1882095,MYT1L,1789113,2331664,TRUE,FALSE
chr2_1882170,constitutive,chr2,1882170,MYT1L,1789113,2331664,TRUE,FALSE
chr2_1882220,ambiguous,chr2,1882220,MYT1L,1789113,2331664,TRUE,FALSE
chr2_1882232,ambiguous,chr2,1882232,MYT1L,1789113,2331664,TRUE,FALSE
chr2_1882256,ambiguous,chr2,1882256,MYT1L,1789113,2331664,TRUE,FALSE
chr2_1882265,ambiguous,chr2,1882265,MYT1L,1789113,2331664,TRUE,FALSE
chr2_1882282,ambiguous,chr2,1882282,MYT1L,1789113,2331664,TRUE,FALSE
chr2_1882314,ambiguous,chr2,1882314,MYT1L,1789113,2331664,TRUE,FALSE
chr2_1882331,ambiguous,chr2,1882331,MYT1L,1789113,2331664,TRUE,FALSE
chr2_1882333,constitutive,chr2,1882333,MYT1L,1789113,2331664,TRUE,FALSE
chr2_1882347,ambiguous,chr2,1882347,MYT1L,1789113,2331664,TRUE,FALSE
chr2_1882355,constitutive,chr2,1882355,MYT1L,1789113,2331664,TRUE,FALSE
chr2_1882386,ambiguous,chr2,1882386,MYT1L,1789113,2331664,TRUE,FALSE
chr2_1882438,ambiguous,chr2,1882438,MYT1L,1789113,2331664,TRUE,FALSE
chr2_1882588,ambiguous,chr2,1882588,MYT1L,1789113,2331664,TRUE,FALSE
chr2_1882655,ambiguous,chr2,1882655,MYT1L,1789113,2331664,TRUE,FALSE
chr2_1882716,ambiguous,chr2,1882716,MYT1L,1789113,2331664,TRUE,FALSE
chr2_1882824,ambiguous,chr2,1882824,MYT1L,1789113,2331664,TRUE,FALSE
chr2_1883012,constitutive,chr2,1883012,MYT1L,1789113,2331664,TRUE,FALSE
chr2_1883018,constitutive,chr2,1883018,MYT1L,1789113,2331664,TRUE,FALSE
chr2_1883027,constitutive,chr2,1883027,MYT1L,1789113,2331664,TRUE,FALSE
chr2_1883066,ambiguous,chr2,1883066,MYT1L,1789113,2331664,TRUE,FALSE
chr2_1883151,constitutive,chr2,1883151,MYT1L,1789113,2331664,TRUE,FALSE
chr2_1883158,ambiguous,chr2,1883158,MYT1L,1789113,2331664,TRUE,FALSE
chr2_1883214,constitutive,chr2,1883214,MYT1L,1789113,2331664,TRUE,FALSE
chr2_1883330,constitutive,chr2,1883330,MYT1L,1789113,2331664,TRUE,FALSE
chr2_1883490,constitutive,chr2,1883490,MYT1L,1789113,2331664,TRUE,FALSE
chr2_1883578,ambiguous,chr2,1883578,MYT1L,1789113,2331664,TRUE,FALSE
chr2_1883605,ambiguous,chr2,1883605,MYT1L,1789113,2331664,TRUE,FALSE
chr2_1883627,ambiguous,chr2,1883627,MYT1L,1789113,2331664,TRUE,FALSE
chr2_1883644,ambiguous,chr2,1883644,MYT1L,1789113,2331664,TRUE,FALSE
chr2_1883672,constitutive,chr2,1883672,MYT1L,1789113,2331664,TRUE,FALSE
chr2_1883695,constitutive,chr2,1883695,MYT1L,1789113,2331664,TRUE,FALSE
chr2_1883698,ambiguous,chr2,1883698,MYT1L,1789113,2331664,TRUE,FALSE
chr2_1883700,constitutive,chr2,1883700,MYT1L,1789113,2331664,TRUE,FALSE
chr2_1883729,constitutive,chr2,1883729,MYT1L,1789113,2331664,TRUE,FALSE
chr2_1883750,ambiguous,chr2,1883750,MYT1L,1789113,2331664,TRUE,FALSE
chr2_1883762,ambiguous,chr2,1883762,MYT1L,1789113,2331664,TRUE,FALSE
chr2_1883968,ambiguous,chr2,1883968,MYT1L,1789113,2331664,TRUE,FALSE
chr2_1884046,ambiguous,chr2,1884046,MYT1L,1789113,2331664,TRUE,FALSE
chr2_1884234,ambiguous,chr2,1884234,MYT1L,1789113,2331664,TRUE,FALSE
chr2_1884277,constitutive,chr2,1884277,MYT1L,1789113,2331664,TRUE,FALSE
chr2_1884293,constitutive,chr2,1884293,MYT1L,1789113,2331664,TRUE,FALSE
chr2_1884363,constitutive,chr2,1884363,MYT1L,1789113,2331664,TRUE,FALSE
chr2_1884390,constitutive,chr2,1884390,MYT1L,1789113,2331664,TRUE,FALSE
chr2_1884727,constitutive,chr2,1884727,MYT1L,1789113,2331664,TRUE,FALSE
chr2_1884816,constitutive,chr2,1884816,MYT1L,1789113,2331664,TRUE,FALSE
chr2_1884849,ambiguous,chr2,1884849,MYT1L,1789113,2331664,TRUE,FALSE
chr2_1884858,ambiguous,chr2,1884858,MYT1L,1789113,2331664,TRUE,FALSE
chr2_1884881,ambiguous,chr2,1884881,MYT1L,1789113,2331664,TRUE,FALSE
chr2_1884925,ambiguous,chr2,1884925,MYT1L,1789113,2331664,TRUE,FALSE
chr2_1884952,ambiguous,chr2,1884952,MYT1L,1789113,2331664,TRUE,FALSE
chr2_1884975,ambiguous,chr2,1884975,MYT1L,1789113,2331664,TRUE,FALSE
chr2_1884987,ambiguous,chr2,1884987,MYT1L,1789113,2331664,TRUE,FALSE
chr2_1885013,ambiguous,chr2,1885013,MYT1L,1789113,2331664,TRUE,FALSE
chr2_1885233,ambiguous,chr2,1885233,MYT1L,1789113,2331664,TRUE,FALSE
chr2_1885291,ambiguous,chr2,1885291,MYT1L,1789113,2331664,TRUE,FALSE
chr2_1885358,ambiguous,chr2,1885358,MYT1L,1789113,2331664,TRUE,FALSE
chr2_1885384,ambiguous,chr2,1885384,MYT1L,1789113,2331664,TRUE,FALSE
chr2_1885423,constitutive,chr2,1885423,MYT1L,1789113,2331664,TRUE,FALSE
chr2_1885555,ambiguous,chr2,1885555,MYT1L,1789113,2331664,TRUE,FALSE
chr2_1885567,ambiguous,chr2,1885567,MYT1L,1789113,2331664,TRUE,FALSE
chr2_1885574,constitutive,chr2,1885574,MYT1L,1789113,2331664,TRUE,FALSE
chr2_1885646,constitutive,chr2,1885646,MYT1L,1789113,2331664,TRUE,FALSE
chr2_1885702,constitutive,chr2,1885702,MYT1L,1789113,2331664,TRUE,FALSE
chr2_1885715,ambiguous,chr2,1885715,MYT1L,1789113,2331664,TRUE,FALSE
chr2_1885745,ambiguous,chr2,1885745,MYT1L,1789113,2331664,TRUE,FALSE
chr2_1885795,constitutive,chr2,1885795,MYT1L,1789113,2331664,TRUE,FALSE
chr2_1885808,constitutive,chr2,1885808,MYT1L,1789113,2331664,TRUE,FALSE
chr2_1885815,constitutive,chr2,1885815,MYT1L,1789113,2331664,TRUE,FALSE
chr2_1886036,constitutive,chr2,1886036,MYT1L,1789113,2331664,TRUE,FALSE
chr2_1886044,constitutive,chr2,1886044,MYT1L,1789113,2331664,TRUE,FALSE
chr2_1886049,constitutive,chr2,1886049,MYT1L,1789113,2331664,TRUE,FALSE
chr2_1886572,constitutive,chr2,1886572,MYT1L,1789113,2331664,TRUE,FALSE
chr2_1886586,constitutive,chr2,1886586,MYT1L,1789113,2331664,TRUE,FALSE
chr2_1886621,ambiguous,chr2,1886621,MYT1L,1789113,2331664,TRUE,FALSE
chr2_1886645,ambiguous,chr2,1886645,MYT1L,1789113,2331664,TRUE,FALSE
chr2_1886650,ambiguous,chr2,1886650,MYT1L,1789113,2331664,TRUE,FALSE
chr2_1886652,ambiguous,chr2,1886652,MYT1L,1789113,2331664,TRUE,FALSE
chr2_1886683,constitutive,chr2,1886683,MYT1L,1789113,2331664,TRUE,FALSE
chr2_1886763,ambiguous,chr2,1886763,MYT1L,1789113,2331664,TRUE,FALSE
chr2_1886768,ambiguous,chr2,1886768,MYT1L,1789113,2331664,TRUE,FALSE
chr2_1886877,ambiguous,chr2,1886877,MYT1L,1789113,2331664,TRUE,FALSE
chr2_1887072,ambiguous,chr2,1887072,MYT1L,1789113,2331664,TRUE,FALSE
chr2_1887255,constitutive,chr2,1887255,MYT1L,1789113,2331664,TRUE,FALSE
chr2_1887267,ambiguous,chr2,1887267,MYT1L,1789113,2331664,TRUE,FALSE
chr2_1887285,ambiguous,chr2,1887285,MYT1L,1789113,2331664,TRUE,FALSE
chr2_1887295,ambiguous,chr2,1887295,MYT1L,1789113,2331664,TRUE,FALSE
chr2_1887303,constitutive,chr2,1887303,MYT1L,1789113,2331664,TRUE,FALSE
chr2_1887327,ambiguous,chr2,1887327,MYT1L,1789113,2331664,TRUE,FALSE
chr2_1887359,constitutive,chr2,1887359,MYT1L,1789113,2331664,TRUE,FALSE
chr2_1887378,constitutive,chr2,1887378,MYT1L,1789113,2331664,TRUE,FALSE
chr2_1887385,constitutive,chr2,1887385,MYT1L,1789113,2331664,TRUE,FALSE
chr2_1887397,ambiguous,chr2,1887397,MYT1L,1789113,2331664,TRUE,FALSE
chr2_1887487,ambiguous,chr2,1887487,MYT1L,1789113,2331664,TRUE,FALSE
chr2_1887558,ambiguous,chr2,1887558,MYT1L,1789113,2331664,TRUE,FALSE
chr2_1887566,ambiguous,chr2,1887566,MYT1L,1789113,2331664,TRUE,FALSE
chr2_1887640,ambiguous,chr2,1887640,MYT1L,1789113,2331664,TRUE,FALSE
chr2_1887678,ambiguous,chr2,1887678,MYT1L,1789113,2331664,TRUE,FALSE
chr2_1887751,ambiguous,chr2,1887751,MYT1L,1789113,2331664,TRUE,FALSE
chr2_1887881,ambiguous,chr2,1887881,MYT1L,1789113,2331664,TRUE,FALSE
chr2_1888136,ambiguous,chr2,1888136,MYT1L,1789113,2331664,TRUE,FALSE
chr2_1888516,ambiguous,chr2,1888516,MYT1L,1789113,2331664,TRUE,FALSE
chr2_1888594,ambiguous,chr2,1888594,MYT1L,1789113,2331664,TRUE,FALSE
chr2_1888830,ambiguous,chr2,1888830,MYT1L,1789113,2331664,TRUE,FALSE
chr2_1888967,ambiguous,chr2,1888967,MYT1L,1789113,2331664,TRUE,FALSE
chr2_1889069,ambiguous,chr2,1889069,MYT1L,1789113,2331664,TRUE,FALSE
chr2_1889258,ambiguous,chr2,1889258,MYT1L,1789113,2331664,TRUE,FALSE
chr2_1889264,ambiguous,chr2,1889264,MYT1L,1789113,2331664,TRUE,FALSE
chr2_1889275,ambiguous,chr2,1889275,MYT1L,1789113,2331664,TRUE,FALSE
chr2_1889300,ambiguous,chr2,1889300,MYT1L,1789113,2331664,TRUE,FALSE
chr2_1889318,ambiguous,chr2,1889318,MYT1L,1789113,2331664,TRUE,FALSE
chr2_1889324,constitutive,chr2,1889324,MYT1L,1789113,2331664,TRUE,FALSE
chr2_1889341,constitutive,chr2,1889341,MYT1L,1789113,2331664,TRUE,FALSE
chr2_1889413,constitutive,chr2,1889413,MYT1L,1789113,2331664,TRUE,FALSE
chr2_1889415,ambiguous,chr2,1889415,MYT1L,1789113,2331664,TRUE,FALSE
chr2_1889450,ambiguous,chr2,1889450,MYT1L,1789113,2331664,TRUE,FALSE
chr2_1889482,ambiguous,chr2,1889482,MYT1L,1789113,2331664,TRUE,FALSE
chr2_1889513,constitutive,chr2,1889513,MYT1L,1789113,2331664,TRUE,FALSE
chr2_1889531,constitutive,chr2,1889531,MYT1L,1789113,2331664,TRUE,FALSE
chr2_1889561,constitutive,chr2,1889561,MYT1L,1789113,2331664,TRUE,FALSE
chr2_1889576,constitutive,chr2,1889576,MYT1L,1789113,2331664,TRUE,FALSE
chr2_1889595,constitutive,chr2,1889595,MYT1L,1789113,2331664,TRUE,FALSE
chr2_1889627,constitutive,chr2,1889627,MYT1L,1789113,2331664,TRUE,FALSE
chr2_1889666,ambiguous,chr2,1889666,MYT1L,1789113,2331664,TRUE,FALSE
chr2_1889708,constitutive,chr2,1889708,MYT1L,1789113,2331664,TRUE,FALSE
chr2_1890132,ambiguous,chr2,1890132,MYT1L,1789113,2331664,TRUE,FALSE
chr2_1890319,constitutive,chr2,1890319,MYT1L,1789113,2331664,TRUE,FALSE
chr2_1890364,constitutive,chr2,1890364,MYT1L,1789113,2331664,TRUE,FALSE
chr2_1890413,constitutive,chr2,1890413,MYT1L,1789113,2331664,TRUE,FALSE
chr2_1890464,ambiguous,chr2,1890464,MYT1L,1789113,2331664,TRUE,FALSE
chr2_1891154,ambiguous,chr2,1891154,MYT1L,1789113,2331664,TRUE,FALSE
chr2_1891247,ambiguous,chr2,1891247,MYT1L,1789113,2331664,TRUE,FALSE
chr2_1891298,ambiguous,chr2,1891298,MYT1L,1789113,2331664,TRUE,FALSE
chr2_1891308,ambiguous,chr2,1891308,MYT1L,1789113,2331664,TRUE,FALSE
chr2_1891334,ambiguous,chr2,1891334,MYT1L,1789113,2331664,TRUE,FALSE
chr2_1891347,ambiguous,chr2,1891347,MYT1L,1789113,2331664,TRUE,FALSE
chr2_1891365,ambiguous,chr2,1891365,MYT1L,1789113,2331664,TRUE,FALSE
chr2_1891378,ambiguous,chr2,1891378,MYT1L,1789113,2331664,TRUE,FALSE
chr2_1891381,ambiguous,chr2,1891381,MYT1L,1789113,2331664,TRUE,FALSE
chr2_1891419,ambiguous,chr2,1891419,MYT1L,1789113,2331664,TRUE,FALSE
chr2_1891532,ambiguous,chr2,1891532,MYT1L,1789113,2331664,TRUE,FALSE
chr2_1891553,ambiguous,chr2,1891553,MYT1L,1789113,2331664,TRUE,FALSE
chr2_1891635,ambiguous,chr2,1891635,MYT1L,1789113,2331664,TRUE,FALSE
chr2_1891684,ambiguous,chr2,1891684,MYT1L,1789113,2331664,TRUE,FALSE
chr2_1891689,ambiguous,chr2,1891689,MYT1L,1789113,2331664,TRUE,FALSE
chr2_1891707,ambiguous,chr2,1891707,MYT1L,1789113,2331664,TRUE,FALSE
chr2_1891791,ambiguous,chr2,1891791,MYT1L,1789113,2331664,TRUE,FALSE
chr2_1891795,ambiguous,chr2,1891795,MYT1L,1789113,2331664,TRUE,FALSE
chr2_1891843,constitutive,chr2,1891843,MYT1L,1789113,2331664,TRUE,FALSE
chr2_1891871,constitutive,chr2,1891871,MYT1L,1789113,2331664,TRUE,FALSE
chr2_1891905,constitutive,chr2,1891905,MYT1L,1789113,2331664,TRUE,FALSE
chr2_1891926,constitutive,chr2,1891926,MYT1L,1789113,2331664,TRUE,FALSE
chr2_1891929,constitutive,chr2,1891929,MYT1L,1789113,2331664,TRUE,FALSE
chr2_1891951,constitutive,chr2,1891951,MYT1L,1789113,2331664,TRUE,FALSE
chr2_1891957,constitutive,chr2,1891957,MYT1L,1789113,2331664,TRUE,FALSE
chr2_1891960,constitutive,chr2,1891960,MYT1L,1789113,2331664,TRUE,FALSE
chr2_1891962,constitutive,chr2,1891962,MYT1L,1789113,2331664,TRUE,FALSE
chr2_1891969,constitutive,chr2,1891969,MYT1L,1789113,2331664,TRUE,FALSE
chr2_1891982,constitutive,chr2,1891982,MYT1L,1789113,2331664,TRUE,FALSE
chr2_1891984,constitutive,chr2,1891984,MYT1L,1789113,2331664,TRUE,FALSE
chr2_1891989,constitutive,chr2,1891989,MYT1L,1789113,2331664,TRUE,FALSE
chr2_1892003,constitutive,chr2,1892003,MYT1L,1789113,2331664,TRUE,FALSE
chr2_1892028,constitutive,chr2,1892028,MYT1L,1789113,2331664,TRUE,FALSE
chr2_1892030,constitutive,chr2,1892030,MYT1L,1789113,2331664,TRUE,FALSE
chr2_1892032,constitutive,chr2,1892032,MYT1L,1789113,2331664,TRUE,FALSE
chr2_1892038,constitutive,chr2,1892038,MYT1L,1789113,2331664,TRUE,FALSE
chr2_1892040,constitutive,chr2,1892040,MYT1L,1789113,2331664,TRUE,FALSE
chr2_1892045,constitutive,chr2,1892045,MYT1L,1789113,2331664,TRUE,FALSE
chr2_1892058,constitutive,chr2,1892058,MYT1L,1789113,2331664,TRUE,FALSE
chr2_1892079,constitutive,chr2,1892079,MYT1L,1789113,2331664,TRUE,FALSE
chr2_1892087,constitutive,chr2,1892087,MYT1L,1789113,2331664,TRUE,FALSE
chr2_1892089,constitutive,chr2,1892089,MYT1L,1789113,2331664,TRUE,FALSE
chr2_1892095,constitutive,chr2,1892095,MYT1L,1789113,2331664,TRUE,FALSE
chr2_1892097,constitutive,chr2,1892097,MYT1L,1789113,2331664,TRUE,FALSE
chr2_1892117,constitutive,chr2,1892117,MYT1L,1789113,2331664,TRUE,FALSE
chr2_1892124,constitutive,chr2,1892124,MYT1L,1789113,2331664,TRUE,FALSE
chr2_1892136,constitutive,chr2,1892136,MYT1L,1789113,2331664,TRUE,FALSE
chr2_1892147,constitutive,chr2,1892147,MYT1L,1789113,2331664,TRUE,FALSE
chr2_1892151,constitutive,chr2,1892151,MYT1L,1789113,2331664,TRUE,FALSE
chr2_1892159,constitutive,chr2,1892159,MYT1L,1789113,2331664,TRUE,FALSE
chr2_1892178,ambiguous,chr2,1892178,MYT1L,1789113,2331664,TRUE,FALSE
chr2_1892189,constitutive,chr2,1892189,MYT1L,1789113,2331664,TRUE,FALSE
chr2_1892201,constitutive,chr2,1892201,MYT1L,1789113,2331664,TRUE,FALSE
chr2_1892204,constitutive,chr2,1892204,MYT1L,1789113,2331664,TRUE,FALSE
chr2_1892232,constitutive,chr2,1892232,MYT1L,1789113,2331664,TRUE,FALSE
chr2_1892234,constitutive,chr2,1892234,MYT1L,1789113,2331664,TRUE,FALSE
chr2_1892281,constitutive,chr2,1892281,MYT1L,1789113,2331664,TRUE,FALSE
chr2_1892286,constitutive,chr2,1892286,MYT1L,1789113,2331664,TRUE,FALSE
chr2_1892321,constitutive,chr2,1892321,MYT1L,1789113,2331664,TRUE,FALSE
chr2_1892325,constitutive,chr2,1892325,MYT1L,1789113,2331664,TRUE,FALSE
chr2_1892336,constitutive,chr2,1892336,MYT1L,1789113,2331664,TRUE,FALSE
chr2_1892350,ambiguous,chr2,1892350,MYT1L,1789113,2331664,TRUE,FALSE
chr2_1892364,constitutive,chr2,1892364,MYT1L,1789113,2331664,TRUE,FALSE
chr2_1892369,ambiguous,chr2,1892369,MYT1L,1789113,2331664,TRUE,FALSE
chr2_1892389,constitutive,chr2,1892389,MYT1L,1789113,2331664,TRUE,FALSE
chr2_1892391,ambiguous,chr2,1892391,MYT1L,1789113,2331664,TRUE,FALSE
chr2_1892398,ambiguous,chr2,1892398,MYT1L,1789113,2331664,TRUE,FALSE
chr2_1892422,constitutive,chr2,1892422,MYT1L,1789113,2331664,TRUE,FALSE
chr2_1892424,constitutive,chr2,1892424,MYT1L,1789113,2331664,TRUE,FALSE
chr2_1892450,ambiguous,chr2,1892450,MYT1L,1789113,2331664,TRUE,FALSE
chr2_1892543,ambiguous,chr2,1892543,MYT1L,1789113,2331664,TRUE,FALSE
chr2_1892685,ambiguous,chr2,1892685,MYT1L,1789113,2331664,TRUE,FALSE
chr2_1892697,ambiguous,chr2,1892697,MYT1L,1789113,2331664,TRUE,FALSE
chr2_1892714,constitutive,chr2,1892714,MYT1L,1789113,2331664,TRUE,FALSE
chr2_1892731,ambiguous,chr2,1892731,MYT1L,1789113,2331664,TRUE,FALSE
chr2_1892762,constitutive,chr2,1892762,MYT1L,1789113,2331664,TRUE,FALSE
chr2_1892764,constitutive,chr2,1892764,MYT1L,1789113,2331664,TRUE,FALSE
chr2_1892815,constitutive,chr2,1892815,MYT1L,1789113,2331664,TRUE,FALSE
chr2_1892846,ambiguous,chr2,1892846,MYT1L,1789113,2331664,TRUE,FALSE
chr2_1892948,ambiguous,chr2,1892948,MYT1L,1789113,2331664,TRUE,FALSE
chr2_1892987,constitutive,chr2,1892987,MYT1L,1789113,2331664,TRUE,FALSE
chr2_1893023,ambiguous,chr2,1893023,MYT1L,1789113,2331664,TRUE,FALSE
chr2_1893025,constitutive,chr2,1893025,MYT1L,1789113,2331664,TRUE,FALSE
chr2_1893032,ambiguous,chr2,1893032,MYT1L,1789113,2331664,TRUE,FALSE
chr2_1893059,ambiguous,chr2,1893059,MYT1L,1789113,2331664,TRUE,FALSE
chr2_1893095,ambiguous,chr2,1893095,MYT1L,1789113,2331664,TRUE,FALSE
chr2_1893233,constitutive,chr2,1893233,MYT1L,1789113,2331664,TRUE,FALSE
chr2_1893380,ambiguous,chr2,1893380,MYT1L,1789113,2331664,TRUE,FALSE
chr2_1893430,ambiguous,chr2,1893430,MYT1L,1789113,2331664,TRUE,FALSE
chr2_1893448,ambiguous,chr2,1893448,MYT1L,1789113,2331664,TRUE,FALSE
chr2_1893500,ambiguous,chr2,1893500,MYT1L,1789113,2331664,TRUE,FALSE
chr2_1893757,ambiguous,chr2,1893757,MYT1L,1789113,2331664,TRUE,FALSE
chr2_1893964,ambiguous,chr2,1893964,MYT1L,1789113,2331664,TRUE,FALSE
chr2_1894012,ambiguous,chr2,1894012,MYT1L,1789113,2331664,TRUE,FALSE
chr2_1894056,Ecto_specific,chr2,1894056,MYT1L,1789113,2331664,TRUE,FALSE
chr2_1894183,ambiguous,chr2,1894183,MYT1L,1789113,2331664,TRUE,FALSE
chr2_1894327,ambiguous,chr2,1894327,MYT1L,1789113,2331664,TRUE,FALSE
chr2_1894427,constitutive,chr2,1894427,MYT1L,1789113,2331664,TRUE,FALSE
chr2_1894707,ambiguous,chr2,1894707,MYT1L,1789113,2331664,TRUE,FALSE
chr2_1894724,constitutive,chr2,1894724,MYT1L,1789113,2331664,TRUE,FALSE
chr2_1894746,ambiguous,chr2,1894746,MYT1L,1789113,2331664,TRUE,FALSE
chr2_1894758,constitutive,chr2,1894758,MYT1L,1789113,2331664,TRUE,FALSE
chr2_1894800,constitutive,chr2,1894800,MYT1L,1789113,2331664,TRUE,FALSE
chr2_1894806,constitutive,chr2,1894806,MYT1L,1789113,2331664,TRUE,FALSE
chr2_1894821,constitutive,chr2,1894821,MYT1L,1789113,2331664,TRUE,FALSE
chr2_1894960,ambiguous,chr2,1894960,MYT1L,1789113,2331664,TRUE,FALSE
chr2_1894976,ambiguous,chr2,1894976,MYT1L,1789113,2331664,TRUE,FALSE
chr2_1894989,ambiguous,chr2,1894989,MYT1L,1789113,2331664,TRUE,FALSE
chr2_1895207,ambiguous,chr2,1895207,MYT1L,1789113,2331664,TRUE,FALSE
chr2_1895326,ambiguous,chr2,1895326,MYT1L,1789113,2331664,TRUE,FALSE
chr2_1895461,constitutive,chr2,1895461,MYT1L,1789113,2331664,TRUE,FALSE
chr2_1895555,constitutive,chr2,1895555,MYT1L,1789113,2331664,TRUE,FALSE
chr2_1896358,ambiguous,chr2,1896358,MYT1L,1789113,2331664,TRUE,FALSE
chr2_1896384,constitutive,chr2,1896384,MYT1L,1789113,2331664,TRUE,FALSE
chr2_1896438,constitutive,chr2,1896438,MYT1L,1789113,2331664,TRUE,FALSE
chr2_1896471,constitutive,chr2,1896471,MYT1L,1789113,2331664,TRUE,FALSE
chr2_1896672,ambiguous,chr2,1896672,MYT1L,1789113,2331664,TRUE,FALSE
chr2_1896754,ambiguous,chr2,1896754,MYT1L,1789113,2331664,TRUE,FALSE
chr2_1896867,ambiguous,chr2,1896867,MYT1L,1789113,2331664,TRUE,FALSE
chr2_1896996,constitutive,chr2,1896996,MYT1L,1789113,2331664,TRUE,FALSE
chr2_1897013,constitutive,chr2,1897013,MYT1L,1789113,2331664,TRUE,FALSE
chr2_1897024,constitutive,chr2,1897024,MYT1L,1789113,2331664,TRUE,FALSE
chr2_1897296,ambiguous,chr2,1897296,MYT1L,1789113,2331664,TRUE,FALSE
chr2_1897322,ambiguous,chr2,1897322,MYT1L,1789113,2331664,TRUE,FALSE
chr2_1897439,ambiguous,chr2,1897439,MYT1L,1789113,2331664,TRUE,FALSE
chr2_1897563,ambiguous,chr2,1897563,MYT1L,1789113,2331664,TRUE,FALSE
chr2_1897607,ambiguous,chr2,1897607,MYT1L,1789113,2331664,TRUE,FALSE
chr2_1897613,ambiguous,chr2,1897613,MYT1L,1789113,2331664,TRUE,FALSE
chr2_1897623,ambiguous,chr2,1897623,MYT1L,1789113,2331664,TRUE,FALSE
chr2_1897754,ambiguous,chr2,1897754,MYT1L,1789113,2331664,TRUE,FALSE
chr2_1897757,ambiguous,chr2,1897757,MYT1L,1789113,2331664,TRUE,FALSE
chr2_1897832,ambiguous,chr2,1897832,MYT1L,1789113,2331664,TRUE,FALSE
chr2_1897856,ambiguous,chr2,1897856,MYT1L,1789113,2331664,TRUE,FALSE
chr2_1897913,ambiguous,chr2,1897913,MYT1L,1789113,2331664,TRUE,FALSE
chr2_1898337,ambiguous,chr2,1898337,MYT1L,1789113,2331664,TRUE,FALSE
chr2_1898369,ambiguous,chr2,1898369,MYT1L,1789113,2331664,TRUE,FALSE
chr2_1898373,ambiguous,chr2,1898373,MYT1L,1789113,2331664,TRUE,FALSE
chr2_1898437,ambiguous,chr2,1898437,MYT1L,1789113,2331664,TRUE,FALSE
chr2_1898474,constitutive,chr2,1898474,MYT1L,1789113,2331664,TRUE,FALSE
chr2_1898477,ambiguous,chr2,1898477,MYT1L,1789113,2331664,TRUE,FALSE
chr2_1898564,constitutive,chr2,1898564,MYT1L,1789113,2331664,TRUE,FALSE
chr2_1898578,ambiguous,chr2,1898578,MYT1L,1789113,2331664,TRUE,FALSE
chr2_1898603,constitutive,chr2,1898603,MYT1L,1789113,2331664,TRUE,FALSE
chr2_1898608,ambiguous,chr2,1898608,MYT1L,1789113,2331664,TRUE,FALSE
chr2_1898623,constitutive,chr2,1898623,MYT1L,1789113,2331664,TRUE,FALSE
chr2_1898696,ambiguous,chr2,1898696,MYT1L,1789113,2331664,TRUE,FALSE
chr2_1899005,ambiguous,chr2,1899005,MYT1L,1789113,2331664,TRUE,FALSE
chr2_1899193,ambiguous,chr2,1899193,MYT1L,1789113,2331664,TRUE,FALSE
chr2_1899208,constitutive,chr2,1899208,MYT1L,1789113,2331664,TRUE,FALSE
chr2_1899210,ambiguous,chr2,1899210,MYT1L,1789113,2331664,TRUE,FALSE
chr2_1899258,constitutive,chr2,1899258,MYT1L,1789113,2331664,TRUE,FALSE
chr2_1899269,constitutive,chr2,1899269,MYT1L,1789113,2331664,TRUE,FALSE
chr2_1899299,ambiguous,chr2,1899299,MYT1L,1789113,2331664,TRUE,FALSE
chr2_1899459,ambiguous,chr2,1899459,MYT1L,1789113,2331664,TRUE,FALSE
chr2_1899530,ambiguous,chr2,1899530,MYT1L,1789113,2331664,TRUE,FALSE
chr2_1899556,ambiguous,chr2,1899556,MYT1L,1789113,2331664,TRUE,FALSE
chr2_1899582,constitutive,chr2,1899582,MYT1L,1789113,2331664,TRUE,FALSE
chr2_1899609,ambiguous,chr2,1899609,MYT1L,1789113,2331664,TRUE,FALSE
chr2_1899617,constitutive,chr2,1899617,MYT1L,1789113,2331664,TRUE,FALSE
chr2_1899697,ambiguous,chr2,1899697,MYT1L,1789113,2331664,TRUE,FALSE
chr2_1899734,ambiguous,chr2,1899734,MYT1L,1789113,2331664,TRUE,FALSE
chr2_1900330,ambiguous,chr2,1900330,MYT1L,1789113,2331664,TRUE,FALSE
chr2_1900392,ambiguous,chr2,1900392,MYT1L,1789113,2331664,TRUE,FALSE
chr2_1900448,constitutive,chr2,1900448,MYT1L,1789113,2331664,TRUE,FALSE
chr2_1900456,constitutive,chr2,1900456,MYT1L,1789113,2331664,TRUE,FALSE
chr2_1900489,ambiguous,chr2,1900489,MYT1L,1789113,2331664,TRUE,FALSE
chr2_1900500,constitutive,chr2,1900500,MYT1L,1789113,2331664,TRUE,FALSE
chr2_1900534,ambiguous,chr2,1900534,MYT1L,1789113,2331664,TRUE,FALSE
chr2_1900541,ambiguous,chr2,1900541,MYT1L,1789113,2331664,TRUE,FALSE
chr2_1900550,ambiguous,chr2,1900550,MYT1L,1789113,2331664,TRUE,FALSE
chr2_1900578,ambiguous,chr2,1900578,MYT1L,1789113,2331664,TRUE,FALSE
chr2_1900590,constitutive,chr2,1900590,MYT1L,1789113,2331664,TRUE,FALSE
chr2_1900594,ambiguous,chr2,1900594,MYT1L,1789113,2331664,TRUE,FALSE
chr2_1900671,constitutive,chr2,1900671,MYT1L,1789113,2331664,TRUE,FALSE
chr2_1900688,ambiguous,chr2,1900688,MYT1L,1789113,2331664,TRUE,FALSE
chr2_1900701,constitutive,chr2,1900701,MYT1L,1789113,2331664,TRUE,FALSE
chr2_1900736,ambiguous,chr2,1900736,MYT1L,1789113,2331664,TRUE,FALSE
chr2_1900762,constitutive,chr2,1900762,MYT1L,1789113,2331664,TRUE,FALSE
chr2_1900854,ambiguous,chr2,1900854,MYT1L,1789113,2331664,TRUE,FALSE
chr2_1900902,ambiguous,chr2,1900902,MYT1L,1789113,2331664,TRUE,FALSE
chr2_1900910,ambiguous,chr2,1900910,MYT1L,1789113,2331664,TRUE,FALSE
chr2_1900943,ambiguous,chr2,1900943,MYT1L,1789113,2331664,TRUE,FALSE
chr2_1900955,ambiguous,chr2,1900955,MYT1L,1789113,2331664,TRUE,FALSE
chr2_1900977,ambiguous,chr2,1900977,MYT1L,1789113,2331664,TRUE,FALSE
chr2_1900999,ambiguous,chr2,1900999,MYT1L,1789113,2331664,TRUE,FALSE
chr2_1901082,ambiguous,chr2,1901082,MYT1L,1789113,2331664,TRUE,FALSE
chr2_1901101,constitutive,chr2,1901101,MYT1L,1789113,2331664,TRUE,FALSE
chr2_1901128,ambiguous,chr2,1901128,MYT1L,1789113,2331664,TRUE,FALSE
chr2_1901146,ambiguous,chr2,1901146,MYT1L,1789113,2331664,TRUE,FALSE
chr2_1901159,ambiguous,chr2,1901159,MYT1L,1789113,2331664,TRUE,FALSE
chr2_1901256,ambiguous,chr2,1901256,MYT1L,1789113,2331664,TRUE,FALSE
chr2_1901284,constitutive,chr2,1901284,MYT1L,1789113,2331664,TRUE,FALSE
chr2_1901323,ambiguous,chr2,1901323,MYT1L,1789113,2331664,TRUE,FALSE
chr2_1901331,ambiguous,chr2,1901331,MYT1L,1789113,2331664,TRUE,FALSE
chr2_1901820,ambiguous,chr2,1901820,MYT1L,1789113,2331664,TRUE,FALSE
chr2_1901902,ambiguous,chr2,1901902,MYT1L,1789113,2331664,TRUE,FALSE
chr2_1902103,ambiguous,chr2,1902103,MYT1L,1789113,2331664,TRUE,FALSE
chr2_1902295,constitutive,chr2,1902295,MYT1L,1789113,2331664,TRUE,FALSE
chr2_1902363,ambiguous,chr2,1902363,MYT1L,1789113,2331664,TRUE,FALSE
chr2_1902371,ambiguous,chr2,1902371,MYT1L,1789113,2331664,TRUE,FALSE
chr2_1902380,constitutive,chr2,1902380,MYT1L,1789113,2331664,TRUE,FALSE
chr2_1902416,constitutive,chr2,1902416,MYT1L,1789113,2331664,TRUE,FALSE
chr2_1902439,constitutive,chr2,1902439,MYT1L,1789113,2331664,TRUE,FALSE
chr2_1902445,constitutive,chr2,1902445,MYT1L,1789113,2331664,TRUE,FALSE
chr2_1902463,constitutive,chr2,1902463,MYT1L,1789113,2331664,TRUE,FALSE
chr2_1902492,constitutive,chr2,1902492,MYT1L,1789113,2331664,TRUE,FALSE
chr2_1902505,ambiguous,chr2,1902505,MYT1L,1789113,2331664,TRUE,FALSE
chr2_1902523,constitutive,chr2,1902523,MYT1L,1789113,2331664,TRUE,FALSE
chr2_1902531,ambiguous,chr2,1902531,MYT1L,1789113,2331664,TRUE,FALSE
chr2_1902630,constitutive,chr2,1902630,MYT1L,1789113,2331664,TRUE,FALSE
chr2_1902682,ambiguous,chr2,1902682,MYT1L,1789113,2331664,TRUE,FALSE
chr2_1902747,ambiguous,chr2,1902747,MYT1L,1789113,2331664,TRUE,FALSE
chr2_1902835,constitutive,chr2,1902835,MYT1L,1789113,2331664,TRUE,FALSE
chr2_1902841,constitutive,chr2,1902841,MYT1L,1789113,2331664,TRUE,FALSE
chr2_1902849,ambiguous,chr2,1902849,MYT1L,1789113,2331664,TRUE,FALSE
chr2_1902989,constitutive,chr2,1902989,MYT1L,1789113,2331664,TRUE,FALSE
chr2_1903045,ambiguous,chr2,1903045,MYT1L,1789113,2331664,TRUE,FALSE
chr2_1903136,ambiguous,chr2,1903136,MYT1L,1789113,2331664,TRUE,FALSE
chr2_1903158,constitutive,chr2,1903158,MYT1L,1789113,2331664,TRUE,FALSE
chr2_1903177,ambiguous,chr2,1903177,MYT1L,1789113,2331664,TRUE,FALSE
chr2_1903197,ambiguous,chr2,1903197,MYT1L,1789113,2331664,TRUE,FALSE
chr2_1903220,ambiguous,chr2,1903220,MYT1L,1789113,2331664,TRUE,FALSE
chr2_1903222,ambiguous,chr2,1903222,MYT1L,1789113,2331664,TRUE,FALSE
chr2_1903225,constitutive,chr2,1903225,MYT1L,1789113,2331664,TRUE,FALSE
chr2_1903348,ambiguous,chr2,1903348,MYT1L,1789113,2331664,TRUE,FALSE
chr2_1903351,ambiguous,chr2,1903351,MYT1L,1789113,2331664,TRUE,FALSE
chr2_1903504,ambiguous,chr2,1903504,MYT1L,1789113,2331664,TRUE,FALSE
chr2_1903640,ambiguous,chr2,1903640,MYT1L,1789113,2331664,TRUE,FALSE
chr2_1903657,constitutive,chr2,1903657,MYT1L,1789113,2331664,TRUE,FALSE
chr2_1903682,ambiguous,chr2,1903682,MYT1L,1789113,2331664,TRUE,FALSE
chr2_1903834,ambiguous,chr2,1903834,MYT1L,1789113,2331664,TRUE,FALSE
chr2_1903926,constitutive,chr2,1903926,MYT1L,1789113,2331664,TRUE,FALSE
chr2_1903950,ambiguous,chr2,1903950,MYT1L,1789113,2331664,TRUE,FALSE
chr2_1903952,ambiguous,chr2,1903952,MYT1L,1789113,2331664,TRUE,FALSE
chr2_1903958,constitutive,chr2,1903958,MYT1L,1789113,2331664,TRUE,FALSE
chr2_1903960,constitutive,chr2,1903960,MYT1L,1789113,2331664,TRUE,FALSE
chr2_1903983,constitutive,chr2,1903983,MYT1L,1789113,2331664,TRUE,FALSE
chr2_1904110,ambiguous,chr2,1904110,MYT1L,1789113,2331664,TRUE,FALSE
chr2_1904133,constitutive,chr2,1904133,MYT1L,1789113,2331664,TRUE,FALSE
chr2_1904257,constitutive,chr2,1904257,MYT1L,1789113,2331664,TRUE,FALSE
chr2_1904274,ambiguous,chr2,1904274,MYT1L,1789113,2331664,TRUE,FALSE
chr2_1904294,constitutive,chr2,1904294,MYT1L,1789113,2331664,TRUE,FALSE
chr2_1904398,ambiguous,chr2,1904398,MYT1L,1789113,2331664,TRUE,FALSE
chr2_1904471,constitutive,chr2,1904471,MYT1L,1789113,2331664,TRUE,FALSE
chr2_1904493,ambiguous,chr2,1904493,MYT1L,1789113,2331664,TRUE,FALSE
chr2_1904513,constitutive,chr2,1904513,MYT1L,1789113,2331664,TRUE,FALSE
chr2_1904662,ambiguous,chr2,1904662,MYT1L,1789113,2331664,TRUE,FALSE
chr2_1904777,ambiguous,chr2,1904777,MYT1L,1789113,2331664,TRUE,FALSE
chr2_1904787,ambiguous,chr2,1904787,MYT1L,1789113,2331664,TRUE,FALSE
chr2_1904824,ambiguous,chr2,1904824,MYT1L,1789113,2331664,TRUE,FALSE
chr2_1904856,ambiguous,chr2,1904856,MYT1L,1789113,2331664,TRUE,FALSE
chr2_1904862,ambiguous,chr2,1904862,MYT1L,1789113,2331664,TRUE,FALSE
chr2_1904886,ambiguous,chr2,1904886,MYT1L,1789113,2331664,TRUE,FALSE
chr2_1904918,ambiguous,chr2,1904918,MYT1L,1789113,2331664,TRUE,FALSE
chr2_1904986,ambiguous,chr2,1904986,MYT1L,1789113,2331664,TRUE,FALSE
chr2_1905017,ambiguous,chr2,1905017,MYT1L,1789113,2331664,TRUE,FALSE
chr2_1905031,ambiguous,chr2,1905031,MYT1L,1789113,2331664,TRUE,FALSE
chr2_1905045,constitutive,chr2,1905045,MYT1L,1789113,2331664,TRUE,FALSE
chr2_1905377,ambiguous,chr2,1905377,MYT1L,1789113,2331664,TRUE,FALSE
chr2_1905422,constitutive,chr2,1905422,MYT1L,1789113,2331664,TRUE,FALSE
chr2_1905502,constitutive,chr2,1905502,MYT1L,1789113,2331664,TRUE,FALSE
chr2_1905600,constitutive,chr2,1905600,MYT1L,1789113,2331664,TRUE,FALSE
chr2_1905605,ambiguous,chr2,1905605,MYT1L,1789113,2331664,TRUE,FALSE
chr2_1905633,ambiguous,chr2,1905633,MYT1L,1789113,2331664,TRUE,FALSE
chr2_1905789,ambiguous,chr2,1905789,MYT1L,1789113,2331664,TRUE,FALSE
chr2_1906134,ambiguous,chr2,1906134,MYT1L,1789113,2331664,TRUE,FALSE
chr2_1906644,constitutive,chr2,1906644,MYT1L,1789113,2331664,TRUE,FALSE
chr2_1906662,ambiguous,chr2,1906662,MYT1L,1789113,2331664,TRUE,FALSE
chr2_1907017,constitutive,chr2,1907017,MYT1L,1789113,2331664,TRUE,FALSE
chr2_1907328,ambiguous,chr2,1907328,MYT1L,1789113,2331664,TRUE,FALSE
chr2_1907477,ambiguous,chr2,1907477,MYT1L,1789113,2331664,TRUE,FALSE
chr2_1907585,ambiguous,chr2,1907585,MYT1L,1789113,2331664,TRUE,FALSE
chr2_1907689,ambiguous,chr2,1907689,MYT1L,1789113,2331664,TRUE,FALSE
chr2_1907714,ambiguous,chr2,1907714,MYT1L,1789113,2331664,TRUE,FALSE
chr2_1907891,ambiguous,chr2,1907891,MYT1L,1789113,2331664,TRUE,FALSE
chr2_1907900,ambiguous,chr2,1907900,MYT1L,1789113,2331664,TRUE,FALSE
chr2_1907913,ambiguous,chr2,1907913,MYT1L,1789113,2331664,TRUE,FALSE
chr2_1907943,ambiguous,chr2,1907943,MYT1L,1789113,2331664,TRUE,FALSE
chr2_1908002,ambiguous,chr2,1908002,MYT1L,1789113,2331664,TRUE,FALSE
chr2_1908010,ambiguous,chr2,1908010,MYT1L,1789113,2331664,TRUE,FALSE
chr2_1908029,ambiguous,chr2,1908029,MYT1L,1789113,2331664,TRUE,FALSE
chr2_1908137,ambiguous,chr2,1908137,MYT1L,1789113,2331664,TRUE,FALSE
chr2_1908228,ambiguous,chr2,1908228,MYT1L,1789113,2331664,TRUE,FALSE
chr2_1908236,ambiguous,chr2,1908236,MYT1L,1789113,2331664,TRUE,FALSE
chr2_1908342,ambiguous,chr2,1908342,MYT1L,1789113,2331664,TRUE,FALSE
chr2_1908372,ambiguous,chr2,1908372,MYT1L,1789113,2331664,TRUE,FALSE
chr2_1908394,ambiguous,chr2,1908394,MYT1L,1789113,2331664,TRUE,FALSE
chr2_1908446,ambiguous,chr2,1908446,MYT1L,1789113,2331664,TRUE,FALSE
chr2_1908462,ambiguous,chr2,1908462,MYT1L,1789113,2331664,TRUE,FALSE
chr2_1908643,constitutive,chr2,1908643,MYT1L,1789113,2331664,TRUE,FALSE
chr2_1908651,ambiguous,chr2,1908651,MYT1L,1789113,2331664,TRUE,FALSE
chr2_1908653,ambiguous,chr2,1908653,MYT1L,1789113,2331664,TRUE,FALSE
chr2_1909013,ambiguous,chr2,1909013,MYT1L,1789113,2331664,TRUE,FALSE
chr2_1909405,ambiguous,chr2,1909405,MYT1L,1789113,2331664,TRUE,FALSE
chr2_1909451,ambiguous,chr2,1909451,MYT1L,1789113,2331664,TRUE,FALSE
chr2_1909453,ambiguous,chr2,1909453,MYT1L,1789113,2331664,TRUE,FALSE
chr2_1909538,ambiguous,chr2,1909538,MYT1L,1789113,2331664,TRUE,FALSE
chr2_1909620,constitutive,chr2,1909620,MYT1L,1789113,2331664,TRUE,FALSE
chr2_1909631,constitutive,chr2,1909631,MYT1L,1789113,2331664,TRUE,FALSE
chr2_1909666,ambiguous,chr2,1909666,MYT1L,1789113,2331664,TRUE,FALSE
chr2_1909686,ambiguous,chr2,1909686,MYT1L,1789113,2331664,TRUE,FALSE
chr2_1909714,ambiguous,chr2,1909714,MYT1L,1789113,2331664,TRUE,FALSE
chr2_1909780,ambiguous,chr2,1909780,MYT1L,1789113,2331664,TRUE,FALSE
chr2_1909790,ambiguous,chr2,1909790,MYT1L,1789113,2331664,TRUE,FALSE
chr2_1909792,ambiguous,chr2,1909792,MYT1L,1789113,2331664,TRUE,FALSE
chr2_1909806,ambiguous,chr2,1909806,MYT1L,1789113,2331664,TRUE,FALSE
chr2_1909837,ambiguous,chr2,1909837,MYT1L,1789113,2331664,TRUE,FALSE
chr2_1910026,constitutive,chr2,1910026,MYT1L,1789113,2331664,TRUE,FALSE
chr2_1910032,constitutive,chr2,1910032,MYT1L,1789113,2331664,TRUE,FALSE
chr2_1910120,ambiguous,chr2,1910120,MYT1L,1789113,2331664,TRUE,FALSE
chr2_1910165,ambiguous,chr2,1910165,MYT1L,1789113,2331664,TRUE,FALSE
chr2_1910178,ambiguous,chr2,1910178,MYT1L,1789113,2331664,TRUE,FALSE
chr2_1910183,ambiguous,chr2,1910183,MYT1L,1789113,2331664,TRUE,FALSE
chr2_1910215,ambiguous,chr2,1910215,MYT1L,1789113,2331664,TRUE,FALSE
chr2_1910247,ambiguous,chr2,1910247,MYT1L,1789113,2331664,TRUE,FALSE
chr2_1910249,ambiguous,chr2,1910249,MYT1L,1789113,2331664,TRUE,FALSE
chr2_1910254,ambiguous,chr2,1910254,MYT1L,1789113,2331664,TRUE,FALSE
chr2_1910328,constitutive,chr2,1910328,MYT1L,1789113,2331664,TRUE,FALSE
chr2_1910332,constitutive,chr2,1910332,MYT1L,1789113,2331664,TRUE,FALSE
chr2_1910340,constitutive,chr2,1910340,MYT1L,1789113,2331664,TRUE,FALSE
chr2_1910364,constitutive,chr2,1910364,MYT1L,1789113,2331664,TRUE,FALSE
chr2_1910379,constitutive,chr2,1910379,MYT1L,1789113,2331664,TRUE,FALSE
chr2_1910567,ambiguous,chr2,1910567,MYT1L,1789113,2331664,TRUE,FALSE
chr2_1910632,ambiguous,chr2,1910632,MYT1L,1789113,2331664,TRUE,FALSE
chr2_1910794,ambiguous,chr2,1910794,MYT1L,1789113,2331664,TRUE,FALSE
chr2_1910932,ambiguous,chr2,1910932,MYT1L,1789113,2331664,TRUE,FALSE
chr2_1910988,ambiguous,chr2,1910988,MYT1L,1789113,2331664,TRUE,FALSE
chr2_1911015,ambiguous,chr2,1911015,MYT1L,1789113,2331664,TRUE,FALSE
chr2_1911037,ambiguous,chr2,1911037,MYT1L,1789113,2331664,TRUE,FALSE
chr2_1911072,ambiguous,chr2,1911072,MYT1L,1789113,2331664,TRUE,FALSE
chr2_1911091,ambiguous,chr2,1911091,MYT1L,1789113,2331664,TRUE,FALSE
chr2_1911103,ambiguous,chr2,1911103,MYT1L,1789113,2331664,TRUE,FALSE
chr2_1911108,ambiguous,chr2,1911108,MYT1L,1789113,2331664,TRUE,FALSE
chr2_1911120,ambiguous,chr2,1911120,MYT1L,1789113,2331664,TRUE,FALSE
chr2_1911136,ambiguous,chr2,1911136,MYT1L,1789113,2331664,TRUE,FALSE
chr2_1911154,ambiguous,chr2,1911154,MYT1L,1789113,2331664,TRUE,FALSE
chr2_1911318,ambiguous,chr2,1911318,MYT1L,1789113,2331664,TRUE,FALSE
chr2_1911406,ambiguous,chr2,1911406,MYT1L,1789113,2331664,TRUE,FALSE
chr2_1911599,ambiguous,chr2,1911599,MYT1L,1789113,2331664,TRUE,FALSE
chr2_1911670,ambiguous,chr2,1911670,MYT1L,1789113,2331664,TRUE,FALSE
chr2_1911689,ambiguous,chr2,1911689,MYT1L,1789113,2331664,TRUE,FALSE
chr2_1911730,ambiguous,chr2,1911730,MYT1L,1789113,2331664,TRUE,FALSE
chr2_1911862,ambiguous,chr2,1911862,MYT1L,1789113,2331664,TRUE,FALSE
chr2_1911881,ambiguous,chr2,1911881,MYT1L,1789113,2331664,TRUE,FALSE
chr2_1911902,constitutive,chr2,1911902,MYT1L,1789113,2331664,TRUE,FALSE
chr2_1911917,ambiguous,chr2,1911917,MYT1L,1789113,2331664,TRUE,FALSE
chr2_1911939,ambiguous,chr2,1911939,MYT1L,1789113,2331664,TRUE,FALSE
chr2_1911980,constitutive,chr2,1911980,MYT1L,1789113,2331664,TRUE,FALSE
chr2_1912008,constitutive,chr2,1912008,MYT1L,1789113,2331664,TRUE,FALSE
chr2_1912010,constitutive,chr2,1912010,MYT1L,1789113,2331664,TRUE,FALSE
chr2_1912023,constitutive,chr2,1912023,MYT1L,1789113,2331664,TRUE,FALSE
chr2_1912054,constitutive,chr2,1912054,MYT1L,1789113,2331664,TRUE,FALSE
chr2_1912056,constitutive,chr2,1912056,MYT1L,1789113,2331664,TRUE,FALSE
chr2_1912061,constitutive,chr2,1912061,MYT1L,1789113,2331664,TRUE,FALSE
chr2_1912070,constitutive,chr2,1912070,MYT1L,1789113,2331664,TRUE,FALSE
chr2_1912291,constitutive,chr2,1912291,MYT1L,1789113,2331664,TRUE,FALSE
chr2_1912373,constitutive,chr2,1912373,MYT1L,1789113,2331664,TRUE,FALSE
chr2_1912408,constitutive,chr2,1912408,MYT1L,1789113,2331664,TRUE,FALSE
chr2_1912475,ambiguous,chr2,1912475,MYT1L,1789113,2331664,TRUE,FALSE
chr2_1912594,constitutive,chr2,1912594,MYT1L,1789113,2331664,TRUE,FALSE
chr2_1912721,constitutive,chr2,1912721,MYT1L,1789113,2331664,TRUE,FALSE
chr2_1912727,ambiguous,chr2,1912727,MYT1L,1789113,2331664,TRUE,FALSE
chr2_1912753,constitutive,chr2,1912753,MYT1L,1789113,2331664,TRUE,FALSE
chr2_1912809,constitutive,chr2,1912809,MYT1L,1789113,2331664,TRUE,FALSE
chr2_1912896,ambiguous,chr2,1912896,MYT1L,1789113,2331664,TRUE,FALSE
chr2_1912936,constitutive,chr2,1912936,MYT1L,1789113,2331664,TRUE,FALSE
chr2_1912952,constitutive,chr2,1912952,MYT1L,1789113,2331664,TRUE,FALSE
chr2_1912989,constitutive,chr2,1912989,MYT1L,1789113,2331664,TRUE,FALSE
chr2_1913280,ambiguous,chr2,1913280,MYT1L,1789113,2331664,TRUE,FALSE
chr2_1913519,ambiguous,chr2,1913519,MYT1L,1789113,2331664,TRUE,FALSE
chr2_1913544,ambiguous,chr2,1913544,MYT1L,1789113,2331664,TRUE,FALSE
chr2_1913558,ambiguous,chr2,1913558,MYT1L,1789113,2331664,TRUE,FALSE
chr2_1913593,ambiguous,chr2,1913593,MYT1L,1789113,2331664,TRUE,FALSE
chr2_1913610,ambiguous,chr2,1913610,MYT1L,1789113,2331664,TRUE,FALSE
chr2_1913712,ambiguous,chr2,1913712,MYT1L,1789113,2331664,TRUE,FALSE
chr2_1913756,ambiguous,chr2,1913756,MYT1L,1789113,2331664,TRUE,FALSE
chr2_1913796,ambiguous,chr2,1913796,MYT1L,1789113,2331664,TRUE,FALSE
chr2_1913940,constitutive,chr2,1913940,MYT1L,1789113,2331664,TRUE,FALSE
chr2_1913943,ambiguous,chr2,1913943,MYT1L,1789113,2331664,TRUE,FALSE
chr2_1913977,constitutive,chr2,1913977,MYT1L,1789113,2331664,TRUE,FALSE
chr2_1913981,constitutive,chr2,1913981,MYT1L,1789113,2331664,TRUE,FALSE
chr2_1914026,constitutive,chr2,1914026,MYT1L,1789113,2331664,TRUE,FALSE
chr2_1914030,constitutive,chr2,1914030,MYT1L,1789113,2331664,TRUE,FALSE
chr2_1914051,ambiguous,chr2,1914051,MYT1L,1789113,2331664,TRUE,FALSE
chr2_1914082,ambiguous,chr2,1914082,MYT1L,1789113,2331664,TRUE,FALSE
chr2_1914114,ambiguous,chr2,1914114,MYT1L,1789113,2331664,TRUE,FALSE
chr2_1914180,ambiguous,chr2,1914180,MYT1L,1789113,2331664,TRUE,FALSE
chr2_1914185,constitutive,chr2,1914185,MYT1L,1789113,2331664,TRUE,FALSE
chr2_1914202,constitutive,chr2,1914202,MYT1L,1789113,2331664,TRUE,FALSE
chr2_1914210,constitutive,chr2,1914210,MYT1L,1789113,2331664,TRUE,FALSE
chr2_1914232,constitutive,chr2,1914232,MYT1L,1789113,2331664,TRUE,FALSE
chr2_1914269,ambiguous,chr2,1914269,MYT1L,1789113,2331664,TRUE,FALSE
chr2_1914324,ambiguous,chr2,1914324,MYT1L,1789113,2331664,TRUE,FALSE
chr2_1914401,constitutive,chr2,1914401,MYT1L,1789113,2331664,TRUE,FALSE
chr2_1914502,ambiguous,chr2,1914502,MYT1L,1789113,2331664,TRUE,FALSE
chr2_1914520,constitutive,chr2,1914520,MYT1L,1789113,2331664,TRUE,FALSE
chr2_1914635,constitutive,chr2,1914635,MYT1L,1789113,2331664,TRUE,FALSE
chr2_1914685,constitutive,chr2,1914685,MYT1L,1789113,2331664,TRUE,FALSE
chr2_1914709,constitutive,chr2,1914709,MYT1L,1789113,2331664,TRUE,FALSE
chr2_1914762,ambiguous,chr2,1914762,MYT1L,1789113,2331664,TRUE,FALSE
chr2_1914787,constitutive,chr2,1914787,MYT1L,1789113,2331664,TRUE,FALSE
chr2_1914806,ambiguous,chr2,1914806,MYT1L,1789113,2331664,TRUE,FALSE
chr2_1914912,constitutive,chr2,1914912,MYT1L,1789113,2331664,TRUE,FALSE
chr2_1914984,ambiguous,chr2,1914984,MYT1L,1789113,2331664,TRUE,FALSE
chr2_1915012,ambiguous,chr2,1915012,MYT1L,1789113,2331664,TRUE,FALSE
chr2_1915024,constitutive,chr2,1915024,MYT1L,1789113,2331664,TRUE,FALSE
chr2_1915071,ambiguous,chr2,1915071,MYT1L,1789113,2331664,TRUE,FALSE
chr2_1915107,constitutive,chr2,1915107,MYT1L,1789113,2331664,TRUE,FALSE
chr2_1915117,constitutive,chr2,1915117,MYT1L,1789113,2331664,TRUE,FALSE
chr2_1915283,constitutive,chr2,1915283,MYT1L,1789113,2331664,TRUE,FALSE
chr2_1915339,constitutive,chr2,1915339,MYT1L,1789113,2331664,TRUE,FALSE
chr2_1915370,ambiguous,chr2,1915370,MYT1L,1789113,2331664,TRUE,FALSE
chr2_1915376,constitutive,chr2,1915376,MYT1L,1789113,2331664,TRUE,FALSE
chr2_1915404,ambiguous,chr2,1915404,MYT1L,1789113,2331664,TRUE,FALSE
chr2_1915407,ambiguous,chr2,1915407,MYT1L,1789113,2331664,TRUE,FALSE
chr2_1915409,ambiguous,chr2,1915409,MYT1L,1789113,2331664,TRUE,FALSE
chr2_1915659,ambiguous,chr2,1915659,MYT1L,1789113,2331664,TRUE,FALSE
chr2_1915729,constitutive,chr2,1915729,MYT1L,1789113,2331664,TRUE,FALSE
chr2_1915735,constitutive,chr2,1915735,MYT1L,1789113,2331664,TRUE,FALSE
chr2_1915753,constitutive,chr2,1915753,MYT1L,1789113,2331664,TRUE,FALSE
chr2_1915886,ambiguous,chr2,1915886,MYT1L,1789113,2331664,TRUE,FALSE
chr2_1915918,constitutive,chr2,1915918,MYT1L,1789113,2331664,TRUE,FALSE
chr2_1915961,constitutive,chr2,1915961,MYT1L,1789113,2331664,TRUE,FALSE
chr2_1916037,ambiguous,chr2,1916037,MYT1L,1789113,2331664,TRUE,FALSE
chr2_1916053,ambiguous,chr2,1916053,MYT1L,1789113,2331664,TRUE,FALSE
chr2_1916409,constitutive,chr2,1916409,MYT1L,1789113,2331664,TRUE,FALSE
chr2_1916490,constitutive,chr2,1916490,MYT1L,1789113,2331664,TRUE,FALSE
chr2_1916695,constitutive,chr2,1916695,MYT1L,1789113,2331664,TRUE,FALSE
chr2_1916860,ambiguous,chr2,1916860,MYT1L,1789113,2331664,TRUE,FALSE
chr2_1916875,constitutive,chr2,1916875,MYT1L,1789113,2331664,TRUE,FALSE
chr2_1916895,constitutive,chr2,1916895,MYT1L,1789113,2331664,TRUE,FALSE
chr2_1916995,constitutive,chr2,1916995,MYT1L,1789113,2331664,TRUE,FALSE
chr2_1917048,ambiguous,chr2,1917048,MYT1L,1789113,2331664,TRUE,FALSE
chr2_1917102,constitutive,chr2,1917102,MYT1L,1789113,2331664,TRUE,FALSE
chr2_1917107,ambiguous,chr2,1917107,MYT1L,1789113,2331664,TRUE,FALSE
chr2_1917112,constitutive,chr2,1917112,MYT1L,1789113,2331664,TRUE,FALSE
chr2_1917186,constitutive,chr2,1917186,MYT1L,1789113,2331664,TRUE,FALSE
chr2_1917194,ambiguous,chr2,1917194,MYT1L,1789113,2331664,TRUE,FALSE
chr2_1917230,constitutive,chr2,1917230,MYT1L,1789113,2331664,TRUE,FALSE
chr2_1917238,constitutive,chr2,1917238,MYT1L,1789113,2331664,TRUE,FALSE
chr2_1917249,constitutive,chr2,1917249,MYT1L,1789113,2331664,TRUE,FALSE
chr2_1917274,constitutive,chr2,1917274,MYT1L,1789113,2331664,TRUE,FALSE
chr2_1917280,constitutive,chr2,1917280,MYT1L,1789113,2331664,TRUE,FALSE
chr2_1917295,constitutive,chr2,1917295,MYT1L,1789113,2331664,TRUE,FALSE
chr2_1917347,ambiguous,chr2,1917347,MYT1L,1789113,2331664,TRUE,FALSE
chr2_1917449,constitutive,chr2,1917449,MYT1L,1789113,2331664,TRUE,FALSE
chr2_1917614,ambiguous,chr2,1917614,MYT1L,1789113,2331664,TRUE,FALSE
chr2_1917661,constitutive,chr2,1917661,MYT1L,1789113,2331664,TRUE,FALSE
chr2_1917690,ambiguous,chr2,1917690,MYT1L,1789113,2331664,TRUE,FALSE
chr2_1917800,constitutive,chr2,1917800,MYT1L,1789113,2331664,TRUE,FALSE
chr2_1917849,ambiguous,chr2,1917849,MYT1L,1789113,2331664,TRUE,FALSE
chr2_1917889,ambiguous,chr2,1917889,MYT1L,1789113,2331664,TRUE,FALSE
chr2_1917973,ambiguous,chr2,1917973,MYT1L,1789113,2331664,TRUE,FALSE
chr2_1918000,ambiguous,chr2,1918000,MYT1L,1789113,2331664,TRUE,FALSE
chr2_1918056,ambiguous,chr2,1918056,MYT1L,1789113,2331664,TRUE,FALSE
chr2_1918066,ambiguous,chr2,1918066,MYT1L,1789113,2331664,TRUE,FALSE
chr2_1918115,ambiguous,chr2,1918115,MYT1L,1789113,2331664,TRUE,FALSE
chr2_1918161,constitutive,chr2,1918161,MYT1L,1789113,2331664,TRUE,FALSE
chr2_1918558,constitutive,chr2,1918558,MYT1L,1789113,2331664,TRUE,FALSE
chr2_1918571,constitutive,chr2,1918571,MYT1L,1789113,2331664,TRUE,FALSE
chr2_1918754,ambiguous,chr2,1918754,MYT1L,1789113,2331664,TRUE,FALSE
chr2_1919081,ambiguous,chr2,1919081,MYT1L,1789113,2331664,TRUE,FALSE
chr2_1919107,ambiguous,chr2,1919107,MYT1L,1789113,2331664,TRUE,FALSE
chr2_1919151,ambiguous,chr2,1919151,MYT1L,1789113,2331664,TRUE,FALSE
chr2_1919247,ambiguous,chr2,1919247,MYT1L,1789113,2331664,TRUE,FALSE
chr2_1919295,ambiguous,chr2,1919295,MYT1L,1789113,2331664,TRUE,FALSE
chr2_1919431,constitutive,chr2,1919431,MYT1L,1789113,2331664,TRUE,FALSE
chr2_1919542,ambiguous,chr2,1919542,MYT1L,1789113,2331664,TRUE,FALSE
chr2_1919751,constitutive,chr2,1919751,MYT1L,1789113,2331664,TRUE,FALSE
chr2_1919759,constitutive,chr2,1919759,MYT1L,1789113,2331664,TRUE,FALSE
chr2_1919797,ambiguous,chr2,1919797,MYT1L,1789113,2331664,TRUE,FALSE
chr2_1919814,constitutive,chr2,1919814,MYT1L,1789113,2331664,TRUE,FALSE
chr2_1919829,constitutive,chr2,1919829,MYT1L,1789113,2331664,TRUE,FALSE
chr2_1919853,ambiguous,chr2,1919853,MYT1L,1789113,2331664,TRUE,FALSE
chr2_1919873,constitutive,chr2,1919873,MYT1L,1789113,2331664,TRUE,FALSE
chr2_1919885,ambiguous,chr2,1919885,MYT1L,1789113,2331664,TRUE,FALSE
chr2_1919889,constitutive,chr2,1919889,MYT1L,1789113,2331664,TRUE,FALSE
chr2_1919939,constitutive,chr2,1919939,MYT1L,1789113,2331664,TRUE,FALSE
chr2_1919953,constitutive,chr2,1919953,MYT1L,1789113,2331664,TRUE,FALSE
chr2_1919964,constitutive,chr2,1919964,MYT1L,1789113,2331664,TRUE,FALSE
chr2_1920055,ambiguous,chr2,1920055,MYT1L,1789113,2331664,TRUE,FALSE
chr2_1920095,ambiguous,chr2,1920095,MYT1L,1789113,2331664,TRUE,FALSE
chr2_1920328,ambiguous,chr2,1920328,MYT1L,1789113,2331664,TRUE,FALSE
chr2_1920350,ambiguous,chr2,1920350,MYT1L,1789113,2331664,TRUE,FALSE
chr2_1920388,ambiguous,chr2,1920388,MYT1L,1789113,2331664,TRUE,FALSE
chr2_1920455,constitutive,chr2,1920455,MYT1L,1789113,2331664,TRUE,FALSE
chr2_1920485,ambiguous,chr2,1920485,MYT1L,1789113,2331664,TRUE,FALSE
chr2_1920539,constitutive,chr2,1920539,MYT1L,1789113,2331664,TRUE,FALSE
chr2_1920745,ambiguous,chr2,1920745,MYT1L,1789113,2331664,TRUE,FALSE
chr2_1920873,constitutive,chr2,1920873,MYT1L,1789113,2331664,TRUE,FALSE
chr2_1920913,constitutive,chr2,1920913,MYT1L,1789113,2331664,TRUE,FALSE
chr2_1920922,ambiguous,chr2,1920922,MYT1L,1789113,2331664,TRUE,FALSE
chr2_1920956,constitutive,chr2,1920956,MYT1L,1789113,2331664,TRUE,FALSE
chr2_1921001,constitutive,chr2,1921001,MYT1L,1789113,2331664,TRUE,FALSE
chr2_1921053,ambiguous,chr2,1921053,MYT1L,1789113,2331664,TRUE,FALSE
chr2_1921370,constitutive,chr2,1921370,MYT1L,1789113,2331664,TRUE,FALSE
chr2_1921509,constitutive,chr2,1921509,MYT1L,1789113,2331664,TRUE,FALSE
chr2_1921587,constitutive,chr2,1921587,MYT1L,1789113,2331664,TRUE,FALSE
chr2_1921759,constitutive,chr2,1921759,MYT1L,1789113,2331664,TRUE,FALSE
chr2_1921803,ambiguous,chr2,1921803,MYT1L,1789113,2331664,TRUE,FALSE
chr2_1921898,ambiguous,chr2,1921898,MYT1L,1789113,2331664,TRUE,FALSE
chr2_1922132,ambiguous,chr2,1922132,MYT1L,1789113,2331664,TRUE,FALSE
chr2_1922346,constitutive,chr2,1922346,MYT1L,1789113,2331664,TRUE,FALSE
chr2_1922359,constitutive,chr2,1922359,MYT1L,1789113,2331664,TRUE,FALSE
chr2_1922443,ambiguous,chr2,1922443,MYT1L,1789113,2331664,TRUE,FALSE
chr2_1922454,constitutive,chr2,1922454,MYT1L,1789113,2331664,TRUE,FALSE
chr2_1922518,constitutive,chr2,1922518,MYT1L,1789113,2331664,TRUE,FALSE
chr2_1922538,constitutive,chr2,1922538,MYT1L,1789113,2331664,TRUE,FALSE
chr2_1922541,constitutive,chr2,1922541,MYT1L,1789113,2331664,TRUE,FALSE
chr2_1922638,constitutive,chr2,1922638,MYT1L,1789113,2331664,TRUE,FALSE
chr2_1922653,constitutive,chr2,1922653,MYT1L,1789113,2331664,TRUE,FALSE
chr2_1922656,constitutive,chr2,1922656,MYT1L,1789113,2331664,TRUE,FALSE
chr2_1922684,constitutive,chr2,1922684,MYT1L,1789113,2331664,TRUE,FALSE
chr2_1922696,constitutive,chr2,1922696,MYT1L,1789113,2331664,TRUE,FALSE
chr2_1922731,constitutive,chr2,1922731,MYT1L,1789113,2331664,TRUE,FALSE
chr2_1922763,ambiguous,chr2,1922763,MYT1L,1789113,2331664,TRUE,FALSE
chr2_1922814,ambiguous,chr2,1922814,MYT1L,1789113,2331664,TRUE,FALSE
chr2_1922844,ambiguous,chr2,1922844,MYT1L,1789113,2331664,TRUE,FALSE
chr2_1922871,constitutive,chr2,1922871,MYT1L,1789113,2331664,TRUE,FALSE
chr2_1922899,ambiguous,chr2,1922899,MYT1L,1789113,2331664,TRUE,FALSE
chr2_1922952,ambiguous,chr2,1922952,MYT1L,1789113,2331664,TRUE,FALSE
chr2_1923035,constitutive,chr2,1923035,MYT1L,1789113,2331664,TRUE,FALSE
chr2_1923048,constitutive,chr2,1923048,MYT1L,1789113,2331664,TRUE,FALSE
chr2_1923063,constitutive,chr2,1923063,MYT1L,1789113,2331664,TRUE,FALSE
chr2_1923116,ambiguous,chr2,1923116,MYT1L,1789113,2331664,TRUE,FALSE
chr2_1923135,ambiguous,chr2,1923135,MYT1L,1789113,2331664,TRUE,FALSE
chr2_1923144,ambiguous,chr2,1923144,MYT1L,1789113,2331664,TRUE,FALSE
chr2_1923177,constitutive,chr2,1923177,MYT1L,1789113,2331664,TRUE,FALSE
chr2_1923192,constitutive,chr2,1923192,MYT1L,1789113,2331664,TRUE,FALSE
chr2_1923233,constitutive,chr2,1923233,MYT1L,1789113,2331664,TRUE,FALSE
chr2_1923351,ambiguous,chr2,1923351,MYT1L,1789113,2331664,TRUE,FALSE
chr2_1923370,ambiguous,chr2,1923370,MYT1L,1789113,2331664,TRUE,FALSE
chr2_1923437,ambiguous,chr2,1923437,MYT1L,1789113,2331664,TRUE,FALSE
chr2_1923617,ambiguous,chr2,1923617,MYT1L,1789113,2331664,TRUE,FALSE
chr2_1923745,ambiguous,chr2,1923745,MYT1L,1789113,2331664,TRUE,FALSE
chr2_1923799,ambiguous,chr2,1923799,MYT1L,1789113,2331664,TRUE,FALSE
chr2_1923991,ambiguous,chr2,1923991,MYT1L,1789113,2331664,TRUE,FALSE
chr2_1924019,ambiguous,chr2,1924019,MYT1L,1789113,2331664,TRUE,FALSE
chr2_1924120,ambiguous,chr2,1924120,MYT1L,1789113,2331664,TRUE,FALSE
chr2_1924162,ambiguous,chr2,1924162,MYT1L,1789113,2331664,TRUE,FALSE
chr2_1924624,ambiguous,chr2,1924624,MYT1L,1789113,2331664,TRUE,FALSE
chr2_1924670,ambiguous,chr2,1924670,MYT1L,1789113,2331664,TRUE,FALSE
chr2_1924708,ambiguous,chr2,1924708,MYT1L,1789113,2331664,TRUE,FALSE
chr2_1925082,ambiguous,chr2,1925082,MYT1L,1789113,2331664,TRUE,FALSE
chr2_1925480,ambiguous,chr2,1925480,MYT1L,1789113,2331664,TRUE,FALSE
chr2_1925561,constitutive,chr2,1925561,MYT1L,1789113,2331664,TRUE,FALSE
chr2_1925619,constitutive,chr2,1925619,MYT1L,1789113,2331664,TRUE,FALSE
chr2_1925659,ambiguous,chr2,1925659,MYT1L,1789113,2331664,TRUE,FALSE
chr2_1925670,constitutive,chr2,1925670,MYT1L,1789113,2331664,TRUE,FALSE
chr2_1925678,constitutive,chr2,1925678,MYT1L,1789113,2331664,TRUE,FALSE
chr2_1925680,constitutive,chr2,1925680,MYT1L,1789113,2331664,TRUE,FALSE
chr2_1925691,constitutive,chr2,1925691,MYT1L,1789113,2331664,TRUE,FALSE
chr2_1925739,constitutive,chr2,1925739,MYT1L,1789113,2331664,TRUE,FALSE
chr2_1925744,constitutive,chr2,1925744,MYT1L,1789113,2331664,TRUE,FALSE
chr2_1925755,constitutive,chr2,1925755,MYT1L,1789113,2331664,TRUE,FALSE
chr2_1925787,constitutive,chr2,1925787,MYT1L,1789113,2331664,TRUE,FALSE
chr2_1925790,constitutive,chr2,1925790,MYT1L,1789113,2331664,TRUE,FALSE
chr2_1925973,ambiguous,chr2,1925973,MYT1L,1789113,2331664,TRUE,FALSE
chr2_1925994,ambiguous,chr2,1925994,MYT1L,1789113,2331664,TRUE,FALSE
chr2_1926059,ambiguous,chr2,1926059,MYT1L,1789113,2331664,TRUE,FALSE
chr2_1926119,ambiguous,chr2,1926119,MYT1L,1789113,2331664,TRUE,FALSE
chr2_1926140,ambiguous,chr2,1926140,MYT1L,1789113,2331664,TRUE,FALSE
chr2_1926153,ambiguous,chr2,1926153,MYT1L,1789113,2331664,TRUE,FALSE
chr2_1926201,ambiguous,chr2,1926201,MYT1L,1789113,2331664,TRUE,FALSE
chr2_1926625,constitutive,chr2,1926625,MYT1L,1789113,2331664,TRUE,FALSE
chr2_1926790,ambiguous,chr2,1926790,MYT1L,1789113,2331664,TRUE,FALSE
chr2_1927091,ambiguous,chr2,1927091,MYT1L,1789113,2331664,TRUE,FALSE
chr2_1927113,constitutive,chr2,1927113,MYT1L,1789113,2331664,TRUE,FALSE
chr2_1927137,constitutive,chr2,1927137,MYT1L,1789113,2331664,TRUE,FALSE
chr2_1927147,constitutive,chr2,1927147,MYT1L,1789113,2331664,TRUE,FALSE
chr2_1927331,ambiguous,chr2,1927331,MYT1L,1789113,2331664,TRUE,FALSE
chr2_1927435,ambiguous,chr2,1927435,MYT1L,1789113,2331664,TRUE,FALSE
chr2_1927634,ambiguous,chr2,1927634,MYT1L,1789113,2331664,TRUE,FALSE
chr2_1927697,constitutive,chr2,1927697,MYT1L,1789113,2331664,TRUE,FALSE
chr2_1927712,ambiguous,chr2,1927712,MYT1L,1789113,2331664,TRUE,FALSE
chr2_1927717,constitutive,chr2,1927717,MYT1L,1789113,2331664,TRUE,FALSE
chr2_1927909,constitutive,chr2,1927909,MYT1L,1789113,2331664,TRUE,FALSE
chr2_1928191,ambiguous,chr2,1928191,MYT1L,1789113,2331664,TRUE,FALSE
chr2_1928555,ambiguous,chr2,1928555,MYT1L,1789113,2331664,TRUE,FALSE
chr2_1928605,ambiguous,chr2,1928605,MYT1L,1789113,2331664,TRUE,FALSE
chr2_1928608,constitutive,chr2,1928608,MYT1L,1789113,2331664,TRUE,FALSE
chr2_1928630,ambiguous,chr2,1928630,MYT1L,1789113,2331664,TRUE,FALSE
chr2_1928666,ambiguous,chr2,1928666,MYT1L,1789113,2331664,TRUE,FALSE
chr2_1928859,constitutive,chr2,1928859,MYT1L,1789113,2331664,TRUE,FALSE
chr2_1928888,constitutive,chr2,1928888,MYT1L,1789113,2331664,TRUE,FALSE
chr2_1929033,ambiguous,chr2,1929033,MYT1L,1789113,2331664,TRUE,FALSE
chr2_1929080,constitutive,chr2,1929080,MYT1L,1789113,2331664,TRUE,FALSE
chr2_1929088,constitutive,chr2,1929088,MYT1L,1789113,2331664,TRUE,FALSE
chr2_1929107,constitutive,chr2,1929107,MYT1L,1789113,2331664,TRUE,FALSE
chr2_1929125,ambiguous,chr2,1929125,MYT1L,1789113,2331664,TRUE,FALSE
chr2_1929187,ambiguous,chr2,1929187,MYT1L,1789113,2331664,TRUE,FALSE
chr2_1929202,ambiguous,chr2,1929202,MYT1L,1789113,2331664,TRUE,FALSE
chr2_1929221,constitutive,chr2,1929221,MYT1L,1789113,2331664,TRUE,FALSE
chr2_1929224,constitutive,chr2,1929224,MYT1L,1789113,2331664,TRUE,FALSE
chr2_1929233,constitutive,chr2,1929233,MYT1L,1789113,2331664,TRUE,FALSE
chr2_1929250,constitutive,chr2,1929250,MYT1L,1789113,2331664,TRUE,FALSE
chr2_1929276,ambiguous,chr2,1929276,MYT1L,1789113,2331664,TRUE,FALSE
chr2_1929303,ambiguous,chr2,1929303,MYT1L,1789113,2331664,TRUE,FALSE
chr2_1929312,constitutive,chr2,1929312,MYT1L,1789113,2331664,TRUE,FALSE
chr2_1929379,ambiguous,chr2,1929379,MYT1L,1789113,2331664,TRUE,FALSE
chr2_1929409,ambiguous,chr2,1929409,MYT1L,1789113,2331664,TRUE,FALSE
chr2_1929438,constitutive,chr2,1929438,MYT1L,1789113,2331664,TRUE,FALSE
chr2_1929440,constitutive,chr2,1929440,MYT1L,1789113,2331664,TRUE,FALSE
chr2_1929461,constitutive,chr2,1929461,MYT1L,1789113,2331664,TRUE,FALSE
chr2_1929480,constitutive,chr2,1929480,MYT1L,1789113,2331664,TRUE,FALSE
chr2_1929497,constitutive,chr2,1929497,MYT1L,1789113,2331664,TRUE,FALSE
chr2_1929512,constitutive,chr2,1929512,MYT1L,1789113,2331664,TRUE,FALSE
chr2_1929517,constitutive,chr2,1929517,MYT1L,1789113,2331664,TRUE,FALSE
chr2_1929714,constitutive,chr2,1929714,MYT1L,1789113,2331664,TRUE,FALSE
chr2_1929851,ambiguous,chr2,1929851,MYT1L,1789113,2331664,TRUE,FALSE
chr2_1929924,constitutive,chr2,1929924,MYT1L,1789113,2331664,TRUE,FALSE
chr2_1929937,ambiguous,chr2,1929937,MYT1L,1789113,2331664,TRUE,FALSE
chr2_1929981,ambiguous,chr2,1929981,MYT1L,1789113,2331664,TRUE,FALSE
chr2_1930007,ambiguous,chr2,1930007,MYT1L,1789113,2331664,TRUE,FALSE
chr2_1930027,constitutive,chr2,1930027,MYT1L,1789113,2331664,TRUE,FALSE
chr2_1930078,constitutive,chr2,1930078,MYT1L,1789113,2331664,TRUE,FALSE
chr2_1930132,ambiguous,chr2,1930132,MYT1L,1789113,2331664,TRUE,FALSE
chr2_1930170,ambiguous,chr2,1930170,MYT1L,1789113,2331664,TRUE,FALSE
chr2_1930262,ambiguous,chr2,1930262,MYT1L,1789113,2331664,TRUE,FALSE
chr2_1930267,ambiguous,chr2,1930267,MYT1L,1789113,2331664,TRUE,FALSE
chr2_1930305,ambiguous,chr2,1930305,MYT1L,1789113,2331664,TRUE,FALSE
chr2_1930479,ambiguous,chr2,1930479,MYT1L,1789113,2331664,TRUE,FALSE
chr2_1930499,ambiguous,chr2,1930499,MYT1L,1789113,2331664,TRUE,FALSE
chr2_1930551,ambiguous,chr2,1930551,MYT1L,1789113,2331664,TRUE,FALSE
chr2_1930579,ambiguous,chr2,1930579,MYT1L,1789113,2331664,TRUE,FALSE
chr2_1930582,constitutive,chr2,1930582,MYT1L,1789113,2331664,TRUE,FALSE
chr2_1930597,ambiguous,chr2,1930597,MYT1L,1789113,2331664,TRUE,FALSE
chr2_1930611,ambiguous,chr2,1930611,MYT1L,1789113,2331664,TRUE,FALSE
chr2_1930794,ambiguous,chr2,1930794,MYT1L,1789113,2331664,TRUE,FALSE
chr2_1930829,constitutive,chr2,1930829,MYT1L,1789113,2331664,TRUE,FALSE
chr2_1930831,constitutive,chr2,1930831,MYT1L,1789113,2331664,TRUE,FALSE
chr2_1930948,ambiguous,chr2,1930948,MYT1L,1789113,2331664,TRUE,FALSE
chr2_1930975,ambiguous,chr2,1930975,MYT1L,1789113,2331664,TRUE,FALSE
chr2_1931097,ambiguous,chr2,1931097,MYT1L,1789113,2331664,TRUE,FALSE
chr2_1931155,ambiguous,chr2,1931155,MYT1L,1789113,2331664,TRUE,FALSE
chr2_1931277,ambiguous,chr2,1931277,MYT1L,1789113,2331664,TRUE,FALSE
chr2_1931295,ambiguous,chr2,1931295,MYT1L,1789113,2331664,TRUE,FALSE
chr2_1931333,ambiguous,chr2,1931333,MYT1L,1789113,2331664,TRUE,FALSE
chr2_1931351,constitutive,chr2,1931351,MYT1L,1789113,2331664,TRUE,FALSE
chr2_1931380,ambiguous,chr2,1931380,MYT1L,1789113,2331664,TRUE,FALSE
chr2_1931389,ambiguous,chr2,1931389,MYT1L,1789113,2331664,TRUE,FALSE
chr2_1931398,constitutive,chr2,1931398,MYT1L,1789113,2331664,TRUE,FALSE
chr2_1931427,ambiguous,chr2,1931427,MYT1L,1789113,2331664,TRUE,FALSE
chr2_1931436,ambiguous,chr2,1931436,MYT1L,1789113,2331664,TRUE,FALSE
chr2_1931445,constitutive,chr2,1931445,MYT1L,1789113,2331664,TRUE,FALSE
chr2_1931474,ambiguous,chr2,1931474,MYT1L,1789113,2331664,TRUE,FALSE
chr2_1931483,ambiguous,chr2,1931483,MYT1L,1789113,2331664,TRUE,FALSE
chr2_1931492,ambiguous,chr2,1931492,MYT1L,1789113,2331664,TRUE,FALSE
chr2_1931530,ambiguous,chr2,1931530,MYT1L,1789113,2331664,TRUE,FALSE
chr2_1931561,ambiguous,chr2,1931561,MYT1L,1789113,2331664,TRUE,FALSE
chr2_1931688,constitutive,chr2,1931688,MYT1L,1789113,2331664,TRUE,FALSE
chr2_1931713,ambiguous,chr2,1931713,MYT1L,1789113,2331664,TRUE,FALSE
chr2_1931725,ambiguous,chr2,1931725,MYT1L,1789113,2331664,TRUE,FALSE
chr2_1931791,ambiguous,chr2,1931791,MYT1L,1789113,2331664,TRUE,FALSE
chr2_1931835,ambiguous,chr2,1931835,MYT1L,1789113,2331664,TRUE,FALSE
chr2_1931901,ambiguous,chr2,1931901,MYT1L,1789113,2331664,TRUE,FALSE
chr2_1931959,ambiguous,chr2,1931959,MYT1L,1789113,2331664,TRUE,FALSE
chr2_1932001,ambiguous,chr2,1932001,MYT1L,1789113,2331664,TRUE,FALSE
chr2_1932033,ambiguous,chr2,1932033,MYT1L,1789113,2331664,TRUE,FALSE
chr2_1932037,constitutive,chr2,1932037,MYT1L,1789113,2331664,TRUE,FALSE
chr2_1932602,ambiguous,chr2,1932602,MYT1L,1789113,2331664,TRUE,FALSE
chr2_1932641,ambiguous,chr2,1932641,MYT1L,1789113,2331664,TRUE,FALSE
chr2_1932665,ambiguous,chr2,1932665,MYT1L,1789113,2331664,TRUE,FALSE
chr2_1932815,ambiguous,chr2,1932815,MYT1L,1789113,2331664,TRUE,FALSE
chr2_1933003,ambiguous,chr2,1933003,MYT1L,1789113,2331664,TRUE,FALSE
chr2_1933031,constitutive,chr2,1933031,MYT1L,1789113,2331664,TRUE,FALSE
chr2_1933197,constitutive,chr2,1933197,MYT1L,1789113,2331664,TRUE,FALSE
chr2_1933249,ambiguous,chr2,1933249,MYT1L,1789113,2331664,TRUE,FALSE
chr2_1933315,ambiguous,chr2,1933315,MYT1L,1789113,2331664,TRUE,FALSE
chr2_1933330,constitutive,chr2,1933330,MYT1L,1789113,2331664,TRUE,FALSE
chr2_1933405,ambiguous,chr2,1933405,MYT1L,1789113,2331664,TRUE,FALSE
chr2_1933446,constitutive,chr2,1933446,MYT1L,1789113,2331664,TRUE,FALSE
chr2_1933492,constitutive,chr2,1933492,MYT1L,1789113,2331664,TRUE,FALSE
chr2_1933615,ambiguous,chr2,1933615,MYT1L,1789113,2331664,TRUE,FALSE
chr2_1933635,ambiguous,chr2,1933635,MYT1L,1789113,2331664,TRUE,FALSE
chr2_1933814,constitutive,chr2,1933814,MYT1L,1789113,2331664,TRUE,FALSE
chr2_1933826,constitutive,chr2,1933826,MYT1L,1789113,2331664,TRUE,FALSE
chr2_1934013,constitutive,chr2,1934013,MYT1L,1789113,2331664,TRUE,FALSE
chr2_1934037,constitutive,chr2,1934037,MYT1L,1789113,2331664,TRUE,FALSE
chr2_1934043,ambiguous,chr2,1934043,MYT1L,1789113,2331664,TRUE,FALSE
chr2_1934060,constitutive,chr2,1934060,MYT1L,1789113,2331664,TRUE,FALSE
chr2_1934075,constitutive,chr2,1934075,MYT1L,1789113,2331664,TRUE,FALSE
chr2_1934175,constitutive,chr2,1934175,MYT1L,1789113,2331664,TRUE,FALSE
chr2_1934401,constitutive,chr2,1934401,MYT1L,1789113,2331664,TRUE,FALSE
chr2_1934639,ambiguous,chr2,1934639,MYT1L,1789113,2331664,TRUE,FALSE
chr2_1934808,ambiguous,chr2,1934808,MYT1L,1789113,2331664,TRUE,FALSE
chr2_1934855,ambiguous,chr2,1934855,MYT1L,1789113,2331664,TRUE,FALSE
chr2_1934862,ambiguous,chr2,1934862,MYT1L,1789113,2331664,TRUE,FALSE
chr2_1935020,constitutive,chr2,1935020,MYT1L,1789113,2331664,TRUE,FALSE
chr2_1935049,constitutive,chr2,1935049,MYT1L,1789113,2331664,TRUE,FALSE
chr2_1935336,ambiguous,chr2,1935336,MYT1L,1789113,2331664,TRUE,FALSE
chr2_1935414,ambiguous,chr2,1935414,MYT1L,1789113,2331664,TRUE,FALSE
chr2_1935555,ambiguous,chr2,1935555,MYT1L,1789113,2331664,TRUE,FALSE
chr2_1935599,constitutive,chr2,1935599,MYT1L,1789113,2331664,TRUE,FALSE
chr2_1935617,ambiguous,chr2,1935617,MYT1L,1789113,2331664,TRUE,FALSE
chr2_1935671,constitutive,chr2,1935671,MYT1L,1789113,2331664,TRUE,FALSE
chr2_1935733,ambiguous,chr2,1935733,MYT1L,1789113,2331664,TRUE,FALSE
chr2_1935840,ambiguous,chr2,1935840,MYT1L,1789113,2331664,TRUE,FALSE
chr2_1935987,ambiguous,chr2,1935987,MYT1L,1789113,2331664,TRUE,FALSE
chr2_1936004,constitutive,chr2,1936004,MYT1L,1789113,2331664,TRUE,FALSE
chr2_1936083,ambiguous,chr2,1936083,MYT1L,1789113,2331664,TRUE,FALSE
chr2_1936202,ambiguous,chr2,1936202,MYT1L,1789113,2331664,TRUE,FALSE
chr2_1936218,ambiguous,chr2,1936218,MYT1L,1789113,2331664,TRUE,FALSE
chr2_1936444,ambiguous,chr2,1936444,MYT1L,1789113,2331664,TRUE,FALSE
chr2_1936478,ambiguous,chr2,1936478,MYT1L,1789113,2331664,TRUE,FALSE
chr2_1936682,ambiguous,chr2,1936682,MYT1L,1789113,2331664,TRUE,FALSE
chr2_1937042,ambiguous,chr2,1937042,MYT1L,1789113,2331664,TRUE,FALSE
chr2_1937198,ambiguous,chr2,1937198,MYT1L,1789113,2331664,TRUE,FALSE
chr2_1937219,ambiguous,chr2,1937219,MYT1L,1789113,2331664,TRUE,FALSE
chr2_1937235,ambiguous,chr2,1937235,MYT1L,1789113,2331664,TRUE,FALSE
chr2_1937276,constitutive,chr2,1937276,MYT1L,1789113,2331664,TRUE,FALSE
chr2_1937297,ambiguous,chr2,1937297,MYT1L,1789113,2331664,TRUE,FALSE
chr2_1937301,constitutive,chr2,1937301,MYT1L,1789113,2331664,TRUE,FALSE
chr2_1937303,constitutive,chr2,1937303,MYT1L,1789113,2331664,TRUE,FALSE
chr2_1937315,constitutive,chr2,1937315,MYT1L,1789113,2331664,TRUE,FALSE
chr2_1937354,constitutive,chr2,1937354,MYT1L,1789113,2331664,TRUE,FALSE
chr2_1937361,constitutive,chr2,1937361,MYT1L,1789113,2331664,TRUE,FALSE
chr2_1937379,constitutive,chr2,1937379,MYT1L,1789113,2331664,TRUE,FALSE
chr2_1937381,constitutive,chr2,1937381,MYT1L,1789113,2331664,TRUE,FALSE
chr2_1937393,constitutive,chr2,1937393,MYT1L,1789113,2331664,TRUE,FALSE
chr2_1937400,ambiguous,chr2,1937400,MYT1L,1789113,2331664,TRUE,FALSE
chr2_1937414,constitutive,chr2,1937414,MYT1L,1789113,2331664,TRUE,FALSE
chr2_1937432,constitutive,chr2,1937432,MYT1L,1789113,2331664,TRUE,FALSE
chr2_1937439,constitutive,chr2,1937439,MYT1L,1789113,2331664,TRUE,FALSE
chr2_1937453,ambiguous,chr2,1937453,MYT1L,1789113,2331664,TRUE,FALSE
chr2_1937457,constitutive,chr2,1937457,MYT1L,1789113,2331664,TRUE,FALSE
chr2_1937471,constitutive,chr2,1937471,MYT1L,1789113,2331664,TRUE,FALSE
chr2_1937475,constitutive,chr2,1937475,MYT1L,1789113,2331664,TRUE,FALSE
chr2_1937478,constitutive,chr2,1937478,MYT1L,1789113,2331664,TRUE,FALSE
chr2_1937492,constitutive,chr2,1937492,MYT1L,1789113,2331664,TRUE,FALSE
chr2_1937498,constitutive,chr2,1937498,MYT1L,1789113,2331664,TRUE,FALSE
chr2_1937535,constitutive,chr2,1937535,MYT1L,1789113,2331664,TRUE,FALSE
chr2_1937549,constitutive,chr2,1937549,MYT1L,1789113,2331664,TRUE,FALSE
chr2_1937588,constitutive,chr2,1937588,MYT1L,1789113,2331664,TRUE,FALSE
chr2_1937595,constitutive,chr2,1937595,MYT1L,1789113,2331664,TRUE,FALSE
chr2_1937627,constitutive,chr2,1937627,MYT1L,1789113,2331664,TRUE,FALSE
chr2_1937652,constitutive,chr2,1937652,MYT1L,1789113,2331664,TRUE,FALSE
chr2_1937654,constitutive,chr2,1937654,MYT1L,1789113,2331664,TRUE,FALSE
chr2_1937666,constitutive,chr2,1937666,MYT1L,1789113,2331664,TRUE,FALSE
chr2_1937673,constitutive,chr2,1937673,MYT1L,1789113,2331664,TRUE,FALSE
chr2_1937751,constitutive,chr2,1937751,MYT1L,1789113,2331664,TRUE,FALSE
chr2_1937771,constitutive,chr2,1937771,MYT1L,1789113,2331664,TRUE,FALSE
chr2_1937783,constitutive,chr2,1937783,MYT1L,1789113,2331664,TRUE,FALSE
chr2_1937787,ambiguous,chr2,1937787,MYT1L,1789113,2331664,TRUE,FALSE
chr2_1937870,constitutive,chr2,1937870,MYT1L,1789113,2331664,TRUE,FALSE
chr2_1937900,constitutive,chr2,1937900,MYT1L,1789113,2331664,TRUE,FALSE
chr2_1937902,constitutive,chr2,1937902,MYT1L,1789113,2331664,TRUE,FALSE
chr2_1937945,constitutive,chr2,1937945,MYT1L,1789113,2331664,TRUE,FALSE
chr2_1937953,constitutive,chr2,1937953,MYT1L,1789113,2331664,TRUE,FALSE
chr2_1937965,constitutive,chr2,1937965,MYT1L,1789113,2331664,TRUE,FALSE
chr2_1938096,constitutive,chr2,1938096,MYT1L,1789113,2331664,TRUE,FALSE
chr2_1938495,constitutive,chr2,1938495,MYT1L,1789113,2331664,TRUE,FALSE
chr2_1939012,ambiguous,chr2,1939012,MYT1L,1789113,2331664,TRUE,FALSE
chr2_1939042,ambiguous,chr2,1939042,MYT1L,1789113,2331664,TRUE,FALSE
chr2_1939052,ambiguous,chr2,1939052,MYT1L,1789113,2331664,TRUE,FALSE
chr2_1939074,ambiguous,chr2,1939074,MYT1L,1789113,2331664,TRUE,FALSE
chr2_1939113,ambiguous,chr2,1939113,MYT1L,1789113,2331664,TRUE,FALSE
chr2_1939118,ambiguous,chr2,1939118,MYT1L,1789113,2331664,TRUE,FALSE
chr2_1939121,ambiguous,chr2,1939121,MYT1L,1789113,2331664,TRUE,FALSE
chr2_1939143,ambiguous,chr2,1939143,MYT1L,1789113,2331664,TRUE,FALSE
chr2_1939159,constitutive,chr2,1939159,MYT1L,1789113,2331664,TRUE,FALSE
chr2_1939170,constitutive,chr2,1939170,MYT1L,1789113,2331664,TRUE,FALSE
chr2_1939172,constitutive,chr2,1939172,MYT1L,1789113,2331664,TRUE,FALSE
chr2_1939186,ambiguous,chr2,1939186,MYT1L,1789113,2331664,TRUE,FALSE
chr2_1939204,ambiguous,chr2,1939204,MYT1L,1789113,2331664,TRUE,FALSE
chr2_1939230,ambiguous,chr2,1939230,MYT1L,1789113,2331664,TRUE,FALSE
chr2_1939281,ambiguous,chr2,1939281,MYT1L,1789113,2331664,TRUE,FALSE
chr2_1939347,ambiguous,chr2,1939347,MYT1L,1789113,2331664,TRUE,FALSE
chr2_1939371,ambiguous,chr2,1939371,MYT1L,1789113,2331664,TRUE,FALSE
chr2_1939449,ambiguous,chr2,1939449,MYT1L,1789113,2331664,TRUE,FALSE
chr2_1939465,constitutive,chr2,1939465,MYT1L,1789113,2331664,TRUE,FALSE
chr2_1939479,constitutive,chr2,1939479,MYT1L,1789113,2331664,TRUE,FALSE
chr2_1939487,constitutive,chr2,1939487,MYT1L,1789113,2331664,TRUE,FALSE
chr2_1939590,ambiguous,chr2,1939590,MYT1L,1789113,2331664,TRUE,FALSE
chr2_1939668,constitutive,chr2,1939668,MYT1L,1789113,2331664,TRUE,FALSE
chr2_1939688,constitutive,chr2,1939688,MYT1L,1789113,2331664,TRUE,FALSE
chr2_1939815,ambiguous,chr2,1939815,MYT1L,1789113,2331664,TRUE,FALSE
chr2_1939867,ambiguous,chr2,1939867,MYT1L,1789113,2331664,TRUE,FALSE
chr2_1939891,ambiguous,chr2,1939891,MYT1L,1789113,2331664,TRUE,FALSE
chr2_1939897,ambiguous,chr2,1939897,MYT1L,1789113,2331664,TRUE,FALSE
chr2_1939979,ambiguous,chr2,1939979,MYT1L,1789113,2331664,TRUE,FALSE
chr2_1940029,constitutive,chr2,1940029,MYT1L,1789113,2331664,TRUE,FALSE
chr2_1940119,ambiguous,chr2,1940119,MYT1L,1789113,2331664,TRUE,FALSE
chr2_1940824,ambiguous,chr2,1940824,MYT1L,1789113,2331664,TRUE,FALSE
chr2_1940884,ambiguous,chr2,1940884,MYT1L,1789113,2331664,TRUE,FALSE
chr2_1940915,ambiguous,chr2,1940915,MYT1L,1789113,2331664,TRUE,FALSE
chr2_1940927,ambiguous,chr2,1940927,MYT1L,1789113,2331664,TRUE,FALSE
chr2_1940938,ambiguous,chr2,1940938,MYT1L,1789113,2331664,TRUE,FALSE
chr2_1941020,ambiguous,chr2,1941020,MYT1L,1789113,2331664,TRUE,FALSE
chr2_1941245,ambiguous,chr2,1941245,MYT1L,1789113,2331664,TRUE,FALSE
chr2_1941277,ambiguous,chr2,1941277,MYT1L,1789113,2331664,TRUE,FALSE
chr2_1941280,ambiguous,chr2,1941280,MYT1L,1789113,2331664,TRUE,FALSE
chr2_1941313,ambiguous,chr2,1941313,MYT1L,1789113,2331664,TRUE,FALSE
chr2_1941323,ambiguous,chr2,1941323,MYT1L,1789113,2331664,TRUE,FALSE
chr2_1941559,constitutive,chr2,1941559,MYT1L,1789113,2331664,TRUE,FALSE
chr2_1941623,constitutive,chr2,1941623,MYT1L,1789113,2331664,TRUE,FALSE
chr2_1942266,constitutive,chr2,1942266,MYT1L,1789113,2331664,TRUE,FALSE
chr2_1942269,ambiguous,chr2,1942269,MYT1L,1789113,2331664,TRUE,FALSE
chr2_1942308,constitutive,chr2,1942308,MYT1L,1789113,2331664,TRUE,FALSE
chr2_1942314,constitutive,chr2,1942314,MYT1L,1789113,2331664,TRUE,FALSE
chr2_1942322,constitutive,chr2,1942322,MYT1L,1789113,2331664,TRUE,FALSE
chr2_1942349,constitutive,chr2,1942349,MYT1L,1789113,2331664,TRUE,FALSE
chr2_1942379,constitutive,chr2,1942379,MYT1L,1789113,2331664,TRUE,FALSE
chr2_1942426,constitutive,chr2,1942426,MYT1L,1789113,2331664,TRUE,FALSE
chr2_1942675,constitutive,chr2,1942675,MYT1L,1789113,2331664,TRUE,FALSE
chr2_1942903,constitutive,chr2,1942903,MYT1L,1789113,2331664,TRUE,FALSE
chr2_1942915,constitutive,chr2,1942915,MYT1L,1789113,2331664,TRUE,FALSE
chr2_1942948,ambiguous,chr2,1942948,MYT1L,1789113,2331664,TRUE,FALSE
chr2_1942982,ambiguous,chr2,1942982,MYT1L,1789113,2331664,TRUE,FALSE
chr2_1943063,ambiguous,chr2,1943063,MYT1L,1789113,2331664,TRUE,FALSE
chr2_1943081,ambiguous,chr2,1943081,MYT1L,1789113,2331664,TRUE,FALSE
chr2_1943101,ambiguous,chr2,1943101,MYT1L,1789113,2331664,TRUE,FALSE
chr2_1943114,ambiguous,chr2,1943114,MYT1L,1789113,2331664,TRUE,FALSE
chr2_1943123,ambiguous,chr2,1943123,MYT1L,1789113,2331664,TRUE,FALSE
chr2_1943495,ambiguous,chr2,1943495,MYT1L,1789113,2331664,TRUE,FALSE
chr2_1943542,ambiguous,chr2,1943542,MYT1L,1789113,2331664,TRUE,FALSE
chr2_1943595,ambiguous,chr2,1943595,MYT1L,1789113,2331664,TRUE,FALSE
chr2_1943620,ambiguous,chr2,1943620,MYT1L,1789113,2331664,TRUE,FALSE
chr2_1943792,ambiguous,chr2,1943792,MYT1L,1789113,2331664,TRUE,FALSE
chr2_1943968,constitutive,chr2,1943968,MYT1L,1789113,2331664,TRUE,FALSE
chr2_1944001,constitutive,chr2,1944001,MYT1L,1789113,2331664,TRUE,FALSE
chr2_1944021,ambiguous,chr2,1944021,MYT1L,1789113,2331664,TRUE,FALSE
chr2_1944405,constitutive,chr2,1944405,MYT1L,1789113,2331664,TRUE,FALSE
chr2_1944433,ambiguous,chr2,1944433,MYT1L,1789113,2331664,TRUE,FALSE
chr2_1944837,constitutive,chr2,1944837,MYT1L,1789113,2331664,TRUE,FALSE
chr2_1944878,ambiguous,chr2,1944878,MYT1L,1789113,2331664,TRUE,FALSE
chr2_1945039,ambiguous,chr2,1945039,MYT1L,1789113,2331664,TRUE,FALSE
chr2_1945159,constitutive,chr2,1945159,MYT1L,1789113,2331664,TRUE,FALSE
chr2_1945162,constitutive,chr2,1945162,MYT1L,1789113,2331664,TRUE,FALSE
chr2_1945179,ambiguous,chr2,1945179,MYT1L,1789113,2331664,TRUE,FALSE
chr2_1945231,ambiguous,chr2,1945231,MYT1L,1789113,2331664,TRUE,FALSE
chr2_1945283,constitutive,chr2,1945283,MYT1L,1789113,2331664,TRUE,FALSE
chr2_1945288,constitutive,chr2,1945288,MYT1L,1789113,2331664,TRUE,FALSE
chr2_1945324,constitutive,chr2,1945324,MYT1L,1789113,2331664,TRUE,FALSE
chr2_1945345,constitutive,chr2,1945345,MYT1L,1789113,2331664,TRUE,FALSE
chr2_1945438,ambiguous,chr2,1945438,MYT1L,1789113,2331664,TRUE,FALSE
chr2_1945494,constitutive,chr2,1945494,MYT1L,1789113,2331664,TRUE,FALSE
chr2_1945816,ambiguous,chr2,1945816,MYT1L,1789113,2331664,TRUE,FALSE
chr2_1945880,ambiguous,chr2,1945880,MYT1L,1789113,2331664,TRUE,FALSE
chr2_1945902,ambiguous,chr2,1945902,MYT1L,1789113,2331664,TRUE,FALSE
chr2_1946005,constitutive,chr2,1946005,MYT1L,1789113,2331664,TRUE,FALSE
chr2_1946016,constitutive,chr2,1946016,MYT1L,1789113,2331664,TRUE,FALSE
chr2_1946020,constitutive,chr2,1946020,MYT1L,1789113,2331664,TRUE,FALSE
chr2_1946058,ambiguous,chr2,1946058,MYT1L,1789113,2331664,TRUE,FALSE
chr2_1946437,constitutive,chr2,1946437,MYT1L,1789113,2331664,TRUE,FALSE
chr2_1946504,ambiguous,chr2,1946504,MYT1L,1789113,2331664,TRUE,FALSE
chr2_1946615,ambiguous,chr2,1946615,MYT1L,1789113,2331664,TRUE,FALSE
chr2_1946826,constitutive,chr2,1946826,MYT1L,1789113,2331664,TRUE,FALSE
chr2_1946869,ambiguous,chr2,1946869,MYT1L,1789113,2331664,TRUE,FALSE
chr2_1946956,ambiguous,chr2,1946956,MYT1L,1789113,2331664,TRUE,FALSE
chr2_1946988,constitutive,chr2,1946988,MYT1L,1789113,2331664,TRUE,FALSE
chr2_1946990,constitutive,chr2,1946990,MYT1L,1789113,2331664,TRUE,FALSE
chr2_1947248,constitutive,chr2,1947248,MYT1L,1789113,2331664,TRUE,FALSE
chr2_1947256,constitutive,chr2,1947256,MYT1L,1789113,2331664,TRUE,FALSE
chr2_1947298,constitutive,chr2,1947298,MYT1L,1789113,2331664,TRUE,FALSE
chr2_1947433,ambiguous,chr2,1947433,MYT1L,1789113,2331664,TRUE,FALSE
chr2_1947445,ambiguous,chr2,1947445,MYT1L,1789113,2331664,TRUE,FALSE
chr2_1947469,constitutive,chr2,1947469,MYT1L,1789113,2331664,TRUE,FALSE
chr2_1947529,ambiguous,chr2,1947529,MYT1L,1789113,2331664,TRUE,FALSE
chr2_1947534,constitutive,chr2,1947534,MYT1L,1789113,2331664,TRUE,FALSE
chr2_1947543,constitutive,chr2,1947543,MYT1L,1789113,2331664,TRUE,FALSE
chr2_1947616,ME,chr2,1947616,MYT1L,1789113,2331664,TRUE,FALSE
chr2_1947938,constitutive,chr2,1947938,MYT1L,1789113,2331664,TRUE,FALSE
chr2_1947948,constitutive,chr2,1947948,MYT1L,1789113,2331664,TRUE,FALSE
chr2_1947991,constitutive,chr2,1947991,MYT1L,1789113,2331664,TRUE,FALSE
chr2_1947998,constitutive,chr2,1947998,MYT1L,1789113,2331664,TRUE,FALSE
chr2_1948021,constitutive,chr2,1948021,MYT1L,1789113,2331664,TRUE,FALSE
chr2_1948035,constitutive,chr2,1948035,MYT1L,1789113,2331664,TRUE,FALSE
chr2_1948038,constitutive,chr2,1948038,MYT1L,1789113,2331664,TRUE,FALSE
chr2_1948099,constitutive,chr2,1948099,MYT1L,1789113,2331664,TRUE,FALSE
chr2_1948127,ambiguous,chr2,1948127,MYT1L,1789113,2331664,TRUE,FALSE
chr2_1948211,constitutive,chr2,1948211,MYT1L,1789113,2331664,TRUE,FALSE
chr2_1948236,constitutive,chr2,1948236,MYT1L,1789113,2331664,TRUE,FALSE
chr2_1948283,ambiguous,chr2,1948283,MYT1L,1789113,2331664,TRUE,FALSE
chr2_1948324,ambiguous,chr2,1948324,MYT1L,1789113,2331664,TRUE,FALSE
chr2_1948464,ambiguous,chr2,1948464,MYT1L,1789113,2331664,TRUE,FALSE
chr2_1948471,ambiguous,chr2,1948471,MYT1L,1789113,2331664,TRUE,FALSE
chr2_1948591,ambiguous,chr2,1948591,MYT1L,1789113,2331664,TRUE,FALSE
chr2_1948607,constitutive,chr2,1948607,MYT1L,1789113,2331664,TRUE,FALSE
chr2_1948624,constitutive,chr2,1948624,MYT1L,1789113,2331664,TRUE,FALSE
chr2_1948668,ambiguous,chr2,1948668,MYT1L,1789113,2331664,TRUE,FALSE
chr2_1948763,ambiguous,chr2,1948763,MYT1L,1789113,2331664,TRUE,FALSE
chr2_1949028,constitutive,chr2,1949028,MYT1L,1789113,2331664,TRUE,FALSE
chr2_1949054,ambiguous,chr2,1949054,MYT1L,1789113,2331664,TRUE,FALSE
chr2_1949093,ambiguous,chr2,1949093,MYT1L,1789113,2331664,TRUE,FALSE
chr2_1949274,constitutive,chr2,1949274,MYT1L,1789113,2331664,TRUE,FALSE
chr2_1949335,constitutive,chr2,1949335,MYT1L,1789113,2331664,TRUE,FALSE
chr2_1949365,ambiguous,chr2,1949365,MYT1L,1789113,2331664,TRUE,FALSE
chr2_1949417,constitutive,chr2,1949417,MYT1L,1789113,2331664,TRUE,FALSE
chr2_1949428,ambiguous,chr2,1949428,MYT1L,1789113,2331664,TRUE,FALSE
chr2_1949476,constitutive,chr2,1949476,MYT1L,1789113,2331664,TRUE,FALSE
chr2_1949585,ambiguous,chr2,1949585,MYT1L,1789113,2331664,TRUE,FALSE
chr2_1949691,ambiguous,chr2,1949691,MYT1L,1789113,2331664,TRUE,FALSE
chr2_1949722,ambiguous,chr2,1949722,MYT1L,1789113,2331664,TRUE,FALSE
chr2_1949725,ambiguous,chr2,1949725,MYT1L,1789113,2331664,TRUE,FALSE
chr2_1949739,ambiguous,chr2,1949739,MYT1L,1789113,2331664,TRUE,FALSE
chr2_1949766,ambiguous,chr2,1949766,MYT1L,1789113,2331664,TRUE,FALSE
chr2_1949789,constitutive,chr2,1949789,MYT1L,1789113,2331664,TRUE,FALSE
chr2_1949801,ambiguous,chr2,1949801,MYT1L,1789113,2331664,TRUE,FALSE
chr2_1949821,constitutive,chr2,1949821,MYT1L,1789113,2331664,TRUE,FALSE
chr2_1949981,ambiguous,chr2,1949981,MYT1L,1789113,2331664,TRUE,FALSE
chr2_1950085,ambiguous,chr2,1950085,MYT1L,1789113,2331664,TRUE,FALSE
chr2_1950442,ambiguous,chr2,1950442,MYT1L,1789113,2331664,TRUE,FALSE
chr2_1950671,ambiguous,chr2,1950671,MYT1L,1789113,2331664,TRUE,FALSE
chr2_1950769,constitutive,chr2,1950769,MYT1L,1789113,2331664,TRUE,FALSE
chr2_1950780,constitutive,chr2,1950780,MYT1L,1789113,2331664,TRUE,FALSE
chr2_1950983,constitutive,chr2,1950983,MYT1L,1789113,2331664,TRUE,FALSE
chr2_1950985,constitutive,chr2,1950985,MYT1L,1789113,2331664,TRUE,FALSE
chr2_1951037,constitutive,chr2,1951037,MYT1L,1789113,2331664,TRUE,FALSE
chr2_1951046,constitutive,chr2,1951046,MYT1L,1789113,2331664,TRUE,FALSE
chr2_1951486,constitutive,chr2,1951486,MYT1L,1789113,2331664,TRUE,FALSE
chr2_1951564,ambiguous,chr2,1951564,MYT1L,1789113,2331664,TRUE,FALSE
chr2_1951611,constitutive,chr2,1951611,MYT1L,1789113,2331664,TRUE,FALSE
chr2_1951637,constitutive,chr2,1951637,MYT1L,1789113,2331664,TRUE,FALSE
chr2_1951639,constitutive,chr2,1951639,MYT1L,1789113,2331664,TRUE,FALSE
chr2_1951722,ambiguous,chr2,1951722,MYT1L,1789113,2331664,TRUE,FALSE
chr2_1951750,constitutive,chr2,1951750,MYT1L,1789113,2331664,TRUE,FALSE
chr2_1951761,constitutive,chr2,1951761,MYT1L,1789113,2331664,TRUE,FALSE
chr2_1951857,ambiguous,chr2,1951857,MYT1L,1789113,2331664,TRUE,FALSE
chr2_1951870,ambiguous,chr2,1951870,MYT1L,1789113,2331664,TRUE,FALSE
chr2_1951963,ambiguous,chr2,1951963,MYT1L,1789113,2331664,TRUE,FALSE
chr2_1952126,ambiguous,chr2,1952126,MYT1L,1789113,2331664,TRUE,FALSE
chr2_1952402,ambiguous,chr2,1952402,MYT1L,1789113,2331664,TRUE,FALSE
chr2_1952433,constitutive,chr2,1952433,MYT1L,1789113,2331664,TRUE,FALSE
chr2_1952435,ambiguous,chr2,1952435,MYT1L,1789113,2331664,TRUE,FALSE
chr2_1952472,ambiguous,chr2,1952472,MYT1L,1789113,2331664,TRUE,FALSE
chr2_1952480,ambiguous,chr2,1952480,MYT1L,1789113,2331664,TRUE,FALSE
chr2_1952507,ambiguous,chr2,1952507,MYT1L,1789113,2331664,TRUE,FALSE
chr2_1952517,ambiguous,chr2,1952517,MYT1L,1789113,2331664,TRUE,FALSE
chr2_1952625,ambiguous,chr2,1952625,MYT1L,1789113,2331664,TRUE,FALSE
chr2_1952642,ambiguous,chr2,1952642,MYT1L,1789113,2331664,TRUE,FALSE
chr2_1953254,constitutive,chr2,1953254,MYT1L,1789113,2331664,TRUE,FALSE
chr2_1953261,constitutive,chr2,1953261,MYT1L,1789113,2331664,TRUE,FALSE
chr2_1953330,constitutive,chr2,1953330,MYT1L,1789113,2331664,TRUE,FALSE
chr2_1953530,constitutive,chr2,1953530,MYT1L,1789113,2331664,TRUE,FALSE
chr2_1953564,ambiguous,chr2,1953564,MYT1L,1789113,2331664,TRUE,FALSE
chr2_1953566,ambiguous,chr2,1953566,MYT1L,1789113,2331664,TRUE,FALSE
chr2_1953675,constitutive,chr2,1953675,MYT1L,1789113,2331664,TRUE,FALSE
chr2_1953713,ambiguous,chr2,1953713,MYT1L,1789113,2331664,TRUE,FALSE
chr2_1953747,ambiguous,chr2,1953747,MYT1L,1789113,2331664,TRUE,FALSE
chr2_1953777,ambiguous,chr2,1953777,MYT1L,1789113,2331664,TRUE,FALSE
chr2_1953989,constitutive,chr2,1953989,MYT1L,1789113,2331664,TRUE,FALSE
chr2_1954175,ambiguous,chr2,1954175,MYT1L,1789113,2331664,TRUE,FALSE
chr2_1954221,ambiguous,chr2,1954221,MYT1L,1789113,2331664,TRUE,FALSE
chr2_1954233,ambiguous,chr2,1954233,MYT1L,1789113,2331664,TRUE,FALSE
chr2_1954260,ambiguous,chr2,1954260,MYT1L,1789113,2331664,TRUE,FALSE
chr2_1954268,constitutive,chr2,1954268,MYT1L,1789113,2331664,TRUE,FALSE
chr2_1954297,constitutive,chr2,1954297,MYT1L,1789113,2331664,TRUE,FALSE
chr2_1954350,constitutive,chr2,1954350,MYT1L,1789113,2331664,TRUE,FALSE
chr2_1954360,ambiguous,chr2,1954360,MYT1L,1789113,2331664,TRUE,FALSE
chr2_1954381,constitutive,chr2,1954381,MYT1L,1789113,2331664,TRUE,FALSE
chr2_1954398,ambiguous,chr2,1954398,MYT1L,1789113,2331664,TRUE,FALSE
chr2_1954454,ambiguous,chr2,1954454,MYT1L,1789113,2331664,TRUE,FALSE
chr2_1954501,ambiguous,chr2,1954501,MYT1L,1789113,2331664,TRUE,FALSE
chr2_1954521,ambiguous,chr2,1954521,MYT1L,1789113,2331664,TRUE,FALSE
chr2_1954590,ambiguous,chr2,1954590,MYT1L,1789113,2331664,TRUE,FALSE
chr2_1954830,ambiguous,chr2,1954830,MYT1L,1789113,2331664,TRUE,FALSE
chr2_1955015,ambiguous,chr2,1955015,MYT1L,1789113,2331664,TRUE,FALSE
chr2_1955167,ambiguous,chr2,1955167,MYT1L,1789113,2331664,TRUE,FALSE
chr2_1955658,ambiguous,chr2,1955658,MYT1L,1789113,2331664,TRUE,FALSE
chr2_1956979,ambiguous,chr2,1956979,MYT1L,1789113,2331664,TRUE,FALSE
chr2_1957091,ambiguous,chr2,1957091,MYT1L,1789113,2331664,TRUE,FALSE
chr2_1957157,constitutive,chr2,1957157,MYT1L,1789113,2331664,TRUE,FALSE
chr2_1957159,ambiguous,chr2,1957159,MYT1L,1789113,2331664,TRUE,FALSE
chr2_1957316,constitutive,chr2,1957316,MYT1L,1789113,2331664,TRUE,FALSE
chr2_1957473,constitutive,chr2,1957473,MYT1L,1789113,2331664,TRUE,FALSE
chr2_1957481,constitutive,chr2,1957481,MYT1L,1789113,2331664,TRUE,FALSE
chr2_1957645,ambiguous,chr2,1957645,MYT1L,1789113,2331664,TRUE,FALSE
chr2_1957751,ambiguous,chr2,1957751,MYT1L,1789113,2331664,TRUE,FALSE
chr2_1957754,ambiguous,chr2,1957754,MYT1L,1789113,2331664,TRUE,FALSE
chr2_1957917,ambiguous,chr2,1957917,MYT1L,1789113,2331664,TRUE,FALSE
chr2_1957920,ambiguous,chr2,1957920,MYT1L,1789113,2331664,TRUE,FALSE
chr2_1958003,ambiguous,chr2,1958003,MYT1L,1789113,2331664,TRUE,FALSE
chr2_1958049,ambiguous,chr2,1958049,MYT1L,1789113,2331664,TRUE,FALSE
chr2_1958101,constitutive,chr2,1958101,MYT1L,1789113,2331664,TRUE,FALSE
chr2_1958174,ambiguous,chr2,1958174,MYT1L,1789113,2331664,TRUE,FALSE
chr2_1958247,ambiguous,chr2,1958247,MYT1L,1789113,2331664,TRUE,FALSE
chr2_1958283,ambiguous,chr2,1958283,MYT1L,1789113,2331664,TRUE,FALSE
chr2_1958411,ambiguous,chr2,1958411,MYT1L,1789113,2331664,TRUE,FALSE
chr2_1958419,ambiguous,chr2,1958419,MYT1L,1789113,2331664,TRUE,FALSE
chr2_1958522,ambiguous,chr2,1958522,MYT1L,1789113,2331664,TRUE,FALSE
chr2_1958545,ambiguous,chr2,1958545,MYT1L,1789113,2331664,TRUE,FALSE
chr2_1958616,constitutive,chr2,1958616,MYT1L,1789113,2331664,TRUE,FALSE
chr2_1958625,constitutive,chr2,1958625,MYT1L,1789113,2331664,TRUE,FALSE
chr2_1958652,ambiguous,chr2,1958652,MYT1L,1789113,2331664,TRUE,FALSE
chr2_1958660,ambiguous,chr2,1958660,MYT1L,1789113,2331664,TRUE,FALSE
chr2_1958703,ambiguous,chr2,1958703,MYT1L,1789113,2331664,TRUE,FALSE
chr2_1958712,ambiguous,chr2,1958712,MYT1L,1789113,2331664,TRUE,FALSE
chr2_1958744,ambiguous,chr2,1958744,MYT1L,1789113,2331664,TRUE,FALSE
chr2_1958794,ambiguous,chr2,1958794,MYT1L,1789113,2331664,TRUE,FALSE
chr2_1958871,constitutive,chr2,1958871,MYT1L,1789113,2331664,TRUE,FALSE
chr2_1958880,ambiguous,chr2,1958880,MYT1L,1789113,2331664,TRUE,FALSE
chr2_1959028,constitutive,chr2,1959028,MYT1L,1789113,2331664,TRUE,FALSE
chr2_1959062,constitutive,chr2,1959062,MYT1L,1789113,2331664,TRUE,FALSE
chr2_1959167,ambiguous,chr2,1959167,MYT1L,1789113,2331664,TRUE,FALSE
chr2_1959214,constitutive,chr2,1959214,MYT1L,1789113,2331664,TRUE,FALSE
chr2_1959258,ambiguous,chr2,1959258,MYT1L,1789113,2331664,TRUE,FALSE
chr2_1959282,ambiguous,chr2,1959282,MYT1L,1789113,2331664,TRUE,FALSE
chr2_1959298,constitutive,chr2,1959298,MYT1L,1789113,2331664,TRUE,FALSE
chr2_1959319,ambiguous,chr2,1959319,MYT1L,1789113,2331664,TRUE,FALSE
chr2_1959349,constitutive,chr2,1959349,MYT1L,1789113,2331664,TRUE,FALSE
chr2_1959376,ambiguous,chr2,1959376,MYT1L,1789113,2331664,TRUE,FALSE
chr2_1959524,ambiguous,chr2,1959524,MYT1L,1789113,2331664,TRUE,FALSE
chr2_1959667,constitutive,chr2,1959667,MYT1L,1789113,2331664,TRUE,FALSE
chr2_1959775,ambiguous,chr2,1959775,MYT1L,1789113,2331664,TRUE,FALSE
chr2_1959786,ambiguous,chr2,1959786,MYT1L,1789113,2331664,TRUE,FALSE
chr2_1959815,ambiguous,chr2,1959815,MYT1L,1789113,2331664,TRUE,FALSE
chr2_1960072,ambiguous,chr2,1960072,MYT1L,1789113,2331664,TRUE,FALSE
chr2_1960177,ambiguous,chr2,1960177,MYT1L,1789113,2331664,TRUE,FALSE
chr2_1960316,constitutive,chr2,1960316,MYT1L,1789113,2331664,TRUE,FALSE
chr2_1960351,constitutive,chr2,1960351,MYT1L,1789113,2331664,TRUE,FALSE
chr2_1960358,constitutive,chr2,1960358,MYT1L,1789113,2331664,TRUE,FALSE
chr2_1960497,ambiguous,chr2,1960497,MYT1L,1789113,2331664,TRUE,FALSE
chr2_1960623,ambiguous,chr2,1960623,MYT1L,1789113,2331664,TRUE,FALSE
chr2_1960627,ambiguous,chr2,1960627,MYT1L,1789113,2331664,TRUE,FALSE
chr2_1960750,ambiguous,chr2,1960750,MYT1L,1789113,2331664,TRUE,FALSE
chr2_1960867,constitutive,chr2,1960867,MYT1L,1789113,2331664,TRUE,FALSE
chr2_1960878,ambiguous,chr2,1960878,MYT1L,1789113,2331664,TRUE,FALSE
chr2_1961029,constitutive,chr2,1961029,MYT1L,1789113,2331664,TRUE,FALSE
chr2_1961057,constitutive,chr2,1961057,MYT1L,1789113,2331664,TRUE,FALSE
chr2_1961220,constitutive,chr2,1961220,MYT1L,1789113,2331664,TRUE,FALSE
chr2_1961271,constitutive,chr2,1961271,MYT1L,1789113,2331664,TRUE,FALSE
chr2_1961537,constitutive,chr2,1961537,MYT1L,1789113,2331664,TRUE,FALSE
chr2_1961539,constitutive,chr2,1961539,MYT1L,1789113,2331664,TRUE,FALSE
chr2_1961567,ambiguous,chr2,1961567,MYT1L,1789113,2331664,TRUE,FALSE
chr2_1961740,constitutive,chr2,1961740,MYT1L,1789113,2331664,TRUE,FALSE
chr2_1961855,ambiguous,chr2,1961855,MYT1L,1789113,2331664,TRUE,FALSE
chr2_1962028,ambiguous,chr2,1962028,MYT1L,1789113,2331664,TRUE,FALSE
chr2_1962400,constitutive,chr2,1962400,MYT1L,1789113,2331664,TRUE,FALSE
chr2_1962408,constitutive,chr2,1962408,MYT1L,1789113,2331664,TRUE,FALSE
chr2_1962421,constitutive,chr2,1962421,MYT1L,1789113,2331664,TRUE,FALSE
chr2_1962441,constitutive,chr2,1962441,MYT1L,1789113,2331664,TRUE,FALSE
chr2_1962552,ambiguous,chr2,1962552,MYT1L,1789113,2331664,TRUE,FALSE
chr2_1962556,constitutive,chr2,1962556,MYT1L,1789113,2331664,TRUE,FALSE
chr2_1962878,ambiguous,chr2,1962878,MYT1L,1789113,2331664,TRUE,FALSE
chr2_1962952,ambiguous,chr2,1962952,MYT1L,1789113,2331664,TRUE,FALSE
chr2_1963088,ambiguous,chr2,1963088,MYT1L,1789113,2331664,TRUE,FALSE
chr2_1963957,ambiguous,chr2,1963957,MYT1L,1789113,2331664,TRUE,FALSE
chr2_1964221,ambiguous,chr2,1964221,MYT1L,1789113,2331664,TRUE,FALSE
chr2_1964244,ambiguous,chr2,1964244,MYT1L,1789113,2331664,TRUE,FALSE
chr2_1964248,Ecto_specific,chr2,1964248,MYT1L,1789113,2331664,TRUE,FALSE
chr2_1964250,Ecto_specific,chr2,1964250,MYT1L,1789113,2331664,TRUE,FALSE
chr2_1964351,constitutive,chr2,1964351,MYT1L,1789113,2331664,TRUE,FALSE
chr2_1964366,ambiguous,chr2,1964366,MYT1L,1789113,2331664,TRUE,FALSE
chr2_1964408,constitutive,chr2,1964408,MYT1L,1789113,2331664,TRUE,FALSE
chr2_1964495,ambiguous,chr2,1964495,MYT1L,1789113,2331664,TRUE,FALSE
chr2_1964525,ambiguous,chr2,1964525,MYT1L,1789113,2331664,TRUE,FALSE
chr2_1964545,ambiguous,chr2,1964545,MYT1L,1789113,2331664,TRUE,FALSE
chr2_1964821,ambiguous,chr2,1964821,MYT1L,1789113,2331664,TRUE,FALSE
chr2_1964891,ambiguous,chr2,1964891,MYT1L,1789113,2331664,TRUE,FALSE
chr2_1964912,ambiguous,chr2,1964912,MYT1L,1789113,2331664,TRUE,FALSE
chr2_1964928,ambiguous,chr2,1964928,MYT1L,1789113,2331664,TRUE,FALSE
chr2_1965059,ambiguous,chr2,1965059,MYT1L,1789113,2331664,TRUE,FALSE
chr2_1965525,constitutive,chr2,1965525,MYT1L,1789113,2331664,TRUE,FALSE
chr2_1965590,constitutive,chr2,1965590,MYT1L,1789113,2331664,TRUE,FALSE
chr2_1965621,constitutive,chr2,1965621,MYT1L,1789113,2331664,TRUE,FALSE
chr2_1965623,constitutive,chr2,1965623,MYT1L,1789113,2331664,TRUE,FALSE
chr2_1965699,constitutive,chr2,1965699,MYT1L,1789113,2331664,TRUE,FALSE
chr2_1965732,constitutive,chr2,1965732,MYT1L,1789113,2331664,TRUE,FALSE
chr2_1965749,constitutive,chr2,1965749,MYT1L,1789113,2331664,TRUE,FALSE
chr2_1965751,constitutive,chr2,1965751,MYT1L,1789113,2331664,TRUE,FALSE
chr2_1965777,constitutive,chr2,1965777,MYT1L,1789113,2331664,TRUE,FALSE
chr2_1965841,constitutive,chr2,1965841,MYT1L,1789113,2331664,TRUE,FALSE
chr2_1965899,ambiguous,chr2,1965899,MYT1L,1789113,2331664,TRUE,FALSE
chr2_1965916,ambiguous,chr2,1965916,MYT1L,1789113,2331664,TRUE,FALSE
chr2_1965931,ambiguous,chr2,1965931,MYT1L,1789113,2331664,TRUE,FALSE
chr2_1965936,ambiguous,chr2,1965936,MYT1L,1789113,2331664,TRUE,FALSE
chr2_1965974,constitutive,chr2,1965974,MYT1L,1789113,2331664,TRUE,FALSE
chr2_1965977,constitutive,chr2,1965977,MYT1L,1789113,2331664,TRUE,FALSE
chr2_1965996,ambiguous,chr2,1965996,MYT1L,1789113,2331664,TRUE,FALSE
chr2_1966216,ambiguous,chr2,1966216,MYT1L,1789113,2331664,TRUE,FALSE
chr2_1966227,constitutive,chr2,1966227,MYT1L,1789113,2331664,TRUE,FALSE
chr2_1966256,constitutive,chr2,1966256,MYT1L,1789113,2331664,TRUE,FALSE
chr2_1966336,ambiguous,chr2,1966336,MYT1L,1789113,2331664,TRUE,FALSE
chr2_1966340,ambiguous,chr2,1966340,MYT1L,1789113,2331664,TRUE,FALSE
chr2_1966362,constitutive,chr2,1966362,MYT1L,1789113,2331664,TRUE,FALSE
chr2_1966395,ambiguous,chr2,1966395,MYT1L,1789113,2331664,TRUE,FALSE
chr2_1966572,ambiguous,chr2,1966572,MYT1L,1789113,2331664,TRUE,FALSE
chr2_1966814,constitutive,chr2,1966814,MYT1L,1789113,2331664,TRUE,FALSE
chr2_1966984,ambiguous,chr2,1966984,MYT1L,1789113,2331664,TRUE,FALSE
chr2_1967063,constitutive,chr2,1967063,MYT1L,1789113,2331664,TRUE,FALSE
chr2_1967138,constitutive,chr2,1967138,MYT1L,1789113,2331664,TRUE,FALSE
chr2_1967338,ambiguous,chr2,1967338,MYT1L,1789113,2331664,TRUE,FALSE
chr2_1967410,ambiguous,chr2,1967410,MYT1L,1789113,2331664,TRUE,FALSE
chr2_1967424,ambiguous,chr2,1967424,MYT1L,1789113,2331664,TRUE,FALSE
chr2_1967429,ambiguous,chr2,1967429,MYT1L,1789113,2331664,TRUE,FALSE
chr2_1967438,ambiguous,chr2,1967438,MYT1L,1789113,2331664,TRUE,FALSE
chr2_1967440,ambiguous,chr2,1967440,MYT1L,1789113,2331664,TRUE,FALSE
chr2_1967474,ambiguous,chr2,1967474,MYT1L,1789113,2331664,TRUE,FALSE
chr2_1967491,ambiguous,chr2,1967491,MYT1L,1789113,2331664,TRUE,FALSE
chr2_1967781,ambiguous,chr2,1967781,MYT1L,1789113,2331664,TRUE,FALSE
chr2_1967787,ambiguous,chr2,1967787,MYT1L,1789113,2331664,TRUE,FALSE
chr2_1967816,ambiguous,chr2,1967816,MYT1L,1789113,2331664,TRUE,FALSE
chr2_1967831,ambiguous,chr2,1967831,MYT1L,1789113,2331664,TRUE,FALSE
chr2_1967892,ambiguous,chr2,1967892,MYT1L,1789113,2331664,TRUE,FALSE
chr2_1967950,ME,chr2,1967950,MYT1L,1789113,2331664,TRUE,FALSE
chr2_1968121,ambiguous,chr2,1968121,MYT1L,1789113,2331664,TRUE,FALSE
chr2_1968172,ambiguous,chr2,1968172,MYT1L,1789113,2331664,TRUE,FALSE
chr2_1968215,ambiguous,chr2,1968215,MYT1L,1789113,2331664,TRUE,FALSE
chr2_1968257,constitutive,chr2,1968257,MYT1L,1789113,2331664,TRUE,FALSE
chr2_1968265,constitutive,chr2,1968265,MYT1L,1789113,2331664,TRUE,FALSE
chr2_1968290,ambiguous,chr2,1968290,MYT1L,1789113,2331664,TRUE,FALSE
chr2_1968311,ambiguous,chr2,1968311,MYT1L,1789113,2331664,TRUE,FALSE
chr2_1968321,constitutive,chr2,1968321,MYT1L,1789113,2331664,TRUE,FALSE
chr2_1968333,ambiguous,chr2,1968333,MYT1L,1789113,2331664,TRUE,FALSE
chr2_1968361,ambiguous,chr2,1968361,MYT1L,1789113,2331664,TRUE,FALSE
chr2_1968456,ambiguous,chr2,1968456,MYT1L,1789113,2331664,TRUE,FALSE
chr2_1968480,ambiguous,chr2,1968480,MYT1L,1789113,2331664,TRUE,FALSE
chr2_1968511,ambiguous,chr2,1968511,MYT1L,1789113,2331664,TRUE,FALSE
chr2_1968531,ambiguous,chr2,1968531,MYT1L,1789113,2331664,TRUE,FALSE
chr2_1968613,ambiguous,chr2,1968613,MYT1L,1789113,2331664,TRUE,FALSE
chr2_1968644,ambiguous,chr2,1968644,MYT1L,1789113,2331664,TRUE,FALSE
chr2_1968735,constitutive,chr2,1968735,MYT1L,1789113,2331664,TRUE,FALSE
chr2_1968784,constitutive,chr2,1968784,MYT1L,1789113,2331664,TRUE,FALSE
chr2_1968801,ambiguous,chr2,1968801,MYT1L,1789113,2331664,TRUE,FALSE
chr2_1968867,constitutive,chr2,1968867,MYT1L,1789113,2331664,TRUE,FALSE
chr2_1968873,constitutive,chr2,1968873,MYT1L,1789113,2331664,TRUE,FALSE
chr2_1968910,ambiguous,chr2,1968910,MYT1L,1789113,2331664,TRUE,FALSE
chr2_1969017,constitutive,chr2,1969017,MYT1L,1789113,2331664,TRUE,FALSE
chr2_1969096,ambiguous,chr2,1969096,MYT1L,1789113,2331664,TRUE,FALSE
chr2_1969210,ME,chr2,1969210,MYT1L,1789113,2331664,TRUE,FALSE
chr2_1969213,constitutive,chr2,1969213,MYT1L,1789113,2331664,TRUE,FALSE
chr2_1969248,ambiguous,chr2,1969248,MYT1L,1789113,2331664,TRUE,FALSE
chr2_1969259,ambiguous,chr2,1969259,MYT1L,1789113,2331664,TRUE,FALSE
chr2_1969266,constitutive,chr2,1969266,MYT1L,1789113,2331664,TRUE,FALSE
chr2_1969299,ambiguous,chr2,1969299,MYT1L,1789113,2331664,TRUE,FALSE
chr2_1969326,ambiguous,chr2,1969326,MYT1L,1789113,2331664,TRUE,FALSE
chr2_1969427,ambiguous,chr2,1969427,MYT1L,1789113,2331664,TRUE,FALSE
chr2_1969572,ambiguous,chr2,1969572,MYT1L,1789113,2331664,TRUE,FALSE
chr2_1969586,constitutive,chr2,1969586,MYT1L,1789113,2331664,TRUE,FALSE
chr2_1969592,constitutive,chr2,1969592,MYT1L,1789113,2331664,TRUE,FALSE
chr2_1969608,ambiguous,chr2,1969608,MYT1L,1789113,2331664,TRUE,FALSE
chr2_1969862,ambiguous,chr2,1969862,MYT1L,1789113,2331664,TRUE,FALSE
chr2_1969904,ambiguous,chr2,1969904,MYT1L,1789113,2331664,TRUE,FALSE
chr2_1970085,constitutive,chr2,1970085,MYT1L,1789113,2331664,TRUE,FALSE
chr2_1970120,constitutive,chr2,1970120,MYT1L,1789113,2331664,TRUE,FALSE
chr2_1970177,ambiguous,chr2,1970177,MYT1L,1789113,2331664,TRUE,FALSE
chr2_1970208,constitutive,chr2,1970208,MYT1L,1789113,2331664,TRUE,FALSE
chr2_1970279,constitutive,chr2,1970279,MYT1L,1789113,2331664,TRUE,FALSE
chr2_1970287,constitutive,chr2,1970287,MYT1L,1789113,2331664,TRUE,FALSE
chr2_1970297,constitutive,chr2,1970297,MYT1L,1789113,2331664,TRUE,FALSE
chr2_1970334,constitutive,chr2,1970334,MYT1L,1789113,2331664,TRUE,FALSE
chr2_1970547,ambiguous,chr2,1970547,MYT1L,1789113,2331664,TRUE,FALSE
chr2_1970553,constitutive,chr2,1970553,MYT1L,1789113,2331664,TRUE,FALSE
chr2_1970600,ambiguous,chr2,1970600,MYT1L,1789113,2331664,TRUE,FALSE
chr2_1970630,constitutive,chr2,1970630,MYT1L,1789113,2331664,TRUE,FALSE
chr2_1970699,constitutive,chr2,1970699,MYT1L,1789113,2331664,TRUE,FALSE
chr2_1970799,constitutive,chr2,1970799,MYT1L,1789113,2331664,TRUE,FALSE
chr2_1971162,ambiguous,chr2,1971162,MYT1L,1789113,2331664,TRUE,FALSE
chr2_1971251,ambiguous,chr2,1971251,MYT1L,1789113,2331664,TRUE,FALSE
chr2_1971321,ambiguous,chr2,1971321,MYT1L,1789113,2331664,TRUE,FALSE
chr2_1971452,constitutive,chr2,1971452,MYT1L,1789113,2331664,TRUE,FALSE
chr2_1971591,ambiguous,chr2,1971591,MYT1L,1789113,2331664,TRUE,FALSE
chr2_1971662,constitutive,chr2,1971662,MYT1L,1789113,2331664,TRUE,FALSE
chr2_1971685,constitutive,chr2,1971685,MYT1L,1789113,2331664,TRUE,FALSE
chr2_1971709,constitutive,chr2,1971709,MYT1L,1789113,2331664,TRUE,FALSE
chr2_1971717,ME,chr2,1971717,MYT1L,1789113,2331664,TRUE,FALSE
chr2_1971871,constitutive,chr2,1971871,MYT1L,1789113,2331664,TRUE,FALSE
chr2_1972023,ambiguous,chr2,1972023,MYT1L,1789113,2331664,TRUE,FALSE
chr2_1972027,ambiguous,chr2,1972027,MYT1L,1789113,2331664,TRUE,FALSE
chr2_1972042,ambiguous,chr2,1972042,MYT1L,1789113,2331664,TRUE,FALSE
chr2_1972064,ambiguous,chr2,1972064,MYT1L,1789113,2331664,TRUE,FALSE
chr2_1972112,ambiguous,chr2,1972112,MYT1L,1789113,2331664,TRUE,FALSE
chr2_1972155,ambiguous,chr2,1972155,MYT1L,1789113,2331664,TRUE,FALSE
chr2_1972212,ambiguous,chr2,1972212,MYT1L,1789113,2331664,TRUE,FALSE
chr2_1972252,ambiguous,chr2,1972252,MYT1L,1789113,2331664,TRUE,FALSE
chr2_1972347,ambiguous,chr2,1972347,MYT1L,1789113,2331664,TRUE,FALSE
chr2_1972645,ambiguous,chr2,1972645,MYT1L,1789113,2331664,TRUE,FALSE
chr2_1972721,ambiguous,chr2,1972721,MYT1L,1789113,2331664,TRUE,FALSE
chr2_1972757,ambiguous,chr2,1972757,MYT1L,1789113,2331664,TRUE,FALSE
chr2_1972761,ambiguous,chr2,1972761,MYT1L,1789113,2331664,TRUE,FALSE
chr2_1972796,ambiguous,chr2,1972796,MYT1L,1789113,2331664,TRUE,FALSE
chr2_1972950,ambiguous,chr2,1972950,MYT1L,1789113,2331664,TRUE,FALSE
chr2_1973397,ambiguous,chr2,1973397,MYT1L,1789113,2331664,TRUE,FALSE
chr2_1973561,constitutive,chr2,1973561,MYT1L,1789113,2331664,TRUE,FALSE
chr2_1973618,ambiguous,chr2,1973618,MYT1L,1789113,2331664,TRUE,FALSE
chr2_1973773,ambiguous,chr2,1973773,MYT1L,1789113,2331664,TRUE,FALSE
chr2_1973862,ambiguous,chr2,1973862,MYT1L,1789113,2331664,TRUE,FALSE
chr2_1973876,ambiguous,chr2,1973876,MYT1L,1789113,2331664,TRUE,FALSE
chr2_1973910,ambiguous,chr2,1973910,MYT1L,1789113,2331664,TRUE,FALSE
chr2_1974038,constitutive,chr2,1974038,MYT1L,1789113,2331664,TRUE,FALSE
chr2_1974042,constitutive,chr2,1974042,MYT1L,1789113,2331664,TRUE,FALSE
chr2_1974050,ambiguous,chr2,1974050,MYT1L,1789113,2331664,TRUE,FALSE
chr2_1974160,ambiguous,chr2,1974160,MYT1L,1789113,2331664,TRUE,FALSE
chr2_1974252,constitutive,chr2,1974252,MYT1L,1789113,2331664,TRUE,FALSE
chr2_1974292,ambiguous,chr2,1974292,MYT1L,1789113,2331664,TRUE,FALSE
chr2_1974317,ambiguous,chr2,1974317,MYT1L,1789113,2331664,TRUE,FALSE
chr2_1974341,constitutive,chr2,1974341,MYT1L,1789113,2331664,TRUE,FALSE
chr2_1974385,constitutive,chr2,1974385,MYT1L,1789113,2331664,TRUE,FALSE
chr2_1974393,constitutive,chr2,1974393,MYT1L,1789113,2331664,TRUE,FALSE
chr2_1974435,ambiguous,chr2,1974435,MYT1L,1789113,2331664,TRUE,FALSE
chr2_1974526,ambiguous,chr2,1974526,MYT1L,1789113,2331664,TRUE,FALSE
chr2_1974681,ambiguous,chr2,1974681,MYT1L,1789113,2331664,TRUE,FALSE
chr2_1974734,ambiguous,chr2,1974734,MYT1L,1789113,2331664,TRUE,FALSE
chr2_1974802,ambiguous,chr2,1974802,MYT1L,1789113,2331664,TRUE,FALSE
chr2_1975139,ambiguous,chr2,1975139,MYT1L,1789113,2331664,TRUE,FALSE
chr2_1975228,ambiguous,chr2,1975228,MYT1L,1789113,2331664,TRUE,FALSE
chr2_1975322,ambiguous,chr2,1975322,MYT1L,1789113,2331664,TRUE,FALSE
chr2_1975348,ambiguous,chr2,1975348,MYT1L,1789113,2331664,TRUE,FALSE
chr2_1975526,ambiguous,chr2,1975526,MYT1L,1789113,2331664,TRUE,FALSE
chr2_1975634,constitutive,chr2,1975634,MYT1L,1789113,2331664,TRUE,FALSE
chr2_1975661,ambiguous,chr2,1975661,MYT1L,1789113,2331664,TRUE,FALSE
chr2_1975724,constitutive,chr2,1975724,MYT1L,1789113,2331664,TRUE,FALSE
chr2_1975732,ME,chr2,1975732,MYT1L,1789113,2331664,TRUE,FALSE
chr2_1976165,ambiguous,chr2,1976165,MYT1L,1789113,2331664,TRUE,FALSE
chr2_1976273,ambiguous,chr2,1976273,MYT1L,1789113,2331664,TRUE,FALSE
chr2_1976367,constitutive,chr2,1976367,MYT1L,1789113,2331664,TRUE,FALSE
chr2_1976379,constitutive,chr2,1976379,MYT1L,1789113,2331664,TRUE,FALSE
chr2_1976407,ambiguous,chr2,1976407,MYT1L,1789113,2331664,TRUE,FALSE
chr2_1976412,constitutive,chr2,1976412,MYT1L,1789113,2331664,TRUE,FALSE
chr2_1976416,constitutive,chr2,1976416,MYT1L,1789113,2331664,TRUE,FALSE
chr2_1976424,constitutive,chr2,1976424,MYT1L,1789113,2331664,TRUE,FALSE
chr2_1976439,constitutive,chr2,1976439,MYT1L,1789113,2331664,TRUE,FALSE
chr2_1976510,constitutive,chr2,1976510,MYT1L,1789113,2331664,TRUE,FALSE
chr2_1976670,ambiguous,chr2,1976670,MYT1L,1789113,2331664,TRUE,FALSE
chr2_1976816,ambiguous,chr2,1976816,MYT1L,1789113,2331664,TRUE,FALSE
chr2_1976871,ME,chr2,1976871,MYT1L,1789113,2331664,TRUE,FALSE
chr2_1976934,ambiguous,chr2,1976934,MYT1L,1789113,2331664,TRUE,FALSE
chr2_1976939,ambiguous,chr2,1976939,MYT1L,1789113,2331664,TRUE,FALSE
chr2_1977005,ambiguous,chr2,1977005,MYT1L,1789113,2331664,TRUE,FALSE
chr2_1977165,ambiguous,chr2,1977165,MYT1L,1789113,2331664,TRUE,FALSE
chr2_1978052,constitutive,chr2,1978052,MYT1L,1789113,2331664,TRUE,FALSE
chr2_1978173,ambiguous,chr2,1978173,MYT1L,1789113,2331664,TRUE,FALSE
chr2_1978215,ambiguous,chr2,1978215,MYT1L,1789113,2331664,TRUE,FALSE
chr2_1978240,ambiguous,chr2,1978240,MYT1L,1789113,2331664,TRUE,FALSE
chr2_1978489,ambiguous,chr2,1978489,MYT1L,1789113,2331664,TRUE,FALSE
chr2_1978579,ambiguous,chr2,1978579,MYT1L,1789113,2331664,TRUE,FALSE
chr2_1978689,ambiguous,chr2,1978689,MYT1L,1789113,2331664,TRUE,FALSE
chr2_1978731,ambiguous,chr2,1978731,MYT1L,1789113,2331664,TRUE,FALSE
chr2_1978788,ambiguous,chr2,1978788,MYT1L,1789113,2331664,TRUE,FALSE
chr2_1978827,ambiguous,chr2,1978827,MYT1L,1789113,2331664,TRUE,FALSE
chr2_1978853,ambiguous,chr2,1978853,MYT1L,1789113,2331664,TRUE,FALSE
chr2_1978882,ambiguous,chr2,1978882,MYT1L,1789113,2331664,TRUE,FALSE
chr2_1978974,ambiguous,chr2,1978974,MYT1L,1789113,2331664,TRUE,FALSE
chr2_1978980,ambiguous,chr2,1978980,MYT1L,1789113,2331664,TRUE,FALSE
chr2_1978984,ambiguous,chr2,1978984,MYT1L,1789113,2331664,TRUE,FALSE
chr2_1979205,ambiguous,chr2,1979205,MYT1L,1789113,2331664,TRUE,FALSE
chr2_1979361,ambiguous,chr2,1979361,MYT1L,1789113,2331664,TRUE,FALSE
chr2_1979376,ambiguous,chr2,1979376,MYT1L,1789113,2331664,TRUE,FALSE
chr2_1979387,ambiguous,chr2,1979387,MYT1L,1789113,2331664,TRUE,FALSE
chr2_1979418,ambiguous,chr2,1979418,MYT1L,1789113,2331664,TRUE,FALSE
chr2_1979432,ambiguous,chr2,1979432,MYT1L,1789113,2331664,TRUE,FALSE
chr2_1979468,ambiguous,chr2,1979468,MYT1L,1789113,2331664,TRUE,FALSE
chr2_1979549,ambiguous,chr2,1979549,MYT1L,1789113,2331664,TRUE,FALSE
chr2_1979600,ambiguous,chr2,1979600,MYT1L,1789113,2331664,TRUE,FALSE
chr2_1979655,ambiguous,chr2,1979655,MYT1L,1789113,2331664,TRUE,FALSE
chr2_1979667,constitutive,chr2,1979667,MYT1L,1789113,2331664,TRUE,FALSE
chr2_1979691,constitutive,chr2,1979691,MYT1L,1789113,2331664,TRUE,FALSE
chr2_1979712,constitutive,chr2,1979712,MYT1L,1789113,2331664,TRUE,FALSE
chr2_1979714,constitutive,chr2,1979714,MYT1L,1789113,2331664,TRUE,FALSE
chr2_1979725,constitutive,chr2,1979725,MYT1L,1789113,2331664,TRUE,FALSE
chr2_1979740,constitutive,chr2,1979740,MYT1L,1789113,2331664,TRUE,FALSE
chr2_1979742,ambiguous,chr2,1979742,MYT1L,1789113,2331664,TRUE,FALSE
chr2_1979746,constitutive,chr2,1979746,MYT1L,1789113,2331664,TRUE,FALSE
chr2_1979752,constitutive,chr2,1979752,MYT1L,1789113,2331664,TRUE,FALSE
chr2_1979762,ambiguous,chr2,1979762,MYT1L,1789113,2331664,TRUE,FALSE
chr2_1980389,ambiguous,chr2,1980389,MYT1L,1789113,2331664,TRUE,FALSE
chr2_1980427,ambiguous,chr2,1980427,MYT1L,1789113,2331664,TRUE,FALSE
chr2_1980444,constitutive,chr2,1980444,MYT1L,1789113,2331664,TRUE,FALSE
chr2_1980446,constitutive,chr2,1980446,MYT1L,1789113,2331664,TRUE,FALSE
chr2_1980777,ambiguous,chr2,1980777,MYT1L,1789113,2331664,TRUE,FALSE
chr2_1980792,ambiguous,chr2,1980792,MYT1L,1789113,2331664,TRUE,FALSE
chr2_1980878,ambiguous,chr2,1980878,MYT1L,1789113,2331664,TRUE,FALSE
chr2_1980945,ambiguous,chr2,1980945,MYT1L,1789113,2331664,TRUE,FALSE
chr2_1980998,ambiguous,chr2,1980998,MYT1L,1789113,2331664,TRUE,FALSE
chr2_1981042,constitutive,chr2,1981042,MYT1L,1789113,2331664,TRUE,FALSE
chr2_1981078,constitutive,chr2,1981078,MYT1L,1789113,2331664,TRUE,FALSE
chr2_1981223,constitutive,chr2,1981223,MYT1L,1789113,2331664,TRUE,FALSE
chr2_1981388,constitutive,chr2,1981388,MYT1L,1789113,2331664,TRUE,FALSE
chr2_1981581,constitutive,chr2,1981581,MYT1L,1789113,2331664,TRUE,FALSE
chr2_1981590,constitutive,chr2,1981590,MYT1L,1789113,2331664,TRUE,FALSE
chr2_1981593,constitutive,chr2,1981593,MYT1L,1789113,2331664,TRUE,FALSE
chr2_1981612,ambiguous,chr2,1981612,MYT1L,1789113,2331664,TRUE,FALSE
chr2_1981636,constitutive,chr2,1981636,MYT1L,1789113,2331664,TRUE,FALSE
chr2_1981646,constitutive,chr2,1981646,MYT1L,1789113,2331664,TRUE,FALSE
chr2_1981698,ambiguous,chr2,1981698,MYT1L,1789113,2331664,TRUE,FALSE
chr2_1981703,constitutive,chr2,1981703,MYT1L,1789113,2331664,TRUE,FALSE
chr2_1981734,constitutive,chr2,1981734,MYT1L,1789113,2331664,TRUE,FALSE
chr2_1981805,constitutive,chr2,1981805,MYT1L,1789113,2331664,TRUE,FALSE
chr2_1981863,constitutive,chr2,1981863,MYT1L,1789113,2331664,TRUE,FALSE
chr2_1981875,constitutive,chr2,1981875,MYT1L,1789113,2331664,TRUE,FALSE
chr2_1982034,ambiguous,chr2,1982034,MYT1L,1789113,2331664,TRUE,FALSE
chr2_1982280,ambiguous,chr2,1982280,MYT1L,1789113,2331664,TRUE,FALSE
chr2_1982352,ambiguous,chr2,1982352,MYT1L,1789113,2331664,TRUE,FALSE
chr2_1982422,constitutive,chr2,1982422,MYT1L,1789113,2331664,TRUE,FALSE
chr2_1982624,ambiguous,chr2,1982624,MYT1L,1789113,2331664,TRUE,FALSE
chr2_1982705,constitutive,chr2,1982705,MYT1L,1789113,2331664,TRUE,FALSE
chr2_1982819,ambiguous,chr2,1982819,MYT1L,1789113,2331664,TRUE,FALSE
chr2_1983178,constitutive,chr2,1983178,MYT1L,1789113,2331664,TRUE,FALSE
chr2_1983181,constitutive,chr2,1983181,MYT1L,1789113,2331664,TRUE,FALSE
chr2_1983473,ambiguous,chr2,1983473,MYT1L,1789113,2331664,TRUE,FALSE
chr2_1983556,constitutive,chr2,1983556,MYT1L,1789113,2331664,TRUE,FALSE
chr2_1983626,ambiguous,chr2,1983626,MYT1L,1789113,2331664,TRUE,FALSE
chr2_1983679,constitutive,chr2,1983679,MYT1L,1789113,2331664,TRUE,FALSE
chr2_1983702,ME,chr2,1983702,MYT1L,1789113,2331664,TRUE,FALSE
chr2_1983711,ambiguous,chr2,1983711,MYT1L,1789113,2331664,TRUE,FALSE
chr2_1983756,constitutive,chr2,1983756,MYT1L,1789113,2331664,TRUE,FALSE
chr2_1983776,ambiguous,chr2,1983776,MYT1L,1789113,2331664,TRUE,FALSE
chr2_1983791,ambiguous,chr2,1983791,MYT1L,1789113,2331664,TRUE,FALSE
chr2_1983793,constitutive,chr2,1983793,MYT1L,1789113,2331664,TRUE,FALSE
chr2_1983973,ambiguous,chr2,1983973,MYT1L,1789113,2331664,TRUE,FALSE
chr2_1984307,ambiguous,chr2,1984307,MYT1L,1789113,2331664,TRUE,FALSE
chr2_1984595,constitutive,chr2,1984595,MYT1L,1789113,2331664,TRUE,FALSE
chr2_1984634,ambiguous,chr2,1984634,MYT1L,1789113,2331664,TRUE,FALSE
chr2_1984654,constitutive,chr2,1984654,MYT1L,1789113,2331664,TRUE,FALSE
chr2_1984658,constitutive,chr2,1984658,MYT1L,1789113,2331664,TRUE,FALSE
chr2_1984670,constitutive,chr2,1984670,MYT1L,1789113,2331664,TRUE,FALSE
chr2_1984710,constitutive,chr2,1984710,MYT1L,1789113,2331664,TRUE,FALSE
chr2_1984831,ambiguous,chr2,1984831,MYT1L,1789113,2331664,TRUE,FALSE
chr2_1984979,ambiguous,chr2,1984979,MYT1L,1789113,2331664,TRUE,FALSE
chr2_1985015,constitutive,chr2,1985015,MYT1L,1789113,2331664,TRUE,FALSE
chr2_1985208,ambiguous,chr2,1985208,MYT1L,1789113,2331664,TRUE,FALSE
chr2_1985312,ambiguous,chr2,1985312,MYT1L,1789113,2331664,TRUE,FALSE
chr2_1985467,ambiguous,chr2,1985467,MYT1L,1789113,2331664,TRUE,FALSE
chr2_1985487,ambiguous,chr2,1985487,MYT1L,1789113,2331664,TRUE,FALSE
chr2_1985611,ambiguous,chr2,1985611,MYT1L,1789113,2331664,TRUE,FALSE
chr2_1985712,ambiguous,chr2,1985712,MYT1L,1789113,2331664,TRUE,FALSE
chr2_1985830,ambiguous,chr2,1985830,MYT1L,1789113,2331664,TRUE,FALSE
chr2_1985854,ambiguous,chr2,1985854,MYT1L,1789113,2331664,TRUE,FALSE
chr2_1985860,ME,chr2,1985860,MYT1L,1789113,2331664,TRUE,FALSE
chr2_1986069,ambiguous,chr2,1986069,MYT1L,1789113,2331664,TRUE,FALSE
chr2_1986077,constitutive,chr2,1986077,MYT1L,1789113,2331664,TRUE,FALSE
chr2_1986331,ambiguous,chr2,1986331,MYT1L,1789113,2331664,TRUE,FALSE
chr2_1986349,ambiguous,chr2,1986349,MYT1L,1789113,2331664,TRUE,FALSE
chr2_1986470,ambiguous,chr2,1986470,MYT1L,1789113,2331664,TRUE,FALSE
chr2_1986528,constitutive,chr2,1986528,MYT1L,1789113,2331664,TRUE,FALSE
chr2_1986549,ambiguous,chr2,1986549,MYT1L,1789113,2331664,TRUE,FALSE
chr2_1986652,constitutive,chr2,1986652,MYT1L,1789113,2331664,TRUE,FALSE
chr2_1986661,constitutive,chr2,1986661,MYT1L,1789113,2331664,TRUE,FALSE
chr2_1986713,ambiguous,chr2,1986713,MYT1L,1789113,2331664,TRUE,FALSE
chr2_1986778,ambiguous,chr2,1986778,MYT1L,1789113,2331664,TRUE,FALSE
chr2_1986836,ambiguous,chr2,1986836,MYT1L,1789113,2331664,TRUE,FALSE
chr2_1986886,constitutive,chr2,1986886,MYT1L,1789113,2331664,TRUE,FALSE
chr2_1987185,constitutive,chr2,1987185,MYT1L,1789113,2331664,TRUE,FALSE
chr2_1987237,ambiguous,chr2,1987237,MYT1L,1789113,2331664,TRUE,FALSE
chr2_1987410,ambiguous,chr2,1987410,MYT1L,1789113,2331664,TRUE,FALSE
chr2_1987426,ambiguous,chr2,1987426,MYT1L,1789113,2331664,TRUE,FALSE
chr2_1987470,ambiguous,chr2,1987470,MYT1L,1789113,2331664,TRUE,FALSE
chr2_1987582,constitutive,chr2,1987582,MYT1L,1789113,2331664,TRUE,FALSE
chr2_1987650,ambiguous,chr2,1987650,MYT1L,1789113,2331664,TRUE,FALSE
chr2_1987726,ambiguous,chr2,1987726,MYT1L,1789113,2331664,TRUE,FALSE
chr2_1987857,ambiguous,chr2,1987857,MYT1L,1789113,2331664,TRUE,FALSE
chr2_1987942,ambiguous,chr2,1987942,MYT1L,1789113,2331664,TRUE,FALSE
chr2_1987977,ambiguous,chr2,1987977,MYT1L,1789113,2331664,TRUE,FALSE
chr2_1988115,ambiguous,chr2,1988115,MYT1L,1789113,2331664,TRUE,FALSE
chr2_1988146,ambiguous,chr2,1988146,MYT1L,1789113,2331664,TRUE,FALSE
chr2_1988199,ambiguous,chr2,1988199,MYT1L,1789113,2331664,TRUE,FALSE
chr2_1988241,ambiguous,chr2,1988241,MYT1L,1789113,2331664,TRUE,FALSE
chr2_1988265,ambiguous,chr2,1988265,MYT1L,1789113,2331664,TRUE,FALSE
chr2_1988286,ambiguous,chr2,1988286,MYT1L,1789113,2331664,TRUE,FALSE
chr2_1988291,ambiguous,chr2,1988291,MYT1L,1789113,2331664,TRUE,FALSE
chr2_1988294,ambiguous,chr2,1988294,MYT1L,1789113,2331664,TRUE,FALSE
chr2_1988345,ambiguous,chr2,1988345,MYT1L,1789113,2331664,TRUE,FALSE
chr2_1988355,ambiguous,chr2,1988355,MYT1L,1789113,2331664,TRUE,FALSE
chr2_1988413,ambiguous,chr2,1988413,MYT1L,1789113,2331664,TRUE,FALSE
chr2_1988457,ambiguous,chr2,1988457,MYT1L,1789113,2331664,TRUE,FALSE
chr2_1988524,ambiguous,chr2,1988524,MYT1L,1789113,2331664,TRUE,FALSE
chr2_1988528,ambiguous,chr2,1988528,MYT1L,1789113,2331664,TRUE,FALSE
chr2_1988557,ambiguous,chr2,1988557,MYT1L,1789113,2331664,TRUE,FALSE
chr2_1988667,constitutive,chr2,1988667,MYT1L,1789113,2331664,TRUE,FALSE
chr2_1988840,ambiguous,chr2,1988840,MYT1L,1789113,2331664,TRUE,FALSE
chr2_1989106,ambiguous,chr2,1989106,MYT1L,1789113,2331664,TRUE,FALSE
chr2_1989138,ambiguous,chr2,1989138,MYT1L,1789113,2331664,TRUE,FALSE
chr2_1989355,ambiguous,chr2,1989355,MYT1L,1789113,2331664,TRUE,FALSE
chr2_1989420,ambiguous,chr2,1989420,MYT1L,1789113,2331664,TRUE,FALSE
chr2_1989542,ambiguous,chr2,1989542,MYT1L,1789113,2331664,TRUE,FALSE
chr2_1989610,ambiguous,chr2,1989610,MYT1L,1789113,2331664,TRUE,FALSE
chr2_1989826,ambiguous,chr2,1989826,MYT1L,1789113,2331664,TRUE,FALSE
chr2_1989866,ambiguous,chr2,1989866,MYT1L,1789113,2331664,TRUE,FALSE
chr2_1989929,constitutive,chr2,1989929,MYT1L,1789113,2331664,TRUE,FALSE
chr2_1990145,ambiguous,chr2,1990145,MYT1L,1789113,2331664,TRUE,FALSE
chr2_1990207,constitutive,chr2,1990207,MYT1L,1789113,2331664,TRUE,FALSE
chr2_1990211,constitutive,chr2,1990211,MYT1L,1789113,2331664,TRUE,FALSE
chr2_1990424,ambiguous,chr2,1990424,MYT1L,1789113,2331664,TRUE,FALSE
chr2_1990501,ambiguous,chr2,1990501,MYT1L,1789113,2331664,TRUE,FALSE
chr2_1990632,ambiguous,chr2,1990632,MYT1L,1789113,2331664,TRUE,FALSE
chr2_1990726,ambiguous,chr2,1990726,MYT1L,1789113,2331664,TRUE,FALSE
chr2_1990791,ambiguous,chr2,1990791,MYT1L,1789113,2331664,TRUE,FALSE
chr2_1990807,ambiguous,chr2,1990807,MYT1L,1789113,2331664,TRUE,FALSE
chr2_1990860,ambiguous,chr2,1990860,MYT1L,1789113,2331664,TRUE,FALSE
chr2_1990933,ambiguous,chr2,1990933,MYT1L,1789113,2331664,TRUE,FALSE
chr2_1991108,ambiguous,chr2,1991108,MYT1L,1789113,2331664,TRUE,FALSE
chr2_1991123,ambiguous,chr2,1991123,MYT1L,1789113,2331664,TRUE,FALSE
chr2_1991158,ambiguous,chr2,1991158,MYT1L,1789113,2331664,TRUE,FALSE
chr2_1991189,ambiguous,chr2,1991189,MYT1L,1789113,2331664,TRUE,FALSE
chr2_1991202,ambiguous,chr2,1991202,MYT1L,1789113,2331664,TRUE,FALSE
chr2_1991228,ambiguous,chr2,1991228,MYT1L,1789113,2331664,TRUE,FALSE
chr2_1991253,ambiguous,chr2,1991253,MYT1L,1789113,2331664,TRUE,FALSE
chr2_1991274,ambiguous,chr2,1991274,MYT1L,1789113,2331664,TRUE,FALSE
chr2_1991277,ambiguous,chr2,1991277,MYT1L,1789113,2331664,TRUE,FALSE
chr2_1991298,ambiguous,chr2,1991298,MYT1L,1789113,2331664,TRUE,FALSE
chr2_1991359,constitutive,chr2,1991359,MYT1L,1789113,2331664,TRUE,FALSE
chr2_1991370,ambiguous,chr2,1991370,MYT1L,1789113,2331664,TRUE,FALSE
chr2_1991373,constitutive,chr2,1991373,MYT1L,1789113,2331664,TRUE,FALSE
chr2_1991513,ambiguous,chr2,1991513,MYT1L,1789113,2331664,TRUE,FALSE
chr2_1991570,constitutive,chr2,1991570,MYT1L,1789113,2331664,TRUE,FALSE
chr2_1991666,constitutive,chr2,1991666,MYT1L,1789113,2331664,TRUE,FALSE
chr2_1991708,ambiguous,chr2,1991708,MYT1L,1789113,2331664,TRUE,FALSE
chr2_1991832,constitutive,chr2,1991832,MYT1L,1789113,2331664,TRUE,FALSE
chr2_1991856,constitutive,chr2,1991856,MYT1L,1789113,2331664,TRUE,FALSE
chr2_1991879,constitutive,chr2,1991879,MYT1L,1789113,2331664,TRUE,FALSE
chr2_1991973,constitutive,chr2,1991973,MYT1L,1789113,2331664,TRUE,FALSE
chr2_1991981,ambiguous,chr2,1991981,MYT1L,1789113,2331664,TRUE,FALSE
chr2_1992002,constitutive,chr2,1992002,MYT1L,1789113,2331664,TRUE,FALSE
chr2_1992079,ambiguous,chr2,1992079,MYT1L,1789113,2331664,TRUE,FALSE
chr2_1992119,ambiguous,chr2,1992119,MYT1L,1789113,2331664,TRUE,FALSE
chr2_1992146,constitutive,chr2,1992146,MYT1L,1789113,2331664,TRUE,FALSE
chr2_1992209,constitutive,chr2,1992209,MYT1L,1789113,2331664,TRUE,FALSE
chr2_1992212,constitutive,chr2,1992212,MYT1L,1789113,2331664,TRUE,FALSE
chr2_1992219,ambiguous,chr2,1992219,MYT1L,1789113,2331664,TRUE,FALSE
chr2_1992269,constitutive,chr2,1992269,MYT1L,1789113,2331664,TRUE,FALSE
chr2_1992361,ambiguous,chr2,1992361,MYT1L,1789113,2331664,TRUE,FALSE
chr2_1992479,ambiguous,chr2,1992479,MYT1L,1789113,2331664,TRUE,FALSE
chr2_1992498,ambiguous,chr2,1992498,MYT1L,1789113,2331664,TRUE,FALSE
chr2_1992508,ambiguous,chr2,1992508,MYT1L,1789113,2331664,TRUE,FALSE
chr2_1992734,ambiguous,chr2,1992734,MYT1L,1789113,2331664,TRUE,FALSE
chr2_1992937,constitutive,chr2,1992937,MYT1L,1789113,2331664,TRUE,FALSE
chr2_1992993,ambiguous,chr2,1992993,MYT1L,1789113,2331664,TRUE,FALSE
chr2_1993109,ambiguous,chr2,1993109,MYT1L,1789113,2331664,TRUE,FALSE
chr2_1993709,constitutive,chr2,1993709,MYT1L,1789113,2331664,TRUE,FALSE
chr2_1993742,constitutive,chr2,1993742,MYT1L,1789113,2331664,TRUE,FALSE
chr2_1993835,ambiguous,chr2,1993835,MYT1L,1789113,2331664,TRUE,FALSE
chr2_1993842,ambiguous,chr2,1993842,MYT1L,1789113,2331664,TRUE,FALSE
chr2_1993905,ambiguous,chr2,1993905,MYT1L,1789113,2331664,TRUE,FALSE
chr2_1993997,ambiguous,chr2,1993997,MYT1L,1789113,2331664,TRUE,FALSE
chr2_1994115,ambiguous,chr2,1994115,MYT1L,1789113,2331664,TRUE,FALSE
chr2_1994121,constitutive,chr2,1994121,MYT1L,1789113,2331664,TRUE,FALSE
chr2_1994156,ambiguous,chr2,1994156,MYT1L,1789113,2331664,TRUE,FALSE
chr2_1994219,ambiguous,chr2,1994219,MYT1L,1789113,2331664,TRUE,FALSE
chr2_1994234,constitutive,chr2,1994234,MYT1L,1789113,2331664,TRUE,FALSE
chr2_1994286,ambiguous,chr2,1994286,MYT1L,1789113,2331664,TRUE,FALSE
chr2_1994491,ambiguous,chr2,1994491,MYT1L,1789113,2331664,TRUE,FALSE
chr2_1994522,ambiguous,chr2,1994522,MYT1L,1789113,2331664,TRUE,FALSE
chr2_1994567,ambiguous,chr2,1994567,MYT1L,1789113,2331664,TRUE,FALSE
chr2_1995026,ambiguous,chr2,1995026,MYT1L,1789113,2331664,TRUE,FALSE
chr2_1995183,ambiguous,chr2,1995183,MYT1L,1789113,2331664,TRUE,FALSE
chr2_1995225,ambiguous,chr2,1995225,MYT1L,1789113,2331664,TRUE,FALSE
chr2_1995264,ambiguous,chr2,1995264,MYT1L,1789113,2331664,TRUE,FALSE
chr2_1995287,ambiguous,chr2,1995287,MYT1L,1789113,2331664,TRUE,FALSE
chr2_1995299,Meso_specific,chr2,1995299,MYT1L,1789113,2331664,TRUE,FALSE
chr2_1995318,ambiguous,chr2,1995318,MYT1L,1789113,2331664,TRUE,FALSE
chr2_1995344,ambiguous,chr2,1995344,MYT1L,1789113,2331664,TRUE,FALSE
chr2_1995355,ambiguous,chr2,1995355,MYT1L,1789113,2331664,TRUE,FALSE
chr2_1995573,ambiguous,chr2,1995573,MYT1L,1789113,2331664,TRUE,FALSE
chr2_1995615,constitutive,chr2,1995615,MYT1L,1789113,2331664,TRUE,FALSE
chr2_1995631,ambiguous,chr2,1995631,MYT1L,1789113,2331664,TRUE,FALSE
chr2_1995663,ambiguous,chr2,1995663,MYT1L,1789113,2331664,TRUE,FALSE
chr2_1995673,ambiguous,chr2,1995673,MYT1L,1789113,2331664,TRUE,FALSE
chr2_1995695,ambiguous,chr2,1995695,MYT1L,1789113,2331664,TRUE,FALSE
chr2_1995706,ambiguous,chr2,1995706,MYT1L,1789113,2331664,TRUE,FALSE
chr2_1995724,ambiguous,chr2,1995724,MYT1L,1789113,2331664,TRUE,FALSE
chr2_1995733,ambiguous,chr2,1995733,MYT1L,1789113,2331664,TRUE,FALSE
chr2_1995798,ambiguous,chr2,1995798,MYT1L,1789113,2331664,TRUE,FALSE
chr2_1995832,ambiguous,chr2,1995832,MYT1L,1789113,2331664,TRUE,FALSE
chr2_1995844,ambiguous,chr2,1995844,MYT1L,1789113,2331664,TRUE,FALSE
chr2_1996067,ambiguous,chr2,1996067,MYT1L,1789113,2331664,TRUE,FALSE
chr2_1996090,ambiguous,chr2,1996090,MYT1L,1789113,2331664,TRUE,FALSE
chr2_1996166,ambiguous,chr2,1996166,MYT1L,1789113,2331664,TRUE,FALSE
chr2_1996214,ambiguous,chr2,1996214,MYT1L,1789113,2331664,TRUE,FALSE
chr2_1996236,ambiguous,chr2,1996236,MYT1L,1789113,2331664,TRUE,FALSE
chr2_1996252,ambiguous,chr2,1996252,MYT1L,1789113,2331664,TRUE,FALSE
chr2_1996282,ambiguous,chr2,1996282,MYT1L,1789113,2331664,TRUE,FALSE
chr2_1996321,ambiguous,chr2,1996321,MYT1L,1789113,2331664,TRUE,FALSE
chr2_1996351,ambiguous,chr2,1996351,MYT1L,1789113,2331664,TRUE,FALSE
chr2_1996361,constitutive,chr2,1996361,MYT1L,1789113,2331664,TRUE,FALSE
chr2_1996390,constitutive,chr2,1996390,MYT1L,1789113,2331664,TRUE,FALSE
chr2_1996420,ambiguous,chr2,1996420,MYT1L,1789113,2331664,TRUE,FALSE
chr2_1996435,ambiguous,chr2,1996435,MYT1L,1789113,2331664,TRUE,FALSE
chr2_1996499,ambiguous,chr2,1996499,MYT1L,1789113,2331664,TRUE,FALSE
chr2_1996504,ambiguous,chr2,1996504,MYT1L,1789113,2331664,TRUE,FALSE
chr2_1996528,ambiguous,chr2,1996528,MYT1L,1789113,2331664,TRUE,FALSE
chr2_1996558,ambiguous,chr2,1996558,MYT1L,1789113,2331664,TRUE,FALSE
chr2_1996568,ambiguous,chr2,1996568,MYT1L,1789113,2331664,TRUE,FALSE
chr2_1996627,ambiguous,chr2,1996627,MYT1L,1789113,2331664,TRUE,FALSE
chr2_1996637,ambiguous,chr2,1996637,MYT1L,1789113,2331664,TRUE,FALSE
chr2_1996642,constitutive,chr2,1996642,MYT1L,1789113,2331664,TRUE,FALSE
chr2_1996692,ambiguous,chr2,1996692,MYT1L,1789113,2331664,TRUE,FALSE
chr2_1996707,constitutive,chr2,1996707,MYT1L,1789113,2331664,TRUE,FALSE
chr2_1996761,ambiguous,chr2,1996761,MYT1L,1789113,2331664,TRUE,FALSE
chr2_1996771,constitutive,chr2,1996771,MYT1L,1789113,2331664,TRUE,FALSE
chr2_1996776,constitutive,chr2,1996776,MYT1L,1789113,2331664,TRUE,FALSE
chr2_1996793,constitutive,chr2,1996793,MYT1L,1789113,2331664,TRUE,FALSE
chr2_1996800,constitutive,chr2,1996800,MYT1L,1789113,2331664,TRUE,FALSE
chr2_1996830,ambiguous,chr2,1996830,MYT1L,1789113,2331664,TRUE,FALSE
chr2_1996840,constitutive,chr2,1996840,MYT1L,1789113,2331664,TRUE,FALSE
chr2_1996845,constitutive,chr2,1996845,MYT1L,1789113,2331664,TRUE,FALSE
chr2_1996869,constitutive,chr2,1996869,MYT1L,1789113,2331664,TRUE,FALSE
chr2_1996899,constitutive,chr2,1996899,MYT1L,1789113,2331664,TRUE,FALSE
chr2_1996968,ambiguous,chr2,1996968,MYT1L,1789113,2331664,TRUE,FALSE
chr2_1996978,constitutive,chr2,1996978,MYT1L,1789113,2331664,TRUE,FALSE
chr2_1996983,constitutive,chr2,1996983,MYT1L,1789113,2331664,TRUE,FALSE
chr2_1997003,constitutive,chr2,1997003,MYT1L,1789113,2331664,TRUE,FALSE
chr2_1997033,ambiguous,chr2,1997033,MYT1L,1789113,2331664,TRUE,FALSE
chr2_1997043,constitutive,chr2,1997043,MYT1L,1789113,2331664,TRUE,FALSE
chr2_1997072,constitutive,chr2,1997072,MYT1L,1789113,2331664,TRUE,FALSE
chr2_1997102,ambiguous,chr2,1997102,MYT1L,1789113,2331664,TRUE,FALSE
chr2_1997117,constitutive,chr2,1997117,MYT1L,1789113,2331664,TRUE,FALSE
chr2_1997167,ambiguous,chr2,1997167,MYT1L,1789113,2331664,TRUE,FALSE
chr2_1997177,ambiguous,chr2,1997177,MYT1L,1789113,2331664,TRUE,FALSE
chr2_1997182,constitutive,chr2,1997182,MYT1L,1789113,2331664,TRUE,FALSE
chr2_1997218,ambiguous,chr2,1997218,MYT1L,1789113,2331664,TRUE,FALSE
chr2_1997227,constitutive,chr2,1997227,MYT1L,1789113,2331664,TRUE,FALSE
chr2_1997244,constitutive,chr2,1997244,MYT1L,1789113,2331664,TRUE,FALSE
chr2_1997266,constitutive,chr2,1997266,MYT1L,1789113,2331664,TRUE,FALSE
chr2_1997391,ambiguous,chr2,1997391,MYT1L,1789113,2331664,TRUE,FALSE
chr2_1997435,ambiguous,chr2,1997435,MYT1L,1789113,2331664,TRUE,FALSE
chr2_1997498,ambiguous,chr2,1997498,MYT1L,1789113,2331664,TRUE,FALSE
chr2_1997534,ambiguous,chr2,1997534,MYT1L,1789113,2331664,TRUE,FALSE
chr2_1997545,ambiguous,chr2,1997545,MYT1L,1789113,2331664,TRUE,FALSE
chr2_1997617,ambiguous,chr2,1997617,MYT1L,1789113,2331664,TRUE,FALSE
chr2_1997715,ambiguous,chr2,1997715,MYT1L,1789113,2331664,TRUE,FALSE
chr2_1997731,ambiguous,chr2,1997731,MYT1L,1789113,2331664,TRUE,FALSE
chr2_1997769,ambiguous,chr2,1997769,MYT1L,1789113,2331664,TRUE,FALSE
chr2_1998091,constitutive,chr2,1998091,MYT1L,1789113,2331664,TRUE,FALSE
chr2_1998101,constitutive,chr2,1998101,MYT1L,1789113,2331664,TRUE,FALSE
chr2_1998122,constitutive,chr2,1998122,MYT1L,1789113,2331664,TRUE,FALSE
chr2_1998136,constitutive,chr2,1998136,MYT1L,1789113,2331664,TRUE,FALSE
chr2_1998282,constitutive,chr2,1998282,MYT1L,1789113,2331664,TRUE,FALSE
chr2_1998292,constitutive,chr2,1998292,MYT1L,1789113,2331664,TRUE,FALSE
chr2_1998332,constitutive,chr2,1998332,MYT1L,1789113,2331664,TRUE,FALSE
chr2_1998380,ambiguous,chr2,1998380,MYT1L,1789113,2331664,TRUE,FALSE
chr2_1998436,constitutive,chr2,1998436,MYT1L,1789113,2331664,TRUE,FALSE
chr2_1998452,constitutive,chr2,1998452,MYT1L,1789113,2331664,TRUE,FALSE
chr2_1998552,ambiguous,chr2,1998552,MYT1L,1789113,2331664,TRUE,FALSE
chr2_1998745,ambiguous,chr2,1998745,MYT1L,1789113,2331664,TRUE,FALSE
chr2_1998805,constitutive,chr2,1998805,MYT1L,1789113,2331664,TRUE,FALSE
chr2_1998835,constitutive,chr2,1998835,MYT1L,1789113,2331664,TRUE,FALSE
chr2_1998928,ambiguous,chr2,1998928,MYT1L,1789113,2331664,TRUE,FALSE
chr2_1999006,constitutive,chr2,1999006,MYT1L,1789113,2331664,TRUE,FALSE
chr2_1999008,constitutive,chr2,1999008,MYT1L,1789113,2331664,TRUE,FALSE
chr2_1999021,constitutive,chr2,1999021,MYT1L,1789113,2331664,TRUE,FALSE
chr2_1999368,ambiguous,chr2,1999368,MYT1L,1789113,2331664,TRUE,FALSE
chr2_1999403,constitutive,chr2,1999403,MYT1L,1789113,2331664,TRUE,FALSE
chr2_1999663,ambiguous,chr2,1999663,MYT1L,1789113,2331664,TRUE,FALSE
chr2_1999916,constitutive,chr2,1999916,MYT1L,1789113,2331664,TRUE,FALSE
chr2_2000062,ambiguous,chr2,2000062,MYT1L,1789113,2331664,TRUE,FALSE
chr2_2000227,ambiguous,chr2,2000227,MYT1L,1789113,2331664,TRUE,FALSE
chr2_2000233,ambiguous,chr2,2000233,MYT1L,1789113,2331664,TRUE,FALSE
chr2_2000240,constitutive,chr2,2000240,MYT1L,1789113,2331664,TRUE,FALSE
chr2_2000250,constitutive,chr2,2000250,MYT1L,1789113,2331664,TRUE,FALSE
chr2_2000500,ambiguous,chr2,2000500,MYT1L,1789113,2331664,TRUE,FALSE
chr2_2000582,ambiguous,chr2,2000582,MYT1L,1789113,2331664,TRUE,FALSE
chr2_2000607,ambiguous,chr2,2000607,MYT1L,1789113,2331664,TRUE,FALSE
chr2_2000759,ambiguous,chr2,2000759,MYT1L,1789113,2331664,TRUE,FALSE
chr2_2000870,ambiguous,chr2,2000870,MYT1L,1789113,2331664,TRUE,FALSE
chr2_2000891,ambiguous,chr2,2000891,MYT1L,1789113,2331664,TRUE,FALSE
chr2_2000965,ambiguous,chr2,2000965,MYT1L,1789113,2331664,TRUE,FALSE
chr2_2001080,ambiguous,chr2,2001080,MYT1L,1789113,2331664,TRUE,FALSE
chr2_2001114,constitutive,chr2,2001114,MYT1L,1789113,2331664,TRUE,FALSE
chr2_2001441,constitutive,chr2,2001441,MYT1L,1789113,2331664,TRUE,FALSE
chr2_2001542,constitutive,chr2,2001542,MYT1L,1789113,2331664,TRUE,FALSE
chr2_2001745,ambiguous,chr2,2001745,MYT1L,1789113,2331664,TRUE,FALSE
chr2_2001819,constitutive,chr2,2001819,MYT1L,1789113,2331664,TRUE,FALSE
chr2_2001837,constitutive,chr2,2001837,MYT1L,1789113,2331664,TRUE,FALSE
chr2_2001867,constitutive,chr2,2001867,MYT1L,1789113,2331664,TRUE,FALSE
chr2_2001972,ambiguous,chr2,2001972,MYT1L,1789113,2331664,TRUE,FALSE
chr2_2002002,constitutive,chr2,2002002,MYT1L,1789113,2331664,TRUE,FALSE
chr2_2002040,ambiguous,chr2,2002040,MYT1L,1789113,2331664,TRUE,FALSE
chr2_2002237,constitutive,chr2,2002237,MYT1L,1789113,2331664,TRUE,FALSE
chr2_2002265,constitutive,chr2,2002265,MYT1L,1789113,2331664,TRUE,FALSE
chr2_2002286,constitutive,chr2,2002286,MYT1L,1789113,2331664,TRUE,FALSE
chr2_2002561,ambiguous,chr2,2002561,MYT1L,1789113,2331664,TRUE,FALSE
chr2_2002783,constitutive,chr2,2002783,MYT1L,1789113,2331664,TRUE,FALSE
chr2_2002974,ambiguous,chr2,2002974,MYT1L,1789113,2331664,TRUE,FALSE
chr2_2003099,Meso_specific,chr2,2003099,MYT1L,1789113,2331664,TRUE,FALSE
chr2_2003148,constitutive,chr2,2003148,MYT1L,1789113,2331664,TRUE,FALSE
chr2_2003175,ambiguous,chr2,2003175,MYT1L,1789113,2331664,TRUE,FALSE
chr2_2003277,constitutive,chr2,2003277,MYT1L,1789113,2331664,TRUE,FALSE
chr2_2003282,ambiguous,chr2,2003282,MYT1L,1789113,2331664,TRUE,FALSE
chr2_2003413,ambiguous,chr2,2003413,MYT1L,1789113,2331664,TRUE,FALSE
chr2_2003724,ambiguous,chr2,2003724,MYT1L,1789113,2331664,TRUE,FALSE
chr2_2003745,constitutive,chr2,2003745,MYT1L,1789113,2331664,TRUE,FALSE
chr2_2003830,ambiguous,chr2,2003830,MYT1L,1789113,2331664,TRUE,FALSE
chr2_2003918,ambiguous,chr2,2003918,MYT1L,1789113,2331664,TRUE,FALSE
chr2_2003958,ambiguous,chr2,2003958,MYT1L,1789113,2331664,TRUE,FALSE
chr2_2003990,ambiguous,chr2,2003990,MYT1L,1789113,2331664,TRUE,FALSE
chr2_2004066,ambiguous,chr2,2004066,MYT1L,1789113,2331664,TRUE,FALSE
chr2_2004094,ambiguous,chr2,2004094,MYT1L,1789113,2331664,TRUE,FALSE
chr2_2004110,ambiguous,chr2,2004110,MYT1L,1789113,2331664,TRUE,FALSE
chr2_2004274,ambiguous,chr2,2004274,MYT1L,1789113,2331664,TRUE,FALSE
chr2_2004290,ambiguous,chr2,2004290,MYT1L,1789113,2331664,TRUE,FALSE
chr2_2004306,ambiguous,chr2,2004306,MYT1L,1789113,2331664,TRUE,FALSE
chr2_2004322,constitutive,chr2,2004322,MYT1L,1789113,2331664,TRUE,FALSE
chr2_2004338,constitutive,chr2,2004338,MYT1L,1789113,2331664,TRUE,FALSE
chr2_2004350,ME,chr2,2004350,MYT1L,1789113,2331664,TRUE,FALSE
chr2_2004402,ambiguous,chr2,2004402,MYT1L,1789113,2331664,TRUE,FALSE
chr2_2004434,constitutive,chr2,2004434,MYT1L,1789113,2331664,TRUE,FALSE
chr2_2004450,ambiguous,chr2,2004450,MYT1L,1789113,2331664,TRUE,FALSE
chr2_2004530,ambiguous,chr2,2004530,MYT1L,1789113,2331664,TRUE,FALSE
chr2_2004578,ambiguous,chr2,2004578,MYT1L,1789113,2331664,TRUE,FALSE
chr2_2004654,ambiguous,chr2,2004654,MYT1L,1789113,2331664,TRUE,FALSE
chr2_2004767,ambiguous,chr2,2004767,MYT1L,1789113,2331664,TRUE,FALSE
chr2_2004847,constitutive,chr2,2004847,MYT1L,1789113,2331664,TRUE,FALSE
chr2_2005019,ambiguous,chr2,2005019,MYT1L,1789113,2331664,TRUE,FALSE
chr2_2005039,ambiguous,chr2,2005039,MYT1L,1789113,2331664,TRUE,FALSE
chr2_2005071,ambiguous,chr2,2005071,MYT1L,1789113,2331664,TRUE,FALSE
chr2_2005087,ambiguous,chr2,2005087,MYT1L,1789113,2331664,TRUE,FALSE
chr2_2005263,ambiguous,chr2,2005263,MYT1L,1789113,2331664,TRUE,FALSE
chr2_2005419,constitutive,chr2,2005419,MYT1L,1789113,2331664,TRUE,FALSE
chr2_2005707,ambiguous,chr2,2005707,MYT1L,1789113,2331664,TRUE,FALSE
chr2_2006023,ambiguous,chr2,2006023,MYT1L,1789113,2331664,TRUE,FALSE
chr2_2006119,constitutive,chr2,2006119,MYT1L,1789113,2331664,TRUE,FALSE
chr2_2006309,ambiguous,chr2,2006309,MYT1L,1789113,2331664,TRUE,FALSE
chr2_2006556,ambiguous,chr2,2006556,MYT1L,1789113,2331664,TRUE,FALSE
chr2_2006636,constitutive,chr2,2006636,MYT1L,1789113,2331664,TRUE,FALSE
chr2_2006644,constitutive,chr2,2006644,MYT1L,1789113,2331664,TRUE,FALSE
chr2_2006736,constitutive,chr2,2006736,MYT1L,1789113,2331664,TRUE,FALSE
chr2_2006764,constitutive,chr2,2006764,MYT1L,1789113,2331664,TRUE,FALSE
chr2_2006789,constitutive,chr2,2006789,MYT1L,1789113,2331664,TRUE,FALSE
chr2_2006865,constitutive,chr2,2006865,MYT1L,1789113,2331664,TRUE,FALSE
chr2_2006958,ambiguous,chr2,2006958,MYT1L,1789113,2331664,TRUE,FALSE
chr2_2007164,constitutive,chr2,2007164,MYT1L,1789113,2331664,TRUE,FALSE
chr2_2007583,ambiguous,chr2,2007583,MYT1L,1789113,2331664,TRUE,FALSE
chr2_2007986,ambiguous,chr2,2007986,MYT1L,1789113,2331664,TRUE,FALSE
chr2_2008024,ambiguous,chr2,2008024,MYT1L,1789113,2331664,TRUE,FALSE
chr2_2008212,ambiguous,chr2,2008212,MYT1L,1789113,2331664,TRUE,FALSE
chr2_2008302,ambiguous,chr2,2008302,MYT1L,1789113,2331664,TRUE,FALSE
chr2_2008306,ambiguous,chr2,2008306,MYT1L,1789113,2331664,TRUE,FALSE
chr2_2008318,ambiguous,chr2,2008318,MYT1L,1789113,2331664,TRUE,FALSE
chr2_2008418,ambiguous,chr2,2008418,MYT1L,1789113,2331664,TRUE,FALSE
chr2_2008511,constitutive,chr2,2008511,MYT1L,1789113,2331664,TRUE,FALSE
chr2_2008922,ambiguous,chr2,2008922,MYT1L,1789113,2331664,TRUE,FALSE
chr2_2008988,constitutive,chr2,2008988,MYT1L,1789113,2331664,TRUE,FALSE
chr2_2009033,ambiguous,chr2,2009033,MYT1L,1789113,2331664,TRUE,FALSE
chr2_2009567,ambiguous,chr2,2009567,MYT1L,1789113,2331664,TRUE,FALSE
chr2_2009758,constitutive,chr2,2009758,MYT1L,1789113,2331664,TRUE,FALSE
chr2_2010231,ambiguous,chr2,2010231,MYT1L,1789113,2331664,TRUE,FALSE
chr2_2010558,constitutive,chr2,2010558,MYT1L,1789113,2331664,TRUE,FALSE
chr2_2010604,constitutive,chr2,2010604,MYT1L,1789113,2331664,TRUE,FALSE
chr2_2010609,constitutive,chr2,2010609,MYT1L,1789113,2331664,TRUE,FALSE
chr2_2010612,ambiguous,chr2,2010612,MYT1L,1789113,2331664,TRUE,FALSE
chr2_2010755,ambiguous,chr2,2010755,MYT1L,1789113,2331664,TRUE,FALSE
chr2_2010833,ambiguous,chr2,2010833,MYT1L,1789113,2331664,TRUE,FALSE
chr2_2010864,constitutive,chr2,2010864,MYT1L,1789113,2331664,TRUE,FALSE
chr2_2010866,constitutive,chr2,2010866,MYT1L,1789113,2331664,TRUE,FALSE
chr2_2010899,constitutive,chr2,2010899,MYT1L,1789113,2331664,TRUE,FALSE
chr2_2010940,ambiguous,chr2,2010940,MYT1L,1789113,2331664,TRUE,FALSE
chr2_2011159,constitutive,chr2,2011159,MYT1L,1789113,2331664,TRUE,FALSE
chr2_2011206,constitutive,chr2,2011206,MYT1L,1789113,2331664,TRUE,FALSE
chr2_2011274,ambiguous,chr2,2011274,MYT1L,1789113,2331664,TRUE,FALSE
chr2_2011316,ambiguous,chr2,2011316,MYT1L,1789113,2331664,TRUE,FALSE
chr2_2011351,constitutive,chr2,2011351,MYT1L,1789113,2331664,TRUE,FALSE
chr2_2011359,constitutive,chr2,2011359,MYT1L,1789113,2331664,TRUE,FALSE
chr2_2011972,ambiguous,chr2,2011972,MYT1L,1789113,2331664,TRUE,FALSE
chr2_2012033,ambiguous,chr2,2012033,MYT1L,1789113,2331664,TRUE,FALSE
chr2_2012048,ambiguous,chr2,2012048,MYT1L,1789113,2331664,TRUE,FALSE
chr2_2012314,ambiguous,chr2,2012314,MYT1L,1789113,2331664,TRUE,FALSE
chr2_2012374,ambiguous,chr2,2012374,MYT1L,1789113,2331664,TRUE,FALSE
chr2_2012462,ambiguous,chr2,2012462,MYT1L,1789113,2331664,TRUE,FALSE
chr2_2012560,ambiguous,chr2,2012560,MYT1L,1789113,2331664,TRUE,FALSE
chr2_2012629,ambiguous,chr2,2012629,MYT1L,1789113,2331664,TRUE,FALSE
chr2_2012675,ambiguous,chr2,2012675,MYT1L,1789113,2331664,TRUE,FALSE
chr2_2012690,ambiguous,chr2,2012690,MYT1L,1789113,2331664,TRUE,FALSE
chr2_2012740,ambiguous,chr2,2012740,MYT1L,1789113,2331664,TRUE,FALSE
chr2_2012744,ambiguous,chr2,2012744,MYT1L,1789113,2331664,TRUE,FALSE
chr2_2012753,constitutive,chr2,2012753,MYT1L,1789113,2331664,TRUE,FALSE
chr2_2012770,ambiguous,chr2,2012770,MYT1L,1789113,2331664,TRUE,FALSE
chr2_2012809,ambiguous,chr2,2012809,MYT1L,1789113,2331664,TRUE,FALSE
chr2_2012820,constitutive,chr2,2012820,MYT1L,1789113,2331664,TRUE,FALSE
chr2_2012880,ambiguous,chr2,2012880,MYT1L,1789113,2331664,TRUE,FALSE
chr2_2012886,constitutive,chr2,2012886,MYT1L,1789113,2331664,TRUE,FALSE
chr2_2012904,constitutive,chr2,2012904,MYT1L,1789113,2331664,TRUE,FALSE
chr2_2012969,constitutive,chr2,2012969,MYT1L,1789113,2331664,TRUE,FALSE
chr2_2013080,constitutive,chr2,2013080,MYT1L,1789113,2331664,TRUE,FALSE
chr2_2013082,constitutive,chr2,2013082,MYT1L,1789113,2331664,TRUE,FALSE
chr2_2013251,constitutive,chr2,2013251,MYT1L,1789113,2331664,TRUE,FALSE
chr2_2013260,constitutive,chr2,2013260,MYT1L,1789113,2331664,TRUE,FALSE
chr2_2013299,ambiguous,chr2,2013299,MYT1L,1789113,2331664,TRUE,FALSE
chr2_2013487,constitutive,chr2,2013487,MYT1L,1789113,2331664,TRUE,FALSE
chr2_2013512,constitutive,chr2,2013512,MYT1L,1789113,2331664,TRUE,FALSE
chr2_2013529,constitutive,chr2,2013529,MYT1L,1789113,2331664,TRUE,FALSE
chr2_2013575,constitutive,chr2,2013575,MYT1L,1789113,2331664,TRUE,FALSE
chr2_2013593,ambiguous,chr2,2013593,MYT1L,1789113,2331664,TRUE,FALSE
chr2_2013654,ambiguous,chr2,2013654,MYT1L,1789113,2331664,TRUE,FALSE
chr2_2013693,ambiguous,chr2,2013693,MYT1L,1789113,2331664,TRUE,FALSE
chr2_2013851,constitutive,chr2,2013851,MYT1L,1789113,2331664,TRUE,FALSE
chr2_2013861,constitutive,chr2,2013861,MYT1L,1789113,2331664,TRUE,FALSE
chr2_2013865,constitutive,chr2,2013865,MYT1L,1789113,2331664,TRUE,FALSE
chr2_2013871,constitutive,chr2,2013871,MYT1L,1789113,2331664,TRUE,FALSE
chr2_2014300,ambiguous,chr2,2014300,MYT1L,1789113,2331664,TRUE,FALSE
chr2_2014313,ambiguous,chr2,2014313,MYT1L,1789113,2331664,TRUE,FALSE
chr2_2014379,ambiguous,chr2,2014379,MYT1L,1789113,2331664,TRUE,FALSE
chr2_2014389,ambiguous,chr2,2014389,MYT1L,1789113,2331664,TRUE,FALSE
chr2_2014420,ambiguous,chr2,2014420,MYT1L,1789113,2331664,TRUE,FALSE
chr2_2014496,constitutive,chr2,2014496,MYT1L,1789113,2331664,TRUE,FALSE
chr2_2014557,ambiguous,chr2,2014557,MYT1L,1789113,2331664,TRUE,FALSE
chr2_2014610,ambiguous,chr2,2014610,MYT1L,1789113,2331664,TRUE,FALSE
chr2_2014757,ambiguous,chr2,2014757,MYT1L,1789113,2331664,TRUE,FALSE
chr2_2014806,ambiguous,chr2,2014806,MYT1L,1789113,2331664,TRUE,FALSE
chr2_2014930,ambiguous,chr2,2014930,MYT1L,1789113,2331664,TRUE,FALSE
chr2_2015003,ambiguous,chr2,2015003,MYT1L,1789113,2331664,TRUE,FALSE
chr2_2015039,ambiguous,chr2,2015039,MYT1L,1789113,2331664,TRUE,FALSE
chr2_2015129,ambiguous,chr2,2015129,MYT1L,1789113,2331664,TRUE,FALSE
chr2_2015135,ambiguous,chr2,2015135,MYT1L,1789113,2331664,TRUE,FALSE
chr2_2015137,constitutive,chr2,2015137,MYT1L,1789113,2331664,TRUE,FALSE
chr2_2015226,ambiguous,chr2,2015226,MYT1L,1789113,2331664,TRUE,FALSE
chr2_2015265,constitutive,chr2,2015265,MYT1L,1789113,2331664,TRUE,FALSE
chr2_2015294,constitutive,chr2,2015294,MYT1L,1789113,2331664,TRUE,FALSE
chr2_2015321,constitutive,chr2,2015321,MYT1L,1789113,2331664,TRUE,FALSE
chr2_2015356,ambiguous,chr2,2015356,MYT1L,1789113,2331664,TRUE,FALSE
chr2_2015379,ambiguous,chr2,2015379,MYT1L,1789113,2331664,TRUE,FALSE
chr2_2015431,ambiguous,chr2,2015431,MYT1L,1789113,2331664,TRUE,FALSE
chr2_2015713,ambiguous,chr2,2015713,MYT1L,1789113,2331664,TRUE,FALSE
chr2_2015738,ambiguous,chr2,2015738,MYT1L,1789113,2331664,TRUE,FALSE
chr2_2015756,ambiguous,chr2,2015756,MYT1L,1789113,2331664,TRUE,FALSE
chr2_2015875,ambiguous,chr2,2015875,MYT1L,1789113,2331664,TRUE,FALSE
chr2_2015937,ambiguous,chr2,2015937,MYT1L,1789113,2331664,TRUE,FALSE
chr2_2016165,ambiguous,chr2,2016165,MYT1L,1789113,2331664,TRUE,FALSE
chr2_2016245,ambiguous,chr2,2016245,MYT1L,1789113,2331664,TRUE,FALSE
chr2_2016338,ambiguous,chr2,2016338,MYT1L,1789113,2331664,TRUE,FALSE
chr2_2016442,ambiguous,chr2,2016442,MYT1L,1789113,2331664,TRUE,FALSE
chr2_2016471,ambiguous,chr2,2016471,MYT1L,1789113,2331664,TRUE,FALSE
chr2_2016776,ambiguous,chr2,2016776,MYT1L,1789113,2331664,TRUE,FALSE
chr2_2016786,constitutive,chr2,2016786,MYT1L,1789113,2331664,TRUE,FALSE
chr2_2016851,ambiguous,chr2,2016851,MYT1L,1789113,2331664,TRUE,FALSE
chr2_2017020,ambiguous,chr2,2017020,MYT1L,1789113,2331664,TRUE,FALSE
chr2_2017132,constitutive,chr2,2017132,MYT1L,1789113,2331664,TRUE,FALSE
chr2_2017146,ambiguous,chr2,2017146,MYT1L,1789113,2331664,TRUE,FALSE
chr2_2017183,constitutive,chr2,2017183,MYT1L,1789113,2331664,TRUE,FALSE
chr2_2017197,constitutive,chr2,2017197,MYT1L,1789113,2331664,TRUE,FALSE
chr2_2017218,constitutive,chr2,2017218,MYT1L,1789113,2331664,TRUE,FALSE
chr2_2017386,ambiguous,chr2,2017386,MYT1L,1789113,2331664,TRUE,FALSE
chr2_2017497,constitutive,chr2,2017497,MYT1L,1789113,2331664,TRUE,FALSE
chr2_2018018,constitutive,chr2,2018018,MYT1L,1789113,2331664,TRUE,FALSE
chr2_2018045,constitutive,chr2,2018045,MYT1L,1789113,2331664,TRUE,FALSE
chr2_2018053,constitutive,chr2,2018053,MYT1L,1789113,2331664,TRUE,FALSE
chr2_2018327,ambiguous,chr2,2018327,MYT1L,1789113,2331664,TRUE,FALSE
chr2_2018354,ambiguous,chr2,2018354,MYT1L,1789113,2331664,TRUE,FALSE
chr2_2018558,constitutive,chr2,2018558,MYT1L,1789113,2331664,TRUE,FALSE
chr2_2018567,constitutive,chr2,2018567,MYT1L,1789113,2331664,TRUE,FALSE
chr2_2018574,constitutive,chr2,2018574,MYT1L,1789113,2331664,TRUE,FALSE
chr2_2018597,constitutive,chr2,2018597,MYT1L,1789113,2331664,TRUE,FALSE
chr2_2018600,constitutive,chr2,2018600,MYT1L,1789113,2331664,TRUE,FALSE
chr2_2018839,ambiguous,chr2,2018839,MYT1L,1789113,2331664,TRUE,FALSE
chr2_2018863,ambiguous,chr2,2018863,MYT1L,1789113,2331664,TRUE,FALSE
chr2_2018903,ambiguous,chr2,2018903,MYT1L,1789113,2331664,TRUE,FALSE
chr2_2018933,constitutive,chr2,2018933,MYT1L,1789113,2331664,TRUE,FALSE
chr2_2019102,constitutive,chr2,2019102,MYT1L,1789113,2331664,TRUE,FALSE
chr2_2019113,constitutive,chr2,2019113,MYT1L,1789113,2331664,TRUE,FALSE
chr2_2019207,constitutive,chr2,2019207,MYT1L,1789113,2331664,TRUE,FALSE
chr2_2019211,ambiguous,chr2,2019211,MYT1L,1789113,2331664,TRUE,FALSE
chr2_2019356,constitutive,chr2,2019356,MYT1L,1789113,2331664,TRUE,FALSE
chr2_2019424,ambiguous,chr2,2019424,MYT1L,1789113,2331664,TRUE,FALSE
chr2_2019918,ambiguous,chr2,2019918,MYT1L,1789113,2331664,TRUE,FALSE
chr2_2019969,ambiguous,chr2,2019969,MYT1L,1789113,2331664,TRUE,FALSE
chr2_2019993,constitutive,chr2,2019993,MYT1L,1789113,2331664,TRUE,FALSE
chr2_2020005,constitutive,chr2,2020005,MYT1L,1789113,2331664,TRUE,FALSE
chr2_2020144,constitutive,chr2,2020144,MYT1L,1789113,2331664,TRUE,FALSE
chr2_2020233,constitutive,chr2,2020233,MYT1L,1789113,2331664,TRUE,FALSE
chr2_2020384,constitutive,chr2,2020384,MYT1L,1789113,2331664,TRUE,FALSE
chr2_2020429,constitutive,chr2,2020429,MYT1L,1789113,2331664,TRUE,FALSE
chr2_2020433,constitutive,chr2,2020433,MYT1L,1789113,2331664,TRUE,FALSE
chr2_2020439,constitutive,chr2,2020439,MYT1L,1789113,2331664,TRUE,FALSE
chr2_2020740,ambiguous,chr2,2020740,MYT1L,1789113,2331664,TRUE,FALSE
chr2_2021003,ambiguous,chr2,2021003,MYT1L,1789113,2331664,TRUE,FALSE
chr2_2021036,ambiguous,chr2,2021036,MYT1L,1789113,2331664,TRUE,FALSE
chr2_2021065,ambiguous,chr2,2021065,MYT1L,1789113,2331664,TRUE,FALSE
chr2_2021072,ambiguous,chr2,2021072,MYT1L,1789113,2331664,TRUE,FALSE
chr2_2021083,constitutive,chr2,2021083,MYT1L,1789113,2331664,TRUE,FALSE
chr2_2021091,ambiguous,chr2,2021091,MYT1L,1789113,2331664,TRUE,FALSE
chr2_2021490,ambiguous,chr2,2021490,MYT1L,1789113,2331664,TRUE,FALSE
chr2_2021619,ambiguous,chr2,2021619,MYT1L,1789113,2331664,TRUE,FALSE
chr2_2021623,constitutive,chr2,2021623,MYT1L,1789113,2331664,TRUE,FALSE
chr2_2021625,constitutive,chr2,2021625,MYT1L,1789113,2331664,TRUE,FALSE
chr2_2021635,ambiguous,chr2,2021635,MYT1L,1789113,2331664,TRUE,FALSE
chr2_2021657,ambiguous,chr2,2021657,MYT1L,1789113,2331664,TRUE,FALSE
chr2_2021713,ambiguous,chr2,2021713,MYT1L,1789113,2331664,TRUE,FALSE
chr2_2021724,ambiguous,chr2,2021724,MYT1L,1789113,2331664,TRUE,FALSE
chr2_2021757,ambiguous,chr2,2021757,MYT1L,1789113,2331664,TRUE,FALSE
chr2_2021813,ambiguous,chr2,2021813,MYT1L,1789113,2331664,TRUE,FALSE
chr2_2021821,constitutive,chr2,2021821,MYT1L,1789113,2331664,TRUE,FALSE
chr2_2021828,constitutive,chr2,2021828,MYT1L,1789113,2331664,TRUE,FALSE
chr2_2021845,ambiguous,chr2,2021845,MYT1L,1789113,2331664,TRUE,FALSE
chr2_2021851,ambiguous,chr2,2021851,MYT1L,1789113,2331664,TRUE,FALSE
chr2_2021883,ambiguous,chr2,2021883,MYT1L,1789113,2331664,TRUE,FALSE
chr2_2021968,ambiguous,chr2,2021968,MYT1L,1789113,2331664,TRUE,FALSE
chr2_2022044,ambiguous,chr2,2022044,MYT1L,1789113,2331664,TRUE,FALSE
chr2_2022060,ambiguous,chr2,2022060,MYT1L,1789113,2331664,TRUE,FALSE
chr2_2022092,ambiguous,chr2,2022092,MYT1L,1789113,2331664,TRUE,FALSE
chr2_2022118,ambiguous,chr2,2022118,MYT1L,1789113,2331664,TRUE,FALSE
chr2_2022164,ambiguous,chr2,2022164,MYT1L,1789113,2331664,TRUE,FALSE
chr2_2022270,ambiguous,chr2,2022270,MYT1L,1789113,2331664,TRUE,FALSE
chr2_2022299,Ecto_specific,chr2,2022299,MYT1L,1789113,2331664,TRUE,FALSE
chr2_2022311,ambiguous,chr2,2022311,MYT1L,1789113,2331664,TRUE,FALSE
chr2_2022551,ambiguous,chr2,2022551,MYT1L,1789113,2331664,TRUE,FALSE
chr2_2022623,constitutive,chr2,2022623,MYT1L,1789113,2331664,TRUE,FALSE
chr2_2022659,ambiguous,chr2,2022659,MYT1L,1789113,2331664,TRUE,FALSE
chr2_2022760,ambiguous,chr2,2022760,MYT1L,1789113,2331664,TRUE,FALSE
chr2_2022837,constitutive,chr2,2022837,MYT1L,1789113,2331664,TRUE,FALSE
chr2_2022856,constitutive,chr2,2022856,MYT1L,1789113,2331664,TRUE,FALSE
chr2_2022870,constitutive,chr2,2022870,MYT1L,1789113,2331664,TRUE,FALSE
chr2_2022876,constitutive,chr2,2022876,MYT1L,1789113,2331664,TRUE,FALSE
chr2_2023120,ambiguous,chr2,2023120,MYT1L,1789113,2331664,TRUE,FALSE
chr2_2023236,ambiguous,chr2,2023236,MYT1L,1789113,2331664,TRUE,FALSE
chr2_2023294,ambiguous,chr2,2023294,MYT1L,1789113,2331664,TRUE,FALSE
chr2_2023407,ambiguous,chr2,2023407,MYT1L,1789113,2331664,TRUE,FALSE
chr2_2023422,ambiguous,chr2,2023422,MYT1L,1789113,2331664,TRUE,FALSE
chr2_2023433,ambiguous,chr2,2023433,MYT1L,1789113,2331664,TRUE,FALSE
chr2_2023534,ambiguous,chr2,2023534,MYT1L,1789113,2331664,TRUE,FALSE
chr2_2023550,ambiguous,chr2,2023550,MYT1L,1789113,2331664,TRUE,FALSE
chr2_2023583,ambiguous,chr2,2023583,MYT1L,1789113,2331664,TRUE,FALSE
chr2_2023694,ambiguous,chr2,2023694,MYT1L,1789113,2331664,TRUE,FALSE
chr2_2023711,ambiguous,chr2,2023711,MYT1L,1789113,2331664,TRUE,FALSE
chr2_2023892,constitutive,chr2,2023892,MYT1L,1789113,2331664,TRUE,FALSE
chr2_2024020,constitutive,chr2,2024020,MYT1L,1789113,2331664,TRUE,FALSE
chr2_2024035,ambiguous,chr2,2024035,MYT1L,1789113,2331664,TRUE,FALSE
chr2_2024239,constitutive,chr2,2024239,MYT1L,1789113,2331664,TRUE,FALSE
chr2_2024349,constitutive,chr2,2024349,MYT1L,1789113,2331664,TRUE,FALSE
chr2_2024623,ambiguous,chr2,2024623,MYT1L,1789113,2331664,TRUE,FALSE
chr2_2024701,ambiguous,chr2,2024701,MYT1L,1789113,2331664,TRUE,FALSE
chr2_2024748,constitutive,chr2,2024748,MYT1L,1789113,2331664,TRUE,FALSE
chr2_2024917,constitutive,chr2,2024917,MYT1L,1789113,2331664,TRUE,FALSE
chr2_2024919,constitutive,chr2,2024919,MYT1L,1789113,2331664,TRUE,FALSE
chr2_2024925,constitutive,chr2,2024925,MYT1L,1789113,2331664,TRUE,FALSE
chr2_2024927,constitutive,chr2,2024927,MYT1L,1789113,2331664,TRUE,FALSE
chr2_2024932,constitutive,chr2,2024932,MYT1L,1789113,2331664,TRUE,FALSE
chr2_2025001,ambiguous,chr2,2025001,MYT1L,1789113,2331664,TRUE,FALSE
chr2_2025151,ambiguous,chr2,2025151,MYT1L,1789113,2331664,TRUE,FALSE
chr2_2025249,ambiguous,chr2,2025249,MYT1L,1789113,2331664,TRUE,FALSE
chr2_2025256,ambiguous,chr2,2025256,MYT1L,1789113,2331664,TRUE,FALSE
chr2_2025261,ambiguous,chr2,2025261,MYT1L,1789113,2331664,TRUE,FALSE
chr2_2025283,ambiguous,chr2,2025283,MYT1L,1789113,2331664,TRUE,FALSE
chr2_2025637,constitutive,chr2,2025637,MYT1L,1789113,2331664,TRUE,FALSE
chr2_2025713,ambiguous,chr2,2025713,MYT1L,1789113,2331664,TRUE,FALSE
chr2_2025720,ambiguous,chr2,2025720,MYT1L,1789113,2331664,TRUE,FALSE
chr2_2025996,ambiguous,chr2,2025996,MYT1L,1789113,2331664,TRUE,FALSE
chr2_2026201,constitutive,chr2,2026201,MYT1L,1789113,2331664,TRUE,FALSE
chr2_2026224,ambiguous,chr2,2026224,MYT1L,1789113,2331664,TRUE,FALSE
chr2_2026266,ambiguous,chr2,2026266,MYT1L,1789113,2331664,TRUE,FALSE
chr2_2026273,ambiguous,chr2,2026273,MYT1L,1789113,2331664,TRUE,FALSE
chr2_2026297,constitutive,chr2,2026297,MYT1L,1789113,2331664,TRUE,FALSE
chr2_2026348,ambiguous,chr2,2026348,MYT1L,1789113,2331664,TRUE,FALSE
chr2_2026363,ambiguous,chr2,2026363,MYT1L,1789113,2331664,TRUE,FALSE
chr2_2026397,ambiguous,chr2,2026397,MYT1L,1789113,2331664,TRUE,FALSE
chr2_2026445,ambiguous,chr2,2026445,MYT1L,1789113,2331664,TRUE,FALSE
chr2_2026450,ambiguous,chr2,2026450,MYT1L,1789113,2331664,TRUE,FALSE
chr2_2026470,constitutive,chr2,2026470,MYT1L,1789113,2331664,TRUE,FALSE
chr2_2026503,constitutive,chr2,2026503,MYT1L,1789113,2331664,TRUE,FALSE
chr2_2026558,ambiguous,chr2,2026558,MYT1L,1789113,2331664,TRUE,FALSE
chr2_2026572,ambiguous,chr2,2026572,MYT1L,1789113,2331664,TRUE,FALSE
chr2_2026587,ambiguous,chr2,2026587,MYT1L,1789113,2331664,TRUE,FALSE
chr2_2026614,ambiguous,chr2,2026614,MYT1L,1789113,2331664,TRUE,FALSE
chr2_2026645,ambiguous,chr2,2026645,MYT1L,1789113,2331664,TRUE,FALSE
chr2_2026658,ambiguous,chr2,2026658,MYT1L,1789113,2331664,TRUE,FALSE
chr2_2026672,ambiguous,chr2,2026672,MYT1L,1789113,2331664,TRUE,FALSE
chr2_2026691,ambiguous,chr2,2026691,MYT1L,1789113,2331664,TRUE,FALSE
chr2_2026698,ambiguous,chr2,2026698,MYT1L,1789113,2331664,TRUE,FALSE
chr2_2026720,ambiguous,chr2,2026720,MYT1L,1789113,2331664,TRUE,FALSE
chr2_2026816,ambiguous,chr2,2026816,MYT1L,1789113,2331664,TRUE,FALSE
chr2_2026840,constitutive,chr2,2026840,MYT1L,1789113,2331664,TRUE,FALSE
chr2_2026869,ambiguous,chr2,2026869,MYT1L,1789113,2331664,TRUE,FALSE
chr2_2026884,ambiguous,chr2,2026884,MYT1L,1789113,2331664,TRUE,FALSE
chr2_2026911,ambiguous,chr2,2026911,MYT1L,1789113,2331664,TRUE,FALSE
chr2_2026940,constitutive,chr2,2026940,MYT1L,1789113,2331664,TRUE,FALSE
chr2_2026952,constitutive,chr2,2026952,MYT1L,1789113,2331664,TRUE,FALSE
chr2_2026989,ambiguous,chr2,2026989,MYT1L,1789113,2331664,TRUE,FALSE
chr2_2027014,constitutive,chr2,2027014,MYT1L,1789113,2331664,TRUE,FALSE
chr2_2027030,constitutive,chr2,2027030,MYT1L,1789113,2331664,TRUE,FALSE
chr2_2027119,constitutive,chr2,2027119,MYT1L,1789113,2331664,TRUE,FALSE
chr2_2027122,constitutive,chr2,2027122,MYT1L,1789113,2331664,TRUE,FALSE
chr2_2027128,constitutive,chr2,2027128,MYT1L,1789113,2331664,TRUE,FALSE
chr2_2027143,ambiguous,chr2,2027143,MYT1L,1789113,2331664,TRUE,FALSE
chr2_2027186,ambiguous,chr2,2027186,MYT1L,1789113,2331664,TRUE,FALSE
chr2_2027198,ambiguous,chr2,2027198,MYT1L,1789113,2331664,TRUE,FALSE
chr2_2027237,ambiguous,chr2,2027237,MYT1L,1789113,2331664,TRUE,FALSE
chr2_2027257,ambiguous,chr2,2027257,MYT1L,1789113,2331664,TRUE,FALSE
chr2_2027309,ambiguous,chr2,2027309,MYT1L,1789113,2331664,TRUE,FALSE
chr2_2027438,ambiguous,chr2,2027438,MYT1L,1789113,2331664,TRUE,FALSE
chr2_2027444,constitutive,chr2,2027444,MYT1L,1789113,2331664,TRUE,FALSE
chr2_2027455,ambiguous,chr2,2027455,MYT1L,1789113,2331664,TRUE,FALSE
chr2_2027491,ambiguous,chr2,2027491,MYT1L,1789113,2331664,TRUE,FALSE
chr2_2027513,ambiguous,chr2,2027513,MYT1L,1789113,2331664,TRUE,FALSE
chr2_2027525,ambiguous,chr2,2027525,MYT1L,1789113,2331664,TRUE,FALSE
chr2_2027716,constitutive,chr2,2027716,MYT1L,1789113,2331664,TRUE,FALSE
chr2_2027820,ME,chr2,2027820,MYT1L,1789113,2331664,TRUE,FALSE
chr2_2028248,constitutive,chr2,2028248,MYT1L,1789113,2331664,TRUE,FALSE
chr2_2028412,ambiguous,chr2,2028412,MYT1L,1789113,2331664,TRUE,FALSE
chr2_2028828,constitutive,chr2,2028828,MYT1L,1789113,2331664,TRUE,FALSE
chr2_2028854,ambiguous,chr2,2028854,MYT1L,1789113,2331664,TRUE,FALSE
chr2_2028984,constitutive,chr2,2028984,MYT1L,1789113,2331664,TRUE,FALSE
chr2_2028991,constitutive,chr2,2028991,MYT1L,1789113,2331664,TRUE,FALSE
chr2_2029207,constitutive,chr2,2029207,MYT1L,1789113,2331664,TRUE,FALSE
chr2_2029268,constitutive,chr2,2029268,MYT1L,1789113,2331664,TRUE,FALSE
chr2_2029371,constitutive,chr2,2029371,MYT1L,1789113,2331664,TRUE,FALSE
chr2_2029397,constitutive,chr2,2029397,MYT1L,1789113,2331664,TRUE,FALSE
chr2_2029409,constitutive,chr2,2029409,MYT1L,1789113,2331664,TRUE,FALSE
chr2_2029607,constitutive,chr2,2029607,MYT1L,1789113,2331664,TRUE,FALSE
chr2_2030136,ambiguous,chr2,2030136,MYT1L,1789113,2331664,TRUE,FALSE
chr2_2030222,ambiguous,chr2,2030222,MYT1L,1789113,2331664,TRUE,FALSE
chr2_2030242,constitutive,chr2,2030242,MYT1L,1789113,2331664,TRUE,FALSE
chr2_2030254,constitutive,chr2,2030254,MYT1L,1789113,2331664,TRUE,FALSE
chr2_2030287,ambiguous,chr2,2030287,MYT1L,1789113,2331664,TRUE,FALSE
chr2_2030307,constitutive,chr2,2030307,MYT1L,1789113,2331664,TRUE,FALSE
chr2_2030318,ambiguous,chr2,2030318,MYT1L,1789113,2331664,TRUE,FALSE
chr2_2030343,ambiguous,chr2,2030343,MYT1L,1789113,2331664,TRUE,FALSE
chr2_2030459,ambiguous,chr2,2030459,MYT1L,1789113,2331664,TRUE,FALSE
chr2_2030912,ambiguous,chr2,2030912,MYT1L,1789113,2331664,TRUE,FALSE
chr2_2030929,ambiguous,chr2,2030929,MYT1L,1789113,2331664,TRUE,FALSE
chr2_2030994,ambiguous,chr2,2030994,MYT1L,1789113,2331664,TRUE,FALSE
chr2_2031007,constitutive,chr2,2031007,MYT1L,1789113,2331664,TRUE,FALSE
chr2_2031227,ambiguous,chr2,2031227,MYT1L,1789113,2331664,TRUE,FALSE
chr2_2031780,constitutive,chr2,2031780,MYT1L,1789113,2331664,TRUE,FALSE
chr2_2031844,constitutive,chr2,2031844,MYT1L,1789113,2331664,TRUE,FALSE
chr2_2031868,constitutive,chr2,2031868,MYT1L,1789113,2331664,TRUE,FALSE
chr2_2031909,constitutive,chr2,2031909,MYT1L,1789113,2331664,TRUE,FALSE
chr2_2031973,constitutive,chr2,2031973,MYT1L,1789113,2331664,TRUE,FALSE
chr2_2031997,constitutive,chr2,2031997,MYT1L,1789113,2331664,TRUE,FALSE
chr2_2032015,constitutive,chr2,2032015,MYT1L,1789113,2331664,TRUE,FALSE
chr2_2032037,constitutive,chr2,2032037,MYT1L,1789113,2331664,TRUE,FALSE
chr2_2032101,constitutive,chr2,2032101,MYT1L,1789113,2331664,TRUE,FALSE
chr2_2032164,constitutive,chr2,2032164,MYT1L,1789113,2331664,TRUE,FALSE
chr2_2032230,ambiguous,chr2,2032230,MYT1L,1789113,2331664,TRUE,FALSE
chr2_2032615,constitutive,chr2,2032615,MYT1L,1789113,2331664,TRUE,FALSE
chr2_2032679,constitutive,chr2,2032679,MYT1L,1789113,2331664,TRUE,FALSE
chr2_2032742,constitutive,chr2,2032742,MYT1L,1789113,2331664,TRUE,FALSE
chr2_2032745,constitutive,chr2,2032745,MYT1L,1789113,2331664,TRUE,FALSE
chr2_2032808,constitutive,chr2,2032808,MYT1L,1789113,2331664,TRUE,FALSE
chr2_2032870,ambiguous,chr2,2032870,MYT1L,1789113,2331664,TRUE,FALSE
chr2_2033134,constitutive,chr2,2033134,MYT1L,1789113,2331664,TRUE,FALSE
chr2_2033138,constitutive,chr2,2033138,MYT1L,1789113,2331664,TRUE,FALSE
chr2_2033219,ambiguous,chr2,2033219,MYT1L,1789113,2331664,TRUE,FALSE
chr2_2033262,ambiguous,chr2,2033262,MYT1L,1789113,2331664,TRUE,FALSE
chr2_2033325,ambiguous,chr2,2033325,MYT1L,1789113,2331664,TRUE,FALSE
chr2_2033389,constitutive,chr2,2033389,MYT1L,1789113,2331664,TRUE,FALSE
chr2_2033425,ambiguous,chr2,2033425,MYT1L,1789113,2331664,TRUE,FALSE
chr2_2033453,constitutive,chr2,2033453,MYT1L,1789113,2331664,TRUE,FALSE
chr2_2033479,ambiguous,chr2,2033479,MYT1L,1789113,2331664,TRUE,FALSE
chr2_2033645,ambiguous,chr2,2033645,MYT1L,1789113,2331664,TRUE,FALSE
chr2_2033723,ambiguous,chr2,2033723,MYT1L,1789113,2331664,TRUE,FALSE
chr2_2033799,ambiguous,chr2,2033799,MYT1L,1789113,2331664,TRUE,FALSE
chr2_2033868,ambiguous,chr2,2033868,MYT1L,1789113,2331664,TRUE,FALSE
chr2_2033966,constitutive,chr2,2033966,MYT1L,1789113,2331664,TRUE,FALSE
chr2_2034138,constitutive,chr2,2034138,MYT1L,1789113,2331664,TRUE,FALSE
chr2_2034175,constitutive,chr2,2034175,MYT1L,1789113,2331664,TRUE,FALSE
chr2_2034178,constitutive,chr2,2034178,MYT1L,1789113,2331664,TRUE,FALSE
chr2_2034184,constitutive,chr2,2034184,MYT1L,1789113,2331664,TRUE,FALSE
chr2_2034222,constitutive,chr2,2034222,MYT1L,1789113,2331664,TRUE,FALSE
chr2_2034227,constitutive,chr2,2034227,MYT1L,1789113,2331664,TRUE,FALSE
chr2_2034258,constitutive,chr2,2034258,MYT1L,1789113,2331664,TRUE,FALSE
chr2_2034311,constitutive,chr2,2034311,MYT1L,1789113,2331664,TRUE,FALSE
chr2_2036470,constitutive,chr2,2036470,MYT1L,1789113,2331664,TRUE,FALSE
chr2_2036488,ambiguous,chr2,2036488,MYT1L,1789113,2331664,TRUE,FALSE
chr2_2036576,ambiguous,chr2,2036576,MYT1L,1789113,2331664,TRUE,FALSE
chr2_2036585,ambiguous,chr2,2036585,MYT1L,1789113,2331664,TRUE,FALSE
chr2_2036707,constitutive,chr2,2036707,MYT1L,1789113,2331664,TRUE,FALSE
chr2_2037022,ambiguous,chr2,2037022,MYT1L,1789113,2331664,TRUE,FALSE
chr2_2037062,constitutive,chr2,2037062,MYT1L,1789113,2331664,TRUE,FALSE
chr2_2037195,ambiguous,chr2,2037195,MYT1L,1789113,2331664,TRUE,FALSE
chr2_2037268,ambiguous,chr2,2037268,MYT1L,1789113,2331664,TRUE,FALSE
chr2_2037289,ambiguous,chr2,2037289,MYT1L,1789113,2331664,TRUE,FALSE
chr2_2037338,ambiguous,chr2,2037338,MYT1L,1789113,2331664,TRUE,FALSE
chr2_2037483,constitutive,chr2,2037483,MYT1L,1789113,2331664,TRUE,FALSE
chr2_2037486,constitutive,chr2,2037486,MYT1L,1789113,2331664,TRUE,FALSE
chr2_2037576,constitutive,chr2,2037576,MYT1L,1789113,2331664,TRUE,FALSE
chr2_2037680,ambiguous,chr2,2037680,MYT1L,1789113,2331664,TRUE,FALSE
chr2_2037751,ambiguous,chr2,2037751,MYT1L,1789113,2331664,TRUE,FALSE
chr2_2037945,ambiguous,chr2,2037945,MYT1L,1789113,2331664,TRUE,FALSE
chr2_2038063,ambiguous,chr2,2038063,MYT1L,1789113,2331664,TRUE,FALSE
chr2_2038105,constitutive,chr2,2038105,MYT1L,1789113,2331664,TRUE,FALSE
chr2_2038118,ambiguous,chr2,2038118,MYT1L,1789113,2331664,TRUE,FALSE
chr2_2038124,constitutive,chr2,2038124,MYT1L,1789113,2331664,TRUE,FALSE
chr2_2038136,constitutive,chr2,2038136,MYT1L,1789113,2331664,TRUE,FALSE
chr2_2038165,constitutive,chr2,2038165,MYT1L,1789113,2331664,TRUE,FALSE
chr2_2038482,constitutive,chr2,2038482,MYT1L,1789113,2331664,TRUE,FALSE
chr2_2038496,constitutive,chr2,2038496,MYT1L,1789113,2331664,TRUE,FALSE
chr2_2038517,constitutive,chr2,2038517,MYT1L,1789113,2331664,TRUE,FALSE
chr2_2038535,ambiguous,chr2,2038535,MYT1L,1789113,2331664,TRUE,FALSE
chr2_2038611,ambiguous,chr2,2038611,MYT1L,1789113,2331664,TRUE,FALSE
chr2_2038650,ambiguous,chr2,2038650,MYT1L,1789113,2331664,TRUE,FALSE
chr2_2038711,ambiguous,chr2,2038711,MYT1L,1789113,2331664,TRUE,FALSE
chr2_2038938,ambiguous,chr2,2038938,MYT1L,1789113,2331664,TRUE,FALSE
chr2_2038950,constitutive,chr2,2038950,MYT1L,1789113,2331664,TRUE,FALSE
chr2_2039007,ambiguous,chr2,2039007,MYT1L,1789113,2331664,TRUE,FALSE
chr2_2039061,constitutive,chr2,2039061,MYT1L,1789113,2331664,TRUE,FALSE
chr2_2039102,constitutive,chr2,2039102,MYT1L,1789113,2331664,TRUE,FALSE
chr2_2039129,constitutive,chr2,2039129,MYT1L,1789113,2331664,TRUE,FALSE
chr2_2039317,constitutive,chr2,2039317,MYT1L,1789113,2331664,TRUE,FALSE
chr2_2039348,constitutive,chr2,2039348,MYT1L,1789113,2331664,TRUE,FALSE
chr2_2039492,ambiguous,chr2,2039492,MYT1L,1789113,2331664,TRUE,FALSE
chr2_2039618,constitutive,chr2,2039618,MYT1L,1789113,2331664,TRUE,FALSE
chr2_2039756,constitutive,chr2,2039756,MYT1L,1789113,2331664,TRUE,FALSE
chr2_2039789,constitutive,chr2,2039789,MYT1L,1789113,2331664,TRUE,FALSE
chr2_2039842,ambiguous,chr2,2039842,MYT1L,1789113,2331664,TRUE,FALSE
chr2_2039918,ambiguous,chr2,2039918,MYT1L,1789113,2331664,TRUE,FALSE
chr2_2040005,constitutive,chr2,2040005,MYT1L,1789113,2331664,TRUE,FALSE
chr2_2040017,constitutive,chr2,2040017,MYT1L,1789113,2331664,TRUE,FALSE
chr2_2040106,constitutive,chr2,2040106,MYT1L,1789113,2331664,TRUE,FALSE
chr2_2040236,ambiguous,chr2,2040236,MYT1L,1789113,2331664,TRUE,FALSE
chr2_2040274,ambiguous,chr2,2040274,MYT1L,1789113,2331664,TRUE,FALSE
chr2_2040410,ambiguous,chr2,2040410,MYT1L,1789113,2331664,TRUE,FALSE
chr2_2040461,ambiguous,chr2,2040461,MYT1L,1789113,2331664,TRUE,FALSE
chr2_2040490,constitutive,chr2,2040490,MYT1L,1789113,2331664,TRUE,FALSE
chr2_2040507,ambiguous,chr2,2040507,MYT1L,1789113,2331664,TRUE,FALSE
chr2_2041061,constitutive,chr2,2041061,MYT1L,1789113,2331664,TRUE,FALSE
chr2_2041262,constitutive,chr2,2041262,MYT1L,1789113,2331664,TRUE,FALSE
chr2_2041426,ambiguous,chr2,2041426,MYT1L,1789113,2331664,TRUE,FALSE
chr2_2041501,ambiguous,chr2,2041501,MYT1L,1789113,2331664,TRUE,FALSE
chr2_2041627,ambiguous,chr2,2041627,MYT1L,1789113,2331664,TRUE,FALSE
chr2_2041640,ambiguous,chr2,2041640,MYT1L,1789113,2331664,TRUE,FALSE
chr2_2041675,ambiguous,chr2,2041675,MYT1L,1789113,2331664,TRUE,FALSE
chr2_2041711,ambiguous,chr2,2041711,MYT1L,1789113,2331664,TRUE,FALSE
chr2_2042018,ambiguous,chr2,2042018,MYT1L,1789113,2331664,TRUE,FALSE
chr2_2042102,ambiguous,chr2,2042102,MYT1L,1789113,2331664,TRUE,FALSE
chr2_2042131,constitutive,chr2,2042131,MYT1L,1789113,2331664,TRUE,FALSE
chr2_2042209,ambiguous,chr2,2042209,MYT1L,1789113,2331664,TRUE,FALSE
chr2_2042426,constitutive,chr2,2042426,MYT1L,1789113,2331664,TRUE,FALSE
chr2_2042477,constitutive,chr2,2042477,MYT1L,1789113,2331664,TRUE,FALSE
chr2_2042682,ambiguous,chr2,2042682,MYT1L,1789113,2331664,TRUE,FALSE
chr2_2042770,constitutive,chr2,2042770,MYT1L,1789113,2331664,TRUE,FALSE
chr2_2042787,constitutive,chr2,2042787,MYT1L,1789113,2331664,TRUE,FALSE
chr2_2042791,constitutive,chr2,2042791,MYT1L,1789113,2331664,TRUE,FALSE
chr2_2042933,ambiguous,chr2,2042933,MYT1L,1789113,2331664,TRUE,FALSE
chr2_2042967,ambiguous,chr2,2042967,MYT1L,1789113,2331664,TRUE,FALSE
chr2_2042978,ambiguous,chr2,2042978,MYT1L,1789113,2331664,TRUE,FALSE
chr2_2043063,constitutive,chr2,2043063,MYT1L,1789113,2331664,TRUE,FALSE
chr2_2043088,ambiguous,chr2,2043088,MYT1L,1789113,2331664,TRUE,FALSE
chr2_2043103,ambiguous,chr2,2043103,MYT1L,1789113,2331664,TRUE,FALSE
chr2_2043244,ambiguous,chr2,2043244,MYT1L,1789113,2331664,TRUE,FALSE
chr2_2043323,ambiguous,chr2,2043323,MYT1L,1789113,2331664,TRUE,FALSE
chr2_2043497,ambiguous,chr2,2043497,MYT1L,1789113,2331664,TRUE,FALSE
chr2_2043499,ambiguous,chr2,2043499,MYT1L,1789113,2331664,TRUE,FALSE
chr2_2043525,ambiguous,chr2,2043525,MYT1L,1789113,2331664,TRUE,FALSE
chr2_2043927,ambiguous,chr2,2043927,MYT1L,1789113,2331664,TRUE,FALSE
chr2_2044285,ambiguous,chr2,2044285,MYT1L,1789113,2331664,TRUE,FALSE
chr2_2044368,constitutive,chr2,2044368,MYT1L,1789113,2331664,TRUE,FALSE
chr2_2044466,ambiguous,chr2,2044466,MYT1L,1789113,2331664,TRUE,FALSE
chr2_2044500,ambiguous,chr2,2044500,MYT1L,1789113,2331664,TRUE,FALSE
chr2_2044525,ambiguous,chr2,2044525,MYT1L,1789113,2331664,TRUE,FALSE
chr2_2044596,ambiguous,chr2,2044596,MYT1L,1789113,2331664,TRUE,FALSE
chr2_2044636,constitutive,chr2,2044636,MYT1L,1789113,2331664,TRUE,FALSE
chr2_2044651,ambiguous,chr2,2044651,MYT1L,1789113,2331664,TRUE,FALSE
chr2_2044693,ambiguous,chr2,2044693,MYT1L,1789113,2331664,TRUE,FALSE
chr2_2044742,constitutive,chr2,2044742,MYT1L,1789113,2331664,TRUE,FALSE
chr2_2044767,constitutive,chr2,2044767,MYT1L,1789113,2331664,TRUE,FALSE
chr2_2044819,constitutive,chr2,2044819,MYT1L,1789113,2331664,TRUE,FALSE
chr2_2045319,ambiguous,chr2,2045319,MYT1L,1789113,2331664,TRUE,FALSE
chr2_2045969,ambiguous,chr2,2045969,MYT1L,1789113,2331664,TRUE,FALSE
chr2_2046036,ambiguous,chr2,2046036,MYT1L,1789113,2331664,TRUE,FALSE
chr2_2046633,ambiguous,chr2,2046633,MYT1L,1789113,2331664,TRUE,FALSE
chr2_2046638,ambiguous,chr2,2046638,MYT1L,1789113,2331664,TRUE,FALSE
chr2_2047062,constitutive,chr2,2047062,MYT1L,1789113,2331664,TRUE,FALSE
chr2_2047168,ambiguous,chr2,2047168,MYT1L,1789113,2331664,TRUE,FALSE
chr2_2047303,constitutive,chr2,2047303,MYT1L,1789113,2331664,TRUE,FALSE
chr2_2047344,ambiguous,chr2,2047344,MYT1L,1789113,2331664,TRUE,FALSE
chr2_2047413,ambiguous,chr2,2047413,MYT1L,1789113,2331664,TRUE,FALSE
chr2_2047625,ambiguous,chr2,2047625,MYT1L,1789113,2331664,TRUE,FALSE
chr2_2047689,ambiguous,chr2,2047689,MYT1L,1789113,2331664,TRUE,FALSE
chr2_2048063,ambiguous,chr2,2048063,MYT1L,1789113,2331664,TRUE,FALSE
chr2_2048132,constitutive,chr2,2048132,MYT1L,1789113,2331664,TRUE,FALSE
chr2_2048210,ambiguous,chr2,2048210,MYT1L,1789113,2331664,TRUE,FALSE
chr2_2048340,ambiguous,chr2,2048340,MYT1L,1789113,2331664,TRUE,FALSE
chr2_2048485,constitutive,chr2,2048485,MYT1L,1789113,2331664,TRUE,FALSE
chr2_2048563,constitutive,chr2,2048563,MYT1L,1789113,2331664,TRUE,FALSE
chr2_2049218,ambiguous,chr2,2049218,MYT1L,1789113,2331664,TRUE,FALSE
chr2_2049339,ambiguous,chr2,2049339,MYT1L,1789113,2331664,TRUE,FALSE
chr2_2049797,constitutive,chr2,2049797,MYT1L,1789113,2331664,TRUE,FALSE
chr2_2049818,constitutive,chr2,2049818,MYT1L,1789113,2331664,TRUE,FALSE
chr2_2049946,ambiguous,chr2,2049946,MYT1L,1789113,2331664,TRUE,FALSE
chr2_2050015,constitutive,chr2,2050015,MYT1L,1789113,2331664,TRUE,FALSE
chr2_2050213,constitutive,chr2,2050213,MYT1L,1789113,2331664,TRUE,FALSE
chr2_2050392,ambiguous,chr2,2050392,MYT1L,1789113,2331664,TRUE,FALSE
chr2_2050512,constitutive,chr2,2050512,MYT1L,1789113,2331664,TRUE,FALSE
chr2_2050518,ambiguous,chr2,2050518,MYT1L,1789113,2331664,TRUE,FALSE
chr2_2050533,ambiguous,chr2,2050533,MYT1L,1789113,2331664,TRUE,FALSE
chr2_2050567,ambiguous,chr2,2050567,MYT1L,1789113,2331664,TRUE,FALSE
chr2_2050743,constitutive,chr2,2050743,MYT1L,1789113,2331664,TRUE,FALSE
chr2_2050756,constitutive,chr2,2050756,MYT1L,1789113,2331664,TRUE,FALSE
chr2_2050793,ambiguous,chr2,2050793,MYT1L,1789113,2331664,TRUE,FALSE
chr2_2050798,constitutive,chr2,2050798,MYT1L,1789113,2331664,TRUE,FALSE
chr2_2051060,ambiguous,chr2,2051060,MYT1L,1789113,2331664,TRUE,FALSE
chr2_2051206,constitutive,chr2,2051206,MYT1L,1789113,2331664,TRUE,FALSE
chr2_2051229,ambiguous,chr2,2051229,MYT1L,1789113,2331664,TRUE,FALSE
chr2_2051463,ambiguous,chr2,2051463,MYT1L,1789113,2331664,TRUE,FALSE
chr2_2051492,constitutive,chr2,2051492,MYT1L,1789113,2331664,TRUE,FALSE
chr2_2051505,constitutive,chr2,2051505,MYT1L,1789113,2331664,TRUE,FALSE
chr2_2051960,constitutive,chr2,2051960,MYT1L,1789113,2331664,TRUE,FALSE
chr2_2052150,constitutive,chr2,2052150,MYT1L,1789113,2331664,TRUE,FALSE
chr2_2052456,ambiguous,chr2,2052456,MYT1L,1789113,2331664,TRUE,FALSE
chr2_2052829,ambiguous,chr2,2052829,MYT1L,1789113,2331664,TRUE,FALSE
chr2_2053037,ambiguous,chr2,2053037,MYT1L,1789113,2331664,TRUE,FALSE
chr2_2053173,constitutive,chr2,2053173,MYT1L,1789113,2331664,TRUE,FALSE
chr2_2053283,ambiguous,chr2,2053283,MYT1L,1789113,2331664,TRUE,FALSE
chr2_2053308,constitutive,chr2,2053308,MYT1L,1789113,2331664,TRUE,FALSE
chr2_2053325,constitutive,chr2,2053325,MYT1L,1789113,2331664,TRUE,FALSE
chr2_2053509,ambiguous,chr2,2053509,MYT1L,1789113,2331664,TRUE,FALSE
chr2_2053993,ambiguous,chr2,2053993,MYT1L,1789113,2331664,TRUE,FALSE
chr2_2054194,ambiguous,chr2,2054194,MYT1L,1789113,2331664,TRUE,FALSE
chr2_2054244,ambiguous,chr2,2054244,MYT1L,1789113,2331664,TRUE,FALSE
chr2_2054463,constitutive,chr2,2054463,MYT1L,1789113,2331664,TRUE,FALSE
chr2_2054542,ambiguous,chr2,2054542,MYT1L,1789113,2331664,TRUE,FALSE
chr2_2054574,ambiguous,chr2,2054574,MYT1L,1789113,2331664,TRUE,FALSE
chr2_2055024,ambiguous,chr2,2055024,MYT1L,1789113,2331664,TRUE,FALSE
chr2_2055222,ambiguous,chr2,2055222,MYT1L,1789113,2331664,TRUE,FALSE
chr2_2055264,constitutive,chr2,2055264,MYT1L,1789113,2331664,TRUE,FALSE
chr2_2055571,constitutive,chr2,2055571,MYT1L,1789113,2331664,TRUE,FALSE
chr2_2055787,constitutive,chr2,2055787,MYT1L,1789113,2331664,TRUE,FALSE
chr2_2055876,ambiguous,chr2,2055876,MYT1L,1789113,2331664,TRUE,FALSE
chr2_2055888,ambiguous,chr2,2055888,MYT1L,1789113,2331664,TRUE,FALSE
chr2_2055987,constitutive,chr2,2055987,MYT1L,1789113,2331664,TRUE,FALSE
chr2_2056006,ambiguous,chr2,2056006,MYT1L,1789113,2331664,TRUE,FALSE
chr2_2056113,constitutive,chr2,2056113,MYT1L,1789113,2331664,TRUE,FALSE
chr2_2056131,constitutive,chr2,2056131,MYT1L,1789113,2331664,TRUE,FALSE
chr2_2056281,ambiguous,chr2,2056281,MYT1L,1789113,2331664,TRUE,FALSE
chr2_2056381,ambiguous,chr2,2056381,MYT1L,1789113,2331664,TRUE,FALSE
chr2_2056499,ambiguous,chr2,2056499,MYT1L,1789113,2331664,TRUE,FALSE
chr2_2056627,ambiguous,chr2,2056627,MYT1L,1789113,2331664,TRUE,FALSE
chr2_2056650,ambiguous,chr2,2056650,MYT1L,1789113,2331664,TRUE,FALSE
chr2_2056731,ambiguous,chr2,2056731,MYT1L,1789113,2331664,TRUE,FALSE
chr2_2056783,ambiguous,chr2,2056783,MYT1L,1789113,2331664,TRUE,FALSE
chr2_2056899,ambiguous,chr2,2056899,MYT1L,1789113,2331664,TRUE,FALSE
chr2_2057012,ambiguous,chr2,2057012,MYT1L,1789113,2331664,TRUE,FALSE
chr2_2057024,constitutive,chr2,2057024,MYT1L,1789113,2331664,TRUE,FALSE
chr2_2057069,ambiguous,chr2,2057069,MYT1L,1789113,2331664,TRUE,FALSE
chr2_2057088,ambiguous,chr2,2057088,MYT1L,1789113,2331664,TRUE,FALSE
chr2_2057133,ambiguous,chr2,2057133,MYT1L,1789113,2331664,TRUE,FALSE
chr2_2057197,ambiguous,chr2,2057197,MYT1L,1789113,2331664,TRUE,FALSE
chr2_2057235,Meso_specific,chr2,2057235,MYT1L,1789113,2331664,TRUE,FALSE
chr2_2057289,ambiguous,chr2,2057289,MYT1L,1789113,2331664,TRUE,FALSE
chr2_2057316,ambiguous,chr2,2057316,MYT1L,1789113,2331664,TRUE,FALSE
chr2_2057343,ambiguous,chr2,2057343,MYT1L,1789113,2331664,TRUE,FALSE
chr2_2057505,ME,chr2,2057505,MYT1L,1789113,2331664,TRUE,FALSE
chr2_2057659,ambiguous,chr2,2057659,MYT1L,1789113,2331664,TRUE,FALSE
chr2_2057678,ambiguous,chr2,2057678,MYT1L,1789113,2331664,TRUE,FALSE
chr2_2058012,constitutive,chr2,2058012,MYT1L,1789113,2331664,TRUE,FALSE
chr2_2058053,constitutive,chr2,2058053,MYT1L,1789113,2331664,TRUE,FALSE
chr2_2058379,ambiguous,chr2,2058379,MYT1L,1789113,2331664,TRUE,FALSE
chr2_2058507,constitutive,chr2,2058507,MYT1L,1789113,2331664,TRUE,FALSE
chr2_2058914,constitutive,chr2,2058914,MYT1L,1789113,2331664,TRUE,FALSE
chr2_2059130,constitutive,chr2,2059130,MYT1L,1789113,2331664,TRUE,FALSE
chr2_2059147,constitutive,chr2,2059147,MYT1L,1789113,2331664,TRUE,FALSE
chr2_2059162,constitutive,chr2,2059162,MYT1L,1789113,2331664,TRUE,FALSE
chr2_2059253,constitutive,chr2,2059253,MYT1L,1789113,2331664,TRUE,FALSE
chr2_2059272,constitutive,chr2,2059272,MYT1L,1789113,2331664,TRUE,FALSE
chr2_2059356,constitutive,chr2,2059356,MYT1L,1789113,2331664,TRUE,FALSE
chr2_2059369,constitutive,chr2,2059369,MYT1L,1789113,2331664,TRUE,FALSE
chr2_2059372,constitutive,chr2,2059372,MYT1L,1789113,2331664,TRUE,FALSE
chr2_2059378,constitutive,chr2,2059378,MYT1L,1789113,2331664,TRUE,FALSE
chr2_2059399,constitutive,chr2,2059399,MYT1L,1789113,2331664,TRUE,FALSE
chr2_2059402,constitutive,chr2,2059402,MYT1L,1789113,2331664,TRUE,FALSE
chr2_2059405,constitutive,chr2,2059405,MYT1L,1789113,2331664,TRUE,FALSE
chr2_2059419,constitutive,chr2,2059419,MYT1L,1789113,2331664,TRUE,FALSE
chr2_2059448,ambiguous,chr2,2059448,MYT1L,1789113,2331664,TRUE,FALSE
chr2_2059502,constitutive,chr2,2059502,MYT1L,1789113,2331664,TRUE,FALSE
chr2_2059588,constitutive,chr2,2059588,MYT1L,1789113,2331664,TRUE,FALSE
chr2_2059592,constitutive,chr2,2059592,MYT1L,1789113,2331664,TRUE,FALSE
chr2_2059607,constitutive,chr2,2059607,MYT1L,1789113,2331664,TRUE,FALSE
chr2_2059680,constitutive,chr2,2059680,MYT1L,1789113,2331664,TRUE,FALSE
chr2_2059683,constitutive,chr2,2059683,MYT1L,1789113,2331664,TRUE,FALSE
chr2_2059710,ambiguous,chr2,2059710,MYT1L,1789113,2331664,TRUE,FALSE
chr2_2059785,constitutive,chr2,2059785,MYT1L,1789113,2331664,TRUE,FALSE
chr2_2059932,constitutive,chr2,2059932,MYT1L,1789113,2331664,TRUE,FALSE
chr2_2059951,constitutive,chr2,2059951,MYT1L,1789113,2331664,TRUE,FALSE
chr2_2059957,constitutive,chr2,2059957,MYT1L,1789113,2331664,TRUE,FALSE
chr2_2060070,ambiguous,chr2,2060070,MYT1L,1789113,2331664,TRUE,FALSE
chr2_2060138,ambiguous,chr2,2060138,MYT1L,1789113,2331664,TRUE,FALSE
chr2_2060247,ambiguous,chr2,2060247,MYT1L,1789113,2331664,TRUE,FALSE
chr2_2061093,ambiguous,chr2,2061093,MYT1L,1789113,2331664,TRUE,FALSE
chr2_2061221,ambiguous,chr2,2061221,MYT1L,1789113,2331664,TRUE,FALSE
chr2_2061275,ambiguous,chr2,2061275,MYT1L,1789113,2331664,TRUE,FALSE
chr2_2061299,ambiguous,chr2,2061299,MYT1L,1789113,2331664,TRUE,FALSE
chr2_2061390,ambiguous,chr2,2061390,MYT1L,1789113,2331664,TRUE,FALSE
chr2_2061585,ambiguous,chr2,2061585,MYT1L,1789113,2331664,TRUE,FALSE
chr2_2061625,ambiguous,chr2,2061625,MYT1L,1789113,2331664,TRUE,FALSE
chr2_2061627,constitutive,chr2,2061627,MYT1L,1789113,2331664,TRUE,FALSE
chr2_2061635,constitutive,chr2,2061635,MYT1L,1789113,2331664,TRUE,FALSE
chr2_2061950,ambiguous,chr2,2061950,MYT1L,1789113,2331664,TRUE,FALSE
chr2_2061993,constitutive,chr2,2061993,MYT1L,1789113,2331664,TRUE,FALSE
chr2_2062020,constitutive,chr2,2062020,MYT1L,1789113,2331664,TRUE,FALSE
chr2_2062022,constitutive,chr2,2062022,MYT1L,1789113,2331664,TRUE,FALSE
chr2_2062053,constitutive,chr2,2062053,MYT1L,1789113,2331664,TRUE,FALSE
chr2_2062088,constitutive,chr2,2062088,MYT1L,1789113,2331664,TRUE,FALSE
chr2_2062095,constitutive,chr2,2062095,MYT1L,1789113,2331664,TRUE,FALSE
chr2_2062281,constitutive,chr2,2062281,MYT1L,1789113,2331664,TRUE,FALSE
chr2_2062327,ambiguous,chr2,2062327,MYT1L,1789113,2331664,TRUE,FALSE
chr2_2062398,constitutive,chr2,2062398,MYT1L,1789113,2331664,TRUE,FALSE
chr2_2062402,constitutive,chr2,2062402,MYT1L,1789113,2331664,TRUE,FALSE
chr2_2062602,ambiguous,chr2,2062602,MYT1L,1789113,2331664,TRUE,FALSE
chr2_2062741,ambiguous,chr2,2062741,MYT1L,1789113,2331664,TRUE,FALSE
chr2_2062752,ambiguous,chr2,2062752,MYT1L,1789113,2331664,TRUE,FALSE
chr2_2062812,ambiguous,chr2,2062812,MYT1L,1789113,2331664,TRUE,FALSE
chr2_2062924,ambiguous,chr2,2062924,MYT1L,1789113,2331664,TRUE,FALSE
chr2_2062991,ambiguous,chr2,2062991,MYT1L,1789113,2331664,TRUE,FALSE
chr2_2063011,constitutive,chr2,2063011,MYT1L,1789113,2331664,TRUE,FALSE
chr2_2063339,ambiguous,chr2,2063339,MYT1L,1789113,2331664,TRUE,FALSE
chr2_2063421,constitutive,chr2,2063421,MYT1L,1789113,2331664,TRUE,FALSE
chr2_2063569,constitutive,chr2,2063569,MYT1L,1789113,2331664,TRUE,FALSE
chr2_2063574,constitutive,chr2,2063574,MYT1L,1789113,2331664,TRUE,FALSE
chr2_2063581,constitutive,chr2,2063581,MYT1L,1789113,2331664,TRUE,FALSE
chr2_2063629,constitutive,chr2,2063629,MYT1L,1789113,2331664,TRUE,FALSE
chr2_2063633,constitutive,chr2,2063633,MYT1L,1789113,2331664,TRUE,FALSE
chr2_2063714,ambiguous,chr2,2063714,MYT1L,1789113,2331664,TRUE,FALSE
chr2_2063736,constitutive,chr2,2063736,MYT1L,1789113,2331664,TRUE,FALSE
chr2_2063758,constitutive,chr2,2063758,MYT1L,1789113,2331664,TRUE,FALSE
chr2_2063876,ambiguous,chr2,2063876,MYT1L,1789113,2331664,TRUE,FALSE
chr2_2063972,ambiguous,chr2,2063972,MYT1L,1789113,2331664,TRUE,FALSE
chr2_2064177,constitutive,chr2,2064177,MYT1L,1789113,2331664,TRUE,FALSE
chr2_2064234,ambiguous,chr2,2064234,MYT1L,1789113,2331664,TRUE,FALSE
chr2_2064474,constitutive,chr2,2064474,MYT1L,1789113,2331664,TRUE,FALSE
chr2_2064846,ambiguous,chr2,2064846,MYT1L,1789113,2331664,TRUE,FALSE
chr2_2065070,ambiguous,chr2,2065070,MYT1L,1789113,2331664,TRUE,FALSE
chr2_2065122,constitutive,chr2,2065122,MYT1L,1789113,2331664,TRUE,FALSE
chr2_2065139,constitutive,chr2,2065139,MYT1L,1789113,2331664,TRUE,FALSE
chr2_2065519,ambiguous,chr2,2065519,MYT1L,1789113,2331664,TRUE,FALSE
chr2_2065574,ambiguous,chr2,2065574,MYT1L,1789113,2331664,TRUE,FALSE
chr2_2065621,constitutive,chr2,2065621,MYT1L,1789113,2331664,TRUE,FALSE
chr2_2065637,constitutive,chr2,2065637,MYT1L,1789113,2331664,TRUE,FALSE
chr2_2065661,constitutive,chr2,2065661,MYT1L,1789113,2331664,TRUE,FALSE
chr2_2065847,ME,chr2,2065847,MYT1L,1789113,2331664,TRUE,FALSE
chr2_2066019,ambiguous,chr2,2066019,MYT1L,1789113,2331664,TRUE,FALSE
chr2_2066236,ambiguous,chr2,2066236,MYT1L,1789113,2331664,TRUE,FALSE
chr2_2066396,constitutive,chr2,2066396,MYT1L,1789113,2331664,TRUE,FALSE
chr2_2066428,ambiguous,chr2,2066428,MYT1L,1789113,2331664,TRUE,FALSE
chr2_2066614,ambiguous,chr2,2066614,MYT1L,1789113,2331664,TRUE,FALSE
chr2_2066713,ambiguous,chr2,2066713,MYT1L,1789113,2331664,TRUE,FALSE
chr2_2066785,constitutive,chr2,2066785,MYT1L,1789113,2331664,TRUE,FALSE
chr2_2066969,constitutive,chr2,2066969,MYT1L,1789113,2331664,TRUE,FALSE
chr2_2066987,constitutive,chr2,2066987,MYT1L,1789113,2331664,TRUE,FALSE
chr2_2067014,ambiguous,chr2,2067014,MYT1L,1789113,2331664,TRUE,FALSE
chr2_2067096,ambiguous,chr2,2067096,MYT1L,1789113,2331664,TRUE,FALSE
chr2_2067298,ambiguous,chr2,2067298,MYT1L,1789113,2331664,TRUE,FALSE
chr2_2067479,ambiguous,chr2,2067479,MYT1L,1789113,2331664,TRUE,FALSE
chr2_2067885,constitutive,chr2,2067885,MYT1L,1789113,2331664,TRUE,FALSE
chr2_2067979,ambiguous,chr2,2067979,MYT1L,1789113,2331664,TRUE,FALSE
chr2_2068081,ambiguous,chr2,2068081,MYT1L,1789113,2331664,TRUE,FALSE
chr2_2068096,ambiguous,chr2,2068096,MYT1L,1789113,2331664,TRUE,FALSE
chr2_2068152,ambiguous,chr2,2068152,MYT1L,1789113,2331664,TRUE,FALSE
chr2_2068300,ambiguous,chr2,2068300,MYT1L,1789113,2331664,TRUE,FALSE
chr2_2068401,ambiguous,chr2,2068401,MYT1L,1789113,2331664,TRUE,FALSE
chr2_2068472,ambiguous,chr2,2068472,MYT1L,1789113,2331664,TRUE,FALSE
chr2_2068948,ambiguous,chr2,2068948,MYT1L,1789113,2331664,TRUE,FALSE
chr2_2069126,constitutive,chr2,2069126,MYT1L,1789113,2331664,TRUE,FALSE
chr2_2069171,constitutive,chr2,2069171,MYT1L,1789113,2331664,TRUE,FALSE
chr2_2069179,ambiguous,chr2,2069179,MYT1L,1789113,2331664,TRUE,FALSE
chr2_2069228,ambiguous,chr2,2069228,MYT1L,1789113,2331664,TRUE,FALSE
chr2_2069318,constitutive,chr2,2069318,MYT1L,1789113,2331664,TRUE,FALSE
chr2_2069700,constitutive,chr2,2069700,MYT1L,1789113,2331664,TRUE,FALSE
chr2_2069757,constitutive,chr2,2069757,MYT1L,1789113,2331664,TRUE,FALSE
chr2_2069881,constitutive,chr2,2069881,MYT1L,1789113,2331664,TRUE,FALSE
chr2_2069898,constitutive,chr2,2069898,MYT1L,1789113,2331664,TRUE,FALSE
chr2_2070335,constitutive,chr2,2070335,MYT1L,1789113,2331664,TRUE,FALSE
chr2_2070340,constitutive,chr2,2070340,MYT1L,1789113,2331664,TRUE,FALSE
chr2_2070360,ambiguous,chr2,2070360,MYT1L,1789113,2331664,TRUE,FALSE
chr2_2070384,ambiguous,chr2,2070384,MYT1L,1789113,2331664,TRUE,FALSE
chr2_2070802,ambiguous,chr2,2070802,MYT1L,1789113,2331664,TRUE,FALSE
chr2_2070857,ambiguous,chr2,2070857,MYT1L,1789113,2331664,TRUE,FALSE
chr2_2071374,ambiguous,chr2,2071374,MYT1L,1789113,2331664,TRUE,FALSE
chr2_2071483,ambiguous,chr2,2071483,MYT1L,1789113,2331664,TRUE,FALSE
chr2_2071518,ambiguous,chr2,2071518,MYT1L,1789113,2331664,TRUE,FALSE
chr2_2071782,ambiguous,chr2,2071782,MYT1L,1789113,2331664,TRUE,FALSE
chr2_2071864,ambiguous,chr2,2071864,MYT1L,1789113,2331664,TRUE,FALSE
chr2_2072073,ambiguous,chr2,2072073,MYT1L,1789113,2331664,TRUE,FALSE
chr2_2072120,constitutive,chr2,2072120,MYT1L,1789113,2331664,TRUE,FALSE
chr2_2072133,constitutive,chr2,2072133,MYT1L,1789113,2331664,TRUE,FALSE
chr2_2072162,constitutive,chr2,2072162,MYT1L,1789113,2331664,TRUE,FALSE
chr2_2072219,ambiguous,chr2,2072219,MYT1L,1789113,2331664,TRUE,FALSE
chr2_2072455,ambiguous,chr2,2072455,MYT1L,1789113,2331664,TRUE,FALSE
chr2_2072619,constitutive,chr2,2072619,MYT1L,1789113,2331664,TRUE,FALSE
chr2_2072621,constitutive,chr2,2072621,MYT1L,1789113,2331664,TRUE,FALSE
chr2_2072629,ambiguous,chr2,2072629,MYT1L,1789113,2331664,TRUE,FALSE
chr2_2072778,ambiguous,chr2,2072778,MYT1L,1789113,2331664,TRUE,FALSE
chr2_2073249,ambiguous,chr2,2073249,MYT1L,1789113,2331664,TRUE,FALSE
chr2_2073494,ambiguous,chr2,2073494,MYT1L,1789113,2331664,TRUE,FALSE
chr2_2073594,constitutive,chr2,2073594,MYT1L,1789113,2331664,TRUE,FALSE
chr2_2073615,constitutive,chr2,2073615,MYT1L,1789113,2331664,TRUE,FALSE
chr2_2073618,constitutive,chr2,2073618,MYT1L,1789113,2331664,TRUE,FALSE
chr2_2073639,constitutive,chr2,2073639,MYT1L,1789113,2331664,TRUE,FALSE
chr2_2073645,constitutive,chr2,2073645,MYT1L,1789113,2331664,TRUE,FALSE
chr2_2073660,constitutive,chr2,2073660,MYT1L,1789113,2331664,TRUE,FALSE
chr2_2073671,ambiguous,chr2,2073671,MYT1L,1789113,2331664,TRUE,FALSE
chr2_2073681,constitutive,chr2,2073681,MYT1L,1789113,2331664,TRUE,FALSE
chr2_2073750,ambiguous,chr2,2073750,MYT1L,1789113,2331664,TRUE,FALSE
chr2_2073770,constitutive,chr2,2073770,MYT1L,1789113,2331664,TRUE,FALSE
chr2_2073792,constitutive,chr2,2073792,MYT1L,1789113,2331664,TRUE,FALSE
chr2_2073845,constitutive,chr2,2073845,MYT1L,1789113,2331664,TRUE,FALSE
chr2_2073965,ambiguous,chr2,2073965,MYT1L,1789113,2331664,TRUE,FALSE
chr2_2073985,ambiguous,chr2,2073985,MYT1L,1789113,2331664,TRUE,FALSE
chr2_2074586,constitutive,chr2,2074586,MYT1L,1789113,2331664,TRUE,FALSE
chr2_2074616,constitutive,chr2,2074616,MYT1L,1789113,2331664,TRUE,FALSE
chr2_2074859,ambiguous,chr2,2074859,MYT1L,1789113,2331664,TRUE,FALSE
chr2_2074959,constitutive,chr2,2074959,MYT1L,1789113,2331664,TRUE,FALSE
chr2_2074972,ambiguous,chr2,2074972,MYT1L,1789113,2331664,TRUE,FALSE
chr2_2075038,ambiguous,chr2,2075038,MYT1L,1789113,2331664,TRUE,FALSE
chr2_2075208,constitutive,chr2,2075208,MYT1L,1789113,2331664,TRUE,FALSE
chr2_2075264,ambiguous,chr2,2075264,MYT1L,1789113,2331664,TRUE,FALSE
chr2_2075472,ambiguous,chr2,2075472,MYT1L,1789113,2331664,TRUE,FALSE
chr2_2075850,ambiguous,chr2,2075850,MYT1L,1789113,2331664,TRUE,FALSE
chr2_2075901,ambiguous,chr2,2075901,MYT1L,1789113,2331664,TRUE,FALSE
chr2_2075912,ambiguous,chr2,2075912,MYT1L,1789113,2331664,TRUE,FALSE
chr2_2076298,ambiguous,chr2,2076298,MYT1L,1789113,2331664,TRUE,FALSE
chr2_2076364,ambiguous,chr2,2076364,MYT1L,1789113,2331664,TRUE,FALSE
chr2_2076448,ambiguous,chr2,2076448,MYT1L,1789113,2331664,TRUE,FALSE
chr2_2076542,ambiguous,chr2,2076542,MYT1L,1789113,2331664,TRUE,FALSE
chr2_2076823,ambiguous,chr2,2076823,MYT1L,1789113,2331664,TRUE,FALSE
chr2_2077794,ambiguous,chr2,2077794,MYT1L,1789113,2331664,TRUE,FALSE
chr2_2077799,constitutive,chr2,2077799,MYT1L,1789113,2331664,TRUE,FALSE
chr2_2077829,constitutive,chr2,2077829,MYT1L,1789113,2331664,TRUE,FALSE
chr2_2077859,ambiguous,chr2,2077859,MYT1L,1789113,2331664,TRUE,FALSE
chr2_2077881,constitutive,chr2,2077881,MYT1L,1789113,2331664,TRUE,FALSE
chr2_2077937,ambiguous,chr2,2077937,MYT1L,1789113,2331664,TRUE,FALSE
chr2_2077949,constitutive,chr2,2077949,MYT1L,1789113,2331664,TRUE,FALSE
chr2_2077964,constitutive,chr2,2077964,MYT1L,1789113,2331664,TRUE,FALSE
chr2_2078445,ambiguous,chr2,2078445,MYT1L,1789113,2331664,TRUE,FALSE
chr2_2078866,ambiguous,chr2,2078866,MYT1L,1789113,2331664,TRUE,FALSE
chr2_2079533,ambiguous,chr2,2079533,MYT1L,1789113,2331664,TRUE,FALSE
chr2_2079543,constitutive,chr2,2079543,MYT1L,1789113,2331664,TRUE,FALSE
chr2_2079576,constitutive,chr2,2079576,MYT1L,1789113,2331664,TRUE,FALSE
chr2_2079585,constitutive,chr2,2079585,MYT1L,1789113,2331664,TRUE,FALSE
chr2_2079632,ambiguous,chr2,2079632,MYT1L,1789113,2331664,TRUE,FALSE
chr2_2079679,constitutive,chr2,2079679,MYT1L,1789113,2331664,TRUE,FALSE
chr2_2079699,constitutive,chr2,2079699,MYT1L,1789113,2331664,TRUE,FALSE
chr2_2079723,constitutive,chr2,2079723,MYT1L,1789113,2331664,TRUE,FALSE
chr2_2079731,constitutive,chr2,2079731,MYT1L,1789113,2331664,TRUE,FALSE
chr2_2079738,constitutive,chr2,2079738,MYT1L,1789113,2331664,TRUE,FALSE
chr2_2079760,constitutive,chr2,2079760,MYT1L,1789113,2331664,TRUE,FALSE
chr2_2079768,constitutive,chr2,2079768,MYT1L,1789113,2331664,TRUE,FALSE
chr2_2079806,constitutive,chr2,2079806,MYT1L,1789113,2331664,TRUE,FALSE
chr2_2080168,constitutive,chr2,2080168,MYT1L,1789113,2331664,TRUE,FALSE
chr2_2080264,constitutive,chr2,2080264,MYT1L,1789113,2331664,TRUE,FALSE
chr2_2081093,constitutive,chr2,2081093,MYT1L,1789113,2331664,TRUE,FALSE
chr2_2081230,constitutive,chr2,2081230,MYT1L,1789113,2331664,TRUE,FALSE
chr2_2081325,ambiguous,chr2,2081325,MYT1L,1789113,2331664,TRUE,FALSE
chr2_2081778,constitutive,chr2,2081778,MYT1L,1789113,2331664,TRUE,FALSE
chr2_2081825,constitutive,chr2,2081825,MYT1L,1789113,2331664,TRUE,FALSE
chr2_2081842,constitutive,chr2,2081842,MYT1L,1789113,2331664,TRUE,FALSE
chr2_2081886,constitutive,chr2,2081886,MYT1L,1789113,2331664,TRUE,FALSE
chr2_2081888,constitutive,chr2,2081888,MYT1L,1789113,2331664,TRUE,FALSE
chr2_2081944,ambiguous,chr2,2081944,MYT1L,1789113,2331664,TRUE,FALSE
chr2_2081962,ambiguous,chr2,2081962,MYT1L,1789113,2331664,TRUE,FALSE
chr2_2081976,ambiguous,chr2,2081976,MYT1L,1789113,2331664,TRUE,FALSE
chr2_2081992,ambiguous,chr2,2081992,MYT1L,1789113,2331664,TRUE,FALSE
chr2_2082295,constitutive,chr2,2082295,MYT1L,1789113,2331664,TRUE,FALSE
chr2_2082424,ambiguous,chr2,2082424,MYT1L,1789113,2331664,TRUE,FALSE
chr2_2082731,constitutive,chr2,2082731,MYT1L,1789113,2331664,TRUE,FALSE
chr2_2083053,ambiguous,chr2,2083053,MYT1L,1789113,2331664,TRUE,FALSE
chr2_2083212,ambiguous,chr2,2083212,MYT1L,1789113,2331664,TRUE,FALSE
chr2_2083232,ambiguous,chr2,2083232,MYT1L,1789113,2331664,TRUE,FALSE
chr2_2083368,ambiguous,chr2,2083368,MYT1L,1789113,2331664,TRUE,FALSE
chr2_2083405,ambiguous,chr2,2083405,MYT1L,1789113,2331664,TRUE,FALSE
chr2_2083563,ambiguous,chr2,2083563,MYT1L,1789113,2331664,TRUE,FALSE
chr2_2083605,ambiguous,chr2,2083605,MYT1L,1789113,2331664,TRUE,FALSE
chr2_2083728,ambiguous,chr2,2083728,MYT1L,1789113,2331664,TRUE,FALSE
chr2_2083925,ambiguous,chr2,2083925,MYT1L,1789113,2331664,TRUE,FALSE
chr2_2084157,ambiguous,chr2,2084157,MYT1L,1789113,2331664,TRUE,FALSE
chr2_2084360,constitutive,chr2,2084360,MYT1L,1789113,2331664,TRUE,FALSE
chr2_2084575,ambiguous,chr2,2084575,MYT1L,1789113,2331664,TRUE,FALSE
chr2_2084592,constitutive,chr2,2084592,MYT1L,1789113,2331664,TRUE,FALSE
chr2_2084615,constitutive,chr2,2084615,MYT1L,1789113,2331664,TRUE,FALSE
chr2_2084631,constitutive,chr2,2084631,MYT1L,1789113,2331664,TRUE,FALSE
chr2_2084873,ambiguous,chr2,2084873,MYT1L,1789113,2331664,TRUE,FALSE
chr2_2084920,constitutive,chr2,2084920,MYT1L,1789113,2331664,TRUE,FALSE
chr2_2085164,constitutive,chr2,2085164,MYT1L,1789113,2331664,TRUE,FALSE
chr2_2085374,ambiguous,chr2,2085374,MYT1L,1789113,2331664,TRUE,FALSE
chr2_2085570,ambiguous,chr2,2085570,MYT1L,1789113,2331664,TRUE,FALSE
chr2_2085759,constitutive,chr2,2085759,MYT1L,1789113,2331664,TRUE,FALSE
chr2_2085804,ambiguous,chr2,2085804,MYT1L,1789113,2331664,TRUE,FALSE
chr2_2085813,ambiguous,chr2,2085813,MYT1L,1789113,2331664,TRUE,FALSE
chr2_2085833,constitutive,chr2,2085833,MYT1L,1789113,2331664,TRUE,FALSE
chr2_2085861,ambiguous,chr2,2085861,MYT1L,1789113,2331664,TRUE,FALSE
chr2_2085903,ambiguous,chr2,2085903,MYT1L,1789113,2331664,TRUE,FALSE
chr2_2085982,ambiguous,chr2,2085982,MYT1L,1789113,2331664,TRUE,FALSE
chr2_2086049,ambiguous,chr2,2086049,MYT1L,1789113,2331664,TRUE,FALSE
chr2_2086219,constitutive,chr2,2086219,MYT1L,1789113,2331664,TRUE,FALSE
chr2_2086267,constitutive,chr2,2086267,MYT1L,1789113,2331664,TRUE,FALSE
chr2_2086293,ambiguous,chr2,2086293,MYT1L,1789113,2331664,TRUE,FALSE
chr2_2086417,constitutive,chr2,2086417,MYT1L,1789113,2331664,TRUE,FALSE
chr2_2086465,constitutive,chr2,2086465,MYT1L,1789113,2331664,TRUE,FALSE
chr2_2086675,constitutive,chr2,2086675,MYT1L,1789113,2331664,TRUE,FALSE
chr2_2086749,constitutive,chr2,2086749,MYT1L,1789113,2331664,TRUE,FALSE
chr2_2086859,constitutive,chr2,2086859,MYT1L,1789113,2331664,TRUE,FALSE
chr2_2086884,ambiguous,chr2,2086884,MYT1L,1789113,2331664,TRUE,FALSE
chr2_2087099,ambiguous,chr2,2087099,MYT1L,1789113,2331664,TRUE,FALSE
chr2_2087109,ambiguous,chr2,2087109,MYT1L,1789113,2331664,TRUE,FALSE
chr2_2087119,ambiguous,chr2,2087119,MYT1L,1789113,2331664,TRUE,FALSE
chr2_2087144,constitutive,chr2,2087144,MYT1L,1789113,2331664,TRUE,FALSE
chr2_2087151,constitutive,chr2,2087151,MYT1L,1789113,2331664,TRUE,FALSE
chr2_2087189,ambiguous,chr2,2087189,MYT1L,1789113,2331664,TRUE,FALSE
chr2_2087528,constitutive,chr2,2087528,MYT1L,1789113,2331664,TRUE,FALSE
chr2_2087566,constitutive,chr2,2087566,MYT1L,1789113,2331664,TRUE,FALSE
chr2_2087667,constitutive,chr2,2087667,MYT1L,1789113,2331664,TRUE,FALSE
chr2_2087716,ambiguous,chr2,2087716,MYT1L,1789113,2331664,TRUE,FALSE
chr2_2087882,constitutive,chr2,2087882,MYT1L,1789113,2331664,TRUE,FALSE
chr2_2087898,ambiguous,chr2,2087898,MYT1L,1789113,2331664,TRUE,FALSE
chr2_2087954,ambiguous,chr2,2087954,MYT1L,1789113,2331664,TRUE,FALSE
chr2_2088098,constitutive,chr2,2088098,MYT1L,1789113,2331664,TRUE,FALSE
chr2_2088116,ambiguous,chr2,2088116,MYT1L,1789113,2331664,TRUE,FALSE
chr2_2088178,constitutive,chr2,2088178,MYT1L,1789113,2331664,TRUE,FALSE
chr2_2088219,constitutive,chr2,2088219,MYT1L,1789113,2331664,TRUE,FALSE
chr2_2088242,constitutive,chr2,2088242,MYT1L,1789113,2331664,TRUE,FALSE
chr2_2088258,constitutive,chr2,2088258,MYT1L,1789113,2331664,TRUE,FALSE
chr2_2088481,ambiguous,chr2,2088481,MYT1L,1789113,2331664,TRUE,FALSE
chr2_2088570,constitutive,chr2,2088570,MYT1L,1789113,2331664,TRUE,FALSE
chr2_2088582,constitutive,chr2,2088582,MYT1L,1789113,2331664,TRUE,FALSE
chr2_2088599,ambiguous,chr2,2088599,MYT1L,1789113,2331664,TRUE,FALSE
chr2_2088726,ambiguous,chr2,2088726,MYT1L,1789113,2331664,TRUE,FALSE
chr2_2088784,ambiguous,chr2,2088784,MYT1L,1789113,2331664,TRUE,FALSE
chr2_2088794,ambiguous,chr2,2088794,MYT1L,1789113,2331664,TRUE,FALSE
chr2_2089145,constitutive,chr2,2089145,MYT1L,1789113,2331664,TRUE,FALSE
chr2_2089196,ambiguous,chr2,2089196,MYT1L,1789113,2331664,TRUE,FALSE
chr2_2089295,ambiguous,chr2,2089295,MYT1L,1789113,2331664,TRUE,FALSE
chr2_2089481,ambiguous,chr2,2089481,MYT1L,1789113,2331664,TRUE,FALSE
chr2_2089656,constitutive,chr2,2089656,MYT1L,1789113,2331664,TRUE,FALSE
chr2_2089745,ambiguous,chr2,2089745,MYT1L,1789113,2331664,TRUE,FALSE
chr2_2090533,ambiguous,chr2,2090533,MYT1L,1789113,2331664,TRUE,FALSE
chr2_2090607,ambiguous,chr2,2090607,MYT1L,1789113,2331664,TRUE,FALSE
chr2_2090856,constitutive,chr2,2090856,MYT1L,1789113,2331664,TRUE,FALSE
chr2_2090943,ambiguous,chr2,2090943,MYT1L,1789113,2331664,TRUE,FALSE
chr2_2091989,ambiguous,chr2,2091989,MYT1L,1789113,2331664,TRUE,FALSE
chr2_2092253,ambiguous,chr2,2092253,MYT1L,1789113,2331664,TRUE,FALSE
chr2_2092330,constitutive,chr2,2092330,MYT1L,1789113,2331664,TRUE,FALSE
chr2_2092565,constitutive,chr2,2092565,MYT1L,1789113,2331664,TRUE,FALSE
chr2_2092604,constitutive,chr2,2092604,MYT1L,1789113,2331664,TRUE,FALSE
chr2_2092609,constitutive,chr2,2092609,MYT1L,1789113,2331664,TRUE,FALSE
chr2_2092717,ambiguous,chr2,2092717,MYT1L,1789113,2331664,TRUE,FALSE
chr2_2092896,constitutive,chr2,2092896,MYT1L,1789113,2331664,TRUE,FALSE
chr2_2092903,constitutive,chr2,2092903,MYT1L,1789113,2331664,TRUE,FALSE
chr2_2093000,ambiguous,chr2,2093000,MYT1L,1789113,2331664,TRUE,FALSE
chr2_2093131,constitutive,chr2,2093131,MYT1L,1789113,2331664,TRUE,FALSE
chr2_2093302,constitutive,chr2,2093302,MYT1L,1789113,2331664,TRUE,FALSE
chr2_2093319,ambiguous,chr2,2093319,MYT1L,1789113,2331664,TRUE,FALSE
chr2_2094122,constitutive,chr2,2094122,MYT1L,1789113,2331664,TRUE,FALSE
chr2_2094245,constitutive,chr2,2094245,MYT1L,1789113,2331664,TRUE,FALSE
chr2_2094466,constitutive,chr2,2094466,MYT1L,1789113,2331664,TRUE,FALSE
chr2_2094485,constitutive,chr2,2094485,MYT1L,1789113,2331664,TRUE,FALSE
chr2_2094688,constitutive,chr2,2094688,MYT1L,1789113,2331664,TRUE,FALSE
chr2_2094793,ambiguous,chr2,2094793,MYT1L,1789113,2331664,TRUE,FALSE
chr2_2094886,ambiguous,chr2,2094886,MYT1L,1789113,2331664,TRUE,FALSE
chr2_2094997,constitutive,chr2,2094997,MYT1L,1789113,2331664,TRUE,FALSE
chr2_2095002,ambiguous,chr2,2095002,MYT1L,1789113,2331664,TRUE,FALSE
chr2_2095147,constitutive,chr2,2095147,MYT1L,1789113,2331664,TRUE,FALSE
chr2_2095441,constitutive,chr2,2095441,MYT1L,1789113,2331664,TRUE,FALSE
chr2_2095458,constitutive,chr2,2095458,MYT1L,1789113,2331664,TRUE,FALSE
chr2_2095469,constitutive,chr2,2095469,MYT1L,1789113,2331664,TRUE,FALSE
chr2_2095541,ambiguous,chr2,2095541,MYT1L,1789113,2331664,TRUE,FALSE
chr2_2095559,ambiguous,chr2,2095559,MYT1L,1789113,2331664,TRUE,FALSE
chr2_2095633,ambiguous,chr2,2095633,MYT1L,1789113,2331664,TRUE,FALSE
chr2_2095760,ambiguous,chr2,2095760,MYT1L,1789113,2331664,TRUE,FALSE
chr2_2095773,ambiguous,chr2,2095773,MYT1L,1789113,2331664,TRUE,FALSE
chr2_2095778,ambiguous,chr2,2095778,MYT1L,1789113,2331664,TRUE,FALSE
chr2_2095793,ambiguous,chr2,2095793,MYT1L,1789113,2331664,TRUE,FALSE
chr2_2095856,ambiguous,chr2,2095856,MYT1L,1789113,2331664,TRUE,FALSE
chr2_2095859,ambiguous,chr2,2095859,MYT1L,1789113,2331664,TRUE,FALSE
chr2_2095901,ambiguous,chr2,2095901,MYT1L,1789113,2331664,TRUE,FALSE
chr2_2095921,ambiguous,chr2,2095921,MYT1L,1789113,2331664,TRUE,FALSE
chr2_2095940,ambiguous,chr2,2095940,MYT1L,1789113,2331664,TRUE,FALSE
chr2_2095963,ambiguous,chr2,2095963,MYT1L,1789113,2331664,TRUE,FALSE
chr2_2095971,ambiguous,chr2,2095971,MYT1L,1789113,2331664,TRUE,FALSE
chr2_2095973,ambiguous,chr2,2095973,MYT1L,1789113,2331664,TRUE,FALSE
chr2_2096001,ambiguous,chr2,2096001,MYT1L,1789113,2331664,TRUE,FALSE
chr2_2096031,constitutive,chr2,2096031,MYT1L,1789113,2331664,TRUE,FALSE
chr2_2096117,ambiguous,chr2,2096117,MYT1L,1789113,2331664,TRUE,FALSE
chr2_2096243,ambiguous,chr2,2096243,MYT1L,1789113,2331664,TRUE,FALSE
chr2_2096350,constitutive,chr2,2096350,MYT1L,1789113,2331664,TRUE,FALSE
chr2_2096486,ambiguous,chr2,2096486,MYT1L,1789113,2331664,TRUE,FALSE
chr2_2096688,constitutive,chr2,2096688,MYT1L,1789113,2331664,TRUE,FALSE
chr2_2096776,ambiguous,chr2,2096776,MYT1L,1789113,2331664,TRUE,FALSE
chr2_2096784,constitutive,chr2,2096784,MYT1L,1789113,2331664,TRUE,FALSE
chr2_2096832,constitutive,chr2,2096832,MYT1L,1789113,2331664,TRUE,FALSE
chr2_2096932,ambiguous,chr2,2096932,MYT1L,1789113,2331664,TRUE,FALSE
chr2_2096971,constitutive,chr2,2096971,MYT1L,1789113,2331664,TRUE,FALSE
chr2_2096977,constitutive,chr2,2096977,MYT1L,1789113,2331664,TRUE,FALSE
chr2_2096980,constitutive,chr2,2096980,MYT1L,1789113,2331664,TRUE,FALSE
chr2_2096994,constitutive,chr2,2096994,MYT1L,1789113,2331664,TRUE,FALSE
chr2_2097247,ambiguous,chr2,2097247,MYT1L,1789113,2331664,TRUE,FALSE
chr2_2097361,constitutive,chr2,2097361,MYT1L,1789113,2331664,TRUE,FALSE
chr2_2097425,ambiguous,chr2,2097425,MYT1L,1789113,2331664,TRUE,FALSE
chr2_2097533,ambiguous,chr2,2097533,MYT1L,1789113,2331664,TRUE,FALSE
chr2_2097611,constitutive,chr2,2097611,MYT1L,1789113,2331664,TRUE,FALSE
chr2_2097622,ambiguous,chr2,2097622,MYT1L,1789113,2331664,TRUE,FALSE
chr2_2097673,constitutive,chr2,2097673,MYT1L,1789113,2331664,TRUE,FALSE
chr2_2097677,constitutive,chr2,2097677,MYT1L,1789113,2331664,TRUE,FALSE
chr2_2097733,constitutive,chr2,2097733,MYT1L,1789113,2331664,TRUE,FALSE
chr2_2097743,ambiguous,chr2,2097743,MYT1L,1789113,2331664,TRUE,FALSE
chr2_2097772,constitutive,chr2,2097772,MYT1L,1789113,2331664,TRUE,FALSE
chr2_2097978,ambiguous,chr2,2097978,MYT1L,1789113,2331664,TRUE,FALSE
chr2_2098507,ambiguous,chr2,2098507,MYT1L,1789113,2331664,TRUE,FALSE
chr2_2098614,ambiguous,chr2,2098614,MYT1L,1789113,2331664,TRUE,FALSE
chr2_2098835,ambiguous,chr2,2098835,MYT1L,1789113,2331664,TRUE,FALSE
chr2_2099031,ambiguous,chr2,2099031,MYT1L,1789113,2331664,TRUE,FALSE
chr2_2099517,ambiguous,chr2,2099517,MYT1L,1789113,2331664,TRUE,FALSE
chr2_2099732,constitutive,chr2,2099732,MYT1L,1789113,2331664,TRUE,FALSE
chr2_2099740,ambiguous,chr2,2099740,MYT1L,1789113,2331664,TRUE,FALSE
chr2_2099781,ambiguous,chr2,2099781,MYT1L,1789113,2331664,TRUE,FALSE
chr2_2099802,ambiguous,chr2,2099802,MYT1L,1789113,2331664,TRUE,FALSE
chr2_2099819,ambiguous,chr2,2099819,MYT1L,1789113,2331664,TRUE,FALSE
chr2_2099974,constitutive,chr2,2099974,MYT1L,1789113,2331664,TRUE,FALSE
chr2_2100256,constitutive,chr2,2100256,MYT1L,1789113,2331664,TRUE,FALSE
chr2_2100495,ambiguous,chr2,2100495,MYT1L,1789113,2331664,TRUE,FALSE
chr2_2100929,ambiguous,chr2,2100929,MYT1L,1789113,2331664,TRUE,FALSE
chr2_2101272,ambiguous,chr2,2101272,MYT1L,1789113,2331664,TRUE,FALSE
chr2_2101384,constitutive,chr2,2101384,MYT1L,1789113,2331664,TRUE,FALSE
chr2_2101600,constitutive,chr2,2101600,MYT1L,1789113,2331664,TRUE,FALSE
chr2_2101871,constitutive,chr2,2101871,MYT1L,1789113,2331664,TRUE,FALSE
chr2_2102449,ambiguous,chr2,2102449,MYT1L,1789113,2331664,TRUE,FALSE
chr2_2102560,ambiguous,chr2,2102560,MYT1L,1789113,2331664,TRUE,FALSE
chr2_2102705,ambiguous,chr2,2102705,MYT1L,1789113,2331664,TRUE,FALSE
chr2_2102778,ambiguous,chr2,2102778,MYT1L,1789113,2331664,TRUE,FALSE
chr2_2103009,ambiguous,chr2,2103009,MYT1L,1789113,2331664,TRUE,FALSE
chr2_2103020,constitutive,chr2,2103020,MYT1L,1789113,2331664,TRUE,FALSE
chr2_2103165,ambiguous,chr2,2103165,MYT1L,1789113,2331664,TRUE,FALSE
chr2_2103188,constitutive,chr2,2103188,MYT1L,1789113,2331664,TRUE,FALSE
chr2_2103406,ambiguous,chr2,2103406,MYT1L,1789113,2331664,TRUE,FALSE
chr2_2103487,constitutive,chr2,2103487,MYT1L,1789113,2331664,TRUE,FALSE
chr2_2103513,ambiguous,chr2,2103513,MYT1L,1789113,2331664,TRUE,FALSE
chr2_2103520,constitutive,chr2,2103520,MYT1L,1789113,2331664,TRUE,FALSE
chr2_2103549,ambiguous,chr2,2103549,MYT1L,1789113,2331664,TRUE,FALSE
chr2_2103561,constitutive,chr2,2103561,MYT1L,1789113,2331664,TRUE,FALSE
chr2_2103573,ambiguous,chr2,2103573,MYT1L,1789113,2331664,TRUE,FALSE
chr2_2103624,ambiguous,chr2,2103624,MYT1L,1789113,2331664,TRUE,FALSE
chr2_2103658,ambiguous,chr2,2103658,MYT1L,1789113,2331664,TRUE,FALSE
chr2_2103745,constitutive,chr2,2103745,MYT1L,1789113,2331664,TRUE,FALSE
chr2_2103767,ambiguous,chr2,2103767,MYT1L,1789113,2331664,TRUE,FALSE
chr2_2103790,ambiguous,chr2,2103790,MYT1L,1789113,2331664,TRUE,FALSE
chr2_2103897,ambiguous,chr2,2103897,MYT1L,1789113,2331664,TRUE,FALSE
chr2_2103917,ambiguous,chr2,2103917,MYT1L,1789113,2331664,TRUE,FALSE
chr2_2104262,ambiguous,chr2,2104262,MYT1L,1789113,2331664,TRUE,FALSE
chr2_2104506,ambiguous,chr2,2104506,MYT1L,1789113,2331664,TRUE,FALSE
chr2_2104526,ambiguous,chr2,2104526,MYT1L,1789113,2331664,TRUE,FALSE
chr2_2104536,ambiguous,chr2,2104536,MYT1L,1789113,2331664,TRUE,FALSE
chr2_2104556,ambiguous,chr2,2104556,MYT1L,1789113,2331664,TRUE,FALSE
chr2_2104573,ambiguous,chr2,2104573,MYT1L,1789113,2331664,TRUE,FALSE
chr2_2104615,ambiguous,chr2,2104615,MYT1L,1789113,2331664,TRUE,FALSE
chr2_2104636,ambiguous,chr2,2104636,MYT1L,1789113,2331664,TRUE,FALSE
chr2_2104661,ambiguous,chr2,2104661,MYT1L,1789113,2331664,TRUE,FALSE
chr2_2104727,ambiguous,chr2,2104727,MYT1L,1789113,2331664,TRUE,FALSE
chr2_2104867,ambiguous,chr2,2104867,MYT1L,1789113,2331664,TRUE,FALSE
chr2_2105205,constitutive,chr2,2105205,MYT1L,1789113,2331664,TRUE,FALSE
chr2_2105228,constitutive,chr2,2105228,MYT1L,1789113,2331664,TRUE,FALSE
chr2_2105234,constitutive,chr2,2105234,MYT1L,1789113,2331664,TRUE,FALSE
chr2_2105258,constitutive,chr2,2105258,MYT1L,1789113,2331664,TRUE,FALSE
chr2_2105663,constitutive,chr2,2105663,MYT1L,1789113,2331664,TRUE,FALSE
chr2_2105670,ambiguous,chr2,2105670,MYT1L,1789113,2331664,TRUE,FALSE
chr2_2105843,ambiguous,chr2,2105843,MYT1L,1789113,2331664,TRUE,FALSE
chr2_2105937,ambiguous,chr2,2105937,MYT1L,1789113,2331664,TRUE,FALSE
chr2_2105990,ambiguous,chr2,2105990,MYT1L,1789113,2331664,TRUE,FALSE
chr2_2106130,constitutive,chr2,2106130,MYT1L,1789113,2331664,TRUE,FALSE
chr2_2106136,constitutive,chr2,2106136,MYT1L,1789113,2331664,TRUE,FALSE
chr2_2106153,constitutive,chr2,2106153,MYT1L,1789113,2331664,TRUE,FALSE
chr2_2106377,ambiguous,chr2,2106377,MYT1L,1789113,2331664,TRUE,FALSE
chr2_2106486,constitutive,chr2,2106486,MYT1L,1789113,2331664,TRUE,FALSE
chr2_2106549,constitutive,chr2,2106549,MYT1L,1789113,2331664,TRUE,FALSE
chr2_2106682,ambiguous,chr2,2106682,MYT1L,1789113,2331664,TRUE,FALSE
chr2_2106911,ambiguous,chr2,2106911,MYT1L,1789113,2331664,TRUE,FALSE
chr2_2106961,ambiguous,chr2,2106961,MYT1L,1789113,2331664,TRUE,FALSE
chr2_2106984,ambiguous,chr2,2106984,MYT1L,1789113,2331664,TRUE,FALSE
chr2_2107068,ambiguous,chr2,2107068,MYT1L,1789113,2331664,TRUE,FALSE
chr2_2107167,ambiguous,chr2,2107167,MYT1L,1789113,2331664,TRUE,FALSE
chr2_2107193,ambiguous,chr2,2107193,MYT1L,1789113,2331664,TRUE,FALSE
chr2_2107234,ambiguous,chr2,2107234,MYT1L,1789113,2331664,TRUE,FALSE
chr2_2107240,ambiguous,chr2,2107240,MYT1L,1789113,2331664,TRUE,FALSE
chr2_2107243,ambiguous,chr2,2107243,MYT1L,1789113,2331664,TRUE,FALSE
chr2_2107269,ambiguous,chr2,2107269,MYT1L,1789113,2331664,TRUE,FALSE
chr2_2107319,ambiguous,chr2,2107319,MYT1L,1789113,2331664,TRUE,FALSE
chr2_2107463,ambiguous,chr2,2107463,MYT1L,1789113,2331664,TRUE,FALSE
chr2_2107483,ambiguous,chr2,2107483,MYT1L,1789113,2331664,TRUE,FALSE
chr2_2107548,ambiguous,chr2,2107548,MYT1L,1789113,2331664,TRUE,FALSE
chr2_2107595,ambiguous,chr2,2107595,MYT1L,1789113,2331664,TRUE,FALSE
chr2_2107770,ambiguous,chr2,2107770,MYT1L,1789113,2331664,TRUE,FALSE
chr2_2107778,ambiguous,chr2,2107778,MYT1L,1789113,2331664,TRUE,FALSE
chr2_2107780,ambiguous,chr2,2107780,MYT1L,1789113,2331664,TRUE,FALSE
chr2_2107821,ambiguous,chr2,2107821,MYT1L,1789113,2331664,TRUE,FALSE
chr2_2107823,ambiguous,chr2,2107823,MYT1L,1789113,2331664,TRUE,FALSE
chr2_2107846,ambiguous,chr2,2107846,MYT1L,1789113,2331664,TRUE,FALSE
chr2_2107851,ambiguous,chr2,2107851,MYT1L,1789113,2331664,TRUE,FALSE
chr2_2107876,ambiguous,chr2,2107876,MYT1L,1789113,2331664,TRUE,FALSE
chr2_2107893,ambiguous,chr2,2107893,MYT1L,1789113,2331664,TRUE,FALSE
chr2_2107915,ambiguous,chr2,2107915,MYT1L,1789113,2331664,TRUE,FALSE
chr2_2107932,ambiguous,chr2,2107932,MYT1L,1789113,2331664,TRUE,FALSE
chr2_2107999,ambiguous,chr2,2107999,MYT1L,1789113,2331664,TRUE,FALSE
chr2_2108062,ambiguous,chr2,2108062,MYT1L,1789113,2331664,TRUE,FALSE
chr2_2108130,constitutive,chr2,2108130,MYT1L,1789113,2331664,TRUE,FALSE
chr2_2108141,constitutive,chr2,2108141,MYT1L,1789113,2331664,TRUE,FALSE
chr2_2108152,constitutive,chr2,2108152,MYT1L,1789113,2331664,TRUE,FALSE
chr2_2108258,constitutive,chr2,2108258,MYT1L,1789113,2331664,TRUE,FALSE
chr2_2108277,ambiguous,chr2,2108277,MYT1L,1789113,2331664,TRUE,FALSE
chr2_2108308,ambiguous,chr2,2108308,MYT1L,1789113,2331664,TRUE,FALSE
chr2_2108675,constitutive,chr2,2108675,MYT1L,1789113,2331664,TRUE,FALSE
chr2_2108767,ambiguous,chr2,2108767,MYT1L,1789113,2331664,TRUE,FALSE
chr2_2108800,ambiguous,chr2,2108800,MYT1L,1789113,2331664,TRUE,FALSE
chr2_2109262,ambiguous,chr2,2109262,MYT1L,1789113,2331664,TRUE,FALSE
chr2_2109323,ambiguous,chr2,2109323,MYT1L,1789113,2331664,TRUE,FALSE
chr2_2109389,ambiguous,chr2,2109389,MYT1L,1789113,2331664,TRUE,FALSE
chr2_2109412,ambiguous,chr2,2109412,MYT1L,1789113,2331664,TRUE,FALSE
chr2_2109462,ambiguous,chr2,2109462,MYT1L,1789113,2331664,TRUE,FALSE
chr2_2109481,ambiguous,chr2,2109481,MYT1L,1789113,2331664,TRUE,FALSE
chr2_2110014,constitutive,chr2,2110014,MYT1L,1789113,2331664,TRUE,FALSE
chr2_2110022,ambiguous,chr2,2110022,MYT1L,1789113,2331664,TRUE,FALSE
chr2_2110039,ambiguous,chr2,2110039,MYT1L,1789113,2331664,TRUE,FALSE
chr2_2110073,ambiguous,chr2,2110073,MYT1L,1789113,2331664,TRUE,FALSE
chr2_2110171,constitutive,chr2,2110171,MYT1L,1789113,2331664,TRUE,FALSE
chr2_2110319,ambiguous,chr2,2110319,MYT1L,1789113,2331664,TRUE,FALSE
chr2_2110483,ambiguous,chr2,2110483,MYT1L,1789113,2331664,TRUE,FALSE
chr2_2110823,ambiguous,chr2,2110823,MYT1L,1789113,2331664,TRUE,FALSE
chr2_2110847,constitutive,chr2,2110847,MYT1L,1789113,2331664,TRUE,FALSE
chr2_2110910,ambiguous,chr2,2110910,MYT1L,1789113,2331664,TRUE,FALSE
chr2_2110957,constitutive,chr2,2110957,MYT1L,1789113,2331664,TRUE,FALSE
chr2_2111020,constitutive,chr2,2111020,MYT1L,1789113,2331664,TRUE,FALSE
chr2_2111022,constitutive,chr2,2111022,MYT1L,1789113,2331664,TRUE,FALSE
chr2_2111159,ambiguous,chr2,2111159,MYT1L,1789113,2331664,TRUE,FALSE
chr2_2111286,constitutive,chr2,2111286,MYT1L,1789113,2331664,TRUE,FALSE
chr2_2111437,ambiguous,chr2,2111437,MYT1L,1789113,2331664,TRUE,FALSE
chr2_2111446,ambiguous,chr2,2111446,MYT1L,1789113,2331664,TRUE,FALSE
chr2_2111694,ambiguous,chr2,2111694,MYT1L,1789113,2331664,TRUE,FALSE
chr2_2111759,ambiguous,chr2,2111759,MYT1L,1789113,2331664,TRUE,FALSE
chr2_2111777,ambiguous,chr2,2111777,MYT1L,1789113,2331664,TRUE,FALSE
chr2_2111818,ambiguous,chr2,2111818,MYT1L,1789113,2331664,TRUE,FALSE
chr2_2111885,ambiguous,chr2,2111885,MYT1L,1789113,2331664,TRUE,FALSE
chr2_2111894,ambiguous,chr2,2111894,MYT1L,1789113,2331664,TRUE,FALSE
chr2_2111959,ambiguous,chr2,2111959,MYT1L,1789113,2331664,TRUE,FALSE
chr2_2111996,ambiguous,chr2,2111996,MYT1L,1789113,2331664,TRUE,FALSE
chr2_2112041,ambiguous,chr2,2112041,MYT1L,1789113,2331664,TRUE,FALSE
chr2_2112078,ambiguous,chr2,2112078,MYT1L,1789113,2331664,TRUE,FALSE
chr2_2112102,ambiguous,chr2,2112102,MYT1L,1789113,2331664,TRUE,FALSE
chr2_2112137,ambiguous,chr2,2112137,MYT1L,1789113,2331664,TRUE,FALSE
chr2_2112229,ambiguous,chr2,2112229,MYT1L,1789113,2331664,TRUE,FALSE
chr2_2112388,ambiguous,chr2,2112388,MYT1L,1789113,2331664,TRUE,FALSE
chr2_2112537,ambiguous,chr2,2112537,MYT1L,1789113,2331664,TRUE,FALSE
chr2_2112665,ambiguous,chr2,2112665,MYT1L,1789113,2331664,TRUE,FALSE
chr2_2112677,ambiguous,chr2,2112677,MYT1L,1789113,2331664,TRUE,FALSE
chr2_2112798,ambiguous,chr2,2112798,MYT1L,1789113,2331664,TRUE,FALSE
chr2_2112859,ambiguous,chr2,2112859,MYT1L,1789113,2331664,TRUE,FALSE
chr2_2112861,ambiguous,chr2,2112861,MYT1L,1789113,2331664,TRUE,FALSE
chr2_2112866,constitutive,chr2,2112866,MYT1L,1789113,2331664,TRUE,FALSE
chr2_2113027,ambiguous,chr2,2113027,MYT1L,1789113,2331664,TRUE,FALSE
chr2_2113030,ambiguous,chr2,2113030,MYT1L,1789113,2331664,TRUE,FALSE
chr2_2113060,ambiguous,chr2,2113060,MYT1L,1789113,2331664,TRUE,FALSE
chr2_2113353,ambiguous,chr2,2113353,MYT1L,1789113,2331664,TRUE,FALSE
chr2_2113392,ambiguous,chr2,2113392,MYT1L,1789113,2331664,TRUE,FALSE
chr2_2113403,ambiguous,chr2,2113403,MYT1L,1789113,2331664,TRUE,FALSE
chr2_2113408,ambiguous,chr2,2113408,MYT1L,1789113,2331664,TRUE,FALSE
chr2_2113476,ambiguous,chr2,2113476,MYT1L,1789113,2331664,TRUE,FALSE
chr2_2113513,ambiguous,chr2,2113513,MYT1L,1789113,2331664,TRUE,FALSE
chr2_2113535,ambiguous,chr2,2113535,MYT1L,1789113,2331664,TRUE,FALSE
chr2_2113661,ambiguous,chr2,2113661,MYT1L,1789113,2331664,TRUE,FALSE
chr2_2113718,ambiguous,chr2,2113718,MYT1L,1789113,2331664,TRUE,FALSE
chr2_2114150,ambiguous,chr2,2114150,MYT1L,1789113,2331664,TRUE,FALSE
chr2_2114350,ambiguous,chr2,2114350,MYT1L,1789113,2331664,TRUE,FALSE
chr2_2114368,ambiguous,chr2,2114368,MYT1L,1789113,2331664,TRUE,FALSE
chr2_2114466,ambiguous,chr2,2114466,MYT1L,1789113,2331664,TRUE,FALSE
chr2_2114775,ambiguous,chr2,2114775,MYT1L,1789113,2331664,TRUE,FALSE
chr2_2114785,ambiguous,chr2,2114785,MYT1L,1789113,2331664,TRUE,FALSE
chr2_2114843,ambiguous,chr2,2114843,MYT1L,1789113,2331664,TRUE,FALSE
chr2_2114851,ambiguous,chr2,2114851,MYT1L,1789113,2331664,TRUE,FALSE
chr2_2114970,ambiguous,chr2,2114970,MYT1L,1789113,2331664,TRUE,FALSE
chr2_2115015,ambiguous,chr2,2115015,MYT1L,1789113,2331664,TRUE,FALSE
chr2_2115054,ambiguous,chr2,2115054,MYT1L,1789113,2331664,TRUE,FALSE
chr2_2115074,ambiguous,chr2,2115074,MYT1L,1789113,2331664,TRUE,FALSE
chr2_2115112,ambiguous,chr2,2115112,MYT1L,1789113,2331664,TRUE,FALSE
chr2_2115357,ambiguous,chr2,2115357,MYT1L,1789113,2331664,TRUE,FALSE
chr2_2115471,ambiguous,chr2,2115471,MYT1L,1789113,2331664,TRUE,FALSE
chr2_2115479,ambiguous,chr2,2115479,MYT1L,1789113,2331664,TRUE,FALSE
chr2_2115518,ambiguous,chr2,2115518,MYT1L,1789113,2331664,TRUE,FALSE
chr2_2115620,ambiguous,chr2,2115620,MYT1L,1789113,2331664,TRUE,FALSE
chr2_2115686,ambiguous,chr2,2115686,MYT1L,1789113,2331664,TRUE,FALSE
chr2_2115696,ambiguous,chr2,2115696,MYT1L,1789113,2331664,TRUE,FALSE
chr2_2115716,ambiguous,chr2,2115716,MYT1L,1789113,2331664,TRUE,FALSE
chr2_2115761,ambiguous,chr2,2115761,MYT1L,1789113,2331664,TRUE,FALSE
chr2_2115971,Meso_specific,chr2,2115971,MYT1L,1789113,2331664,TRUE,FALSE
chr2_2115985,Meso_specific,chr2,2115985,MYT1L,1789113,2331664,TRUE,FALSE
chr2_2116036,Meso_specific,chr2,2116036,MYT1L,1789113,2331664,TRUE,FALSE
chr2_2116044,ambiguous,chr2,2116044,MYT1L,1789113,2331664,TRUE,FALSE
chr2_2116058,Meso_specific,chr2,2116058,MYT1L,1789113,2331664,TRUE,FALSE
chr2_2116081,ambiguous,chr2,2116081,MYT1L,1789113,2331664,TRUE,FALSE
chr2_2116101,ambiguous,chr2,2116101,MYT1L,1789113,2331664,TRUE,FALSE
chr2_2116117,ambiguous,chr2,2116117,MYT1L,1789113,2331664,TRUE,FALSE
chr2_2116163,ambiguous,chr2,2116163,MYT1L,1789113,2331664,TRUE,FALSE
chr2_2116199,constitutive,chr2,2116199,MYT1L,1789113,2331664,TRUE,FALSE
chr2_2116241,ambiguous,chr2,2116241,MYT1L,1789113,2331664,TRUE,FALSE
chr2_2116281,constitutive,chr2,2116281,MYT1L,1789113,2331664,TRUE,FALSE
chr2_2116336,constitutive,chr2,2116336,MYT1L,1789113,2331664,TRUE,FALSE
chr2_2116564,constitutive,chr2,2116564,MYT1L,1789113,2331664,TRUE,FALSE
chr2_2116599,constitutive,chr2,2116599,MYT1L,1789113,2331664,TRUE,FALSE
chr2_2116624,constitutive,chr2,2116624,MYT1L,1789113,2331664,TRUE,FALSE
chr2_2116711,constitutive,chr2,2116711,MYT1L,1789113,2331664,TRUE,FALSE
chr2_2116717,ambiguous,chr2,2116717,MYT1L,1789113,2331664,TRUE,FALSE
chr2_2116789,ambiguous,chr2,2116789,MYT1L,1789113,2331664,TRUE,FALSE
chr2_2116855,ambiguous,chr2,2116855,MYT1L,1789113,2331664,TRUE,FALSE
chr2_2117108,ambiguous,chr2,2117108,MYT1L,1789113,2331664,TRUE,FALSE
chr2_2117161,constitutive,chr2,2117161,MYT1L,1789113,2331664,TRUE,FALSE
chr2_2117181,ambiguous,chr2,2117181,MYT1L,1789113,2331664,TRUE,FALSE
chr2_2117364,ambiguous,chr2,2117364,MYT1L,1789113,2331664,TRUE,FALSE
chr2_2117384,constitutive,chr2,2117384,MYT1L,1789113,2331664,TRUE,FALSE
chr2_2117426,constitutive,chr2,2117426,MYT1L,1789113,2331664,TRUE,FALSE
chr2_2117459,constitutive,chr2,2117459,MYT1L,1789113,2331664,TRUE,FALSE
chr2_2117464,constitutive,chr2,2117464,MYT1L,1789113,2331664,TRUE,FALSE
chr2_2117467,ambiguous,chr2,2117467,MYT1L,1789113,2331664,TRUE,FALSE
chr2_2117490,ambiguous,chr2,2117490,MYT1L,1789113,2331664,TRUE,FALSE
chr2_2117540,constitutive,chr2,2117540,MYT1L,1789113,2331664,TRUE,FALSE
chr2_2117601,ambiguous,chr2,2117601,MYT1L,1789113,2331664,TRUE,FALSE
chr2_2117690,constitutive,chr2,2117690,MYT1L,1789113,2331664,TRUE,FALSE
chr2_2117773,ambiguous,chr2,2117773,MYT1L,1789113,2331664,TRUE,FALSE
chr2_2117858,constitutive,chr2,2117858,MYT1L,1789113,2331664,TRUE,FALSE
chr2_2117868,constitutive,chr2,2117868,MYT1L,1789113,2331664,TRUE,FALSE
chr2_2118621,constitutive,chr2,2118621,MYT1L,1789113,2331664,TRUE,FALSE
chr2_2118904,ambiguous,chr2,2118904,MYT1L,1789113,2331664,TRUE,FALSE
chr2_2118928,ambiguous,chr2,2118928,MYT1L,1789113,2331664,TRUE,FALSE
chr2_2118963,constitutive,chr2,2118963,MYT1L,1789113,2331664,TRUE,FALSE
chr2_2118971,ambiguous,chr2,2118971,MYT1L,1789113,2331664,TRUE,FALSE
chr2_2119104,constitutive,chr2,2119104,MYT1L,1789113,2331664,TRUE,FALSE
chr2_2119128,ambiguous,chr2,2119128,MYT1L,1789113,2331664,TRUE,FALSE
chr2_2119147,ambiguous,chr2,2119147,MYT1L,1789113,2331664,TRUE,FALSE
chr2_2119554,constitutive,chr2,2119554,MYT1L,1789113,2331664,TRUE,FALSE
chr2_2119701,constitutive,chr2,2119701,MYT1L,1789113,2331664,TRUE,FALSE
chr2_2119885,ambiguous,chr2,2119885,MYT1L,1789113,2331664,TRUE,FALSE
chr2_2119911,ambiguous,chr2,2119911,MYT1L,1789113,2331664,TRUE,FALSE
chr2_2119947,ambiguous,chr2,2119947,MYT1L,1789113,2331664,TRUE,FALSE
chr2_2120059,ambiguous,chr2,2120059,MYT1L,1789113,2331664,TRUE,FALSE
chr2_2120084,constitutive,chr2,2120084,MYT1L,1789113,2331664,TRUE,FALSE
chr2_2120124,ambiguous,chr2,2120124,MYT1L,1789113,2331664,TRUE,FALSE
chr2_2120127,constitutive,chr2,2120127,MYT1L,1789113,2331664,TRUE,FALSE
chr2_2120160,ambiguous,chr2,2120160,MYT1L,1789113,2331664,TRUE,FALSE
chr2_2120217,constitutive,chr2,2120217,MYT1L,1789113,2331664,TRUE,FALSE
chr2_2120249,constitutive,chr2,2120249,MYT1L,1789113,2331664,TRUE,FALSE
chr2_2120319,ambiguous,chr2,2120319,MYT1L,1789113,2331664,TRUE,FALSE
chr2_2120355,ambiguous,chr2,2120355,MYT1L,1789113,2331664,TRUE,FALSE
chr2_2120568,constitutive,chr2,2120568,MYT1L,1789113,2331664,TRUE,FALSE
chr2_2120578,constitutive,chr2,2120578,MYT1L,1789113,2331664,TRUE,FALSE
chr2_2120734,constitutive,chr2,2120734,MYT1L,1789113,2331664,TRUE,FALSE
chr2_2120761,constitutive,chr2,2120761,MYT1L,1789113,2331664,TRUE,FALSE
chr2_2120774,constitutive,chr2,2120774,MYT1L,1789113,2331664,TRUE,FALSE
chr2_2120782,constitutive,chr2,2120782,MYT1L,1789113,2331664,TRUE,FALSE
chr2_2120795,ambiguous,chr2,2120795,MYT1L,1789113,2331664,TRUE,FALSE
chr2_2120825,ambiguous,chr2,2120825,MYT1L,1789113,2331664,TRUE,FALSE
chr2_2120837,ambiguous,chr2,2120837,MYT1L,1789113,2331664,TRUE,FALSE
chr2_2120846,ambiguous,chr2,2120846,MYT1L,1789113,2331664,TRUE,FALSE
chr2_2120853,ambiguous,chr2,2120853,MYT1L,1789113,2331664,TRUE,FALSE
chr2_2120885,ambiguous,chr2,2120885,MYT1L,1789113,2331664,TRUE,FALSE
chr2_2120933,ambiguous,chr2,2120933,MYT1L,1789113,2331664,TRUE,FALSE
chr2_2120970,constitutive,chr2,2120970,MYT1L,1789113,2331664,TRUE,FALSE
chr2_2120984,constitutive,chr2,2120984,MYT1L,1789113,2331664,TRUE,FALSE
chr2_2120990,constitutive,chr2,2120990,MYT1L,1789113,2331664,TRUE,FALSE
chr2_2120997,constitutive,chr2,2120997,MYT1L,1789113,2331664,TRUE,FALSE
chr2_2121005,ambiguous,chr2,2121005,MYT1L,1789113,2331664,TRUE,FALSE
chr2_2121008,ambiguous,chr2,2121008,MYT1L,1789113,2331664,TRUE,FALSE
chr2_2121010,ambiguous,chr2,2121010,MYT1L,1789113,2331664,TRUE,FALSE
chr2_2121022,ambiguous,chr2,2121022,MYT1L,1789113,2331664,TRUE,FALSE
chr2_2121040,ambiguous,chr2,2121040,MYT1L,1789113,2331664,TRUE,FALSE
chr2_2121043,ambiguous,chr2,2121043,MYT1L,1789113,2331664,TRUE,FALSE
chr2_2121070,constitutive,chr2,2121070,MYT1L,1789113,2331664,TRUE,FALSE
chr2_2121077,ambiguous,chr2,2121077,MYT1L,1789113,2331664,TRUE,FALSE
chr2_2121085,ambiguous,chr2,2121085,MYT1L,1789113,2331664,TRUE,FALSE
chr2_2121164,ambiguous,chr2,2121164,MYT1L,1789113,2331664,TRUE,FALSE
chr2_2121186,ambiguous,chr2,2121186,MYT1L,1789113,2331664,TRUE,FALSE
chr2_2121229,ambiguous,chr2,2121229,MYT1L,1789113,2331664,TRUE,FALSE
chr2_2121232,ambiguous,chr2,2121232,MYT1L,1789113,2331664,TRUE,FALSE
chr2_2121234,ambiguous,chr2,2121234,MYT1L,1789113,2331664,TRUE,FALSE
chr2_2121240,ambiguous,chr2,2121240,MYT1L,1789113,2331664,TRUE,FALSE
chr2_2121264,ambiguous,chr2,2121264,MYT1L,1789113,2331664,TRUE,FALSE
chr2_2121270,ambiguous,chr2,2121270,MYT1L,1789113,2331664,TRUE,FALSE
chr2_2121302,ambiguous,chr2,2121302,MYT1L,1789113,2331664,TRUE,FALSE
chr2_2121365,constitutive,chr2,2121365,MYT1L,1789113,2331664,TRUE,FALSE
chr2_2121410,ambiguous,chr2,2121410,MYT1L,1789113,2331664,TRUE,FALSE
chr2_2121417,ambiguous,chr2,2121417,MYT1L,1789113,2331664,TRUE,FALSE
chr2_2121421,ambiguous,chr2,2121421,MYT1L,1789113,2331664,TRUE,FALSE
chr2_2121464,constitutive,chr2,2121464,MYT1L,1789113,2331664,TRUE,FALSE
chr2_2121517,constitutive,chr2,2121517,MYT1L,1789113,2331664,TRUE,FALSE
chr2_2121547,ambiguous,chr2,2121547,MYT1L,1789113,2331664,TRUE,FALSE
chr2_2121572,constitutive,chr2,2121572,MYT1L,1789113,2331664,TRUE,FALSE
chr2_2121598,constitutive,chr2,2121598,MYT1L,1789113,2331664,TRUE,FALSE
chr2_2121633,constitutive,chr2,2121633,MYT1L,1789113,2331664,TRUE,FALSE
chr2_2121675,constitutive,chr2,2121675,MYT1L,1789113,2331664,TRUE,FALSE
chr2_2121706,constitutive,chr2,2121706,MYT1L,1789113,2331664,TRUE,FALSE
chr2_2121720,constitutive,chr2,2121720,MYT1L,1789113,2331664,TRUE,FALSE
chr2_2121727,constitutive,chr2,2121727,MYT1L,1789113,2331664,TRUE,FALSE
chr2_2121736,constitutive,chr2,2121736,MYT1L,1789113,2331664,TRUE,FALSE
chr2_2121774,constitutive,chr2,2121774,MYT1L,1789113,2331664,TRUE,FALSE
chr2_2121776,ambiguous,chr2,2121776,MYT1L,1789113,2331664,TRUE,FALSE
chr2_2121821,ambiguous,chr2,2121821,MYT1L,1789113,2331664,TRUE,FALSE
chr2_2121925,constitutive,chr2,2121925,MYT1L,1789113,2331664,TRUE,FALSE
chr2_2121954,ambiguous,chr2,2121954,MYT1L,1789113,2331664,TRUE,FALSE
chr2_2121960,ambiguous,chr2,2121960,MYT1L,1789113,2331664,TRUE,FALSE
chr2_2121987,ambiguous,chr2,2121987,MYT1L,1789113,2331664,TRUE,FALSE
chr2_2122021,ambiguous,chr2,2122021,MYT1L,1789113,2331664,TRUE,FALSE
chr2_2122039,constitutive,chr2,2122039,MYT1L,1789113,2331664,TRUE,FALSE
chr2_2122054,constitutive,chr2,2122054,MYT1L,1789113,2331664,TRUE,FALSE
chr2_2122060,constitutive,chr2,2122060,MYT1L,1789113,2331664,TRUE,FALSE
chr2_2122070,constitutive,chr2,2122070,MYT1L,1789113,2331664,TRUE,FALSE
chr2_2122082,constitutive,chr2,2122082,MYT1L,1789113,2331664,TRUE,FALSE
chr2_2122140,ambiguous,chr2,2122140,MYT1L,1789113,2331664,TRUE,FALSE
chr2_2122189,constitutive,chr2,2122189,MYT1L,1789113,2331664,TRUE,FALSE
chr2_2122251,ambiguous,chr2,2122251,MYT1L,1789113,2331664,TRUE,FALSE
chr2_2122276,ambiguous,chr2,2122276,MYT1L,1789113,2331664,TRUE,FALSE
chr2_2122365,ambiguous,chr2,2122365,MYT1L,1789113,2331664,TRUE,FALSE
chr2_2122393,constitutive,chr2,2122393,MYT1L,1789113,2331664,TRUE,FALSE
chr2_2122503,constitutive,chr2,2122503,MYT1L,1789113,2331664,TRUE,FALSE
chr2_2122506,constitutive,chr2,2122506,MYT1L,1789113,2331664,TRUE,FALSE
chr2_2122532,constitutive,chr2,2122532,MYT1L,1789113,2331664,TRUE,FALSE
chr2_2122606,ambiguous,chr2,2122606,MYT1L,1789113,2331664,TRUE,FALSE
chr2_2122703,constitutive,chr2,2122703,MYT1L,1789113,2331664,TRUE,FALSE
chr2_2122723,ambiguous,chr2,2122723,MYT1L,1789113,2331664,TRUE,FALSE
chr2_2122755,constitutive,chr2,2122755,MYT1L,1789113,2331664,TRUE,FALSE
chr2_2122944,constitutive,chr2,2122944,MYT1L,1789113,2331664,TRUE,FALSE
chr2_2123047,constitutive,chr2,2123047,MYT1L,1789113,2331664,TRUE,FALSE
chr2_2123055,ambiguous,chr2,2123055,MYT1L,1789113,2331664,TRUE,FALSE
chr2_2123137,constitutive,chr2,2123137,MYT1L,1789113,2331664,TRUE,FALSE
chr2_2123253,ambiguous,chr2,2123253,MYT1L,1789113,2331664,TRUE,FALSE
chr2_2123293,ambiguous,chr2,2123293,MYT1L,1789113,2331664,TRUE,FALSE
chr2_2123375,constitutive,chr2,2123375,MYT1L,1789113,2331664,TRUE,FALSE
chr2_2123411,ambiguous,chr2,2123411,MYT1L,1789113,2331664,TRUE,FALSE
chr2_2123524,constitutive,chr2,2123524,MYT1L,1789113,2331664,TRUE,FALSE
chr2_2123622,ambiguous,chr2,2123622,MYT1L,1789113,2331664,TRUE,FALSE
chr2_2123726,ambiguous,chr2,2123726,MYT1L,1789113,2331664,TRUE,FALSE
chr2_2123859,constitutive,chr2,2123859,MYT1L,1789113,2331664,TRUE,FALSE
chr2_2123890,constitutive,chr2,2123890,MYT1L,1789113,2331664,TRUE,FALSE
chr2_2123912,constitutive,chr2,2123912,MYT1L,1789113,2331664,TRUE,FALSE
chr2_2123919,constitutive,chr2,2123919,MYT1L,1789113,2331664,TRUE,FALSE
chr2_2124064,constitutive,chr2,2124064,MYT1L,1789113,2331664,TRUE,FALSE
chr2_2124139,constitutive,chr2,2124139,MYT1L,1789113,2331664,TRUE,FALSE
chr2_2124271,constitutive,chr2,2124271,MYT1L,1789113,2331664,TRUE,FALSE
chr2_2124326,constitutive,chr2,2124326,MYT1L,1789113,2331664,TRUE,FALSE
chr2_2124442,ambiguous,chr2,2124442,MYT1L,1789113,2331664,TRUE,FALSE
chr2_2124515,ambiguous,chr2,2124515,MYT1L,1789113,2331664,TRUE,FALSE
chr2_2124547,ambiguous,chr2,2124547,MYT1L,1789113,2331664,TRUE,FALSE
chr2_2124771,ambiguous,chr2,2124771,MYT1L,1789113,2331664,TRUE,FALSE
chr2_2124870,constitutive,chr2,2124870,MYT1L,1789113,2331664,TRUE,FALSE
chr2_2124880,constitutive,chr2,2124880,MYT1L,1789113,2331664,TRUE,FALSE
chr2_2124923,ambiguous,chr2,2124923,MYT1L,1789113,2331664,TRUE,FALSE
chr2_2125432,ambiguous,chr2,2125432,MYT1L,1789113,2331664,TRUE,FALSE
chr2_2125553,constitutive,chr2,2125553,MYT1L,1789113,2331664,TRUE,FALSE
chr2_2125909,constitutive,chr2,2125909,MYT1L,1789113,2331664,TRUE,FALSE
chr2_2125939,constitutive,chr2,2125939,MYT1L,1789113,2331664,TRUE,FALSE
chr2_2126030,ambiguous,chr2,2126030,MYT1L,1789113,2331664,TRUE,FALSE
chr2_2126088,constitutive,chr2,2126088,MYT1L,1789113,2331664,TRUE,FALSE
chr2_2126209,ambiguous,chr2,2126209,MYT1L,1789113,2331664,TRUE,FALSE
chr2_2126408,ambiguous,chr2,2126408,MYT1L,1789113,2331664,TRUE,FALSE
chr2_2126539,ambiguous,chr2,2126539,MYT1L,1789113,2331664,TRUE,FALSE
chr2_2126651,ambiguous,chr2,2126651,MYT1L,1789113,2331664,TRUE,FALSE
chr2_2126765,constitutive,chr2,2126765,MYT1L,1789113,2331664,TRUE,FALSE
chr2_2126914,ambiguous,chr2,2126914,MYT1L,1789113,2331664,TRUE,FALSE
chr2_2126967,ambiguous,chr2,2126967,MYT1L,1789113,2331664,TRUE,FALSE
chr2_2127134,constitutive,chr2,2127134,MYT1L,1789113,2331664,TRUE,FALSE
chr2_2127288,ambiguous,chr2,2127288,MYT1L,1789113,2331664,TRUE,FALSE
chr2_2127346,ambiguous,chr2,2127346,MYT1L,1789113,2331664,TRUE,FALSE
chr2_2127499,constitutive,chr2,2127499,MYT1L,1789113,2331664,TRUE,FALSE
chr2_2127574,ambiguous,chr2,2127574,MYT1L,1789113,2331664,TRUE,FALSE
chr2_2127614,ambiguous,chr2,2127614,MYT1L,1789113,2331664,TRUE,FALSE
chr2_2127624,ambiguous,chr2,2127624,MYT1L,1789113,2331664,TRUE,FALSE
chr2_2127651,ambiguous,chr2,2127651,MYT1L,1789113,2331664,TRUE,FALSE
chr2_2127686,ambiguous,chr2,2127686,MYT1L,1789113,2331664,TRUE,FALSE
chr2_2127833,ambiguous,chr2,2127833,MYT1L,1789113,2331664,TRUE,FALSE
chr2_2128082,ambiguous,chr2,2128082,MYT1L,1789113,2331664,TRUE,FALSE
chr2_2128131,ambiguous,chr2,2128131,MYT1L,1789113,2331664,TRUE,FALSE
chr2_2128271,ambiguous,chr2,2128271,MYT1L,1789113,2331664,TRUE,FALSE
chr2_2128303,ambiguous,chr2,2128303,MYT1L,1789113,2331664,TRUE,FALSE
chr2_2129068,ambiguous,chr2,2129068,MYT1L,1789113,2331664,TRUE,FALSE
chr2_2129102,ambiguous,chr2,2129102,MYT1L,1789113,2331664,TRUE,FALSE
chr2_2129121,constitutive,chr2,2129121,MYT1L,1789113,2331664,TRUE,FALSE
chr2_2129227,ambiguous,chr2,2129227,MYT1L,1789113,2331664,TRUE,FALSE
chr2_2129576,ambiguous,chr2,2129576,MYT1L,1789113,2331664,TRUE,FALSE
chr2_2129628,constitutive,chr2,2129628,MYT1L,1789113,2331664,TRUE,FALSE
chr2_2129632,constitutive,chr2,2129632,MYT1L,1789113,2331664,TRUE,FALSE
chr2_2129634,constitutive,chr2,2129634,MYT1L,1789113,2331664,TRUE,FALSE
chr2_2129837,constitutive,chr2,2129837,MYT1L,1789113,2331664,TRUE,FALSE
chr2_2129854,ambiguous,chr2,2129854,MYT1L,1789113,2331664,TRUE,FALSE
chr2_2129884,constitutive,chr2,2129884,MYT1L,1789113,2331664,TRUE,FALSE
chr2_2130012,ambiguous,chr2,2130012,MYT1L,1789113,2331664,TRUE,FALSE
chr2_2130176,constitutive,chr2,2130176,MYT1L,1789113,2331664,TRUE,FALSE
chr2_2130186,constitutive,chr2,2130186,MYT1L,1789113,2331664,TRUE,FALSE
chr2_2130210,ambiguous,chr2,2130210,MYT1L,1789113,2331664,TRUE,FALSE
chr2_2130283,ambiguous,chr2,2130283,MYT1L,1789113,2331664,TRUE,FALSE
chr2_2130324,ambiguous,chr2,2130324,MYT1L,1789113,2331664,TRUE,FALSE
chr2_2130455,ambiguous,chr2,2130455,MYT1L,1789113,2331664,TRUE,FALSE
chr2_2130485,ambiguous,chr2,2130485,MYT1L,1789113,2331664,TRUE,FALSE
chr2_2130503,ambiguous,chr2,2130503,MYT1L,1789113,2331664,TRUE,FALSE
chr2_2130644,ambiguous,chr2,2130644,MYT1L,1789113,2331664,TRUE,FALSE
chr2_2130703,ambiguous,chr2,2130703,MYT1L,1789113,2331664,TRUE,FALSE
chr2_2130710,ambiguous,chr2,2130710,MYT1L,1789113,2331664,TRUE,FALSE
chr2_2131057,constitutive,chr2,2131057,MYT1L,1789113,2331664,TRUE,FALSE
chr2_2131079,ambiguous,chr2,2131079,MYT1L,1789113,2331664,TRUE,FALSE
chr2_2131300,constitutive,chr2,2131300,MYT1L,1789113,2331664,TRUE,FALSE
chr2_2131680,ambiguous,chr2,2131680,MYT1L,1789113,2331664,TRUE,FALSE
chr2_2131721,ambiguous,chr2,2131721,MYT1L,1789113,2331664,TRUE,FALSE
chr2_2131727,ambiguous,chr2,2131727,MYT1L,1789113,2331664,TRUE,FALSE
chr2_2131792,ambiguous,chr2,2131792,MYT1L,1789113,2331664,TRUE,FALSE
chr2_2131844,ambiguous,chr2,2131844,MYT1L,1789113,2331664,TRUE,FALSE
chr2_2131971,constitutive,chr2,2131971,MYT1L,1789113,2331664,TRUE,FALSE
chr2_2131999,ambiguous,chr2,2131999,MYT1L,1789113,2331664,TRUE,FALSE
chr2_2132032,constitutive,chr2,2132032,MYT1L,1789113,2331664,TRUE,FALSE
chr2_2132064,ambiguous,chr2,2132064,MYT1L,1789113,2331664,TRUE,FALSE
chr2_2132128,ambiguous,chr2,2132128,MYT1L,1789113,2331664,TRUE,FALSE
chr2_2132198,constitutive,chr2,2132198,MYT1L,1789113,2331664,TRUE,FALSE
chr2_2132206,constitutive,chr2,2132206,MYT1L,1789113,2331664,TRUE,FALSE
chr2_2132252,ambiguous,chr2,2132252,MYT1L,1789113,2331664,TRUE,FALSE
chr2_2132282,ambiguous,chr2,2132282,MYT1L,1789113,2331664,TRUE,FALSE
chr2_2132869,ambiguous,chr2,2132869,MYT1L,1789113,2331664,TRUE,FALSE
chr2_2133069,ambiguous,chr2,2133069,MYT1L,1789113,2331664,TRUE,FALSE
chr2_2133087,constitutive,chr2,2133087,MYT1L,1789113,2331664,TRUE,FALSE
chr2_2133097,ambiguous,chr2,2133097,MYT1L,1789113,2331664,TRUE,FALSE
chr2_2133110,constitutive,chr2,2133110,MYT1L,1789113,2331664,TRUE,FALSE
chr2_2133138,ambiguous,chr2,2133138,MYT1L,1789113,2331664,TRUE,FALSE
chr2_2133208,ambiguous,chr2,2133208,MYT1L,1789113,2331664,TRUE,FALSE
chr2_2133221,ambiguous,chr2,2133221,MYT1L,1789113,2331664,TRUE,FALSE
chr2_2133287,constitutive,chr2,2133287,MYT1L,1789113,2331664,TRUE,FALSE
chr2_2133729,ambiguous,chr2,2133729,MYT1L,1789113,2331664,TRUE,FALSE
chr2_2133830,ambiguous,chr2,2133830,MYT1L,1789113,2331664,TRUE,FALSE
chr2_2133903,ambiguous,chr2,2133903,MYT1L,1789113,2331664,TRUE,FALSE
chr2_2133945,ambiguous,chr2,2133945,MYT1L,1789113,2331664,TRUE,FALSE
chr2_2134080,ambiguous,chr2,2134080,MYT1L,1789113,2331664,TRUE,FALSE
chr2_2134111,ambiguous,chr2,2134111,MYT1L,1789113,2331664,TRUE,FALSE
chr2_2134129,ambiguous,chr2,2134129,MYT1L,1789113,2331664,TRUE,FALSE
chr2_2134288,ambiguous,chr2,2134288,MYT1L,1789113,2331664,TRUE,FALSE
chr2_2134673,ambiguous,chr2,2134673,MYT1L,1789113,2331664,TRUE,FALSE
chr2_2134739,ambiguous,chr2,2134739,MYT1L,1789113,2331664,TRUE,FALSE
chr2_2134811,ambiguous,chr2,2134811,MYT1L,1789113,2331664,TRUE,FALSE
chr2_2135186,ambiguous,chr2,2135186,MYT1L,1789113,2331664,TRUE,FALSE
chr2_2135617,ambiguous,chr2,2135617,MYT1L,1789113,2331664,TRUE,FALSE
chr2_2135653,ambiguous,chr2,2135653,MYT1L,1789113,2331664,TRUE,FALSE
chr2_2135806,constitutive,chr2,2135806,MYT1L,1789113,2331664,TRUE,FALSE
chr2_2135851,ambiguous,chr2,2135851,MYT1L,1789113,2331664,TRUE,FALSE
chr2_2135881,ambiguous,chr2,2135881,MYT1L,1789113,2331664,TRUE,FALSE
chr2_2135898,ambiguous,chr2,2135898,MYT1L,1789113,2331664,TRUE,FALSE
chr2_2136334,ambiguous,chr2,2136334,MYT1L,1789113,2331664,TRUE,FALSE
chr2_2136353,ambiguous,chr2,2136353,MYT1L,1789113,2331664,TRUE,FALSE
chr2_2136363,ambiguous,chr2,2136363,MYT1L,1789113,2331664,TRUE,FALSE
chr2_2136509,ambiguous,chr2,2136509,MYT1L,1789113,2331664,TRUE,FALSE
chr2_2136545,ambiguous,chr2,2136545,MYT1L,1789113,2331664,TRUE,FALSE
chr2_2136718,ambiguous,chr2,2136718,MYT1L,1789113,2331664,TRUE,FALSE
chr2_2137659,constitutive,chr2,2137659,MYT1L,1789113,2331664,TRUE,FALSE
chr2_2137778,constitutive,chr2,2137778,MYT1L,1789113,2331664,TRUE,FALSE
chr2_2138879,constitutive,chr2,2138879,MYT1L,1789113,2331664,TRUE,FALSE
chr2_2138900,constitutive,chr2,2138900,MYT1L,1789113,2331664,TRUE,FALSE
chr2_2138909,constitutive,chr2,2138909,MYT1L,1789113,2331664,TRUE,FALSE
chr2_2138985,constitutive,chr2,2138985,MYT1L,1789113,2331664,TRUE,FALSE
chr2_2139005,constitutive,chr2,2139005,MYT1L,1789113,2331664,TRUE,FALSE
chr2_2139090,ambiguous,chr2,2139090,MYT1L,1789113,2331664,TRUE,FALSE
chr2_2139118,ambiguous,chr2,2139118,MYT1L,1789113,2331664,TRUE,FALSE
chr2_2139169,constitutive,chr2,2139169,MYT1L,1789113,2331664,TRUE,FALSE
chr2_2139188,ambiguous,chr2,2139188,MYT1L,1789113,2331664,TRUE,FALSE
chr2_2139229,ambiguous,chr2,2139229,MYT1L,1789113,2331664,TRUE,FALSE
chr2_2139345,constitutive,chr2,2139345,MYT1L,1789113,2331664,TRUE,FALSE
chr2_2139385,ambiguous,chr2,2139385,MYT1L,1789113,2331664,TRUE,FALSE
chr2_2139499,ambiguous,chr2,2139499,MYT1L,1789113,2331664,TRUE,FALSE
chr2_2139509,constitutive,chr2,2139509,MYT1L,1789113,2331664,TRUE,FALSE
chr2_2139531,constitutive,chr2,2139531,MYT1L,1789113,2331664,TRUE,FALSE
chr2_2139563,constitutive,chr2,2139563,MYT1L,1789113,2331664,TRUE,FALSE
chr2_2139570,constitutive,chr2,2139570,MYT1L,1789113,2331664,TRUE,FALSE
chr2_2139587,constitutive,chr2,2139587,MYT1L,1789113,2331664,TRUE,FALSE
chr2_2139625,ambiguous,chr2,2139625,MYT1L,1789113,2331664,TRUE,FALSE
chr2_2139692,constitutive,chr2,2139692,MYT1L,1789113,2331664,TRUE,FALSE
chr2_2139703,constitutive,chr2,2139703,MYT1L,1789113,2331664,TRUE,FALSE
chr2_2139955,constitutive,chr2,2139955,MYT1L,1789113,2331664,TRUE,FALSE
chr2_2140107,constitutive,chr2,2140107,MYT1L,1789113,2331664,TRUE,FALSE
chr2_2140497,constitutive,chr2,2140497,MYT1L,1789113,2331664,TRUE,FALSE
chr2_2140520,constitutive,chr2,2140520,MYT1L,1789113,2331664,TRUE,FALSE
chr2_2140583,constitutive,chr2,2140583,MYT1L,1789113,2331664,TRUE,FALSE
chr2_2140591,constitutive,chr2,2140591,MYT1L,1789113,2331664,TRUE,FALSE
chr2_2140676,constitutive,chr2,2140676,MYT1L,1789113,2331664,TRUE,FALSE
chr2_2140679,constitutive,chr2,2140679,MYT1L,1789113,2331664,TRUE,FALSE
chr2_2140684,constitutive,chr2,2140684,MYT1L,1789113,2331664,TRUE,FALSE
chr2_2140712,constitutive,chr2,2140712,MYT1L,1789113,2331664,TRUE,FALSE
chr2_2140724,constitutive,chr2,2140724,MYT1L,1789113,2331664,TRUE,FALSE
chr2_2140728,constitutive,chr2,2140728,MYT1L,1789113,2331664,TRUE,FALSE
chr2_2140860,constitutive,chr2,2140860,MYT1L,1789113,2331664,TRUE,FALSE
chr2_2140905,constitutive,chr2,2140905,MYT1L,1789113,2331664,TRUE,FALSE
chr2_2141031,constitutive,chr2,2141031,MYT1L,1789113,2331664,TRUE,FALSE
chr2_2141470,ambiguous,chr2,2141470,MYT1L,1789113,2331664,TRUE,FALSE
chr2_2141525,ambiguous,chr2,2141525,MYT1L,1789113,2331664,TRUE,FALSE
chr2_2141599,ambiguous,chr2,2141599,MYT1L,1789113,2331664,TRUE,FALSE
chr2_2141649,ambiguous,chr2,2141649,MYT1L,1789113,2331664,TRUE,FALSE
chr2_2141727,ambiguous,chr2,2141727,MYT1L,1789113,2331664,TRUE,FALSE
chr2_2141780,ambiguous,chr2,2141780,MYT1L,1789113,2331664,TRUE,FALSE
chr2_2141802,ambiguous,chr2,2141802,MYT1L,1789113,2331664,TRUE,FALSE
chr2_2141895,constitutive,chr2,2141895,MYT1L,1789113,2331664,TRUE,FALSE
chr2_2141950,ambiguous,chr2,2141950,MYT1L,1789113,2331664,TRUE,FALSE
chr2_2141989,ambiguous,chr2,2141989,MYT1L,1789113,2331664,TRUE,FALSE
chr2_2142130,constitutive,chr2,2142130,MYT1L,1789113,2331664,TRUE,FALSE
chr2_2142178,ambiguous,chr2,2142178,MYT1L,1789113,2331664,TRUE,FALSE
chr2_2142217,ambiguous,chr2,2142217,MYT1L,1789113,2331664,TRUE,FALSE
chr2_2142266,ambiguous,chr2,2142266,MYT1L,1789113,2331664,TRUE,FALSE
chr2_2142302,constitutive,chr2,2142302,MYT1L,1789113,2331664,TRUE,FALSE
chr2_2142304,constitutive,chr2,2142304,MYT1L,1789113,2331664,TRUE,FALSE
chr2_2142461,constitutive,chr2,2142461,MYT1L,1789113,2331664,TRUE,FALSE
chr2_2142502,ambiguous,chr2,2142502,MYT1L,1789113,2331664,TRUE,FALSE
chr2_2142509,ambiguous,chr2,2142509,MYT1L,1789113,2331664,TRUE,FALSE
chr2_2142579,ambiguous,chr2,2142579,MYT1L,1789113,2331664,TRUE,FALSE
chr2_2142833,constitutive,chr2,2142833,MYT1L,1789113,2331664,TRUE,FALSE
chr2_2142938,ambiguous,chr2,2142938,MYT1L,1789113,2331664,TRUE,FALSE
chr2_2142982,ambiguous,chr2,2142982,MYT1L,1789113,2331664,TRUE,FALSE
chr2_2143016,constitutive,chr2,2143016,MYT1L,1789113,2331664,TRUE,FALSE
chr2_2143018,constitutive,chr2,2143018,MYT1L,1789113,2331664,TRUE,FALSE
chr2_2143026,ambiguous,chr2,2143026,MYT1L,1789113,2331664,TRUE,FALSE
chr2_2143056,constitutive,chr2,2143056,MYT1L,1789113,2331664,TRUE,FALSE
chr2_2143117,constitutive,chr2,2143117,MYT1L,1789113,2331664,TRUE,FALSE
chr2_2143146,constitutive,chr2,2143146,MYT1L,1789113,2331664,TRUE,FALSE
chr2_2143150,constitutive,chr2,2143150,MYT1L,1789113,2331664,TRUE,FALSE
chr2_2143162,constitutive,chr2,2143162,MYT1L,1789113,2331664,TRUE,FALSE
chr2_2143182,ambiguous,chr2,2143182,MYT1L,1789113,2331664,TRUE,FALSE
chr2_2143206,ambiguous,chr2,2143206,MYT1L,1789113,2331664,TRUE,FALSE
chr2_2143238,ambiguous,chr2,2143238,MYT1L,1789113,2331664,TRUE,FALSE
chr2_2143268,constitutive,chr2,2143268,MYT1L,1789113,2331664,TRUE,FALSE
chr2_2143276,constitutive,chr2,2143276,MYT1L,1789113,2331664,TRUE,FALSE
chr2_2143284,constitutive,chr2,2143284,MYT1L,1789113,2331664,TRUE,FALSE
chr2_2143391,ambiguous,chr2,2143391,MYT1L,1789113,2331664,TRUE,FALSE
chr2_2143400,ambiguous,chr2,2143400,MYT1L,1789113,2331664,TRUE,FALSE
chr2_2143487,ambiguous,chr2,2143487,MYT1L,1789113,2331664,TRUE,FALSE
chr2_2143540,ambiguous,chr2,2143540,MYT1L,1789113,2331664,TRUE,FALSE
chr2_2143792,constitutive,chr2,2143792,MYT1L,1789113,2331664,TRUE,FALSE
chr2_2143798,constitutive,chr2,2143798,MYT1L,1789113,2331664,TRUE,FALSE
chr2_2143911,constitutive,chr2,2143911,MYT1L,1789113,2331664,TRUE,FALSE
chr2_2143919,constitutive,chr2,2143919,MYT1L,1789113,2331664,TRUE,FALSE
chr2_2143922,constitutive,chr2,2143922,MYT1L,1789113,2331664,TRUE,FALSE
chr2_2143946,constitutive,chr2,2143946,MYT1L,1789113,2331664,TRUE,FALSE
chr2_2143981,constitutive,chr2,2143981,MYT1L,1789113,2331664,TRUE,FALSE
chr2_2144029,constitutive,chr2,2144029,MYT1L,1789113,2331664,TRUE,FALSE
chr2_2144154,constitutive,chr2,2144154,MYT1L,1789113,2331664,TRUE,FALSE
chr2_2144289,ambiguous,chr2,2144289,MYT1L,1789113,2331664,TRUE,FALSE
chr2_2144341,constitutive,chr2,2144341,MYT1L,1789113,2331664,TRUE,FALSE
chr2_2144354,ambiguous,chr2,2144354,MYT1L,1789113,2331664,TRUE,FALSE
chr2_2144582,ambiguous,chr2,2144582,MYT1L,1789113,2331664,TRUE,FALSE
chr2_2144678,ambiguous,chr2,2144678,MYT1L,1789113,2331664,TRUE,FALSE
chr2_2144832,ambiguous,chr2,2144832,MYT1L,1789113,2331664,TRUE,FALSE
chr2_2144841,ambiguous,chr2,2144841,MYT1L,1789113,2331664,TRUE,FALSE
chr2_2145054,ambiguous,chr2,2145054,MYT1L,1789113,2331664,TRUE,FALSE
chr2_2145108,ambiguous,chr2,2145108,MYT1L,1789113,2331664,TRUE,FALSE
chr2_2145136,ambiguous,chr2,2145136,MYT1L,1789113,2331664,TRUE,FALSE
chr2_2145217,ambiguous,chr2,2145217,MYT1L,1789113,2331664,TRUE,FALSE
chr2_2145235,ambiguous,chr2,2145235,MYT1L,1789113,2331664,TRUE,FALSE
chr2_2145281,ambiguous,chr2,2145281,MYT1L,1789113,2331664,TRUE,FALSE
chr2_2145301,ambiguous,chr2,2145301,MYT1L,1789113,2331664,TRUE,FALSE
chr2_2145343,constitutive,chr2,2145343,MYT1L,1789113,2331664,TRUE,FALSE
chr2_2145356,ambiguous,chr2,2145356,MYT1L,1789113,2331664,TRUE,FALSE
chr2_2145359,constitutive,chr2,2145359,MYT1L,1789113,2331664,TRUE,FALSE
chr2_2145971,ambiguous,chr2,2145971,MYT1L,1789113,2331664,TRUE,FALSE
chr2_2145991,ambiguous,chr2,2145991,MYT1L,1789113,2331664,TRUE,FALSE
chr2_2146337,ambiguous,chr2,2146337,MYT1L,1789113,2331664,TRUE,FALSE
chr2_2146346,ambiguous,chr2,2146346,MYT1L,1789113,2331664,TRUE,FALSE
chr2_2146387,ambiguous,chr2,2146387,MYT1L,1789113,2331664,TRUE,FALSE
chr2_2146405,ambiguous,chr2,2146405,MYT1L,1789113,2331664,TRUE,FALSE
chr2_2146456,ambiguous,chr2,2146456,MYT1L,1789113,2331664,TRUE,FALSE
chr2_2146544,ambiguous,chr2,2146544,MYT1L,1789113,2331664,TRUE,FALSE
chr2_2146620,ambiguous,chr2,2146620,MYT1L,1789113,2331664,TRUE,FALSE
chr2_2146748,ambiguous,chr2,2146748,MYT1L,1789113,2331664,TRUE,FALSE
chr2_2147377,ambiguous,chr2,2147377,MYT1L,1789113,2331664,TRUE,FALSE
chr2_2147407,ambiguous,chr2,2147407,MYT1L,1789113,2331664,TRUE,FALSE
chr2_2147450,ambiguous,chr2,2147450,MYT1L,1789113,2331664,TRUE,FALSE
chr2_2147473,ambiguous,chr2,2147473,MYT1L,1789113,2331664,TRUE,FALSE
chr2_2147488,ambiguous,chr2,2147488,MYT1L,1789113,2331664,TRUE,FALSE
chr2_2147528,ambiguous,chr2,2147528,MYT1L,1789113,2331664,TRUE,FALSE
chr2_2147602,ambiguous,chr2,2147602,MYT1L,1789113,2331664,TRUE,FALSE
chr2_2147645,ambiguous,chr2,2147645,MYT1L,1789113,2331664,TRUE,FALSE
chr2_2147652,ambiguous,chr2,2147652,MYT1L,1789113,2331664,TRUE,FALSE
chr2_2147659,ambiguous,chr2,2147659,MYT1L,1789113,2331664,TRUE,FALSE
chr2_2147685,ambiguous,chr2,2147685,MYT1L,1789113,2331664,TRUE,FALSE
chr2_2147711,ambiguous,chr2,2147711,MYT1L,1789113,2331664,TRUE,FALSE
chr2_2147757,ambiguous,chr2,2147757,MYT1L,1789113,2331664,TRUE,FALSE
chr2_2147766,ambiguous,chr2,2147766,MYT1L,1789113,2331664,TRUE,FALSE
chr2_2147797,ambiguous,chr2,2147797,MYT1L,1789113,2331664,TRUE,FALSE
chr2_2147814,ambiguous,chr2,2147814,MYT1L,1789113,2331664,TRUE,FALSE
chr2_2147823,ambiguous,chr2,2147823,MYT1L,1789113,2331664,TRUE,FALSE
chr2_2147865,ambiguous,chr2,2147865,MYT1L,1789113,2331664,TRUE,FALSE
chr2_2148023,ambiguous,chr2,2148023,MYT1L,1789113,2331664,TRUE,FALSE
chr2_2148031,ambiguous,chr2,2148031,MYT1L,1789113,2331664,TRUE,FALSE
chr2_2148264,ambiguous,chr2,2148264,MYT1L,1789113,2331664,TRUE,FALSE
chr2_2148285,constitutive,chr2,2148285,MYT1L,1789113,2331664,TRUE,FALSE
chr2_2148371,ambiguous,chr2,2148371,MYT1L,1789113,2331664,TRUE,FALSE
chr2_2148417,ambiguous,chr2,2148417,MYT1L,1789113,2331664,TRUE,FALSE
chr2_2148632,ambiguous,chr2,2148632,MYT1L,1789113,2331664,TRUE,FALSE
chr2_2148652,ambiguous,chr2,2148652,MYT1L,1789113,2331664,TRUE,FALSE
chr2_2148678,ambiguous,chr2,2148678,MYT1L,1789113,2331664,TRUE,FALSE
chr2_2148838,ambiguous,chr2,2148838,MYT1L,1789113,2331664,TRUE,FALSE
chr2_2149014,ambiguous,chr2,2149014,MYT1L,1789113,2331664,TRUE,FALSE
chr2_2149278,ambiguous,chr2,2149278,MYT1L,1789113,2331664,TRUE,FALSE
chr2_2149463,ambiguous,chr2,2149463,MYT1L,1789113,2331664,TRUE,FALSE
chr2_2149690,constitutive,chr2,2149690,MYT1L,1789113,2331664,TRUE,FALSE
chr2_2149732,ambiguous,chr2,2149732,MYT1L,1789113,2331664,TRUE,FALSE
chr2_2150041,ambiguous,chr2,2150041,MYT1L,1789113,2331664,TRUE,FALSE
chr2_2150085,ambiguous,chr2,2150085,MYT1L,1789113,2331664,TRUE,FALSE
chr2_2150153,ambiguous,chr2,2150153,MYT1L,1789113,2331664,TRUE,FALSE
chr2_2150187,ambiguous,chr2,2150187,MYT1L,1789113,2331664,TRUE,FALSE
chr2_2150218,ambiguous,chr2,2150218,MYT1L,1789113,2331664,TRUE,FALSE
chr2_2150732,ambiguous,chr2,2150732,MYT1L,1789113,2331664,TRUE,FALSE
chr2_2151160,ambiguous,chr2,2151160,MYT1L,1789113,2331664,TRUE,FALSE
chr2_2151633,ambiguous,chr2,2151633,MYT1L,1789113,2331664,TRUE,FALSE
chr2_2151777,constitutive,chr2,2151777,MYT1L,1789113,2331664,TRUE,FALSE
chr2_2151898,ambiguous,chr2,2151898,MYT1L,1789113,2331664,TRUE,FALSE
chr2_2151980,constitutive,chr2,2151980,MYT1L,1789113,2331664,TRUE,FALSE
chr2_2152004,constitutive,chr2,2152004,MYT1L,1789113,2331664,TRUE,FALSE
chr2_2152012,constitutive,chr2,2152012,MYT1L,1789113,2331664,TRUE,FALSE
chr2_2152133,constitutive,chr2,2152133,MYT1L,1789113,2331664,TRUE,FALSE
chr2_2152180,constitutive,chr2,2152180,MYT1L,1789113,2331664,TRUE,FALSE
chr2_2152192,constitutive,chr2,2152192,MYT1L,1789113,2331664,TRUE,FALSE
chr2_2152225,ambiguous,chr2,2152225,MYT1L,1789113,2331664,TRUE,FALSE
chr2_2152249,constitutive,chr2,2152249,MYT1L,1789113,2331664,TRUE,FALSE
chr2_2152257,ambiguous,chr2,2152257,MYT1L,1789113,2331664,TRUE,FALSE
chr2_2152298,constitutive,chr2,2152298,MYT1L,1789113,2331664,TRUE,FALSE
chr2_2152455,ambiguous,chr2,2152455,MYT1L,1789113,2331664,TRUE,FALSE
chr2_2152475,constitutive,chr2,2152475,MYT1L,1789113,2331664,TRUE,FALSE
chr2_2152517,ambiguous,chr2,2152517,MYT1L,1789113,2331664,TRUE,FALSE
chr2_2152544,ambiguous,chr2,2152544,MYT1L,1789113,2331664,TRUE,FALSE
chr2_2152559,ambiguous,chr2,2152559,MYT1L,1789113,2331664,TRUE,FALSE
chr2_2152632,constitutive,chr2,2152632,MYT1L,1789113,2331664,TRUE,FALSE
chr2_2152637,ambiguous,chr2,2152637,MYT1L,1789113,2331664,TRUE,FALSE
chr2_2152652,ambiguous,chr2,2152652,MYT1L,1789113,2331664,TRUE,FALSE
chr2_2152766,ambiguous,chr2,2152766,MYT1L,1789113,2331664,TRUE,FALSE
chr2_2152921,constitutive,chr2,2152921,MYT1L,1789113,2331664,TRUE,FALSE
chr2_2153249,ambiguous,chr2,2153249,MYT1L,1789113,2331664,TRUE,FALSE
chr2_2153469,ambiguous,chr2,2153469,MYT1L,1789113,2331664,TRUE,FALSE
chr2_2153596,ambiguous,chr2,2153596,MYT1L,1789113,2331664,TRUE,FALSE
chr2_2153802,ambiguous,chr2,2153802,MYT1L,1789113,2331664,TRUE,FALSE
chr2_2153818,constitutive,chr2,2153818,MYT1L,1789113,2331664,TRUE,FALSE
chr2_2153877,ambiguous,chr2,2153877,MYT1L,1789113,2331664,TRUE,FALSE
chr2_2153889,constitutive,chr2,2153889,MYT1L,1789113,2331664,TRUE,FALSE
chr2_2153898,constitutive,chr2,2153898,MYT1L,1789113,2331664,TRUE,FALSE
chr2_2153950,constitutive,chr2,2153950,MYT1L,1789113,2331664,TRUE,FALSE
chr2_2154012,ambiguous,chr2,2154012,MYT1L,1789113,2331664,TRUE,FALSE
chr2_2154033,ambiguous,chr2,2154033,MYT1L,1789113,2331664,TRUE,FALSE
chr2_2154094,constitutive,chr2,2154094,MYT1L,1789113,2331664,TRUE,FALSE
chr2_2154098,ambiguous,chr2,2154098,MYT1L,1789113,2331664,TRUE,FALSE
chr2_2154122,constitutive,chr2,2154122,MYT1L,1789113,2331664,TRUE,FALSE
chr2_2154135,constitutive,chr2,2154135,MYT1L,1789113,2331664,TRUE,FALSE
chr2_2154185,ambiguous,chr2,2154185,MYT1L,1789113,2331664,TRUE,FALSE
chr2_2154337,ambiguous,chr2,2154337,MYT1L,1789113,2331664,TRUE,FALSE
chr2_2154593,constitutive,chr2,2154593,MYT1L,1789113,2331664,TRUE,FALSE
chr2_2154780,ambiguous,chr2,2154780,MYT1L,1789113,2331664,TRUE,FALSE
chr2_2154848,constitutive,chr2,2154848,MYT1L,1789113,2331664,TRUE,FALSE
chr2_2155019,ambiguous,chr2,2155019,MYT1L,1789113,2331664,TRUE,FALSE
chr2_2155081,ambiguous,chr2,2155081,MYT1L,1789113,2331664,TRUE,FALSE
chr2_2155318,ambiguous,chr2,2155318,MYT1L,1789113,2331664,TRUE,FALSE
chr2_2155520,ambiguous,chr2,2155520,MYT1L,1789113,2331664,TRUE,FALSE
chr2_2155726,ambiguous,chr2,2155726,MYT1L,1789113,2331664,TRUE,FALSE
chr2_2155741,ambiguous,chr2,2155741,MYT1L,1789113,2331664,TRUE,FALSE
chr2_2155807,ambiguous,chr2,2155807,MYT1L,1789113,2331664,TRUE,FALSE
chr2_2155924,ambiguous,chr2,2155924,MYT1L,1789113,2331664,TRUE,FALSE
chr2_2156031,ambiguous,chr2,2156031,MYT1L,1789113,2331664,TRUE,FALSE
chr2_2156184,ambiguous,chr2,2156184,MYT1L,1789113,2331664,TRUE,FALSE
chr2_2156418,ambiguous,chr2,2156418,MYT1L,1789113,2331664,TRUE,FALSE
chr2_2156439,ambiguous,chr2,2156439,MYT1L,1789113,2331664,TRUE,FALSE
chr2_2156627,constitutive,chr2,2156627,MYT1L,1789113,2331664,TRUE,FALSE
chr2_2156658,constitutive,chr2,2156658,MYT1L,1789113,2331664,TRUE,FALSE
chr2_2156664,constitutive,chr2,2156664,MYT1L,1789113,2331664,TRUE,FALSE
chr2_2156741,ambiguous,chr2,2156741,MYT1L,1789113,2331664,TRUE,FALSE
chr2_2156823,constitutive,chr2,2156823,MYT1L,1789113,2331664,TRUE,FALSE
chr2_2156860,constitutive,chr2,2156860,MYT1L,1789113,2331664,TRUE,FALSE
chr2_2156871,ambiguous,chr2,2156871,MYT1L,1789113,2331664,TRUE,FALSE
chr2_2156967,ambiguous,chr2,2156967,MYT1L,1789113,2331664,TRUE,FALSE
chr2_2157002,ambiguous,chr2,2157002,MYT1L,1789113,2331664,TRUE,FALSE
chr2_2157043,constitutive,chr2,2157043,MYT1L,1789113,2331664,TRUE,FALSE
chr2_2157077,constitutive,chr2,2157077,MYT1L,1789113,2331664,TRUE,FALSE
chr2_2157651,ambiguous,chr2,2157651,MYT1L,1789113,2331664,TRUE,FALSE
chr2_2158342,ambiguous,chr2,2158342,MYT1L,1789113,2331664,TRUE,FALSE
chr2_2158423,ambiguous,chr2,2158423,MYT1L,1789113,2331664,TRUE,FALSE
chr2_2158458,ambiguous,chr2,2158458,MYT1L,1789113,2331664,TRUE,FALSE
chr2_2158471,ambiguous,chr2,2158471,MYT1L,1789113,2331664,TRUE,FALSE
chr2_2158650,ambiguous,chr2,2158650,MYT1L,1789113,2331664,TRUE,FALSE
chr2_2158662,ambiguous,chr2,2158662,MYT1L,1789113,2331664,TRUE,FALSE
chr2_2158804,ambiguous,chr2,2158804,MYT1L,1789113,2331664,TRUE,FALSE
chr2_2158816,ambiguous,chr2,2158816,MYT1L,1789113,2331664,TRUE,FALSE
chr2_2158830,ambiguous,chr2,2158830,MYT1L,1789113,2331664,TRUE,FALSE
chr2_2158918,ambiguous,chr2,2158918,MYT1L,1789113,2331664,TRUE,FALSE
chr2_2158931,constitutive,chr2,2158931,MYT1L,1789113,2331664,TRUE,FALSE
chr2_2158974,ambiguous,chr2,2158974,MYT1L,1789113,2331664,TRUE,FALSE
chr2_2159086,ambiguous,chr2,2159086,MYT1L,1789113,2331664,TRUE,FALSE
chr2_2159109,ambiguous,chr2,2159109,MYT1L,1789113,2331664,TRUE,FALSE
chr2_2159114,ambiguous,chr2,2159114,MYT1L,1789113,2331664,TRUE,FALSE
chr2_2159175,ambiguous,chr2,2159175,MYT1L,1789113,2331664,TRUE,FALSE
chr2_2159183,ambiguous,chr2,2159183,MYT1L,1789113,2331664,TRUE,FALSE
chr2_2159313,constitutive,chr2,2159313,MYT1L,1789113,2331664,TRUE,FALSE
chr2_2159338,ambiguous,chr2,2159338,MYT1L,1789113,2331664,TRUE,FALSE
chr2_2159373,ambiguous,chr2,2159373,MYT1L,1789113,2331664,TRUE,FALSE
chr2_2159420,ambiguous,chr2,2159420,MYT1L,1789113,2331664,TRUE,FALSE
chr2_2159438,ambiguous,chr2,2159438,MYT1L,1789113,2331664,TRUE,FALSE
chr2_2159483,ambiguous,chr2,2159483,MYT1L,1789113,2331664,TRUE,FALSE
chr2_2159511,ME,chr2,2159511,MYT1L,1789113,2331664,TRUE,FALSE
chr2_2159526,constitutive,chr2,2159526,MYT1L,1789113,2331664,TRUE,FALSE
chr2_2159536,constitutive,chr2,2159536,MYT1L,1789113,2331664,TRUE,FALSE
chr2_2159538,constitutive,chr2,2159538,MYT1L,1789113,2331664,TRUE,FALSE
chr2_2159592,constitutive,chr2,2159592,MYT1L,1789113,2331664,TRUE,FALSE
chr2_2159607,constitutive,chr2,2159607,MYT1L,1789113,2331664,TRUE,FALSE
chr2_2159633,constitutive,chr2,2159633,MYT1L,1789113,2331664,TRUE,FALSE
chr2_2159641,constitutive,chr2,2159641,MYT1L,1789113,2331664,TRUE,FALSE
chr2_2159728,ambiguous,chr2,2159728,MYT1L,1789113,2331664,TRUE,FALSE
chr2_2159737,ambiguous,chr2,2159737,MYT1L,1789113,2331664,TRUE,FALSE
chr2_2159963,constitutive,chr2,2159963,MYT1L,1789113,2331664,TRUE,FALSE
chr2_2159984,constitutive,chr2,2159984,MYT1L,1789113,2331664,TRUE,FALSE
chr2_2160011,constitutive,chr2,2160011,MYT1L,1789113,2331664,TRUE,FALSE
chr2_2160045,ambiguous,chr2,2160045,MYT1L,1789113,2331664,TRUE,FALSE
chr2_2160101,ambiguous,chr2,2160101,MYT1L,1789113,2331664,TRUE,FALSE
chr2_2160136,ambiguous,chr2,2160136,MYT1L,1789113,2331664,TRUE,FALSE
chr2_2160179,ambiguous,chr2,2160179,MYT1L,1789113,2331664,TRUE,FALSE
chr2_2160205,ambiguous,chr2,2160205,MYT1L,1789113,2331664,TRUE,FALSE
chr2_2160577,constitutive,chr2,2160577,MYT1L,1789113,2331664,TRUE,FALSE
chr2_2160632,ambiguous,chr2,2160632,MYT1L,1789113,2331664,TRUE,FALSE
chr2_2160987,constitutive,chr2,2160987,MYT1L,1789113,2331664,TRUE,FALSE
chr2_2161032,ambiguous,chr2,2161032,MYT1L,1789113,2331664,TRUE,FALSE
chr2_2161091,constitutive,chr2,2161091,MYT1L,1789113,2331664,TRUE,FALSE
chr2_2161112,constitutive,chr2,2161112,MYT1L,1789113,2331664,TRUE,FALSE
chr2_2161137,constitutive,chr2,2161137,MYT1L,1789113,2331664,TRUE,FALSE
chr2_2161161,constitutive,chr2,2161161,MYT1L,1789113,2331664,TRUE,FALSE
chr2_2161430,constitutive,chr2,2161430,MYT1L,1789113,2331664,TRUE,FALSE
chr2_2161440,constitutive,chr2,2161440,MYT1L,1789113,2331664,TRUE,FALSE
chr2_2161454,constitutive,chr2,2161454,MYT1L,1789113,2331664,TRUE,FALSE
chr2_2161680,constitutive,chr2,2161680,MYT1L,1789113,2331664,TRUE,FALSE
chr2_2161708,constitutive,chr2,2161708,MYT1L,1789113,2331664,TRUE,FALSE
chr2_2161868,ambiguous,chr2,2161868,MYT1L,1789113,2331664,TRUE,FALSE
chr2_2161913,ambiguous,chr2,2161913,MYT1L,1789113,2331664,TRUE,FALSE
chr2_2161924,constitutive,chr2,2161924,MYT1L,1789113,2331664,TRUE,FALSE
chr2_2161931,ambiguous,chr2,2161931,MYT1L,1789113,2331664,TRUE,FALSE
chr2_2161978,ambiguous,chr2,2161978,MYT1L,1789113,2331664,TRUE,FALSE
chr2_2162000,ambiguous,chr2,2162000,MYT1L,1789113,2331664,TRUE,FALSE
chr2_2162006,constitutive,chr2,2162006,MYT1L,1789113,2331664,TRUE,FALSE
chr2_2162021,constitutive,chr2,2162021,MYT1L,1789113,2331664,TRUE,FALSE
chr2_2162173,ambiguous,chr2,2162173,MYT1L,1789113,2331664,TRUE,FALSE
chr2_2162210,ambiguous,chr2,2162210,MYT1L,1789113,2331664,TRUE,FALSE
chr2_2162252,constitutive,chr2,2162252,MYT1L,1789113,2331664,TRUE,FALSE
chr2_2162301,ambiguous,chr2,2162301,MYT1L,1789113,2331664,TRUE,FALSE
chr2_2162360,constitutive,chr2,2162360,MYT1L,1789113,2331664,TRUE,FALSE
chr2_2162383,constitutive,chr2,2162383,MYT1L,1789113,2331664,TRUE,FALSE
chr2_2162385,constitutive,chr2,2162385,MYT1L,1789113,2331664,TRUE,FALSE
chr2_2162405,ambiguous,chr2,2162405,MYT1L,1789113,2331664,TRUE,FALSE
chr2_2162428,ambiguous,chr2,2162428,MYT1L,1789113,2331664,TRUE,FALSE
chr2_2162615,constitutive,chr2,2162615,MYT1L,1789113,2331664,TRUE,FALSE
chr2_2162624,ambiguous,chr2,2162624,MYT1L,1789113,2331664,TRUE,FALSE
chr2_2162665,constitutive,chr2,2162665,MYT1L,1789113,2331664,TRUE,FALSE
chr2_2162810,ambiguous,chr2,2162810,MYT1L,1789113,2331664,TRUE,FALSE
chr2_2162833,constitutive,chr2,2162833,MYT1L,1789113,2331664,TRUE,FALSE
chr2_2162836,constitutive,chr2,2162836,MYT1L,1789113,2331664,TRUE,FALSE
chr2_2162891,ambiguous,chr2,2162891,MYT1L,1789113,2331664,TRUE,FALSE
chr2_2162937,ambiguous,chr2,2162937,MYT1L,1789113,2331664,TRUE,FALSE
chr2_2163169,ambiguous,chr2,2163169,MYT1L,1789113,2331664,TRUE,FALSE
chr2_2163240,ambiguous,chr2,2163240,MYT1L,1789113,2331664,TRUE,FALSE
chr2_2163247,ambiguous,chr2,2163247,MYT1L,1789113,2331664,TRUE,FALSE
chr2_2163447,ambiguous,chr2,2163447,MYT1L,1789113,2331664,TRUE,FALSE
chr2_2163451,constitutive,chr2,2163451,MYT1L,1789113,2331664,TRUE,FALSE
chr2_2163491,constitutive,chr2,2163491,MYT1L,1789113,2331664,TRUE,FALSE
chr2_2163496,constitutive,chr2,2163496,MYT1L,1789113,2331664,TRUE,FALSE
chr2_2163521,constitutive,chr2,2163521,MYT1L,1789113,2331664,TRUE,FALSE
chr2_2163587,constitutive,chr2,2163587,MYT1L,1789113,2331664,TRUE,FALSE
chr2_2163594,constitutive,chr2,2163594,MYT1L,1789113,2331664,TRUE,FALSE
chr2_2163600,constitutive,chr2,2163600,MYT1L,1789113,2331664,TRUE,FALSE
chr2_2163604,constitutive,chr2,2163604,MYT1L,1789113,2331664,TRUE,FALSE
chr2_2163624,ambiguous,chr2,2163624,MYT1L,1789113,2331664,TRUE,FALSE
chr2_2163663,ambiguous,chr2,2163663,MYT1L,1789113,2331664,TRUE,FALSE
chr2_2163680,ambiguous,chr2,2163680,MYT1L,1789113,2331664,TRUE,FALSE
chr2_2163694,ambiguous,chr2,2163694,MYT1L,1789113,2331664,TRUE,FALSE
chr2_2163787,ambiguous,chr2,2163787,MYT1L,1789113,2331664,TRUE,FALSE
chr2_2164094,ambiguous,chr2,2164094,MYT1L,1789113,2331664,TRUE,FALSE
chr2_2164195,ambiguous,chr2,2164195,MYT1L,1789113,2331664,TRUE,FALSE
chr2_2164428,ambiguous,chr2,2164428,MYT1L,1789113,2331664,TRUE,FALSE
chr2_2164445,ambiguous,chr2,2164445,MYT1L,1789113,2331664,TRUE,FALSE
chr2_2164489,ambiguous,chr2,2164489,MYT1L,1789113,2331664,TRUE,FALSE
chr2_2164498,ambiguous,chr2,2164498,MYT1L,1789113,2331664,TRUE,FALSE
chr2_2164700,ambiguous,chr2,2164700,MYT1L,1789113,2331664,TRUE,FALSE
chr2_2164730,ambiguous,chr2,2164730,MYT1L,1789113,2331664,TRUE,FALSE
chr2_2164745,ambiguous,chr2,2164745,MYT1L,1789113,2331664,TRUE,FALSE
chr2_2164775,ambiguous,chr2,2164775,MYT1L,1789113,2331664,TRUE,FALSE
chr2_2164778,constitutive,chr2,2164778,MYT1L,1789113,2331664,TRUE,FALSE
chr2_2164989,constitutive,chr2,2164989,MYT1L,1789113,2331664,TRUE,FALSE
chr2_2165079,ambiguous,chr2,2165079,MYT1L,1789113,2331664,TRUE,FALSE
chr2_2165114,ambiguous,chr2,2165114,MYT1L,1789113,2331664,TRUE,FALSE
chr2_2165267,ambiguous,chr2,2165267,MYT1L,1789113,2331664,TRUE,FALSE
chr2_2165307,ambiguous,chr2,2165307,MYT1L,1789113,2331664,TRUE,FALSE
chr2_2165353,ambiguous,chr2,2165353,MYT1L,1789113,2331664,TRUE,FALSE
chr2_2165490,ambiguous,chr2,2165490,MYT1L,1789113,2331664,TRUE,FALSE
chr2_2165693,ambiguous,chr2,2165693,MYT1L,1789113,2331664,TRUE,FALSE
chr2_2166075,ambiguous,chr2,2166075,MYT1L,1789113,2331664,TRUE,FALSE
chr2_2166094,ambiguous,chr2,2166094,MYT1L,1789113,2331664,TRUE,FALSE
chr2_2166230,ambiguous,chr2,2166230,MYT1L,1789113,2331664,TRUE,FALSE
chr2_2166522,ambiguous,chr2,2166522,MYT1L,1789113,2331664,TRUE,FALSE
chr2_2166656,ambiguous,chr2,2166656,MYT1L,1789113,2331664,TRUE,FALSE
chr2_2166864,constitutive,chr2,2166864,MYT1L,1789113,2331664,TRUE,FALSE
chr2_2166950,ambiguous,chr2,2166950,MYT1L,1789113,2331664,TRUE,FALSE
chr2_2167037,ambiguous,chr2,2167037,MYT1L,1789113,2331664,TRUE,FALSE
chr2_2167043,ambiguous,chr2,2167043,MYT1L,1789113,2331664,TRUE,FALSE
chr2_2167055,ambiguous,chr2,2167055,MYT1L,1789113,2331664,TRUE,FALSE
chr2_2167134,ambiguous,chr2,2167134,MYT1L,1789113,2331664,TRUE,FALSE
chr2_2167139,ambiguous,chr2,2167139,MYT1L,1789113,2331664,TRUE,FALSE
chr2_2167190,ambiguous,chr2,2167190,MYT1L,1789113,2331664,TRUE,FALSE
chr2_2167309,constitutive,chr2,2167309,MYT1L,1789113,2331664,TRUE,FALSE
chr2_2167345,ambiguous,chr2,2167345,MYT1L,1789113,2331664,TRUE,FALSE
chr2_2167472,ambiguous,chr2,2167472,MYT1L,1789113,2331664,TRUE,FALSE
chr2_2167722,constitutive,chr2,2167722,MYT1L,1789113,2331664,TRUE,FALSE
chr2_2167927,ambiguous,chr2,2167927,MYT1L,1789113,2331664,TRUE,FALSE
chr2_2168112,ambiguous,chr2,2168112,MYT1L,1789113,2331664,TRUE,FALSE
chr2_2168174,ambiguous,chr2,2168174,MYT1L,1789113,2331664,TRUE,FALSE
chr2_2168250,ambiguous,chr2,2168250,MYT1L,1789113,2331664,TRUE,FALSE
chr2_2168302,ambiguous,chr2,2168302,MYT1L,1789113,2331664,TRUE,FALSE
chr2_2168339,ambiguous,chr2,2168339,MYT1L,1789113,2331664,TRUE,FALSE
chr2_2168527,ambiguous,chr2,2168527,MYT1L,1789113,2331664,TRUE,FALSE
chr2_2168720,constitutive,chr2,2168720,MYT1L,1789113,2331664,TRUE,FALSE
chr2_2168753,ambiguous,chr2,2168753,MYT1L,1789113,2331664,TRUE,FALSE
chr2_2168864,ambiguous,chr2,2168864,MYT1L,1789113,2331664,TRUE,FALSE
chr2_2169477,ambiguous,chr2,2169477,MYT1L,1789113,2331664,TRUE,FALSE
chr2_2169511,ambiguous,chr2,2169511,MYT1L,1789113,2331664,TRUE,FALSE
chr2_2169517,constitutive,chr2,2169517,MYT1L,1789113,2331664,TRUE,FALSE
chr2_2169550,constitutive,chr2,2169550,MYT1L,1789113,2331664,TRUE,FALSE
chr2_2169579,constitutive,chr2,2169579,MYT1L,1789113,2331664,TRUE,FALSE
chr2_2169586,ambiguous,chr2,2169586,MYT1L,1789113,2331664,TRUE,FALSE
chr2_2169696,ambiguous,chr2,2169696,MYT1L,1789113,2331664,TRUE,FALSE
chr2_2169717,ambiguous,chr2,2169717,MYT1L,1789113,2331664,TRUE,FALSE
chr2_2169749,ambiguous,chr2,2169749,MYT1L,1789113,2331664,TRUE,FALSE
chr2_2169766,ambiguous,chr2,2169766,MYT1L,1789113,2331664,TRUE,FALSE
chr2_2169823,ambiguous,chr2,2169823,MYT1L,1789113,2331664,TRUE,FALSE
chr2_2169825,ambiguous,chr2,2169825,MYT1L,1789113,2331664,TRUE,FALSE
chr2_2169859,ambiguous,chr2,2169859,MYT1L,1789113,2331664,TRUE,FALSE
chr2_2169957,ambiguous,chr2,2169957,MYT1L,1789113,2331664,TRUE,FALSE
chr2_2170098,ambiguous,chr2,2170098,MYT1L,1789113,2331664,TRUE,FALSE
chr2_2170104,ambiguous,chr2,2170104,MYT1L,1789113,2331664,TRUE,FALSE
chr2_2170167,ambiguous,chr2,2170167,MYT1L,1789113,2331664,TRUE,FALSE
chr2_2170311,ambiguous,chr2,2170311,MYT1L,1789113,2331664,TRUE,FALSE
chr2_2170314,ambiguous,chr2,2170314,MYT1L,1789113,2331664,TRUE,FALSE
chr2_2170347,ambiguous,chr2,2170347,MYT1L,1789113,2331664,TRUE,FALSE
chr2_2170415,ambiguous,chr2,2170415,MYT1L,1789113,2331664,TRUE,FALSE
chr2_2170468,ambiguous,chr2,2170468,MYT1L,1789113,2331664,TRUE,FALSE
chr2_2170547,ambiguous,chr2,2170547,MYT1L,1789113,2331664,TRUE,FALSE
chr2_2170812,ambiguous,chr2,2170812,MYT1L,1789113,2331664,TRUE,FALSE
chr2_2170868,ambiguous,chr2,2170868,MYT1L,1789113,2331664,TRUE,FALSE
chr2_2170938,constitutive,chr2,2170938,MYT1L,1789113,2331664,TRUE,FALSE
chr2_2170941,constitutive,chr2,2170941,MYT1L,1789113,2331664,TRUE,FALSE
chr2_2170965,constitutive,chr2,2170965,MYT1L,1789113,2331664,TRUE,FALSE
chr2_2171058,ambiguous,chr2,2171058,MYT1L,1789113,2331664,TRUE,FALSE
chr2_2171080,ambiguous,chr2,2171080,MYT1L,1789113,2331664,TRUE,FALSE
chr2_2171149,ambiguous,chr2,2171149,MYT1L,1789113,2331664,TRUE,FALSE
chr2_2171465,ambiguous,chr2,2171465,MYT1L,1789113,2331664,TRUE,FALSE
chr2_2171619,ambiguous,chr2,2171619,MYT1L,1789113,2331664,TRUE,FALSE
chr2_2171622,ambiguous,chr2,2171622,MYT1L,1789113,2331664,TRUE,FALSE
chr2_2171625,ambiguous,chr2,2171625,MYT1L,1789113,2331664,TRUE,FALSE
chr2_2171651,ambiguous,chr2,2171651,MYT1L,1789113,2331664,TRUE,FALSE
chr2_2171663,ambiguous,chr2,2171663,MYT1L,1789113,2331664,TRUE,FALSE
chr2_2171689,ambiguous,chr2,2171689,MYT1L,1789113,2331664,TRUE,FALSE
chr2_2171896,ambiguous,chr2,2171896,MYT1L,1789113,2331664,TRUE,FALSE
chr2_2171900,ambiguous,chr2,2171900,MYT1L,1789113,2331664,TRUE,FALSE
chr2_2172090,ambiguous,chr2,2172090,MYT1L,1789113,2331664,TRUE,FALSE
chr2_2172103,ambiguous,chr2,2172103,MYT1L,1789113,2331664,TRUE,FALSE
chr2_2172146,ambiguous,chr2,2172146,MYT1L,1789113,2331664,TRUE,FALSE
chr2_2172197,ambiguous,chr2,2172197,MYT1L,1789113,2331664,TRUE,FALSE
chr2_2172312,ambiguous,chr2,2172312,MYT1L,1789113,2331664,TRUE,FALSE
chr2_2172353,ambiguous,chr2,2172353,MYT1L,1789113,2331664,TRUE,FALSE
chr2_2172483,constitutive,chr2,2172483,MYT1L,1789113,2331664,TRUE,FALSE
chr2_2172508,ambiguous,chr2,2172508,MYT1L,1789113,2331664,TRUE,FALSE
chr2_2172612,ambiguous,chr2,2172612,MYT1L,1789113,2331664,TRUE,FALSE
chr2_2172653,ambiguous,chr2,2172653,MYT1L,1789113,2331664,TRUE,FALSE
chr2_2172682,ambiguous,chr2,2172682,MYT1L,1789113,2331664,TRUE,FALSE
chr2_2172694,ambiguous,chr2,2172694,MYT1L,1789113,2331664,TRUE,FALSE
chr2_2172762,ambiguous,chr2,2172762,MYT1L,1789113,2331664,TRUE,FALSE
chr2_2172813,ambiguous,chr2,2172813,MYT1L,1789113,2331664,TRUE,FALSE
chr2_2172854,ambiguous,chr2,2172854,MYT1L,1789113,2331664,TRUE,FALSE
chr2_2172884,constitutive,chr2,2172884,MYT1L,1789113,2331664,TRUE,FALSE
chr2_2172886,constitutive,chr2,2172886,MYT1L,1789113,2331664,TRUE,FALSE
chr2_2172889,constitutive,chr2,2172889,MYT1L,1789113,2331664,TRUE,FALSE
chr2_2172921,constitutive,chr2,2172921,MYT1L,1789113,2331664,TRUE,FALSE
chr2_2172924,constitutive,chr2,2172924,MYT1L,1789113,2331664,TRUE,FALSE
chr2_2172927,constitutive,chr2,2172927,MYT1L,1789113,2331664,TRUE,FALSE
chr2_2173002,ambiguous,chr2,2173002,MYT1L,1789113,2331664,TRUE,FALSE
chr2_2173331,ambiguous,chr2,2173331,MYT1L,1789113,2331664,TRUE,FALSE
chr2_2173759,ambiguous,chr2,2173759,MYT1L,1789113,2331664,TRUE,FALSE
chr2_2173816,ambiguous,chr2,2173816,MYT1L,1789113,2331664,TRUE,FALSE
chr2_2173906,ambiguous,chr2,2173906,MYT1L,1789113,2331664,TRUE,FALSE
chr2_2174154,ambiguous,chr2,2174154,MYT1L,1789113,2331664,TRUE,FALSE
chr2_2174160,ambiguous,chr2,2174160,MYT1L,1789113,2331664,TRUE,FALSE
chr2_2174522,ambiguous,chr2,2174522,MYT1L,1789113,2331664,TRUE,FALSE
chr2_2174545,ambiguous,chr2,2174545,MYT1L,1789113,2331664,TRUE,FALSE
chr2_2174553,ambiguous,chr2,2174553,MYT1L,1789113,2331664,TRUE,FALSE
chr2_2174580,constitutive,chr2,2174580,MYT1L,1789113,2331664,TRUE,FALSE
chr2_2174604,constitutive,chr2,2174604,MYT1L,1789113,2331664,TRUE,FALSE
chr2_2175075,ambiguous,chr2,2175075,MYT1L,1789113,2331664,TRUE,FALSE
chr2_2175104,ambiguous,chr2,2175104,MYT1L,1789113,2331664,TRUE,FALSE
chr2_2175147,ambiguous,chr2,2175147,MYT1L,1789113,2331664,TRUE,FALSE
chr2_2175210,ambiguous,chr2,2175210,MYT1L,1789113,2331664,TRUE,FALSE
chr2_2175373,ambiguous,chr2,2175373,MYT1L,1789113,2331664,TRUE,FALSE
chr2_2175443,constitutive,chr2,2175443,MYT1L,1789113,2331664,TRUE,FALSE
chr2_2175471,ambiguous,chr2,2175471,MYT1L,1789113,2331664,TRUE,FALSE
chr2_2175503,ambiguous,chr2,2175503,MYT1L,1789113,2331664,TRUE,FALSE
chr2_2175527,ambiguous,chr2,2175527,MYT1L,1789113,2331664,TRUE,FALSE
chr2_2175589,ambiguous,chr2,2175589,MYT1L,1789113,2331664,TRUE,FALSE
chr2_2175602,constitutive,chr2,2175602,MYT1L,1789113,2331664,TRUE,FALSE
chr2_2175658,ambiguous,chr2,2175658,MYT1L,1789113,2331664,TRUE,FALSE
chr2_2175695,ambiguous,chr2,2175695,MYT1L,1789113,2331664,TRUE,FALSE
chr2_2175819,ambiguous,chr2,2175819,MYT1L,1789113,2331664,TRUE,FALSE
chr2_2175862,ambiguous,chr2,2175862,MYT1L,1789113,2331664,TRUE,FALSE
chr2_2175899,ambiguous,chr2,2175899,MYT1L,1789113,2331664,TRUE,FALSE
chr2_2175916,ambiguous,chr2,2175916,MYT1L,1789113,2331664,TRUE,FALSE
chr2_2176027,ambiguous,chr2,2176027,MYT1L,1789113,2331664,TRUE,FALSE
chr2_2176048,ambiguous,chr2,2176048,MYT1L,1789113,2331664,TRUE,FALSE
chr2_2176306,ambiguous,chr2,2176306,MYT1L,1789113,2331664,TRUE,FALSE
chr2_2176418,constitutive,chr2,2176418,MYT1L,1789113,2331664,TRUE,FALSE
chr2_2176437,ambiguous,chr2,2176437,MYT1L,1789113,2331664,TRUE,FALSE
chr2_2176462,constitutive,chr2,2176462,MYT1L,1789113,2331664,TRUE,FALSE
chr2_2176534,ambiguous,chr2,2176534,MYT1L,1789113,2331664,TRUE,FALSE
chr2_2176561,ambiguous,chr2,2176561,MYT1L,1789113,2331664,TRUE,FALSE
chr2_2176750,ambiguous,chr2,2176750,MYT1L,1789113,2331664,TRUE,FALSE
chr2_2177053,ambiguous,chr2,2177053,MYT1L,1789113,2331664,TRUE,FALSE
chr2_2177096,constitutive,chr2,2177096,MYT1L,1789113,2331664,TRUE,FALSE
chr2_2177110,constitutive,chr2,2177110,MYT1L,1789113,2331664,TRUE,FALSE
chr2_2177116,constitutive,chr2,2177116,MYT1L,1789113,2331664,TRUE,FALSE
chr2_2177122,constitutive,chr2,2177122,MYT1L,1789113,2331664,TRUE,FALSE
chr2_2177149,constitutive,chr2,2177149,MYT1L,1789113,2331664,TRUE,FALSE
chr2_2177180,ambiguous,chr2,2177180,MYT1L,1789113,2331664,TRUE,FALSE
chr2_2177482,constitutive,chr2,2177482,MYT1L,1789113,2331664,TRUE,FALSE
chr2_2177508,constitutive,chr2,2177508,MYT1L,1789113,2331664,TRUE,FALSE
chr2_2177547,ambiguous,chr2,2177547,MYT1L,1789113,2331664,TRUE,FALSE
chr2_2178262,ambiguous,chr2,2178262,MYT1L,1789113,2331664,TRUE,FALSE
chr2_2178496,constitutive,chr2,2178496,MYT1L,1789113,2331664,TRUE,FALSE
chr2_2178507,constitutive,chr2,2178507,MYT1L,1789113,2331664,TRUE,FALSE
chr2_2178730,ambiguous,chr2,2178730,MYT1L,1789113,2331664,TRUE,FALSE
chr2_2178794,ambiguous,chr2,2178794,MYT1L,1789113,2331664,TRUE,FALSE
chr2_2178972,ambiguous,chr2,2178972,MYT1L,1789113,2331664,TRUE,FALSE
chr2_2179100,constitutive,chr2,2179100,MYT1L,1789113,2331664,TRUE,FALSE
chr2_2179104,constitutive,chr2,2179104,MYT1L,1789113,2331664,TRUE,FALSE
chr2_2179403,ambiguous,chr2,2179403,MYT1L,1789113,2331664,TRUE,FALSE
chr2_2179427,ambiguous,chr2,2179427,MYT1L,1789113,2331664,TRUE,FALSE
chr2_2179519,ambiguous,chr2,2179519,MYT1L,1789113,2331664,TRUE,FALSE
chr2_2179675,ambiguous,chr2,2179675,MYT1L,1789113,2331664,TRUE,FALSE
chr2_2179695,constitutive,chr2,2179695,MYT1L,1789113,2331664,TRUE,FALSE
chr2_2179723,ambiguous,chr2,2179723,MYT1L,1789113,2331664,TRUE,FALSE
chr2_2179992,ambiguous,chr2,2179992,MYT1L,1789113,2331664,TRUE,FALSE
chr2_2180000,ambiguous,chr2,2180000,MYT1L,1789113,2331664,TRUE,FALSE
chr2_2180402,constitutive,chr2,2180402,MYT1L,1789113,2331664,TRUE,FALSE
chr2_2180473,ambiguous,chr2,2180473,MYT1L,1789113,2331664,TRUE,FALSE
chr2_2180511,constitutive,chr2,2180511,MYT1L,1789113,2331664,TRUE,FALSE
chr2_2180563,constitutive,chr2,2180563,MYT1L,1789113,2331664,TRUE,FALSE
chr2_2180583,constitutive,chr2,2180583,MYT1L,1789113,2331664,TRUE,FALSE
chr2_2180877,ambiguous,chr2,2180877,MYT1L,1789113,2331664,TRUE,FALSE
chr2_2180967,constitutive,chr2,2180967,MYT1L,1789113,2331664,TRUE,FALSE
chr2_2181059,ambiguous,chr2,2181059,MYT1L,1789113,2331664,TRUE,FALSE
chr2_2181201,constitutive,chr2,2181201,MYT1L,1789113,2331664,TRUE,FALSE
chr2_2181277,ambiguous,chr2,2181277,MYT1L,1789113,2331664,TRUE,FALSE
chr2_2181283,constitutive,chr2,2181283,MYT1L,1789113,2331664,TRUE,FALSE
chr2_2181495,ambiguous,chr2,2181495,MYT1L,1789113,2331664,TRUE,FALSE
chr2_2181648,ambiguous,chr2,2181648,MYT1L,1789113,2331664,TRUE,FALSE
chr2_2181661,ambiguous,chr2,2181661,MYT1L,1789113,2331664,TRUE,FALSE
chr2_2181750,ambiguous,chr2,2181750,MYT1L,1789113,2331664,TRUE,FALSE
chr2_2181824,ambiguous,chr2,2181824,MYT1L,1789113,2331664,TRUE,FALSE
chr2_2181888,ambiguous,chr2,2181888,MYT1L,1789113,2331664,TRUE,FALSE
chr2_2182107,ambiguous,chr2,2182107,MYT1L,1789113,2331664,TRUE,FALSE
chr2_2182116,ambiguous,chr2,2182116,MYT1L,1789113,2331664,TRUE,FALSE
chr2_2182130,constitutive,chr2,2182130,MYT1L,1789113,2331664,TRUE,FALSE
chr2_2182156,constitutive,chr2,2182156,MYT1L,1789113,2331664,TRUE,FALSE
chr2_2182165,constitutive,chr2,2182165,MYT1L,1789113,2331664,TRUE,FALSE
chr2_2182179,constitutive,chr2,2182179,MYT1L,1789113,2331664,TRUE,FALSE
chr2_2182295,constitutive,chr2,2182295,MYT1L,1789113,2331664,TRUE,FALSE
chr2_2182626,constitutive,chr2,2182626,MYT1L,1789113,2331664,TRUE,FALSE
chr2_2182629,ambiguous,chr2,2182629,MYT1L,1789113,2331664,TRUE,FALSE
chr2_2182651,constitutive,chr2,2182651,MYT1L,1789113,2331664,TRUE,FALSE
chr2_2182800,ambiguous,chr2,2182800,MYT1L,1789113,2331664,TRUE,FALSE
chr2_2182802,ambiguous,chr2,2182802,MYT1L,1789113,2331664,TRUE,FALSE
chr2_2182855,ambiguous,chr2,2182855,MYT1L,1789113,2331664,TRUE,FALSE
chr2_2182983,constitutive,chr2,2182983,MYT1L,1789113,2331664,TRUE,FALSE
chr2_2183191,ambiguous,chr2,2183191,MYT1L,1789113,2331664,TRUE,FALSE
chr2_2183273,ambiguous,chr2,2183273,MYT1L,1789113,2331664,TRUE,FALSE
chr2_2183295,ambiguous,chr2,2183295,MYT1L,1789113,2331664,TRUE,FALSE
chr2_2183367,ambiguous,chr2,2183367,MYT1L,1789113,2331664,TRUE,FALSE
chr2_2183399,ambiguous,chr2,2183399,MYT1L,1789113,2331664,TRUE,FALSE
chr2_2184167,ambiguous,chr2,2184167,MYT1L,1789113,2331664,TRUE,FALSE
chr2_2184341,ambiguous,chr2,2184341,MYT1L,1789113,2331664,TRUE,FALSE
chr2_2184374,ambiguous,chr2,2184374,MYT1L,1789113,2331664,TRUE,FALSE
chr2_2184397,ambiguous,chr2,2184397,MYT1L,1789113,2331664,TRUE,FALSE
chr2_2184401,ambiguous,chr2,2184401,MYT1L,1789113,2331664,TRUE,FALSE
chr2_2184431,ambiguous,chr2,2184431,MYT1L,1789113,2331664,TRUE,FALSE
chr2_2184654,ambiguous,chr2,2184654,MYT1L,1789113,2331664,TRUE,FALSE
chr2_2184668,ambiguous,chr2,2184668,MYT1L,1789113,2331664,TRUE,FALSE
chr2_2184673,ambiguous,chr2,2184673,MYT1L,1789113,2331664,TRUE,FALSE
chr2_2184677,ambiguous,chr2,2184677,MYT1L,1789113,2331664,TRUE,FALSE
chr2_2184695,ambiguous,chr2,2184695,MYT1L,1789113,2331664,TRUE,FALSE
chr2_2184713,ambiguous,chr2,2184713,MYT1L,1789113,2331664,TRUE,FALSE
chr2_2184783,ambiguous,chr2,2184783,MYT1L,1789113,2331664,TRUE,FALSE
chr2_2184820,ambiguous,chr2,2184820,MYT1L,1789113,2331664,TRUE,FALSE
chr2_2184867,ambiguous,chr2,2184867,MYT1L,1789113,2331664,TRUE,FALSE
chr2_2184880,ambiguous,chr2,2184880,MYT1L,1789113,2331664,TRUE,FALSE
chr2_2184887,ambiguous,chr2,2184887,MYT1L,1789113,2331664,TRUE,FALSE
chr2_2184943,ambiguous,chr2,2184943,MYT1L,1789113,2331664,TRUE,FALSE
chr2_2184954,ambiguous,chr2,2184954,MYT1L,1789113,2331664,TRUE,FALSE
chr2_2185007,ambiguous,chr2,2185007,MYT1L,1789113,2331664,TRUE,FALSE
chr2_2185392,constitutive,chr2,2185392,MYT1L,1789113,2331664,TRUE,FALSE
chr2_2185429,ambiguous,chr2,2185429,MYT1L,1789113,2331664,TRUE,FALSE
chr2_2185440,constitutive,chr2,2185440,MYT1L,1789113,2331664,TRUE,FALSE
chr2_2185446,constitutive,chr2,2185446,MYT1L,1789113,2331664,TRUE,FALSE
chr2_2185456,constitutive,chr2,2185456,MYT1L,1789113,2331664,TRUE,FALSE
chr2_2185463,constitutive,chr2,2185463,MYT1L,1789113,2331664,TRUE,FALSE
chr2_2185465,constitutive,chr2,2185465,MYT1L,1789113,2331664,TRUE,FALSE
chr2_2186459,constitutive,chr2,2186459,MYT1L,1789113,2331664,TRUE,FALSE
chr2_2186506,ambiguous,chr2,2186506,MYT1L,1789113,2331664,TRUE,FALSE
chr2_2186555,constitutive,chr2,2186555,MYT1L,1789113,2331664,TRUE,FALSE
chr2_2186597,constitutive,chr2,2186597,MYT1L,1789113,2331664,TRUE,FALSE
chr2_2186610,ambiguous,chr2,2186610,MYT1L,1789113,2331664,TRUE,FALSE
chr2_2186629,constitutive,chr2,2186629,MYT1L,1789113,2331664,TRUE,FALSE
chr2_2186763,ambiguous,chr2,2186763,MYT1L,1789113,2331664,TRUE,FALSE
chr2_2186787,ambiguous,chr2,2186787,MYT1L,1789113,2331664,TRUE,FALSE
chr2_2187159,ambiguous,chr2,2187159,MYT1L,1789113,2331664,TRUE,FALSE
chr2_2187178,ambiguous,chr2,2187178,MYT1L,1789113,2331664,TRUE,FALSE
chr2_2187233,ambiguous,chr2,2187233,MYT1L,1789113,2331664,TRUE,FALSE
chr2_2187314,ambiguous,chr2,2187314,MYT1L,1789113,2331664,TRUE,FALSE
chr2_2187351,ambiguous,chr2,2187351,MYT1L,1789113,2331664,TRUE,FALSE
chr2_2187371,ambiguous,chr2,2187371,MYT1L,1789113,2331664,TRUE,FALSE
chr2_2187404,ambiguous,chr2,2187404,MYT1L,1789113,2331664,TRUE,FALSE
chr2_2187407,ambiguous,chr2,2187407,MYT1L,1789113,2331664,TRUE,FALSE
chr2_2187437,ambiguous,chr2,2187437,MYT1L,1789113,2331664,TRUE,FALSE
chr2_2187440,ambiguous,chr2,2187440,MYT1L,1789113,2331664,TRUE,FALSE
chr2_2187442,ambiguous,chr2,2187442,MYT1L,1789113,2331664,TRUE,FALSE
chr2_2187446,ambiguous,chr2,2187446,MYT1L,1789113,2331664,TRUE,FALSE
chr2_2187512,ambiguous,chr2,2187512,MYT1L,1789113,2331664,TRUE,FALSE
chr2_2187535,ambiguous,chr2,2187535,MYT1L,1789113,2331664,TRUE,FALSE
chr2_2187541,ambiguous,chr2,2187541,MYT1L,1789113,2331664,TRUE,FALSE
chr2_2187647,constitutive,chr2,2187647,MYT1L,1789113,2331664,TRUE,FALSE
chr2_2187662,ambiguous,chr2,2187662,MYT1L,1789113,2331664,TRUE,FALSE
chr2_2188227,ambiguous,chr2,2188227,MYT1L,1789113,2331664,TRUE,FALSE
chr2_2188300,ambiguous,chr2,2188300,MYT1L,1789113,2331664,TRUE,FALSE
chr2_2188417,ambiguous,chr2,2188417,MYT1L,1789113,2331664,TRUE,FALSE
chr2_2188437,constitutive,chr2,2188437,MYT1L,1789113,2331664,TRUE,FALSE
chr2_2188443,ambiguous,chr2,2188443,MYT1L,1789113,2331664,TRUE,FALSE
chr2_2188446,constitutive,chr2,2188446,MYT1L,1789113,2331664,TRUE,FALSE
chr2_2188456,ambiguous,chr2,2188456,MYT1L,1789113,2331664,TRUE,FALSE
chr2_2188466,constitutive,chr2,2188466,MYT1L,1789113,2331664,TRUE,FALSE
chr2_2188594,ambiguous,chr2,2188594,MYT1L,1789113,2331664,TRUE,FALSE
chr2_2188701,ambiguous,chr2,2188701,MYT1L,1789113,2331664,TRUE,FALSE
chr2_2188964,ambiguous,chr2,2188964,MYT1L,1789113,2331664,TRUE,FALSE
chr2_2189015,ambiguous,chr2,2189015,MYT1L,1789113,2331664,TRUE,FALSE
chr2_2189030,ambiguous,chr2,2189030,MYT1L,1789113,2331664,TRUE,FALSE
chr2_2189115,ambiguous,chr2,2189115,MYT1L,1789113,2331664,TRUE,FALSE
chr2_2189162,ambiguous,chr2,2189162,MYT1L,1789113,2331664,TRUE,FALSE
chr2_2189199,constitutive,chr2,2189199,MYT1L,1789113,2331664,TRUE,FALSE
chr2_2189205,constitutive,chr2,2189205,MYT1L,1789113,2331664,TRUE,FALSE
chr2_2189210,constitutive,chr2,2189210,MYT1L,1789113,2331664,TRUE,FALSE
chr2_2189219,constitutive,chr2,2189219,MYT1L,1789113,2331664,TRUE,FALSE
chr2_2189292,ambiguous,chr2,2189292,MYT1L,1789113,2331664,TRUE,FALSE
chr2_2189461,ambiguous,chr2,2189461,MYT1L,1789113,2331664,TRUE,FALSE
chr2_2189496,ambiguous,chr2,2189496,MYT1L,1789113,2331664,TRUE,FALSE
chr2_2189678,ambiguous,chr2,2189678,MYT1L,1789113,2331664,TRUE,FALSE
chr2_2189739,ambiguous,chr2,2189739,MYT1L,1789113,2331664,TRUE,FALSE
chr2_2189755,ambiguous,chr2,2189755,MYT1L,1789113,2331664,TRUE,FALSE
chr2_2189840,constitutive,chr2,2189840,MYT1L,1789113,2331664,TRUE,FALSE
chr2_2189853,constitutive,chr2,2189853,MYT1L,1789113,2331664,TRUE,FALSE
chr2_2189865,constitutive,chr2,2189865,MYT1L,1789113,2331664,TRUE,FALSE
chr2_2189869,constitutive,chr2,2189869,MYT1L,1789113,2331664,TRUE,FALSE
chr2_2189881,constitutive,chr2,2189881,MYT1L,1789113,2331664,TRUE,FALSE
chr2_2189893,constitutive,chr2,2189893,MYT1L,1789113,2331664,TRUE,FALSE
chr2_2189897,constitutive,chr2,2189897,MYT1L,1789113,2331664,TRUE,FALSE
chr2_2189910,constitutive,chr2,2189910,MYT1L,1789113,2331664,TRUE,FALSE
chr2_2189921,ambiguous,chr2,2189921,MYT1L,1789113,2331664,TRUE,FALSE
chr2_2189925,ambiguous,chr2,2189925,MYT1L,1789113,2331664,TRUE,FALSE
chr2_2189935,constitutive,chr2,2189935,MYT1L,1789113,2331664,TRUE,FALSE
chr2_2189943,ambiguous,chr2,2189943,MYT1L,1789113,2331664,TRUE,FALSE
chr2_2189978,ambiguous,chr2,2189978,MYT1L,1789113,2331664,TRUE,FALSE
chr2_2190079,ambiguous,chr2,2190079,MYT1L,1789113,2331664,TRUE,FALSE
chr2_2190178,ambiguous,chr2,2190178,MYT1L,1789113,2331664,TRUE,FALSE
chr2_2190327,ambiguous,chr2,2190327,MYT1L,1789113,2331664,TRUE,FALSE
chr2_2190347,ambiguous,chr2,2190347,MYT1L,1789113,2331664,TRUE,FALSE
chr2_2190387,ambiguous,chr2,2190387,MYT1L,1789113,2331664,TRUE,FALSE
chr2_2190403,ambiguous,chr2,2190403,MYT1L,1789113,2331664,TRUE,FALSE
chr2_2190765,ambiguous,chr2,2190765,MYT1L,1789113,2331664,TRUE,FALSE
chr2_2191031,constitutive,chr2,2191031,MYT1L,1789113,2331664,TRUE,FALSE
chr2_2191064,constitutive,chr2,2191064,MYT1L,1789113,2331664,TRUE,FALSE
chr2_2191074,constitutive,chr2,2191074,MYT1L,1789113,2331664,TRUE,FALSE
chr2_2191076,constitutive,chr2,2191076,MYT1L,1789113,2331664,TRUE,FALSE
chr2_2191120,ambiguous,chr2,2191120,MYT1L,1789113,2331664,TRUE,FALSE
chr2_2191293,ambiguous,chr2,2191293,MYT1L,1789113,2331664,TRUE,FALSE
chr2_2191450,ambiguous,chr2,2191450,MYT1L,1789113,2331664,TRUE,FALSE
chr2_2191476,ambiguous,chr2,2191476,MYT1L,1789113,2331664,TRUE,FALSE
chr2_2191482,ambiguous,chr2,2191482,MYT1L,1789113,2331664,TRUE,FALSE
chr2_2191627,ambiguous,chr2,2191627,MYT1L,1789113,2331664,TRUE,FALSE
chr2_2191674,ambiguous,chr2,2191674,MYT1L,1789113,2331664,TRUE,FALSE
chr2_2191746,ambiguous,chr2,2191746,MYT1L,1789113,2331664,TRUE,FALSE
chr2_2191947,ambiguous,chr2,2191947,MYT1L,1789113,2331664,TRUE,FALSE
chr2_2191981,ambiguous,chr2,2191981,MYT1L,1789113,2331664,TRUE,FALSE
chr2_2192224,ambiguous,chr2,2192224,MYT1L,1789113,2331664,TRUE,FALSE
chr2_2192239,ambiguous,chr2,2192239,MYT1L,1789113,2331664,TRUE,FALSE
chr2_2192254,ambiguous,chr2,2192254,MYT1L,1789113,2331664,TRUE,FALSE
chr2_2192290,ambiguous,chr2,2192290,MYT1L,1789113,2331664,TRUE,FALSE
chr2_2192326,ambiguous,chr2,2192326,MYT1L,1789113,2331664,TRUE,FALSE
chr2_2192356,ambiguous,chr2,2192356,MYT1L,1789113,2331664,TRUE,FALSE
chr2_2192520,ambiguous,chr2,2192520,MYT1L,1789113,2331664,TRUE,FALSE
chr2_2192529,ambiguous,chr2,2192529,MYT1L,1789113,2331664,TRUE,FALSE
chr2_2192536,ambiguous,chr2,2192536,MYT1L,1789113,2331664,TRUE,FALSE
chr2_2192566,ambiguous,chr2,2192566,MYT1L,1789113,2331664,TRUE,FALSE
chr2_2192765,ambiguous,chr2,2192765,MYT1L,1789113,2331664,TRUE,FALSE
chr2_2192852,ambiguous,chr2,2192852,MYT1L,1789113,2331664,TRUE,FALSE
chr2_2193023,ambiguous,chr2,2193023,MYT1L,1789113,2331664,TRUE,FALSE
chr2_2193134,ambiguous,chr2,2193134,MYT1L,1789113,2331664,TRUE,FALSE
chr2_2193273,ambiguous,chr2,2193273,MYT1L,1789113,2331664,TRUE,FALSE
chr2_2193449,ambiguous,chr2,2193449,MYT1L,1789113,2331664,TRUE,FALSE
chr2_2193688,ambiguous,chr2,2193688,MYT1L,1789113,2331664,TRUE,FALSE
chr2_2193784,ambiguous,chr2,2193784,MYT1L,1789113,2331664,TRUE,FALSE
chr2_2193803,ambiguous,chr2,2193803,MYT1L,1789113,2331664,TRUE,FALSE
chr2_2194153,ambiguous,chr2,2194153,MYT1L,1789113,2331664,TRUE,FALSE
chr2_2194400,ambiguous,chr2,2194400,MYT1L,1789113,2331664,TRUE,FALSE
chr2_2194504,constitutive,chr2,2194504,MYT1L,1789113,2331664,TRUE,FALSE
chr2_2195246,constitutive,chr2,2195246,MYT1L,1789113,2331664,TRUE,FALSE
chr2_2197021,constitutive,chr2,2197021,MYT1L,1789113,2331664,TRUE,FALSE
chr2_2197439,constitutive,chr2,2197439,MYT1L,1789113,2331664,TRUE,FALSE
chr2_2197509,ambiguous,chr2,2197509,MYT1L,1789113,2331664,TRUE,FALSE
chr2_2197581,ambiguous,chr2,2197581,MYT1L,1789113,2331664,TRUE,FALSE
chr2_2197647,constitutive,chr2,2197647,MYT1L,1789113,2331664,TRUE,FALSE
chr2_2197707,ambiguous,chr2,2197707,MYT1L,1789113,2331664,TRUE,FALSE
chr2_2197826,ambiguous,chr2,2197826,MYT1L,1789113,2331664,TRUE,FALSE
chr2_2197835,ambiguous,chr2,2197835,MYT1L,1789113,2331664,TRUE,FALSE
chr2_2197893,ambiguous,chr2,2197893,MYT1L,1789113,2331664,TRUE,FALSE
chr2_2198055,ambiguous,chr2,2198055,MYT1L,1789113,2331664,TRUE,FALSE
chr2_2198387,constitutive,chr2,2198387,MYT1L,1789113,2331664,TRUE,FALSE
chr2_2198584,constitutive,chr2,2198584,MYT1L,1789113,2331664,TRUE,FALSE
chr2_2198629,ambiguous,chr2,2198629,MYT1L,1789113,2331664,TRUE,FALSE
chr2_2198718,ambiguous,chr2,2198718,MYT1L,1789113,2331664,TRUE,FALSE
chr2_2198772,constitutive,chr2,2198772,MYT1L,1789113,2331664,TRUE,FALSE
chr2_2198824,constitutive,chr2,2198824,MYT1L,1789113,2331664,TRUE,FALSE
chr2_2198832,constitutive,chr2,2198832,MYT1L,1789113,2331664,TRUE,FALSE
chr2_2198975,ME,chr2,2198975,MYT1L,1789113,2331664,TRUE,FALSE
chr2_2199296,ambiguous,chr2,2199296,MYT1L,1789113,2331664,TRUE,FALSE
chr2_2199332,constitutive,chr2,2199332,MYT1L,1789113,2331664,TRUE,FALSE
chr2_2199368,constitutive,chr2,2199368,MYT1L,1789113,2331664,TRUE,FALSE
chr2_2199416,ambiguous,chr2,2199416,MYT1L,1789113,2331664,TRUE,FALSE
chr2_2199445,ambiguous,chr2,2199445,MYT1L,1789113,2331664,TRUE,FALSE
chr2_2199455,ambiguous,chr2,2199455,MYT1L,1789113,2331664,TRUE,FALSE
chr2_2199465,constitutive,chr2,2199465,MYT1L,1789113,2331664,TRUE,FALSE
chr2_2199484,ambiguous,chr2,2199484,MYT1L,1789113,2331664,TRUE,FALSE
chr2_2199562,constitutive,chr2,2199562,MYT1L,1789113,2331664,TRUE,FALSE
chr2_2199568,ambiguous,chr2,2199568,MYT1L,1789113,2331664,TRUE,FALSE
chr2_2199626,ambiguous,chr2,2199626,MYT1L,1789113,2331664,TRUE,FALSE
chr2_2199857,constitutive,chr2,2199857,MYT1L,1789113,2331664,TRUE,FALSE
chr2_2199872,constitutive,chr2,2199872,MYT1L,1789113,2331664,TRUE,FALSE
chr2_2199979,constitutive,chr2,2199979,MYT1L,1789113,2331664,TRUE,FALSE
chr2_2200012,ambiguous,chr2,2200012,MYT1L,1789113,2331664,TRUE,FALSE
chr2_2200036,constitutive,chr2,2200036,MYT1L,1789113,2331664,TRUE,FALSE
chr2_2200048,constitutive,chr2,2200048,MYT1L,1789113,2331664,TRUE,FALSE
chr2_2200076,constitutive,chr2,2200076,MYT1L,1789113,2331664,TRUE,FALSE
chr2_2200093,constitutive,chr2,2200093,MYT1L,1789113,2331664,TRUE,FALSE
chr2_2200123,constitutive,chr2,2200123,MYT1L,1789113,2331664,TRUE,FALSE
chr2_2200154,ambiguous,chr2,2200154,MYT1L,1789113,2331664,TRUE,FALSE
chr2_2200258,ambiguous,chr2,2200258,MYT1L,1789113,2331664,TRUE,FALSE
chr2_2200347,ambiguous,chr2,2200347,MYT1L,1789113,2331664,TRUE,FALSE
chr2_2200393,ambiguous,chr2,2200393,MYT1L,1789113,2331664,TRUE,FALSE
chr2_2200417,constitutive,chr2,2200417,MYT1L,1789113,2331664,TRUE,FALSE
chr2_2200434,constitutive,chr2,2200434,MYT1L,1789113,2331664,TRUE,FALSE
chr2_2200477,ambiguous,chr2,2200477,MYT1L,1789113,2331664,TRUE,FALSE
chr2_2200491,ambiguous,chr2,2200491,MYT1L,1789113,2331664,TRUE,FALSE
chr2_2200744,ambiguous,chr2,2200744,MYT1L,1789113,2331664,TRUE,FALSE
chr2_2200781,constitutive,chr2,2200781,MYT1L,1789113,2331664,TRUE,FALSE
chr2_2200795,constitutive,chr2,2200795,MYT1L,1789113,2331664,TRUE,FALSE
chr2_2200801,constitutive,chr2,2200801,MYT1L,1789113,2331664,TRUE,FALSE
chr2_2200825,ambiguous,chr2,2200825,MYT1L,1789113,2331664,TRUE,FALSE
chr2_2200869,ambiguous,chr2,2200869,MYT1L,1789113,2331664,TRUE,FALSE
chr2_2201421,ambiguous,chr2,2201421,MYT1L,1789113,2331664,TRUE,FALSE
chr2_2201427,constitutive,chr2,2201427,MYT1L,1789113,2331664,TRUE,FALSE
chr2_2201474,constitutive,chr2,2201474,MYT1L,1789113,2331664,TRUE,FALSE
chr2_2201481,ambiguous,chr2,2201481,MYT1L,1789113,2331664,TRUE,FALSE
chr2_2201558,ambiguous,chr2,2201558,MYT1L,1789113,2331664,TRUE,FALSE
chr2_2201629,constitutive,chr2,2201629,MYT1L,1789113,2331664,TRUE,FALSE
chr2_2201714,ambiguous,chr2,2201714,MYT1L,1789113,2331664,TRUE,FALSE
chr2_2202448,ambiguous,chr2,2202448,MYT1L,1789113,2331664,TRUE,FALSE
chr2_2204080,constitutive,chr2,2204080,MYT1L,1789113,2331664,TRUE,FALSE
chr2_2205830,ambiguous,chr2,2205830,MYT1L,1789113,2331664,TRUE,FALSE
chr2_2205903,ambiguous,chr2,2205903,MYT1L,1789113,2331664,TRUE,FALSE
chr2_2205930,ambiguous,chr2,2205930,MYT1L,1789113,2331664,TRUE,FALSE
chr2_2206139,ambiguous,chr2,2206139,MYT1L,1789113,2331664,TRUE,FALSE
chr2_2206197,constitutive,chr2,2206197,MYT1L,1789113,2331664,TRUE,FALSE
chr2_2206205,constitutive,chr2,2206205,MYT1L,1789113,2331664,TRUE,FALSE
chr2_2206259,ambiguous,chr2,2206259,MYT1L,1789113,2331664,TRUE,FALSE
chr2_2206273,constitutive,chr2,2206273,MYT1L,1789113,2331664,TRUE,FALSE
chr2_2206409,ambiguous,chr2,2206409,MYT1L,1789113,2331664,TRUE,FALSE
chr2_2206728,ambiguous,chr2,2206728,MYT1L,1789113,2331664,TRUE,FALSE
chr2_2206833,ambiguous,chr2,2206833,MYT1L,1789113,2331664,TRUE,FALSE
chr2_2206873,ambiguous,chr2,2206873,MYT1L,1789113,2331664,TRUE,FALSE
chr2_2206882,ambiguous,chr2,2206882,MYT1L,1789113,2331664,TRUE,FALSE
chr2_2207310,ambiguous,chr2,2207310,MYT1L,1789113,2331664,TRUE,FALSE
chr2_2207480,ambiguous,chr2,2207480,MYT1L,1789113,2331664,TRUE,FALSE
chr2_2207495,Ecto_specific,chr2,2207495,MYT1L,1789113,2331664,TRUE,FALSE
chr2_2207546,Ecto_specific,chr2,2207546,MYT1L,1789113,2331664,TRUE,FALSE
chr2_2207860,ambiguous,chr2,2207860,MYT1L,1789113,2331664,TRUE,FALSE
chr2_2207895,constitutive,chr2,2207895,MYT1L,1789113,2331664,TRUE,FALSE
chr2_2207920,ambiguous,chr2,2207920,MYT1L,1789113,2331664,TRUE,FALSE
chr2_2207927,ambiguous,chr2,2207927,MYT1L,1789113,2331664,TRUE,FALSE
chr2_2208142,ambiguous,chr2,2208142,MYT1L,1789113,2331664,TRUE,FALSE
chr2_2208237,ambiguous,chr2,2208237,MYT1L,1789113,2331664,TRUE,FALSE
chr2_2208311,constitutive,chr2,2208311,MYT1L,1789113,2331664,TRUE,FALSE
chr2_2208376,ambiguous,chr2,2208376,MYT1L,1789113,2331664,TRUE,FALSE
chr2_2208408,ambiguous,chr2,2208408,MYT1L,1789113,2331664,TRUE,FALSE
chr2_2209444,ambiguous,chr2,2209444,MYT1L,1789113,2331664,TRUE,FALSE
chr2_2209510,ambiguous,chr2,2209510,MYT1L,1789113,2331664,TRUE,FALSE
chr2_2209756,ambiguous,chr2,2209756,MYT1L,1789113,2331664,TRUE,FALSE
chr2_2210103,ambiguous,chr2,2210103,MYT1L,1789113,2331664,TRUE,FALSE
chr2_2210229,constitutive,chr2,2210229,MYT1L,1789113,2331664,TRUE,FALSE
chr2_2210266,ambiguous,chr2,2210266,MYT1L,1789113,2331664,TRUE,FALSE
chr2_2210826,ambiguous,chr2,2210826,MYT1L,1789113,2331664,TRUE,FALSE
chr2_2211286,ambiguous,chr2,2211286,MYT1L,1789113,2331664,TRUE,FALSE
chr2_2211405,ambiguous,chr2,2211405,MYT1L,1789113,2331664,TRUE,FALSE
chr2_2211573,ambiguous,chr2,2211573,MYT1L,1789113,2331664,TRUE,FALSE
chr2_2211578,ambiguous,chr2,2211578,MYT1L,1789113,2331664,TRUE,FALSE
chr2_2211603,ambiguous,chr2,2211603,MYT1L,1789113,2331664,TRUE,FALSE
chr2_2211665,ambiguous,chr2,2211665,MYT1L,1789113,2331664,TRUE,FALSE
chr2_2211673,constitutive,chr2,2211673,MYT1L,1789113,2331664,TRUE,FALSE
chr2_2211677,constitutive,chr2,2211677,MYT1L,1789113,2331664,TRUE,FALSE
chr2_2211719,ambiguous,chr2,2211719,MYT1L,1789113,2331664,TRUE,FALSE
chr2_2211759,ambiguous,chr2,2211759,MYT1L,1789113,2331664,TRUE,FALSE
chr2_2212107,constitutive,chr2,2212107,MYT1L,1789113,2331664,TRUE,FALSE
chr2_2212120,constitutive,chr2,2212120,MYT1L,1789113,2331664,TRUE,FALSE
chr2_2212263,ambiguous,chr2,2212263,MYT1L,1789113,2331664,TRUE,FALSE
chr2_2212294,ambiguous,chr2,2212294,MYT1L,1789113,2331664,TRUE,FALSE
chr2_2212312,ambiguous,chr2,2212312,MYT1L,1789113,2331664,TRUE,FALSE
chr2_2212715,ambiguous,chr2,2212715,MYT1L,1789113,2331664,TRUE,FALSE
chr2_2212870,ambiguous,chr2,2212870,MYT1L,1789113,2331664,TRUE,FALSE
chr2_2213060,ambiguous,chr2,2213060,MYT1L,1789113,2331664,TRUE,FALSE
chr2_2213151,ambiguous,chr2,2213151,MYT1L,1789113,2331664,TRUE,FALSE
chr2_2213490,ambiguous,chr2,2213490,MYT1L,1789113,2331664,TRUE,FALSE
chr2_2213563,ambiguous,chr2,2213563,MYT1L,1789113,2331664,TRUE,FALSE
chr2_2214096,ambiguous,chr2,2214096,MYT1L,1789113,2331664,TRUE,FALSE
chr2_2214358,ambiguous,chr2,2214358,MYT1L,1789113,2331664,TRUE,FALSE
chr2_2214436,ambiguous,chr2,2214436,MYT1L,1789113,2331664,TRUE,FALSE
chr2_2214637,ambiguous,chr2,2214637,MYT1L,1789113,2331664,TRUE,FALSE
chr2_2214752,ambiguous,chr2,2214752,MYT1L,1789113,2331664,TRUE,FALSE
chr2_2214770,constitutive,chr2,2214770,MYT1L,1789113,2331664,TRUE,FALSE
chr2_2215044,ambiguous,chr2,2215044,MYT1L,1789113,2331664,TRUE,FALSE
chr2_2215189,ambiguous,chr2,2215189,MYT1L,1789113,2331664,TRUE,FALSE
chr2_2215294,ambiguous,chr2,2215294,MYT1L,1789113,2331664,TRUE,FALSE
chr2_2215800,ambiguous,chr2,2215800,MYT1L,1789113,2331664,TRUE,FALSE
chr2_2215899,ambiguous,chr2,2215899,MYT1L,1789113,2331664,TRUE,FALSE
chr2_2215928,ambiguous,chr2,2215928,MYT1L,1789113,2331664,TRUE,FALSE
chr2_2216317,ambiguous,chr2,2216317,MYT1L,1789113,2331664,TRUE,FALSE
chr2_2216502,ambiguous,chr2,2216502,MYT1L,1789113,2331664,TRUE,FALSE
chr2_2216553,ambiguous,chr2,2216553,MYT1L,1789113,2331664,TRUE,FALSE
chr2_2216593,ambiguous,chr2,2216593,MYT1L,1789113,2331664,TRUE,FALSE
chr2_2217065,constitutive,chr2,2217065,MYT1L,1789113,2331664,TRUE,FALSE
chr2_2217288,ambiguous,chr2,2217288,MYT1L,1789113,2331664,TRUE,FALSE
chr2_2217410,constitutive,chr2,2217410,MYT1L,1789113,2331664,TRUE,FALSE
chr2_2218018,ambiguous,chr2,2218018,MYT1L,1789113,2331664,TRUE,FALSE
chr2_2218255,ambiguous,chr2,2218255,MYT1L,1789113,2331664,TRUE,FALSE
chr2_2218821,constitutive,chr2,2218821,MYT1L,1789113,2331664,TRUE,FALSE
chr2_2218827,ambiguous,chr2,2218827,MYT1L,1789113,2331664,TRUE,FALSE
chr2_2219226,constitutive,chr2,2219226,MYT1L,1789113,2331664,TRUE,FALSE
chr2_2219242,constitutive,chr2,2219242,MYT1L,1789113,2331664,TRUE,FALSE
chr2_2219258,constitutive,chr2,2219258,MYT1L,1789113,2331664,TRUE,FALSE
chr2_2219456,ambiguous,chr2,2219456,MYT1L,1789113,2331664,TRUE,FALSE
chr2_2219724,ambiguous,chr2,2219724,MYT1L,1789113,2331664,TRUE,FALSE
chr2_2219872,ambiguous,chr2,2219872,MYT1L,1789113,2331664,TRUE,FALSE
chr2_2219924,ambiguous,chr2,2219924,MYT1L,1789113,2331664,TRUE,FALSE
chr2_2220028,ambiguous,chr2,2220028,MYT1L,1789113,2331664,TRUE,FALSE
chr2_2220099,ambiguous,chr2,2220099,MYT1L,1789113,2331664,TRUE,FALSE
chr2_2220215,ambiguous,chr2,2220215,MYT1L,1789113,2331664,TRUE,FALSE
chr2_2220304,ambiguous,chr2,2220304,MYT1L,1789113,2331664,TRUE,FALSE
chr2_2220751,constitutive,chr2,2220751,MYT1L,1789113,2331664,TRUE,FALSE
chr2_2220896,ambiguous,chr2,2220896,MYT1L,1789113,2331664,TRUE,FALSE
chr2_2221190,ambiguous,chr2,2221190,MYT1L,1789113,2331664,TRUE,FALSE
chr2_2221300,ambiguous,chr2,2221300,MYT1L,1789113,2331664,TRUE,FALSE
chr2_2221622,constitutive,chr2,2221622,MYT1L,1789113,2331664,TRUE,FALSE
chr2_2221632,constitutive,chr2,2221632,MYT1L,1789113,2331664,TRUE,FALSE
chr2_2221660,ambiguous,chr2,2221660,MYT1L,1789113,2331664,TRUE,FALSE
chr2_2221840,ambiguous,chr2,2221840,MYT1L,1789113,2331664,TRUE,FALSE
chr2_2221902,ambiguous,chr2,2221902,MYT1L,1789113,2331664,TRUE,FALSE
chr2_2221923,ambiguous,chr2,2221923,MYT1L,1789113,2331664,TRUE,FALSE
chr2_2222368,ambiguous,chr2,2222368,MYT1L,1789113,2331664,TRUE,FALSE
chr2_2222965,ambiguous,chr2,2222965,MYT1L,1789113,2331664,TRUE,FALSE
chr2_2223537,ambiguous,chr2,2223537,MYT1L,1789113,2331664,TRUE,FALSE
chr2_2223555,constitutive,chr2,2223555,MYT1L,1789113,2331664,TRUE,FALSE
chr2_2223925,constitutive,chr2,2223925,MYT1L,1789113,2331664,TRUE,FALSE
chr2_2223944,ambiguous,chr2,2223944,MYT1L,1789113,2331664,TRUE,FALSE
chr2_2223969,ambiguous,chr2,2223969,MYT1L,1789113,2331664,TRUE,FALSE
chr2_2224217,ambiguous,chr2,2224217,MYT1L,1789113,2331664,TRUE,FALSE
chr2_2224314,ambiguous,chr2,2224314,MYT1L,1789113,2331664,TRUE,FALSE
chr2_2224319,ambiguous,chr2,2224319,MYT1L,1789113,2331664,TRUE,FALSE
chr2_2224396,constitutive,chr2,2224396,MYT1L,1789113,2331664,TRUE,FALSE
chr2_2224407,constitutive,chr2,2224407,MYT1L,1789113,2331664,TRUE,FALSE
chr2_2224489,constitutive,chr2,2224489,MYT1L,1789113,2331664,TRUE,FALSE
chr2_2224547,ambiguous,chr2,2224547,MYT1L,1789113,2331664,TRUE,FALSE
chr2_2224594,constitutive,chr2,2224594,MYT1L,1789113,2331664,TRUE,FALSE
chr2_2224601,ambiguous,chr2,2224601,MYT1L,1789113,2331664,TRUE,FALSE
chr2_2224687,constitutive,chr2,2224687,MYT1L,1789113,2331664,TRUE,FALSE
chr2_2224743,constitutive,chr2,2224743,MYT1L,1789113,2331664,TRUE,FALSE
chr2_2224750,constitutive,chr2,2224750,MYT1L,1789113,2331664,TRUE,FALSE
chr2_2224813,ambiguous,chr2,2224813,MYT1L,1789113,2331664,TRUE,FALSE
chr2_2224913,constitutive,chr2,2224913,MYT1L,1789113,2331664,TRUE,FALSE
chr2_2224951,constitutive,chr2,2224951,MYT1L,1789113,2331664,TRUE,FALSE
chr2_2224974,constitutive,chr2,2224974,MYT1L,1789113,2331664,TRUE,FALSE
chr2_2225009,ambiguous,chr2,2225009,MYT1L,1789113,2331664,TRUE,FALSE
chr2_2225311,ambiguous,chr2,2225311,MYT1L,1789113,2331664,TRUE,FALSE
chr2_2225399,ambiguous,chr2,2225399,MYT1L,1789113,2331664,TRUE,FALSE
chr2_2225427,constitutive,chr2,2225427,MYT1L,1789113,2331664,TRUE,FALSE
chr2_2225444,constitutive,chr2,2225444,MYT1L,1789113,2331664,TRUE,FALSE
chr2_2225449,constitutive,chr2,2225449,MYT1L,1789113,2331664,TRUE,FALSE
chr2_2225519,ambiguous,chr2,2225519,MYT1L,1789113,2331664,TRUE,FALSE
chr2_2225541,ambiguous,chr2,2225541,MYT1L,1789113,2331664,TRUE,FALSE
chr2_2225596,ambiguous,chr2,2225596,MYT1L,1789113,2331664,TRUE,FALSE
chr2_2225682,ambiguous,chr2,2225682,MYT1L,1789113,2331664,TRUE,FALSE
chr2_2225687,ambiguous,chr2,2225687,MYT1L,1789113,2331664,TRUE,FALSE
chr2_2225851,ambiguous,chr2,2225851,MYT1L,1789113,2331664,TRUE,FALSE
chr2_2225919,ambiguous,chr2,2225919,MYT1L,1789113,2331664,TRUE,FALSE
chr2_2225996,ME,chr2,2225996,MYT1L,1789113,2331664,TRUE,FALSE
chr2_2226115,ambiguous,chr2,2226115,MYT1L,1789113,2331664,TRUE,FALSE
chr2_2226213,constitutive,chr2,2226213,MYT1L,1789113,2331664,TRUE,FALSE
chr2_2226261,constitutive,chr2,2226261,MYT1L,1789113,2331664,TRUE,FALSE
chr2_2226278,constitutive,chr2,2226278,MYT1L,1789113,2331664,TRUE,FALSE
chr2_2226450,constitutive,chr2,2226450,MYT1L,1789113,2331664,TRUE,FALSE
chr2_2226459,constitutive,chr2,2226459,MYT1L,1789113,2331664,TRUE,FALSE
chr2_2226474,ambiguous,chr2,2226474,MYT1L,1789113,2331664,TRUE,FALSE
chr2_2226651,ambiguous,chr2,2226651,MYT1L,1789113,2331664,TRUE,FALSE
chr2_2226696,ambiguous,chr2,2226696,MYT1L,1789113,2331664,TRUE,FALSE
chr2_2226702,ambiguous,chr2,2226702,MYT1L,1789113,2331664,TRUE,FALSE
chr2_2226753,constitutive,chr2,2226753,MYT1L,1789113,2331664,TRUE,FALSE
chr2_2227128,ambiguous,chr2,2227128,MYT1L,1789113,2331664,TRUE,FALSE
chr2_2227280,ambiguous,chr2,2227280,MYT1L,1789113,2331664,TRUE,FALSE
chr2_2227347,constitutive,chr2,2227347,MYT1L,1789113,2331664,TRUE,FALSE
chr2_2227382,ambiguous,chr2,2227382,MYT1L,1789113,2331664,TRUE,FALSE
chr2_2227474,ambiguous,chr2,2227474,MYT1L,1789113,2331664,TRUE,FALSE
chr2_2227547,ambiguous,chr2,2227547,MYT1L,1789113,2331664,TRUE,FALSE
chr2_2227606,constitutive,chr2,2227606,MYT1L,1789113,2331664,TRUE,FALSE
chr2_2227729,constitutive,chr2,2227729,MYT1L,1789113,2331664,TRUE,FALSE
chr2_2228052,ambiguous,chr2,2228052,MYT1L,1789113,2331664,TRUE,FALSE
chr2_2229017,constitutive,chr2,2229017,MYT1L,1789113,2331664,TRUE,FALSE
chr2_2229670,constitutive,chr2,2229670,MYT1L,1789113,2331664,TRUE,FALSE
chr2_2229757,ambiguous,chr2,2229757,MYT1L,1789113,2331664,TRUE,FALSE
chr2_2229877,ambiguous,chr2,2229877,MYT1L,1789113,2331664,TRUE,FALSE
chr2_2229923,ambiguous,chr2,2229923,MYT1L,1789113,2331664,TRUE,FALSE
chr2_2230014,ambiguous,chr2,2230014,MYT1L,1789113,2331664,TRUE,FALSE
chr2_2230135,ambiguous,chr2,2230135,MYT1L,1789113,2331664,TRUE,FALSE
chr2_2230277,ambiguous,chr2,2230277,MYT1L,1789113,2331664,TRUE,FALSE
chr2_2230302,ambiguous,chr2,2230302,MYT1L,1789113,2331664,TRUE,FALSE
chr2_2230363,ambiguous,chr2,2230363,MYT1L,1789113,2331664,TRUE,FALSE
chr2_2230411,ambiguous,chr2,2230411,MYT1L,1789113,2331664,TRUE,FALSE
chr2_2230460,ambiguous,chr2,2230460,MYT1L,1789113,2331664,TRUE,FALSE
chr2_2230492,ambiguous,chr2,2230492,MYT1L,1789113,2331664,TRUE,FALSE
chr2_2230608,ambiguous,chr2,2230608,MYT1L,1789113,2331664,TRUE,FALSE
chr2_2230623,ambiguous,chr2,2230623,MYT1L,1789113,2331664,TRUE,FALSE
chr2_2230628,ambiguous,chr2,2230628,MYT1L,1789113,2331664,TRUE,FALSE
chr2_2230672,ambiguous,chr2,2230672,MYT1L,1789113,2331664,TRUE,FALSE
chr2_2230682,ambiguous,chr2,2230682,MYT1L,1789113,2331664,TRUE,FALSE
chr2_2230712,ambiguous,chr2,2230712,MYT1L,1789113,2331664,TRUE,FALSE
chr2_2230730,ambiguous,chr2,2230730,MYT1L,1789113,2331664,TRUE,FALSE
chr2_2230744,ambiguous,chr2,2230744,MYT1L,1789113,2331664,TRUE,FALSE
chr2_2230945,ambiguous,chr2,2230945,MYT1L,1789113,2331664,TRUE,FALSE
chr2_2230988,ambiguous,chr2,2230988,MYT1L,1789113,2331664,TRUE,FALSE
chr2_2231048,ambiguous,chr2,2231048,MYT1L,1789113,2331664,TRUE,FALSE
chr2_2231289,ambiguous,chr2,2231289,MYT1L,1789113,2331664,TRUE,FALSE
chr2_2231382,ambiguous,chr2,2231382,MYT1L,1789113,2331664,TRUE,FALSE
chr2_2231408,ambiguous,chr2,2231408,MYT1L,1789113,2331664,TRUE,FALSE
chr2_2231572,ambiguous,chr2,2231572,MYT1L,1789113,2331664,TRUE,FALSE
chr2_2231681,ambiguous,chr2,2231681,MYT1L,1789113,2331664,TRUE,FALSE
chr2_2231694,constitutive,chr2,2231694,MYT1L,1789113,2331664,TRUE,FALSE
chr2_2231728,ambiguous,chr2,2231728,MYT1L,1789113,2331664,TRUE,FALSE
chr2_2231824,constitutive,chr2,2231824,MYT1L,1789113,2331664,TRUE,FALSE
chr2_2231934,ambiguous,chr2,2231934,MYT1L,1789113,2331664,TRUE,FALSE
chr2_2232078,ambiguous,chr2,2232078,MYT1L,1789113,2331664,TRUE,FALSE
chr2_2232294,ambiguous,chr2,2232294,MYT1L,1789113,2331664,TRUE,FALSE
chr2_2232483,ambiguous,chr2,2232483,MYT1L,1789113,2331664,TRUE,FALSE
chr2_2232603,constitutive,chr2,2232603,MYT1L,1789113,2331664,TRUE,FALSE
chr2_2232647,ambiguous,chr2,2232647,MYT1L,1789113,2331664,TRUE,FALSE
chr2_2232655,constitutive,chr2,2232655,MYT1L,1789113,2331664,TRUE,FALSE
chr2_2232682,constitutive,chr2,2232682,MYT1L,1789113,2331664,TRUE,FALSE
chr2_2232831,constitutive,chr2,2232831,MYT1L,1789113,2331664,TRUE,FALSE
chr2_2232856,ambiguous,chr2,2232856,MYT1L,1789113,2331664,TRUE,FALSE
chr2_2232999,ambiguous,chr2,2232999,MYT1L,1789113,2331664,TRUE,FALSE
chr2_2233015,ambiguous,chr2,2233015,MYT1L,1789113,2331664,TRUE,FALSE
chr2_2233104,ambiguous,chr2,2233104,MYT1L,1789113,2331664,TRUE,FALSE
chr2_2233152,constitutive,chr2,2233152,MYT1L,1789113,2331664,TRUE,FALSE
chr2_2233315,ambiguous,chr2,2233315,MYT1L,1789113,2331664,TRUE,FALSE
chr2_2233387,constitutive,chr2,2233387,MYT1L,1789113,2331664,TRUE,FALSE
chr2_2233404,ambiguous,chr2,2233404,MYT1L,1789113,2331664,TRUE,FALSE
chr2_2233443,constitutive,chr2,2233443,MYT1L,1789113,2331664,TRUE,FALSE
chr2_2233450,constitutive,chr2,2233450,MYT1L,1789113,2331664,TRUE,FALSE
chr2_2233468,ambiguous,chr2,2233468,MYT1L,1789113,2331664,TRUE,FALSE
chr2_2233526,ambiguous,chr2,2233526,MYT1L,1789113,2331664,TRUE,FALSE
chr2_2233550,ambiguous,chr2,2233550,MYT1L,1789113,2331664,TRUE,FALSE
chr2_2233665,ambiguous,chr2,2233665,MYT1L,1789113,2331664,TRUE,FALSE
chr2_2233680,ambiguous,chr2,2233680,MYT1L,1789113,2331664,TRUE,FALSE
chr2_2233831,ambiguous,chr2,2233831,MYT1L,1789113,2331664,TRUE,FALSE
chr2_2233954,constitutive,chr2,2233954,MYT1L,1789113,2331664,TRUE,FALSE
chr2_2234380,constitutive,chr2,2234380,MYT1L,1789113,2331664,TRUE,FALSE
chr2_2234399,ambiguous,chr2,2234399,MYT1L,1789113,2331664,TRUE,FALSE
chr2_2234549,ambiguous,chr2,2234549,MYT1L,1789113,2331664,TRUE,FALSE
chr2_2234578,ambiguous,chr2,2234578,MYT1L,1789113,2331664,TRUE,FALSE
chr2_2234893,ambiguous,chr2,2234893,MYT1L,1789113,2331664,TRUE,FALSE
chr2_2234902,ambiguous,chr2,2234902,MYT1L,1789113,2331664,TRUE,FALSE
chr2_2234950,ambiguous,chr2,2234950,MYT1L,1789113,2331664,TRUE,FALSE
chr2_2235229,ambiguous,chr2,2235229,MYT1L,1789113,2331664,TRUE,FALSE
chr2_2235270,ambiguous,chr2,2235270,MYT1L,1789113,2331664,TRUE,FALSE
chr2_2235339,ambiguous,chr2,2235339,MYT1L,1789113,2331664,TRUE,FALSE
chr2_2235984,constitutive,chr2,2235984,MYT1L,1789113,2331664,TRUE,FALSE
chr2_2236696,constitutive,chr2,2236696,MYT1L,1789113,2331664,TRUE,FALSE
chr2_2236843,ambiguous,chr2,2236843,MYT1L,1789113,2331664,TRUE,FALSE
chr2_2236882,constitutive,chr2,2236882,MYT1L,1789113,2331664,TRUE,FALSE
chr2_2236923,ambiguous,chr2,2236923,MYT1L,1789113,2331664,TRUE,FALSE
chr2_2236928,ambiguous,chr2,2236928,MYT1L,1789113,2331664,TRUE,FALSE
chr2_2237033,constitutive,chr2,2237033,MYT1L,1789113,2331664,TRUE,FALSE
chr2_2237041,constitutive,chr2,2237041,MYT1L,1789113,2331664,TRUE,FALSE
chr2_2237387,constitutive,chr2,2237387,MYT1L,1789113,2331664,TRUE,FALSE
chr2_2237418,constitutive,chr2,2237418,MYT1L,1789113,2331664,TRUE,FALSE
chr2_2237647,ambiguous,chr2,2237647,MYT1L,1789113,2331664,TRUE,FALSE
chr2_2237772,ambiguous,chr2,2237772,MYT1L,1789113,2331664,TRUE,FALSE
chr2_2237882,constitutive,chr2,2237882,MYT1L,1789113,2331664,TRUE,FALSE
chr2_2237902,ambiguous,chr2,2237902,MYT1L,1789113,2331664,TRUE,FALSE
chr2_2237950,constitutive,chr2,2237950,MYT1L,1789113,2331664,TRUE,FALSE
chr2_2238015,constitutive,chr2,2238015,MYT1L,1789113,2331664,TRUE,FALSE
chr2_2238017,constitutive,chr2,2238017,MYT1L,1789113,2331664,TRUE,FALSE
chr2_2238057,ambiguous,chr2,2238057,MYT1L,1789113,2331664,TRUE,FALSE
chr2_2238293,ambiguous,chr2,2238293,MYT1L,1789113,2331664,TRUE,FALSE
chr2_2238506,ambiguous,chr2,2238506,MYT1L,1789113,2331664,TRUE,FALSE
chr2_2238510,ambiguous,chr2,2238510,MYT1L,1789113,2331664,TRUE,FALSE
chr2_2238547,ambiguous,chr2,2238547,MYT1L,1789113,2331664,TRUE,FALSE
chr2_2238585,ambiguous,chr2,2238585,MYT1L,1789113,2331664,TRUE,FALSE
chr2_2238596,ambiguous,chr2,2238596,MYT1L,1789113,2331664,TRUE,FALSE
chr2_2238664,ambiguous,chr2,2238664,MYT1L,1789113,2331664,TRUE,FALSE
chr2_2238676,ambiguous,chr2,2238676,MYT1L,1789113,2331664,TRUE,FALSE
chr2_2238729,ambiguous,chr2,2238729,MYT1L,1789113,2331664,TRUE,FALSE
chr2_2238746,ambiguous,chr2,2238746,MYT1L,1789113,2331664,TRUE,FALSE
chr2_2238784,ambiguous,chr2,2238784,MYT1L,1789113,2331664,TRUE,FALSE
chr2_2238854,ambiguous,chr2,2238854,MYT1L,1789113,2331664,TRUE,FALSE
chr2_2239067,ambiguous,chr2,2239067,MYT1L,1789113,2331664,TRUE,FALSE
chr2_2239124,ambiguous,chr2,2239124,MYT1L,1789113,2331664,TRUE,FALSE
chr2_2239343,ambiguous,chr2,2239343,MYT1L,1789113,2331664,TRUE,FALSE
chr2_2239555,constitutive,chr2,2239555,MYT1L,1789113,2331664,TRUE,FALSE
chr2_2239567,ambiguous,chr2,2239567,MYT1L,1789113,2331664,TRUE,FALSE
chr2_2239574,constitutive,chr2,2239574,MYT1L,1789113,2331664,TRUE,FALSE
chr2_2239612,constitutive,chr2,2239612,MYT1L,1789113,2331664,TRUE,FALSE
chr2_2239887,constitutive,chr2,2239887,MYT1L,1789113,2331664,TRUE,FALSE
chr2_2240028,ambiguous,chr2,2240028,MYT1L,1789113,2331664,TRUE,FALSE
chr2_2240063,ambiguous,chr2,2240063,MYT1L,1789113,2331664,TRUE,FALSE
chr2_2240161,ambiguous,chr2,2240161,MYT1L,1789113,2331664,TRUE,FALSE
chr2_2240224,constitutive,chr2,2240224,MYT1L,1789113,2331664,TRUE,FALSE
chr2_2240280,constitutive,chr2,2240280,MYT1L,1789113,2331664,TRUE,FALSE
chr2_2240288,constitutive,chr2,2240288,MYT1L,1789113,2331664,TRUE,FALSE
chr2_2240608,ambiguous,chr2,2240608,MYT1L,1789113,2331664,TRUE,FALSE
chr2_2240665,ambiguous,chr2,2240665,MYT1L,1789113,2331664,TRUE,FALSE
chr2_2240691,constitutive,chr2,2240691,MYT1L,1789113,2331664,TRUE,FALSE
chr2_2240756,ambiguous,chr2,2240756,MYT1L,1789113,2331664,TRUE,FALSE
chr2_2240771,constitutive,chr2,2240771,MYT1L,1789113,2331664,TRUE,FALSE
chr2_2240780,constitutive,chr2,2240780,MYT1L,1789113,2331664,TRUE,FALSE
chr2_2240782,constitutive,chr2,2240782,MYT1L,1789113,2331664,TRUE,FALSE
chr2_2240790,constitutive,chr2,2240790,MYT1L,1789113,2331664,TRUE,FALSE
chr2_2241147,ambiguous,chr2,2241147,MYT1L,1789113,2331664,TRUE,FALSE
chr2_2241184,constitutive,chr2,2241184,MYT1L,1789113,2331664,TRUE,FALSE
chr2_2241188,constitutive,chr2,2241188,MYT1L,1789113,2331664,TRUE,FALSE
chr2_2241384,ambiguous,chr2,2241384,MYT1L,1789113,2331664,TRUE,FALSE
chr2_2241410,ambiguous,chr2,2241410,MYT1L,1789113,2331664,TRUE,FALSE
chr2_2241432,ambiguous,chr2,2241432,MYT1L,1789113,2331664,TRUE,FALSE
chr2_2241489,ambiguous,chr2,2241489,MYT1L,1789113,2331664,TRUE,FALSE
chr2_2241538,ambiguous,chr2,2241538,MYT1L,1789113,2331664,TRUE,FALSE
chr2_2241600,ambiguous,chr2,2241600,MYT1L,1789113,2331664,TRUE,FALSE
chr2_2241785,constitutive,chr2,2241785,MYT1L,1789113,2331664,TRUE,FALSE
chr2_2241812,constitutive,chr2,2241812,MYT1L,1789113,2331664,TRUE,FALSE
chr2_2242126,ambiguous,chr2,2242126,MYT1L,1789113,2331664,TRUE,FALSE
chr2_2242264,ambiguous,chr2,2242264,MYT1L,1789113,2331664,TRUE,FALSE
chr2_2242364,constitutive,chr2,2242364,MYT1L,1789113,2331664,TRUE,FALSE
chr2_2242411,ambiguous,chr2,2242411,MYT1L,1789113,2331664,TRUE,FALSE
chr2_2242523,constitutive,chr2,2242523,MYT1L,1789113,2331664,TRUE,FALSE
chr2_2242784,ambiguous,chr2,2242784,MYT1L,1789113,2331664,TRUE,FALSE
chr2_2243392,ambiguous,chr2,2243392,MYT1L,1789113,2331664,TRUE,FALSE
chr2_2243704,ambiguous,chr2,2243704,MYT1L,1789113,2331664,TRUE,FALSE
chr2_2243771,ambiguous,chr2,2243771,MYT1L,1789113,2331664,TRUE,FALSE
chr2_2243848,ambiguous,chr2,2243848,MYT1L,1789113,2331664,TRUE,FALSE
chr2_2243958,constitutive,chr2,2243958,MYT1L,1789113,2331664,TRUE,FALSE
chr2_2244085,ambiguous,chr2,2244085,MYT1L,1789113,2331664,TRUE,FALSE
chr2_2244199,ambiguous,chr2,2244199,MYT1L,1789113,2331664,TRUE,FALSE
chr2_2244553,ambiguous,chr2,2244553,MYT1L,1789113,2331664,TRUE,FALSE
chr2_2244619,ambiguous,chr2,2244619,MYT1L,1789113,2331664,TRUE,FALSE
chr2_2244749,ambiguous,chr2,2244749,MYT1L,1789113,2331664,TRUE,FALSE
chr2_2244832,ambiguous,chr2,2244832,MYT1L,1789113,2331664,TRUE,FALSE
chr2_2245217,ambiguous,chr2,2245217,MYT1L,1789113,2331664,TRUE,FALSE
chr2_2245242,ambiguous,chr2,2245242,MYT1L,1789113,2331664,TRUE,FALSE
chr2_2245249,constitutive,chr2,2245249,MYT1L,1789113,2331664,TRUE,FALSE
chr2_2245288,ambiguous,chr2,2245288,MYT1L,1789113,2331664,TRUE,FALSE
chr2_2245298,constitutive,chr2,2245298,MYT1L,1789113,2331664,TRUE,FALSE
chr2_2245347,ambiguous,chr2,2245347,MYT1L,1789113,2331664,TRUE,FALSE
chr2_2245587,constitutive,chr2,2245587,MYT1L,1789113,2331664,TRUE,FALSE
chr2_2245669,ambiguous,chr2,2245669,MYT1L,1789113,2331664,TRUE,FALSE
chr2_2245731,constitutive,chr2,2245731,MYT1L,1789113,2331664,TRUE,FALSE
chr2_2245900,ambiguous,chr2,2245900,MYT1L,1789113,2331664,TRUE,FALSE
chr2_2246266,ambiguous,chr2,2246266,MYT1L,1789113,2331664,TRUE,FALSE
chr2_2246431,constitutive,chr2,2246431,MYT1L,1789113,2331664,TRUE,FALSE
chr2_2246451,constitutive,chr2,2246451,MYT1L,1789113,2331664,TRUE,FALSE
chr2_2246584,ambiguous,chr2,2246584,MYT1L,1789113,2331664,TRUE,FALSE
chr2_2246921,constitutive,chr2,2246921,MYT1L,1789113,2331664,TRUE,FALSE
chr2_2246960,constitutive,chr2,2246960,MYT1L,1789113,2331664,TRUE,FALSE
chr2_2247125,ambiguous,chr2,2247125,MYT1L,1789113,2331664,TRUE,FALSE
chr2_2247399,constitutive,chr2,2247399,MYT1L,1789113,2331664,TRUE,FALSE
chr2_2247481,ambiguous,chr2,2247481,MYT1L,1789113,2331664,TRUE,FALSE
chr2_2247862,ambiguous,chr2,2247862,MYT1L,1789113,2331664,TRUE,FALSE
chr2_2247927,ambiguous,chr2,2247927,MYT1L,1789113,2331664,TRUE,FALSE
chr2_2248380,ambiguous,chr2,2248380,MYT1L,1789113,2331664,TRUE,FALSE
chr2_2248683,ambiguous,chr2,2248683,MYT1L,1789113,2331664,TRUE,FALSE
chr2_2249994,ambiguous,chr2,2249994,MYT1L,1789113,2331664,TRUE,FALSE
chr2_2251007,ambiguous,chr2,2251007,MYT1L,1789113,2331664,TRUE,FALSE
chr2_2251119,ambiguous,chr2,2251119,MYT1L,1789113,2331664,TRUE,FALSE
chr2_2251332,ambiguous,chr2,2251332,MYT1L,1789113,2331664,TRUE,FALSE
chr2_2251336,ambiguous,chr2,2251336,MYT1L,1789113,2331664,TRUE,FALSE
chr2_2251405,constitutive,chr2,2251405,MYT1L,1789113,2331664,TRUE,FALSE
chr2_2251409,ambiguous,chr2,2251409,MYT1L,1789113,2331664,TRUE,FALSE
chr2_2251434,constitutive,chr2,2251434,MYT1L,1789113,2331664,TRUE,FALSE
chr2_2251440,ambiguous,chr2,2251440,MYT1L,1789113,2331664,TRUE,FALSE
chr2_2251445,ambiguous,chr2,2251445,MYT1L,1789113,2331664,TRUE,FALSE
chr2_2251542,constitutive,chr2,2251542,MYT1L,1789113,2331664,TRUE,FALSE
chr2_2251890,ambiguous,chr2,2251890,MYT1L,1789113,2331664,TRUE,FALSE
chr2_2251953,ambiguous,chr2,2251953,MYT1L,1789113,2331664,TRUE,FALSE
chr2_2252086,ambiguous,chr2,2252086,MYT1L,1789113,2331664,TRUE,FALSE
chr2_2252176,ambiguous,chr2,2252176,MYT1L,1789113,2331664,TRUE,FALSE
chr2_2252254,ambiguous,chr2,2252254,MYT1L,1789113,2331664,TRUE,FALSE
chr2_2252362,ambiguous,chr2,2252362,MYT1L,1789113,2331664,TRUE,FALSE
chr2_2252449,ambiguous,chr2,2252449,MYT1L,1789113,2331664,TRUE,FALSE
chr2_2252668,ambiguous,chr2,2252668,MYT1L,1789113,2331664,TRUE,FALSE
chr2_2252736,ambiguous,chr2,2252736,MYT1L,1789113,2331664,TRUE,FALSE
chr2_2252766,ambiguous,chr2,2252766,MYT1L,1789113,2331664,TRUE,FALSE
chr2_2253197,ambiguous,chr2,2253197,MYT1L,1789113,2331664,TRUE,FALSE
chr2_2253202,ambiguous,chr2,2253202,MYT1L,1789113,2331664,TRUE,FALSE
chr2_2253258,ambiguous,chr2,2253258,MYT1L,1789113,2331664,TRUE,FALSE
chr2_2253290,ambiguous,chr2,2253290,MYT1L,1789113,2331664,TRUE,FALSE
chr2_2253313,ambiguous,chr2,2253313,MYT1L,1789113,2331664,TRUE,FALSE
chr2_2253336,ambiguous,chr2,2253336,MYT1L,1789113,2331664,TRUE,FALSE
chr2_2253343,ambiguous,chr2,2253343,MYT1L,1789113,2331664,TRUE,FALSE
chr2_2253422,ambiguous,chr2,2253422,MYT1L,1789113,2331664,TRUE,FALSE
chr2_2253441,ambiguous,chr2,2253441,MYT1L,1789113,2331664,TRUE,FALSE
chr2_2253529,ambiguous,chr2,2253529,MYT1L,1789113,2331664,TRUE,FALSE
chr2_2253543,ambiguous,chr2,2253543,MYT1L,1789113,2331664,TRUE,FALSE
chr2_2253583,ambiguous,chr2,2253583,MYT1L,1789113,2331664,TRUE,FALSE
chr2_2253701,ambiguous,chr2,2253701,MYT1L,1789113,2331664,TRUE,FALSE
chr2_2253714,ambiguous,chr2,2253714,MYT1L,1789113,2331664,TRUE,FALSE
chr2_2253732,ambiguous,chr2,2253732,MYT1L,1789113,2331664,TRUE,FALSE
chr2_2253745,ambiguous,chr2,2253745,MYT1L,1789113,2331664,TRUE,FALSE
chr2_2253763,ambiguous,chr2,2253763,MYT1L,1789113,2331664,TRUE,FALSE
chr2_2253776,ambiguous,chr2,2253776,MYT1L,1789113,2331664,TRUE,FALSE
chr2_2253794,ambiguous,chr2,2253794,MYT1L,1789113,2331664,TRUE,FALSE
chr2_2253807,ambiguous,chr2,2253807,MYT1L,1789113,2331664,TRUE,FALSE
chr2_2253825,ambiguous,chr2,2253825,MYT1L,1789113,2331664,TRUE,FALSE
chr2_2253835,ambiguous,chr2,2253835,MYT1L,1789113,2331664,TRUE,FALSE
chr2_2253884,ambiguous,chr2,2253884,MYT1L,1789113,2331664,TRUE,FALSE
chr2_2254033,ambiguous,chr2,2254033,MYT1L,1789113,2331664,TRUE,FALSE
chr2_2254074,constitutive,chr2,2254074,MYT1L,1789113,2331664,TRUE,FALSE
chr2_2254080,constitutive,chr2,2254080,MYT1L,1789113,2331664,TRUE,FALSE
chr2_2254313,constitutive,chr2,2254313,MYT1L,1789113,2331664,TRUE,FALSE
chr2_2254457,constitutive,chr2,2254457,MYT1L,1789113,2331664,TRUE,FALSE
chr2_2254498,ambiguous,chr2,2254498,MYT1L,1789113,2331664,TRUE,FALSE
chr2_2254700,ambiguous,chr2,2254700,MYT1L,1789113,2331664,TRUE,FALSE
chr2_2255188,constitutive,chr2,2255188,MYT1L,1789113,2331664,TRUE,FALSE
chr2_2255221,ambiguous,chr2,2255221,MYT1L,1789113,2331664,TRUE,FALSE
chr2_2255247,ambiguous,chr2,2255247,MYT1L,1789113,2331664,TRUE,FALSE
chr2_2255315,ambiguous,chr2,2255315,MYT1L,1789113,2331664,TRUE,FALSE
chr2_2255429,ambiguous,chr2,2255429,MYT1L,1789113,2331664,TRUE,FALSE
chr2_2255511,ambiguous,chr2,2255511,MYT1L,1789113,2331664,TRUE,FALSE
chr2_2255545,constitutive,chr2,2255545,MYT1L,1789113,2331664,TRUE,FALSE
chr2_2255654,ambiguous,chr2,2255654,MYT1L,1789113,2331664,TRUE,FALSE
chr2_2255679,constitutive,chr2,2255679,MYT1L,1789113,2331664,TRUE,FALSE
chr2_2255689,Ecto_specific,chr2,2255689,MYT1L,1789113,2331664,TRUE,FALSE
chr2_2255722,constitutive,chr2,2255722,MYT1L,1789113,2331664,TRUE,FALSE
chr2_2255792,ambiguous,chr2,2255792,MYT1L,1789113,2331664,TRUE,FALSE
chr2_2255804,ambiguous,chr2,2255804,MYT1L,1789113,2331664,TRUE,FALSE
chr2_2256009,constitutive,chr2,2256009,MYT1L,1789113,2331664,TRUE,FALSE
chr2_2256105,constitutive,chr2,2256105,MYT1L,1789113,2331664,TRUE,FALSE
chr2_2256107,constitutive,chr2,2256107,MYT1L,1789113,2331664,TRUE,FALSE
chr2_2256110,constitutive,chr2,2256110,MYT1L,1789113,2331664,TRUE,FALSE
chr2_2256129,constitutive,chr2,2256129,MYT1L,1789113,2331664,TRUE,FALSE
chr2_2256149,constitutive,chr2,2256149,MYT1L,1789113,2331664,TRUE,FALSE
chr2_2256193,constitutive,chr2,2256193,MYT1L,1789113,2331664,TRUE,FALSE
chr2_2256208,constitutive,chr2,2256208,MYT1L,1789113,2331664,TRUE,FALSE
chr2_2256226,constitutive,chr2,2256226,MYT1L,1789113,2331664,TRUE,FALSE
chr2_2256233,constitutive,chr2,2256233,MYT1L,1789113,2331664,TRUE,FALSE
chr2_2256439,constitutive,chr2,2256439,MYT1L,1789113,2331664,TRUE,FALSE
chr2_2256460,constitutive,chr2,2256460,MYT1L,1789113,2331664,TRUE,FALSE
chr2_2256635,ambiguous,chr2,2256635,MYT1L,1789113,2331664,TRUE,FALSE
chr2_2256676,ambiguous,chr2,2256676,MYT1L,1789113,2331664,TRUE,FALSE
chr2_2256710,constitutive,chr2,2256710,MYT1L,1789113,2331664,TRUE,FALSE
chr2_2256765,ambiguous,chr2,2256765,MYT1L,1789113,2331664,TRUE,FALSE
chr2_2257107,ambiguous,chr2,2257107,MYT1L,1789113,2331664,TRUE,FALSE
chr2_2257187,ambiguous,chr2,2257187,MYT1L,1789113,2331664,TRUE,FALSE
chr2_2257196,ambiguous,chr2,2257196,MYT1L,1789113,2331664,TRUE,FALSE
chr2_2257316,constitutive,chr2,2257316,MYT1L,1789113,2331664,TRUE,FALSE
chr2_2257329,constitutive,chr2,2257329,MYT1L,1789113,2331664,TRUE,FALSE
chr2_2257405,constitutive,chr2,2257405,MYT1L,1789113,2331664,TRUE,FALSE
chr2_2257448,constitutive,chr2,2257448,MYT1L,1789113,2331664,TRUE,FALSE
chr2_2257459,ambiguous,chr2,2257459,MYT1L,1789113,2331664,TRUE,FALSE
chr2_2257539,ambiguous,chr2,2257539,MYT1L,1789113,2331664,TRUE,FALSE
chr2_2257575,constitutive,chr2,2257575,MYT1L,1789113,2331664,TRUE,FALSE
chr2_2259662,ambiguous,chr2,2259662,MYT1L,1789113,2331664,TRUE,FALSE
chr2_2259688,constitutive,chr2,2259688,MYT1L,1789113,2331664,TRUE,FALSE
chr2_2259736,ambiguous,chr2,2259736,MYT1L,1789113,2331664,TRUE,FALSE
chr2_2259746,constitutive,chr2,2259746,MYT1L,1789113,2331664,TRUE,FALSE
chr2_2259749,constitutive,chr2,2259749,MYT1L,1789113,2331664,TRUE,FALSE
chr2_2259804,ambiguous,chr2,2259804,MYT1L,1789113,2331664,TRUE,FALSE
chr2_2260015,ambiguous,chr2,2260015,MYT1L,1789113,2331664,TRUE,FALSE
chr2_2260030,ambiguous,chr2,2260030,MYT1L,1789113,2331664,TRUE,FALSE
chr2_2260044,ambiguous,chr2,2260044,MYT1L,1789113,2331664,TRUE,FALSE
chr2_2260082,ambiguous,chr2,2260082,MYT1L,1789113,2331664,TRUE,FALSE
chr2_2260114,ambiguous,chr2,2260114,MYT1L,1789113,2331664,TRUE,FALSE
chr2_2260120,constitutive,chr2,2260120,MYT1L,1789113,2331664,TRUE,FALSE
chr2_2260158,constitutive,chr2,2260158,MYT1L,1789113,2331664,TRUE,FALSE
chr2_2260185,constitutive,chr2,2260185,MYT1L,1789113,2331664,TRUE,FALSE
chr2_2260238,ambiguous,chr2,2260238,MYT1L,1789113,2331664,TRUE,FALSE
chr2_2260357,ambiguous,chr2,2260357,MYT1L,1789113,2331664,TRUE,FALSE
chr2_2260597,constitutive,chr2,2260597,MYT1L,1789113,2331664,TRUE,FALSE
chr2_2260613,ambiguous,chr2,2260613,MYT1L,1789113,2331664,TRUE,FALSE
chr2_2260814,ambiguous,chr2,2260814,MYT1L,1789113,2331664,TRUE,FALSE
chr2_2260837,ambiguous,chr2,2260837,MYT1L,1789113,2331664,TRUE,FALSE
chr2_2260900,ambiguous,chr2,2260900,MYT1L,1789113,2331664,TRUE,FALSE
chr2_2260990,ambiguous,chr2,2260990,MYT1L,1789113,2331664,TRUE,FALSE
chr2_2261103,ambiguous,chr2,2261103,MYT1L,1789113,2331664,TRUE,FALSE
chr2_2261142,ME,chr2,2261142,MYT1L,1789113,2331664,TRUE,FALSE
chr2_2261354,ambiguous,chr2,2261354,MYT1L,1789113,2331664,TRUE,FALSE
chr2_2261676,ambiguous,chr2,2261676,MYT1L,1789113,2331664,TRUE,FALSE
chr2_2261759,ambiguous,chr2,2261759,MYT1L,1789113,2331664,TRUE,FALSE
chr2_2262358,ambiguous,chr2,2262358,MYT1L,1789113,2331664,TRUE,FALSE
chr2_2262418,constitutive,chr2,2262418,MYT1L,1789113,2331664,TRUE,FALSE
chr2_2262420,constitutive,chr2,2262420,MYT1L,1789113,2331664,TRUE,FALSE
chr2_2262458,ambiguous,chr2,2262458,MYT1L,1789113,2331664,TRUE,FALSE
chr2_2262467,constitutive,chr2,2262467,MYT1L,1789113,2331664,TRUE,FALSE
chr2_2262488,ambiguous,chr2,2262488,MYT1L,1789113,2331664,TRUE,FALSE
chr2_2262519,ambiguous,chr2,2262519,MYT1L,1789113,2331664,TRUE,FALSE
chr2_2262549,constitutive,chr2,2262549,MYT1L,1789113,2331664,TRUE,FALSE
chr2_2262561,constitutive,chr2,2262561,MYT1L,1789113,2331664,TRUE,FALSE
chr2_2262647,ambiguous,chr2,2262647,MYT1L,1789113,2331664,TRUE,FALSE
chr2_2262772,ambiguous,chr2,2262772,MYT1L,1789113,2331664,TRUE,FALSE
chr2_2262844,ambiguous,chr2,2262844,MYT1L,1789113,2331664,TRUE,FALSE
chr2_2263234,ambiguous,chr2,2263234,MYT1L,1789113,2331664,TRUE,FALSE
chr2_2263327,ambiguous,chr2,2263327,MYT1L,1789113,2331664,TRUE,FALSE
chr2_2263330,ambiguous,chr2,2263330,MYT1L,1789113,2331664,TRUE,FALSE
chr2_2263381,ambiguous,chr2,2263381,MYT1L,1789113,2331664,TRUE,FALSE
chr2_2263385,ambiguous,chr2,2263385,MYT1L,1789113,2331664,TRUE,FALSE
chr2_2263447,ambiguous,chr2,2263447,MYT1L,1789113,2331664,TRUE,FALSE
chr2_2263575,ambiguous,chr2,2263575,MYT1L,1789113,2331664,TRUE,FALSE
chr2_2263719,ambiguous,chr2,2263719,MYT1L,1789113,2331664,TRUE,FALSE
chr2_2263745,ambiguous,chr2,2263745,MYT1L,1789113,2331664,TRUE,FALSE
chr2_2263805,ambiguous,chr2,2263805,MYT1L,1789113,2331664,TRUE,FALSE
chr2_2263983,constitutive,chr2,2263983,MYT1L,1789113,2331664,TRUE,FALSE
chr2_2264288,constitutive,chr2,2264288,MYT1L,1789113,2331664,TRUE,FALSE
chr2_2264337,constitutive,chr2,2264337,MYT1L,1789113,2331664,TRUE,FALSE
chr2_2264559,constitutive,chr2,2264559,MYT1L,1789113,2331664,TRUE,FALSE
chr2_2264571,constitutive,chr2,2264571,MYT1L,1789113,2331664,TRUE,FALSE
chr2_2264595,ambiguous,chr2,2264595,MYT1L,1789113,2331664,TRUE,FALSE
chr2_2264630,constitutive,chr2,2264630,MYT1L,1789113,2331664,TRUE,FALSE
chr2_2264665,ambiguous,chr2,2264665,MYT1L,1789113,2331664,TRUE,FALSE
chr2_2264670,ambiguous,chr2,2264670,MYT1L,1789113,2331664,TRUE,FALSE
chr2_2264715,ambiguous,chr2,2264715,MYT1L,1789113,2331664,TRUE,FALSE
chr2_2264751,ambiguous,chr2,2264751,MYT1L,1789113,2331664,TRUE,FALSE
chr2_2264757,ambiguous,chr2,2264757,MYT1L,1789113,2331664,TRUE,FALSE
chr2_2264762,constitutive,chr2,2264762,MYT1L,1789113,2331664,TRUE,FALSE
chr2_2264952,constitutive,chr2,2264952,MYT1L,1789113,2331664,TRUE,FALSE
chr2_2265254,constitutive,chr2,2265254,MYT1L,1789113,2331664,TRUE,FALSE
chr2_2265259,constitutive,chr2,2265259,MYT1L,1789113,2331664,TRUE,FALSE
chr2_2265299,constitutive,chr2,2265299,MYT1L,1789113,2331664,TRUE,FALSE
chr2_2265462,ambiguous,chr2,2265462,MYT1L,1789113,2331664,TRUE,FALSE
chr2_2265562,ambiguous,chr2,2265562,MYT1L,1789113,2331664,TRUE,FALSE
chr2_2265590,constitutive,chr2,2265590,MYT1L,1789113,2331664,TRUE,FALSE
chr2_2265603,constitutive,chr2,2265603,MYT1L,1789113,2331664,TRUE,FALSE
chr2_2265605,constitutive,chr2,2265605,MYT1L,1789113,2331664,TRUE,FALSE
chr2_2265656,ambiguous,chr2,2265656,MYT1L,1789113,2331664,TRUE,FALSE
chr2_2265772,constitutive,chr2,2265772,MYT1L,1789113,2331664,TRUE,FALSE
chr2_2265801,ambiguous,chr2,2265801,MYT1L,1789113,2331664,TRUE,FALSE
chr2_2266005,ambiguous,chr2,2266005,MYT1L,1789113,2331664,TRUE,FALSE
chr2_2266019,constitutive,chr2,2266019,MYT1L,1789113,2331664,TRUE,FALSE
chr2_2266136,ambiguous,chr2,2266136,MYT1L,1789113,2331664,TRUE,FALSE
chr2_2266189,constitutive,chr2,2266189,MYT1L,1789113,2331664,TRUE,FALSE
chr2_2266252,ambiguous,chr2,2266252,MYT1L,1789113,2331664,TRUE,FALSE
chr2_2266520,ME,chr2,2266520,MYT1L,1789113,2331664,TRUE,FALSE
chr2_2266789,ambiguous,chr2,2266789,MYT1L,1789113,2331664,TRUE,FALSE
chr2_2266901,ambiguous,chr2,2266901,MYT1L,1789113,2331664,TRUE,FALSE
chr2_2266952,ambiguous,chr2,2266952,MYT1L,1789113,2331664,TRUE,FALSE
chr2_2266962,ambiguous,chr2,2266962,MYT1L,1789113,2331664,TRUE,FALSE
chr2_2267010,ambiguous,chr2,2267010,MYT1L,1789113,2331664,TRUE,FALSE
chr2_2267096,ambiguous,chr2,2267096,MYT1L,1789113,2331664,TRUE,FALSE
chr2_2267131,ambiguous,chr2,2267131,MYT1L,1789113,2331664,TRUE,FALSE
chr2_2267150,ambiguous,chr2,2267150,MYT1L,1789113,2331664,TRUE,FALSE
chr2_2267246,ambiguous,chr2,2267246,MYT1L,1789113,2331664,TRUE,FALSE
chr2_2267266,ambiguous,chr2,2267266,MYT1L,1789113,2331664,TRUE,FALSE
chr2_2267470,constitutive,chr2,2267470,MYT1L,1789113,2331664,TRUE,FALSE
chr2_2267479,constitutive,chr2,2267479,MYT1L,1789113,2331664,TRUE,FALSE
chr2_2267609,ambiguous,chr2,2267609,MYT1L,1789113,2331664,TRUE,FALSE
chr2_2267630,constitutive,chr2,2267630,MYT1L,1789113,2331664,TRUE,FALSE
chr2_2267726,constitutive,chr2,2267726,MYT1L,1789113,2331664,TRUE,FALSE
chr2_2267737,constitutive,chr2,2267737,MYT1L,1789113,2331664,TRUE,FALSE
chr2_2267773,constitutive,chr2,2267773,MYT1L,1789113,2331664,TRUE,FALSE
chr2_2267802,ambiguous,chr2,2267802,MYT1L,1789113,2331664,TRUE,FALSE
chr2_2267943,constitutive,chr2,2267943,MYT1L,1789113,2331664,TRUE,FALSE
chr2_2268028,ambiguous,chr2,2268028,MYT1L,1789113,2331664,TRUE,FALSE
chr2_2268183,ambiguous,chr2,2268183,MYT1L,1789113,2331664,TRUE,FALSE
chr2_2268515,constitutive,chr2,2268515,MYT1L,1789113,2331664,TRUE,FALSE
chr2_2268636,ambiguous,chr2,2268636,MYT1L,1789113,2331664,TRUE,FALSE
chr2_2268716,ambiguous,chr2,2268716,MYT1L,1789113,2331664,TRUE,FALSE
chr2_2268732,constitutive,chr2,2268732,MYT1L,1789113,2331664,TRUE,FALSE
chr2_2268734,ambiguous,chr2,2268734,MYT1L,1789113,2331664,TRUE,FALSE
chr2_2268762,ambiguous,chr2,2268762,MYT1L,1789113,2331664,TRUE,FALSE
chr2_2268793,ambiguous,chr2,2268793,MYT1L,1789113,2331664,TRUE,FALSE
chr2_2268942,ambiguous,chr2,2268942,MYT1L,1789113,2331664,TRUE,FALSE
chr2_2268978,constitutive,chr2,2268978,MYT1L,1789113,2331664,TRUE,FALSE
chr2_2269009,ambiguous,chr2,2269009,MYT1L,1789113,2331664,TRUE,FALSE
chr2_2269014,ambiguous,chr2,2269014,MYT1L,1789113,2331664,TRUE,FALSE
chr2_2269127,constitutive,chr2,2269127,MYT1L,1789113,2331664,TRUE,FALSE
chr2_2269379,constitutive,chr2,2269379,MYT1L,1789113,2331664,TRUE,FALSE
chr2_2269468,ambiguous,chr2,2269468,MYT1L,1789113,2331664,TRUE,FALSE
chr2_2269684,constitutive,chr2,2269684,MYT1L,1789113,2331664,TRUE,FALSE
chr2_2269724,ambiguous,chr2,2269724,MYT1L,1789113,2331664,TRUE,FALSE
chr2_2269777,ambiguous,chr2,2269777,MYT1L,1789113,2331664,TRUE,FALSE
chr2_2269998,ambiguous,chr2,2269998,MYT1L,1789113,2331664,TRUE,FALSE
chr2_2270041,ambiguous,chr2,2270041,MYT1L,1789113,2331664,TRUE,FALSE
chr2_2270067,constitutive,chr2,2270067,MYT1L,1789113,2331664,TRUE,FALSE
chr2_2270072,ambiguous,chr2,2270072,MYT1L,1789113,2331664,TRUE,FALSE
chr2_2270187,ambiguous,chr2,2270187,MYT1L,1789113,2331664,TRUE,FALSE
chr2_2270226,constitutive,chr2,2270226,MYT1L,1789113,2331664,TRUE,FALSE
chr2_2270269,ambiguous,chr2,2270269,MYT1L,1789113,2331664,TRUE,FALSE
chr2_2270552,ambiguous,chr2,2270552,MYT1L,1789113,2331664,TRUE,FALSE
chr2_2270788,ambiguous,chr2,2270788,MYT1L,1789113,2331664,TRUE,FALSE
chr2_2270829,ambiguous,chr2,2270829,MYT1L,1789113,2331664,TRUE,FALSE
chr2_2270850,ambiguous,chr2,2270850,MYT1L,1789113,2331664,TRUE,FALSE
chr2_2270888,ambiguous,chr2,2270888,MYT1L,1789113,2331664,TRUE,FALSE
chr2_2270895,ambiguous,chr2,2270895,MYT1L,1789113,2331664,TRUE,FALSE
chr2_2270939,ambiguous,chr2,2270939,MYT1L,1789113,2331664,TRUE,FALSE
chr2_2270975,ambiguous,chr2,2270975,MYT1L,1789113,2331664,TRUE,FALSE
chr2_2270994,ambiguous,chr2,2270994,MYT1L,1789113,2331664,TRUE,FALSE
chr2_2271003,ambiguous,chr2,2271003,MYT1L,1789113,2331664,TRUE,FALSE
chr2_2271016,ambiguous,chr2,2271016,MYT1L,1789113,2331664,TRUE,FALSE
chr2_2271028,ambiguous,chr2,2271028,MYT1L,1789113,2331664,TRUE,FALSE
chr2_2271030,ambiguous,chr2,2271030,MYT1L,1789113,2331664,TRUE,FALSE
chr2_2271044,ambiguous,chr2,2271044,MYT1L,1789113,2331664,TRUE,FALSE
chr2_2271054,ambiguous,chr2,2271054,MYT1L,1789113,2331664,TRUE,FALSE
chr2_2271082,ambiguous,chr2,2271082,MYT1L,1789113,2331664,TRUE,FALSE
chr2_2271102,ambiguous,chr2,2271102,MYT1L,1789113,2331664,TRUE,FALSE
chr2_2271245,ambiguous,chr2,2271245,MYT1L,1789113,2331664,TRUE,FALSE
chr2_2271432,ambiguous,chr2,2271432,MYT1L,1789113,2331664,TRUE,FALSE
chr2_2271490,ambiguous,chr2,2271490,MYT1L,1789113,2331664,TRUE,FALSE
chr2_2271547,ambiguous,chr2,2271547,MYT1L,1789113,2331664,TRUE,FALSE
chr2_2271666,ambiguous,chr2,2271666,MYT1L,1789113,2331664,TRUE,FALSE
chr2_2271693,ambiguous,chr2,2271693,MYT1L,1789113,2331664,TRUE,FALSE
chr2_2271729,ambiguous,chr2,2271729,MYT1L,1789113,2331664,TRUE,FALSE
chr2_2271823,ambiguous,chr2,2271823,MYT1L,1789113,2331664,TRUE,FALSE
chr2_2271875,ambiguous,chr2,2271875,MYT1L,1789113,2331664,TRUE,FALSE
chr2_2271985,ambiguous,chr2,2271985,MYT1L,1789113,2331664,TRUE,FALSE
chr2_2272010,ambiguous,chr2,2272010,MYT1L,1789113,2331664,TRUE,FALSE
chr2_2272035,ambiguous,chr2,2272035,MYT1L,1789113,2331664,TRUE,FALSE
chr2_2272043,ambiguous,chr2,2272043,MYT1L,1789113,2331664,TRUE,FALSE
chr2_2272105,ambiguous,chr2,2272105,MYT1L,1789113,2331664,TRUE,FALSE
chr2_2272156,ambiguous,chr2,2272156,MYT1L,1789113,2331664,TRUE,FALSE
chr2_2272219,ambiguous,chr2,2272219,MYT1L,1789113,2331664,TRUE,FALSE
chr2_2272279,ambiguous,chr2,2272279,MYT1L,1789113,2331664,TRUE,FALSE
chr2_2272366,ambiguous,chr2,2272366,MYT1L,1789113,2331664,TRUE,FALSE
chr2_2272372,ambiguous,chr2,2272372,MYT1L,1789113,2331664,TRUE,FALSE
chr2_2272566,constitutive,chr2,2272566,MYT1L,1789113,2331664,TRUE,FALSE
chr2_2272665,ambiguous,chr2,2272665,MYT1L,1789113,2331664,TRUE,FALSE
chr2_2272693,ambiguous,chr2,2272693,MYT1L,1789113,2331664,TRUE,FALSE
chr2_2272798,ambiguous,chr2,2272798,MYT1L,1789113,2331664,TRUE,FALSE
chr2_2273158,ambiguous,chr2,2273158,MYT1L,1789113,2331664,TRUE,FALSE
chr2_2273217,constitutive,chr2,2273217,MYT1L,1789113,2331664,TRUE,FALSE
chr2_2273531,ambiguous,chr2,2273531,MYT1L,1789113,2331664,TRUE,FALSE
chr2_2273694,ambiguous,chr2,2273694,MYT1L,1789113,2331664,TRUE,FALSE
chr2_2273847,constitutive,chr2,2273847,MYT1L,1789113,2331664,TRUE,FALSE
chr2_2274777,ambiguous,chr2,2274777,MYT1L,1789113,2331664,TRUE,FALSE
chr2_2274793,constitutive,chr2,2274793,MYT1L,1789113,2331664,TRUE,FALSE
chr2_2274896,ambiguous,chr2,2274896,MYT1L,1789113,2331664,TRUE,FALSE
chr2_2274910,constitutive,chr2,2274910,MYT1L,1789113,2331664,TRUE,FALSE
chr2_2274936,ambiguous,chr2,2274936,MYT1L,1789113,2331664,TRUE,FALSE
chr2_2275038,constitutive,chr2,2275038,MYT1L,1789113,2331664,TRUE,FALSE
chr2_2275344,ambiguous,chr2,2275344,MYT1L,1789113,2331664,TRUE,FALSE
chr2_2275486,ambiguous,chr2,2275486,MYT1L,1789113,2331664,TRUE,FALSE
chr2_2275549,constitutive,chr2,2275549,MYT1L,1789113,2331664,TRUE,FALSE
chr2_2275554,constitutive,chr2,2275554,MYT1L,1789113,2331664,TRUE,FALSE
chr2_2275648,ambiguous,chr2,2275648,MYT1L,1789113,2331664,TRUE,FALSE
chr2_2275694,ambiguous,chr2,2275694,MYT1L,1789113,2331664,TRUE,FALSE
chr2_2275944,constitutive,chr2,2275944,MYT1L,1789113,2331664,TRUE,FALSE
chr2_2275964,constitutive,chr2,2275964,MYT1L,1789113,2331664,TRUE,FALSE
chr2_2276197,ambiguous,chr2,2276197,MYT1L,1789113,2331664,TRUE,FALSE
chr2_2276243,ambiguous,chr2,2276243,MYT1L,1789113,2331664,TRUE,FALSE
chr2_2276313,constitutive,chr2,2276313,MYT1L,1789113,2331664,TRUE,FALSE
chr2_2276342,constitutive,chr2,2276342,MYT1L,1789113,2331664,TRUE,FALSE
chr2_2276360,constitutive,chr2,2276360,MYT1L,1789113,2331664,TRUE,FALSE
chr2_2276501,ambiguous,chr2,2276501,MYT1L,1789113,2331664,TRUE,FALSE
chr2_2276601,constitutive,chr2,2276601,MYT1L,1789113,2331664,TRUE,FALSE
chr2_2276650,ambiguous,chr2,2276650,MYT1L,1789113,2331664,TRUE,FALSE
chr2_2276913,constitutive,chr2,2276913,MYT1L,1789113,2331664,TRUE,FALSE
chr2_2276929,constitutive,chr2,2276929,MYT1L,1789113,2331664,TRUE,FALSE
chr2_2276965,constitutive,chr2,2276965,MYT1L,1789113,2331664,TRUE,FALSE
chr2_2277042,ambiguous,chr2,2277042,MYT1L,1789113,2331664,TRUE,FALSE
chr2_2277142,constitutive,chr2,2277142,MYT1L,1789113,2331664,TRUE,FALSE
chr2_2277205,ambiguous,chr2,2277205,MYT1L,1789113,2331664,TRUE,FALSE
chr2_2277221,ambiguous,chr2,2277221,MYT1L,1789113,2331664,TRUE,FALSE
chr2_2277249,constitutive,chr2,2277249,MYT1L,1789113,2331664,TRUE,FALSE
chr2_2277271,constitutive,chr2,2277271,MYT1L,1789113,2331664,TRUE,FALSE
chr2_2277331,ambiguous,chr2,2277331,MYT1L,1789113,2331664,TRUE,FALSE
chr2_2277424,ambiguous,chr2,2277424,MYT1L,1789113,2331664,TRUE,FALSE
chr2_2277446,ambiguous,chr2,2277446,MYT1L,1789113,2331664,TRUE,FALSE
chr2_2277813,ambiguous,chr2,2277813,MYT1L,1789113,2331664,TRUE,FALSE
chr2_2278093,constitutive,chr2,2278093,MYT1L,1789113,2331664,TRUE,FALSE
chr2_2278159,ambiguous,chr2,2278159,MYT1L,1789113,2331664,TRUE,FALSE
chr2_2278201,ambiguous,chr2,2278201,MYT1L,1789113,2331664,TRUE,FALSE
chr2_2278512,constitutive,chr2,2278512,MYT1L,1789113,2331664,TRUE,FALSE
chr2_2278947,ambiguous,chr2,2278947,MYT1L,1789113,2331664,TRUE,FALSE
chr2_2279715,constitutive,chr2,2279715,MYT1L,1789113,2331664,TRUE,FALSE
chr2_2279724,constitutive,chr2,2279724,MYT1L,1789113,2331664,TRUE,FALSE
chr2_2279793,constitutive,chr2,2279793,MYT1L,1789113,2331664,TRUE,FALSE
chr2_2279893,ambiguous,chr2,2279893,MYT1L,1789113,2331664,TRUE,FALSE
chr2_2280309,constitutive,chr2,2280309,MYT1L,1789113,2331664,TRUE,FALSE
chr2_2280510,ambiguous,chr2,2280510,MYT1L,1789113,2331664,TRUE,FALSE
chr2_2280530,ME,chr2,2280530,MYT1L,1789113,2331664,TRUE,FALSE
chr2_2280552,ambiguous,chr2,2280552,MYT1L,1789113,2331664,TRUE,FALSE
chr2_2280649,ambiguous,chr2,2280649,MYT1L,1789113,2331664,TRUE,FALSE
chr2_2280658,ambiguous,chr2,2280658,MYT1L,1789113,2331664,TRUE,FALSE
chr2_2280692,constitutive,chr2,2280692,MYT1L,1789113,2331664,TRUE,FALSE
chr2_2280694,constitutive,chr2,2280694,MYT1L,1789113,2331664,TRUE,FALSE
chr2_2280696,constitutive,chr2,2280696,MYT1L,1789113,2331664,TRUE,FALSE
chr2_2280922,ambiguous,chr2,2280922,MYT1L,1789113,2331664,TRUE,FALSE
chr2_2280927,ambiguous,chr2,2280927,MYT1L,1789113,2331664,TRUE,FALSE
chr2_2281123,ambiguous,chr2,2281123,MYT1L,1789113,2331664,TRUE,FALSE
chr2_2281245,ambiguous,chr2,2281245,MYT1L,1789113,2331664,TRUE,FALSE
chr2_2281363,ambiguous,chr2,2281363,MYT1L,1789113,2331664,TRUE,FALSE
chr2_2281604,ambiguous,chr2,2281604,MYT1L,1789113,2331664,TRUE,FALSE
chr2_2281968,constitutive,chr2,2281968,MYT1L,1789113,2331664,TRUE,FALSE
chr2_2281980,constitutive,chr2,2281980,MYT1L,1789113,2331664,TRUE,FALSE
chr2_2282018,ambiguous,chr2,2282018,MYT1L,1789113,2331664,TRUE,FALSE
chr2_2282056,ME,chr2,2282056,MYT1L,1789113,2331664,TRUE,FALSE
chr2_2282147,ambiguous,chr2,2282147,MYT1L,1789113,2331664,TRUE,FALSE
chr2_2282438,ambiguous,chr2,2282438,MYT1L,1789113,2331664,TRUE,FALSE
chr2_2282757,constitutive,chr2,2282757,MYT1L,1789113,2331664,TRUE,FALSE
chr2_2282840,ambiguous,chr2,2282840,MYT1L,1789113,2331664,TRUE,FALSE
chr2_2282903,ambiguous,chr2,2282903,MYT1L,1789113,2331664,TRUE,FALSE
chr2_2283000,constitutive,chr2,2283000,MYT1L,1789113,2331664,TRUE,FALSE
chr2_2283015,constitutive,chr2,2283015,MYT1L,1789113,2331664,TRUE,FALSE
chr2_2283116,constitutive,chr2,2283116,MYT1L,1789113,2331664,TRUE,FALSE
chr2_2283383,ambiguous,chr2,2283383,MYT1L,1789113,2331664,TRUE,FALSE
chr2_2283398,ambiguous,chr2,2283398,MYT1L,1789113,2331664,TRUE,FALSE
chr2_2283686,ambiguous,chr2,2283686,MYT1L,1789113,2331664,TRUE,FALSE
chr2_2283784,ambiguous,chr2,2283784,MYT1L,1789113,2331664,TRUE,FALSE
chr2_2283849,ambiguous,chr2,2283849,MYT1L,1789113,2331664,TRUE,FALSE
chr2_2283871,ambiguous,chr2,2283871,MYT1L,1789113,2331664,TRUE,FALSE
chr2_2284049,ambiguous,chr2,2284049,MYT1L,1789113,2331664,TRUE,FALSE
chr2_2284252,ambiguous,chr2,2284252,MYT1L,1789113,2331664,TRUE,FALSE
chr2_2284304,ambiguous,chr2,2284304,MYT1L,1789113,2331664,TRUE,FALSE
chr2_2284376,ambiguous,chr2,2284376,MYT1L,1789113,2331664,TRUE,FALSE
chr2_2284408,constitutive,chr2,2284408,MYT1L,1789113,2331664,TRUE,FALSE
chr2_2284431,ambiguous,chr2,2284431,MYT1L,1789113,2331664,TRUE,FALSE
chr2_2284446,ambiguous,chr2,2284446,MYT1L,1789113,2331664,TRUE,FALSE
chr2_2284461,constitutive,chr2,2284461,MYT1L,1789113,2331664,TRUE,FALSE
chr2_2284472,constitutive,chr2,2284472,MYT1L,1789113,2331664,TRUE,FALSE
chr2_2284500,ambiguous,chr2,2284500,MYT1L,1789113,2331664,TRUE,FALSE
chr2_2284625,constitutive,chr2,2284625,MYT1L,1789113,2331664,TRUE,FALSE
chr2_2284766,ambiguous,chr2,2284766,MYT1L,1789113,2331664,TRUE,FALSE
chr2_2284806,constitutive,chr2,2284806,MYT1L,1789113,2331664,TRUE,FALSE
chr2_2284951,ambiguous,chr2,2284951,MYT1L,1789113,2331664,TRUE,FALSE
chr2_2284958,ambiguous,chr2,2284958,MYT1L,1789113,2331664,TRUE,FALSE
chr2_2285007,constitutive,chr2,2285007,MYT1L,1789113,2331664,TRUE,FALSE
chr2_2285110,ambiguous,chr2,2285110,MYT1L,1789113,2331664,TRUE,FALSE
chr2_2285136,ambiguous,chr2,2285136,MYT1L,1789113,2331664,TRUE,FALSE
chr2_2285233,ambiguous,chr2,2285233,MYT1L,1789113,2331664,TRUE,FALSE
chr2_2285281,ambiguous,chr2,2285281,MYT1L,1789113,2331664,TRUE,FALSE
chr2_2285493,ambiguous,chr2,2285493,MYT1L,1789113,2331664,TRUE,FALSE
chr2_2285717,ambiguous,chr2,2285717,MYT1L,1789113,2331664,TRUE,FALSE
chr2_2285741,ambiguous,chr2,2285741,MYT1L,1789113,2331664,TRUE,FALSE
chr2_2285789,ambiguous,chr2,2285789,MYT1L,1789113,2331664,TRUE,FALSE
chr2_2285892,ambiguous,chr2,2285892,MYT1L,1789113,2331664,TRUE,FALSE
chr2_2286043,ambiguous,chr2,2286043,MYT1L,1789113,2331664,TRUE,FALSE
chr2_2286127,ambiguous,chr2,2286127,MYT1L,1789113,2331664,TRUE,FALSE
chr2_2286143,ambiguous,chr2,2286143,MYT1L,1789113,2331664,TRUE,FALSE
chr2_2286171,ambiguous,chr2,2286171,MYT1L,1789113,2331664,TRUE,FALSE
chr2_2286216,ambiguous,chr2,2286216,MYT1L,1789113,2331664,TRUE,FALSE
chr2_2286226,ambiguous,chr2,2286226,MYT1L,1789113,2331664,TRUE,FALSE
chr2_2286277,ambiguous,chr2,2286277,MYT1L,1789113,2331664,TRUE,FALSE
chr2_2286487,ambiguous,chr2,2286487,MYT1L,1789113,2331664,TRUE,FALSE
chr2_2286609,ambiguous,chr2,2286609,MYT1L,1789113,2331664,TRUE,FALSE
chr2_2286849,constitutive,chr2,2286849,MYT1L,1789113,2331664,TRUE,FALSE
chr2_2286851,ambiguous,chr2,2286851,MYT1L,1789113,2331664,TRUE,FALSE
chr2_2286859,ambiguous,chr2,2286859,MYT1L,1789113,2331664,TRUE,FALSE
chr2_2286894,ambiguous,chr2,2286894,MYT1L,1789113,2331664,TRUE,FALSE
chr2_2287031,constitutive,chr2,2287031,MYT1L,1789113,2331664,TRUE,FALSE
chr2_2287046,constitutive,chr2,2287046,MYT1L,1789113,2331664,TRUE,FALSE
chr2_2287054,constitutive,chr2,2287054,MYT1L,1789113,2331664,TRUE,FALSE
chr2_2287084,constitutive,chr2,2287084,MYT1L,1789113,2331664,TRUE,FALSE
chr2_2287116,ambiguous,chr2,2287116,MYT1L,1789113,2331664,TRUE,FALSE
chr2_2287196,constitutive,chr2,2287196,MYT1L,1789113,2331664,TRUE,FALSE
chr2_2287209,ambiguous,chr2,2287209,MYT1L,1789113,2331664,TRUE,FALSE
chr2_2287242,constitutive,chr2,2287242,MYT1L,1789113,2331664,TRUE,FALSE
chr2_2287250,constitutive,chr2,2287250,MYT1L,1789113,2331664,TRUE,FALSE
chr2_2287360,ambiguous,chr2,2287360,MYT1L,1789113,2331664,TRUE,FALSE
chr2_2287411,constitutive,chr2,2287411,MYT1L,1789113,2331664,TRUE,FALSE
chr2_2287439,constitutive,chr2,2287439,MYT1L,1789113,2331664,TRUE,FALSE
chr2_2287787,ambiguous,chr2,2287787,MYT1L,1789113,2331664,TRUE,FALSE
chr2_2287862,constitutive,chr2,2287862,MYT1L,1789113,2331664,TRUE,FALSE
chr2_2288171,ambiguous,chr2,2288171,MYT1L,1789113,2331664,TRUE,FALSE
chr2_2288249,constitutive,chr2,2288249,MYT1L,1789113,2331664,TRUE,FALSE
chr2_2288312,constitutive,chr2,2288312,MYT1L,1789113,2331664,TRUE,FALSE
chr2_2288465,ambiguous,chr2,2288465,MYT1L,1789113,2331664,TRUE,FALSE
chr2_2288504,ambiguous,chr2,2288504,MYT1L,1789113,2331664,TRUE,FALSE
chr2_2288901,ambiguous,chr2,2288901,MYT1L,1789113,2331664,TRUE,FALSE
chr2_2289078,ambiguous,chr2,2289078,MYT1L,1789113,2331664,TRUE,FALSE
chr2_2289087,ambiguous,chr2,2289087,MYT1L,1789113,2331664,TRUE,FALSE
chr2_2289246,ambiguous,chr2,2289246,MYT1L,1789113,2331664,TRUE,FALSE
chr2_2289565,constitutive,chr2,2289565,MYT1L,1789113,2331664,TRUE,FALSE
chr2_2289601,ambiguous,chr2,2289601,MYT1L,1789113,2331664,TRUE,FALSE
chr2_2289772,ambiguous,chr2,2289772,MYT1L,1789113,2331664,TRUE,FALSE
chr2_2290069,constitutive,chr2,2290069,MYT1L,1789113,2331664,TRUE,FALSE
chr2_2290074,ambiguous,chr2,2290074,MYT1L,1789113,2331664,TRUE,FALSE
chr2_2290246,ambiguous,chr2,2290246,MYT1L,1789113,2331664,TRUE,FALSE
chr2_2290313,ambiguous,chr2,2290313,MYT1L,1789113,2331664,TRUE,FALSE
chr2_2290322,ambiguous,chr2,2290322,MYT1L,1789113,2331664,TRUE,FALSE
chr2_2290332,ambiguous,chr2,2290332,MYT1L,1789113,2331664,TRUE,FALSE
chr2_2290357,constitutive,chr2,2290357,MYT1L,1789113,2331664,TRUE,FALSE
chr2_2290371,ambiguous,chr2,2290371,MYT1L,1789113,2331664,TRUE,FALSE
chr2_2290389,ambiguous,chr2,2290389,MYT1L,1789113,2331664,TRUE,FALSE
chr2_2290399,ambiguous,chr2,2290399,MYT1L,1789113,2331664,TRUE,FALSE
chr2_2290653,ME,chr2,2290653,MYT1L,1789113,2331664,TRUE,FALSE
chr2_2290723,ambiguous,chr2,2290723,MYT1L,1789113,2331664,TRUE,FALSE
chr2_2291179,ambiguous,chr2,2291179,MYT1L,1789113,2331664,TRUE,FALSE
chr2_2291242,ambiguous,chr2,2291242,MYT1L,1789113,2331664,TRUE,FALSE
chr2_2291444,ambiguous,chr2,2291444,MYT1L,1789113,2331664,TRUE,FALSE
chr2_2291446,ambiguous,chr2,2291446,MYT1L,1789113,2331664,TRUE,FALSE
chr2_2291563,ambiguous,chr2,2291563,MYT1L,1789113,2331664,TRUE,FALSE
chr2_2291598,constitutive,chr2,2291598,MYT1L,1789113,2331664,TRUE,FALSE
chr2_2291616,constitutive,chr2,2291616,MYT1L,1789113,2331664,TRUE,FALSE
chr2_2291618,constitutive,chr2,2291618,MYT1L,1789113,2331664,TRUE,FALSE
chr2_2291623,constitutive,chr2,2291623,MYT1L,1789113,2331664,TRUE,FALSE
chr2_2291642,ambiguous,chr2,2291642,MYT1L,1789113,2331664,TRUE,FALSE
chr2_2291645,ambiguous,chr2,2291645,MYT1L,1789113,2331664,TRUE,FALSE
chr2_2291648,ambiguous,chr2,2291648,MYT1L,1789113,2331664,TRUE,FALSE
chr2_2291667,ambiguous,chr2,2291667,MYT1L,1789113,2331664,TRUE,FALSE
chr2_2291679,ambiguous,chr2,2291679,MYT1L,1789113,2331664,TRUE,FALSE
chr2_2291681,ambiguous,chr2,2291681,MYT1L,1789113,2331664,TRUE,FALSE
chr2_2291685,Ecto_specific,chr2,2291685,MYT1L,1789113,2331664,TRUE,FALSE
chr2_2291694,ambiguous,chr2,2291694,MYT1L,1789113,2331664,TRUE,FALSE
chr2_2291726,ambiguous,chr2,2291726,MYT1L,1789113,2331664,TRUE,FALSE
chr2_2291737,ambiguous,chr2,2291737,MYT1L,1789113,2331664,TRUE,FALSE
chr2_2291755,ambiguous,chr2,2291755,MYT1L,1789113,2331664,TRUE,FALSE
chr2_2291762,ambiguous,chr2,2291762,MYT1L,1789113,2331664,TRUE,FALSE
chr2_2291814,ambiguous,chr2,2291814,MYT1L,1789113,2331664,TRUE,FALSE
chr2_2291909,ambiguous,chr2,2291909,MYT1L,1789113,2331664,TRUE,FALSE
chr2_2291914,ambiguous,chr2,2291914,MYT1L,1789113,2331664,TRUE,FALSE
chr2_2291924,ambiguous,chr2,2291924,MYT1L,1789113,2331664,TRUE,FALSE
chr2_2291946,ambiguous,chr2,2291946,MYT1L,1789113,2331664,TRUE,FALSE
chr2_2291950,ambiguous,chr2,2291950,MYT1L,1789113,2331664,TRUE,FALSE
chr2_2291958,ambiguous,chr2,2291958,MYT1L,1789113,2331664,TRUE,FALSE
chr2_2291971,ambiguous,chr2,2291971,MYT1L,1789113,2331664,TRUE,FALSE
chr2_2291976,ambiguous,chr2,2291976,MYT1L,1789113,2331664,TRUE,FALSE
chr2_2291990,ambiguous,chr2,2291990,MYT1L,1789113,2331664,TRUE,FALSE
chr2_2292015,ambiguous,chr2,2292015,MYT1L,1789113,2331664,TRUE,FALSE
chr2_2292032,ambiguous,chr2,2292032,MYT1L,1789113,2331664,TRUE,FALSE
chr2_2292061,constitutive,chr2,2292061,MYT1L,1789113,2331664,TRUE,FALSE
chr2_2292398,ambiguous,chr2,2292398,MYT1L,1789113,2331664,TRUE,FALSE
chr2_2292439,ambiguous,chr2,2292439,MYT1L,1789113,2331664,TRUE,FALSE
chr2_2292544,ambiguous,chr2,2292544,MYT1L,1789113,2331664,TRUE,FALSE
chr2_2292554,ambiguous,chr2,2292554,MYT1L,1789113,2331664,TRUE,FALSE
chr2_2292587,constitutive,chr2,2292587,MYT1L,1789113,2331664,TRUE,FALSE
chr2_2292589,constitutive,chr2,2292589,MYT1L,1789113,2331664,TRUE,FALSE
chr2_2292600,ambiguous,chr2,2292600,MYT1L,1789113,2331664,TRUE,FALSE
chr2_2292623,ambiguous,chr2,2292623,MYT1L,1789113,2331664,TRUE,FALSE
chr2_2292726,ambiguous,chr2,2292726,MYT1L,1789113,2331664,TRUE,FALSE
chr2_2292780,ambiguous,chr2,2292780,MYT1L,1789113,2331664,TRUE,FALSE
chr2_2292896,ambiguous,chr2,2292896,MYT1L,1789113,2331664,TRUE,FALSE
chr2_2292911,constitutive,chr2,2292911,MYT1L,1789113,2331664,TRUE,FALSE
chr2_2292919,ambiguous,chr2,2292919,MYT1L,1789113,2331664,TRUE,FALSE
chr2_2292934,ambiguous,chr2,2292934,MYT1L,1789113,2331664,TRUE,FALSE
chr2_2293130,ambiguous,chr2,2293130,MYT1L,1789113,2331664,TRUE,FALSE
chr2_2293155,ambiguous,chr2,2293155,MYT1L,1789113,2331664,TRUE,FALSE
chr2_2293196,ambiguous,chr2,2293196,MYT1L,1789113,2331664,TRUE,FALSE
chr2_2293264,ambiguous,chr2,2293264,MYT1L,1789113,2331664,TRUE,FALSE
chr2_2293351,ambiguous,chr2,2293351,MYT1L,1789113,2331664,TRUE,FALSE
chr2_2293408,ambiguous,chr2,2293408,MYT1L,1789113,2331664,TRUE,FALSE
chr2_2293435,ambiguous,chr2,2293435,MYT1L,1789113,2331664,TRUE,FALSE
chr2_2293470,ambiguous,chr2,2293470,MYT1L,1789113,2331664,TRUE,FALSE
chr2_2293523,ambiguous,chr2,2293523,MYT1L,1789113,2331664,TRUE,FALSE
chr2_2293552,ambiguous,chr2,2293552,MYT1L,1789113,2331664,TRUE,FALSE
chr2_2293587,ambiguous,chr2,2293587,MYT1L,1789113,2331664,TRUE,FALSE
chr2_2293795,ambiguous,chr2,2293795,MYT1L,1789113,2331664,TRUE,FALSE
chr2_2293835,ambiguous,chr2,2293835,MYT1L,1789113,2331664,TRUE,FALSE
chr2_2293883,ambiguous,chr2,2293883,MYT1L,1789113,2331664,TRUE,FALSE
chr2_2293905,ambiguous,chr2,2293905,MYT1L,1789113,2331664,TRUE,FALSE
chr2_2293907,ambiguous,chr2,2293907,MYT1L,1789113,2331664,TRUE,FALSE
chr2_2293953,ambiguous,chr2,2293953,MYT1L,1789113,2331664,TRUE,FALSE
chr2_2293965,ambiguous,chr2,2293965,MYT1L,1789113,2331664,TRUE,FALSE
chr2_2294192,ambiguous,chr2,2294192,MYT1L,1789113,2331664,TRUE,FALSE
chr2_2294199,constitutive,chr2,2294199,MYT1L,1789113,2331664,TRUE,FALSE
chr2_2294206,ambiguous,chr2,2294206,MYT1L,1789113,2331664,TRUE,FALSE
chr2_2294210,ambiguous,chr2,2294210,MYT1L,1789113,2331664,TRUE,FALSE
chr2_2294218,ambiguous,chr2,2294218,MYT1L,1789113,2331664,TRUE,FALSE
chr2_2294451,constitutive,chr2,2294451,MYT1L,1789113,2331664,TRUE,FALSE
chr2_2294453,ambiguous,chr2,2294453,MYT1L,1789113,2331664,TRUE,FALSE
chr2_2294464,ambiguous,chr2,2294464,MYT1L,1789113,2331664,TRUE,FALSE
chr2_2294466,constitutive,chr2,2294466,MYT1L,1789113,2331664,TRUE,FALSE
chr2_2294562,ambiguous,chr2,2294562,MYT1L,1789113,2331664,TRUE,FALSE
chr2_2294738,constitutive,chr2,2294738,MYT1L,1789113,2331664,TRUE,FALSE
chr2_2294876,constitutive,chr2,2294876,MYT1L,1789113,2331664,TRUE,FALSE
chr2_2294894,ambiguous,chr2,2294894,MYT1L,1789113,2331664,TRUE,FALSE
chr2_2294935,ambiguous,chr2,2294935,MYT1L,1789113,2331664,TRUE,FALSE
chr2_2295009,ambiguous,chr2,2295009,MYT1L,1789113,2331664,TRUE,FALSE
chr2_2295210,ambiguous,chr2,2295210,MYT1L,1789113,2331664,TRUE,FALSE
chr2_2295248,ambiguous,chr2,2295248,MYT1L,1789113,2331664,TRUE,FALSE
chr2_2295843,ambiguous,chr2,2295843,MYT1L,1789113,2331664,TRUE,FALSE
chr2_2296039,ambiguous,chr2,2296039,MYT1L,1789113,2331664,TRUE,FALSE
chr2_2296479,ambiguous,chr2,2296479,MYT1L,1789113,2331664,TRUE,FALSE
chr2_2296635,ambiguous,chr2,2296635,MYT1L,1789113,2331664,TRUE,FALSE
chr2_2296667,ambiguous,chr2,2296667,MYT1L,1789113,2331664,TRUE,FALSE
chr2_2296702,ambiguous,chr2,2296702,MYT1L,1789113,2331664,TRUE,FALSE
chr2_2296771,ambiguous,chr2,2296771,MYT1L,1789113,2331664,TRUE,FALSE
chr2_2296799,ambiguous,chr2,2296799,MYT1L,1789113,2331664,TRUE,FALSE
chr2_2296850,ambiguous,chr2,2296850,MYT1L,1789113,2331664,TRUE,FALSE
chr2_2297010,ambiguous,chr2,2297010,MYT1L,1789113,2331664,TRUE,FALSE
chr2_2297147,ambiguous,chr2,2297147,MYT1L,1789113,2331664,TRUE,FALSE
chr2_2297155,constitutive,chr2,2297155,MYT1L,1789113,2331664,TRUE,FALSE
chr2_2297182,ambiguous,chr2,2297182,MYT1L,1789113,2331664,TRUE,FALSE
chr2_2297187,constitutive,chr2,2297187,MYT1L,1789113,2331664,TRUE,FALSE
chr2_2297190,constitutive,chr2,2297190,MYT1L,1789113,2331664,TRUE,FALSE
chr2_2297228,ambiguous,chr2,2297228,MYT1L,1789113,2331664,TRUE,FALSE
chr2_2297237,ambiguous,chr2,2297237,MYT1L,1789113,2331664,TRUE,FALSE
chr2_2297353,ambiguous,chr2,2297353,MYT1L,1789113,2331664,TRUE,FALSE
chr2_2297387,constitutive,chr2,2297387,MYT1L,1789113,2331664,TRUE,FALSE
chr2_2297523,ambiguous,chr2,2297523,MYT1L,1789113,2331664,TRUE,FALSE
chr2_2297618,ambiguous,chr2,2297618,MYT1L,1789113,2331664,TRUE,FALSE
chr2_2297797,ambiguous,chr2,2297797,MYT1L,1789113,2331664,TRUE,FALSE
chr2_2297930,ambiguous,chr2,2297930,MYT1L,1789113,2331664,TRUE,FALSE
chr2_2297936,ambiguous,chr2,2297936,MYT1L,1789113,2331664,TRUE,FALSE
chr2_2297956,ambiguous,chr2,2297956,MYT1L,1789113,2331664,TRUE,FALSE
chr2_2298234,ambiguous,chr2,2298234,MYT1L,1789113,2331664,TRUE,FALSE
chr2_2298361,ambiguous,chr2,2298361,MYT1L,1789113,2331664,TRUE,FALSE
chr2_2298554,constitutive,chr2,2298554,MYT1L,1789113,2331664,TRUE,FALSE
chr2_2298732,ambiguous,chr2,2298732,MYT1L,1789113,2331664,TRUE,FALSE
chr2_2298743,ambiguous,chr2,2298743,MYT1L,1789113,2331664,TRUE,FALSE
chr2_2298787,ambiguous,chr2,2298787,MYT1L,1789113,2331664,TRUE,FALSE
chr2_2298792,Ecto_specific,chr2,2298792,MYT1L,1789113,2331664,TRUE,FALSE
chr2_2298827,ambiguous,chr2,2298827,MYT1L,1789113,2331664,TRUE,FALSE
chr2_2298884,ambiguous,chr2,2298884,MYT1L,1789113,2331664,TRUE,FALSE
chr2_2298915,constitutive,chr2,2298915,MYT1L,1789113,2331664,TRUE,FALSE
chr2_2298921,ambiguous,chr2,2298921,MYT1L,1789113,2331664,TRUE,FALSE
chr2_2298997,ambiguous,chr2,2298997,MYT1L,1789113,2331664,TRUE,FALSE
chr2_2299073,ambiguous,chr2,2299073,MYT1L,1789113,2331664,TRUE,FALSE
chr2_2299098,constitutive,chr2,2299098,MYT1L,1789113,2331664,TRUE,FALSE
chr2_2299131,ambiguous,chr2,2299131,MYT1L,1789113,2331664,TRUE,FALSE
chr2_2299141,ambiguous,chr2,2299141,MYT1L,1789113,2331664,TRUE,FALSE
chr2_2299324,ambiguous,chr2,2299324,MYT1L,1789113,2331664,TRUE,FALSE
chr2_2299338,constitutive,chr2,2299338,MYT1L,1789113,2331664,TRUE,FALSE
chr2_2299389,ambiguous,chr2,2299389,MYT1L,1789113,2331664,TRUE,FALSE
chr2_2299415,ambiguous,chr2,2299415,MYT1L,1789113,2331664,TRUE,FALSE
chr2_2299483,constitutive,chr2,2299483,MYT1L,1789113,2331664,TRUE,FALSE
chr2_2299610,ambiguous,chr2,2299610,MYT1L,1789113,2331664,TRUE,FALSE
chr2_2299677,ambiguous,chr2,2299677,MYT1L,1789113,2331664,TRUE,FALSE
chr2_2299891,ambiguous,chr2,2299891,MYT1L,1789113,2331664,TRUE,FALSE
chr2_2300016,ambiguous,chr2,2300016,MYT1L,1789113,2331664,TRUE,FALSE
chr2_2300303,constitutive,chr2,2300303,MYT1L,1789113,2331664,TRUE,FALSE
chr2_2300476,ambiguous,chr2,2300476,MYT1L,1789113,2331664,TRUE,FALSE
chr2_2300616,ambiguous,chr2,2300616,MYT1L,1789113,2331664,TRUE,FALSE
chr2_2300661,ambiguous,chr2,2300661,MYT1L,1789113,2331664,TRUE,FALSE
chr2_2300713,ambiguous,chr2,2300713,MYT1L,1789113,2331664,TRUE,FALSE
chr2_2300727,ambiguous,chr2,2300727,MYT1L,1789113,2331664,TRUE,FALSE
chr2_2300729,ambiguous,chr2,2300729,MYT1L,1789113,2331664,TRUE,FALSE
chr2_2300742,ambiguous,chr2,2300742,MYT1L,1789113,2331664,TRUE,FALSE
chr2_2300796,ambiguous,chr2,2300796,MYT1L,1789113,2331664,TRUE,FALSE
chr2_2300866,ambiguous,chr2,2300866,MYT1L,1789113,2331664,TRUE,FALSE
chr2_2301031,ambiguous,chr2,2301031,MYT1L,1789113,2331664,TRUE,FALSE
chr2_2301101,ambiguous,chr2,2301101,MYT1L,1789113,2331664,TRUE,FALSE
chr2_2301144,constitutive,chr2,2301144,MYT1L,1789113,2331664,TRUE,FALSE
chr2_2301149,constitutive,chr2,2301149,MYT1L,1789113,2331664,TRUE,FALSE
chr2_2301174,ambiguous,chr2,2301174,MYT1L,1789113,2331664,TRUE,FALSE
chr2_2301365,ambiguous,chr2,2301365,MYT1L,1789113,2331664,TRUE,FALSE
chr2_2301462,ambiguous,chr2,2301462,MYT1L,1789113,2331664,TRUE,FALSE
chr2_2301626,ambiguous,chr2,2301626,MYT1L,1789113,2331664,TRUE,FALSE
chr2_2302347,Ecto_specific,chr2,2302347,MYT1L,1789113,2331664,TRUE,FALSE
chr2_2302372,ambiguous,chr2,2302372,MYT1L,1789113,2331664,TRUE,FALSE
chr2_2302618,ambiguous,chr2,2302618,MYT1L,1789113,2331664,TRUE,FALSE
chr2_2302646,ambiguous,chr2,2302646,MYT1L,1789113,2331664,TRUE,FALSE
chr2_2302664,ambiguous,chr2,2302664,MYT1L,1789113,2331664,TRUE,FALSE
chr2_2302777,ambiguous,chr2,2302777,MYT1L,1789113,2331664,TRUE,FALSE
chr2_2302805,constitutive,chr2,2302805,MYT1L,1789113,2331664,TRUE,FALSE
chr2_2303159,constitutive,chr2,2303159,MYT1L,1789113,2331664,TRUE,FALSE
chr2_2303237,constitutive,chr2,2303237,MYT1L,1789113,2331664,TRUE,FALSE
chr2_2303242,constitutive,chr2,2303242,MYT1L,1789113,2331664,TRUE,FALSE
chr2_2303260,constitutive,chr2,2303260,MYT1L,1789113,2331664,TRUE,FALSE
chr2_2303270,constitutive,chr2,2303270,MYT1L,1789113,2331664,TRUE,FALSE
chr2_2303279,constitutive,chr2,2303279,MYT1L,1789113,2331664,TRUE,FALSE
chr2_2303287,constitutive,chr2,2303287,MYT1L,1789113,2331664,TRUE,FALSE
chr2_2303292,constitutive,chr2,2303292,MYT1L,1789113,2331664,TRUE,FALSE
chr2_2303315,constitutive,chr2,2303315,MYT1L,1789113,2331664,TRUE,FALSE
chr2_2303317,constitutive,chr2,2303317,MYT1L,1789113,2331664,TRUE,FALSE
chr2_2303595,ambiguous,chr2,2303595,MYT1L,1789113,2331664,TRUE,FALSE
chr2_2303599,ambiguous,chr2,2303599,MYT1L,1789113,2331664,TRUE,FALSE
chr2_2303662,ambiguous,chr2,2303662,MYT1L,1789113,2331664,TRUE,FALSE
chr2_2303705,ambiguous,chr2,2303705,MYT1L,1789113,2331664,TRUE,FALSE
chr2_2303731,ambiguous,chr2,2303731,MYT1L,1789113,2331664,TRUE,FALSE
chr2_2303841,ambiguous,chr2,2303841,MYT1L,1789113,2331664,TRUE,FALSE
chr2_2303843,ambiguous,chr2,2303843,MYT1L,1789113,2331664,TRUE,FALSE
chr2_2303867,constitutive,chr2,2303867,MYT1L,1789113,2331664,TRUE,FALSE
chr2_2303896,ambiguous,chr2,2303896,MYT1L,1789113,2331664,TRUE,FALSE
chr2_2303905,ambiguous,chr2,2303905,MYT1L,1789113,2331664,TRUE,FALSE
chr2_2303913,ambiguous,chr2,2303913,MYT1L,1789113,2331664,TRUE,FALSE
chr2_2303949,ambiguous,chr2,2303949,MYT1L,1789113,2331664,TRUE,FALSE
chr2_2304095,ambiguous,chr2,2304095,MYT1L,1789113,2331664,TRUE,FALSE
chr2_2304155,ambiguous,chr2,2304155,MYT1L,1789113,2331664,TRUE,FALSE
chr2_2304210,ambiguous,chr2,2304210,MYT1L,1789113,2331664,TRUE,FALSE
chr2_2304286,ambiguous,chr2,2304286,MYT1L,1789113,2331664,TRUE,FALSE
chr2_2304433,ambiguous,chr2,2304433,MYT1L,1789113,2331664,TRUE,FALSE
chr2_2304863,ambiguous,chr2,2304863,MYT1L,1789113,2331664,TRUE,FALSE
chr2_2305744,ME,chr2,2305744,MYT1L,1789113,2331664,TRUE,FALSE
chr2_2305927,ambiguous,chr2,2305927,MYT1L,1789113,2331664,TRUE,FALSE
chr2_2305973,ambiguous,chr2,2305973,MYT1L,1789113,2331664,TRUE,FALSE
chr2_2306096,ambiguous,chr2,2306096,MYT1L,1789113,2331664,TRUE,FALSE
chr2_2306436,ambiguous,chr2,2306436,MYT1L,1789113,2331664,TRUE,FALSE
chr2_2306492,ambiguous,chr2,2306492,MYT1L,1789113,2331664,TRUE,FALSE
chr2_2306583,ambiguous,chr2,2306583,MYT1L,1789113,2331664,TRUE,FALSE
chr2_2307083,ambiguous,chr2,2307083,MYT1L,1789113,2331664,TRUE,FALSE
chr2_2307122,ambiguous,chr2,2307122,MYT1L,1789113,2331664,TRUE,FALSE
chr2_2307181,ambiguous,chr2,2307181,MYT1L,1789113,2331664,TRUE,FALSE
chr2_2307268,ambiguous,chr2,2307268,MYT1L,1789113,2331664,TRUE,FALSE
chr2_2307355,ambiguous,chr2,2307355,MYT1L,1789113,2331664,TRUE,FALSE
chr2_2307597,ambiguous,chr2,2307597,MYT1L,1789113,2331664,TRUE,FALSE
chr2_2307626,Ecto_specific,chr2,2307626,MYT1L,1789113,2331664,TRUE,FALSE
chr2_2308003,ambiguous,chr2,2308003,MYT1L,1789113,2331664,TRUE,FALSE
chr2_2308121,constitutive,chr2,2308121,MYT1L,1789113,2331664,TRUE,FALSE
chr2_2308232,constitutive,chr2,2308232,MYT1L,1789113,2331664,TRUE,FALSE
chr2_2308237,constitutive,chr2,2308237,MYT1L,1789113,2331664,TRUE,FALSE
chr2_2308306,ambiguous,chr2,2308306,MYT1L,1789113,2331664,TRUE,FALSE
chr2_2308626,constitutive,chr2,2308626,MYT1L,1789113,2331664,TRUE,FALSE
chr2_2308848,ambiguous,chr2,2308848,MYT1L,1789113,2331664,TRUE,FALSE
chr2_2309816,constitutive,chr2,2309816,MYT1L,1789113,2331664,TRUE,FALSE
chr2_2310597,ambiguous,chr2,2310597,MYT1L,1789113,2331664,TRUE,FALSE
chr2_2310799,ambiguous,chr2,2310799,MYT1L,1789113,2331664,TRUE,FALSE
chr2_2310803,ambiguous,chr2,2310803,MYT1L,1789113,2331664,TRUE,FALSE
chr2_2311112,ambiguous,chr2,2311112,MYT1L,1789113,2331664,TRUE,FALSE
chr2_2311256,ambiguous,chr2,2311256,MYT1L,1789113,2331664,TRUE,FALSE
chr2_2311521,ambiguous,chr2,2311521,MYT1L,1789113,2331664,TRUE,FALSE
chr2_2311565,ambiguous,chr2,2311565,MYT1L,1789113,2331664,TRUE,FALSE
chr2_2311597,ambiguous,chr2,2311597,MYT1L,1789113,2331664,TRUE,FALSE
chr2_2311636,ambiguous,chr2,2311636,MYT1L,1789113,2331664,TRUE,FALSE
chr2_2311754,ambiguous,chr2,2311754,MYT1L,1789113,2331664,TRUE,FALSE
chr2_2311765,ambiguous,chr2,2311765,MYT1L,1789113,2331664,TRUE,FALSE
chr2_2311798,constitutive,chr2,2311798,MYT1L,1789113,2331664,TRUE,FALSE
chr2_2312132,ambiguous,chr2,2312132,MYT1L,1789113,2331664,TRUE,FALSE
chr2_2312184,constitutive,chr2,2312184,MYT1L,1789113,2331664,TRUE,FALSE
chr2_2312535,ambiguous,chr2,2312535,MYT1L,1789113,2331664,TRUE,FALSE
chr2_2312739,ME,chr2,2312739,MYT1L,1789113,2331664,TRUE,FALSE
chr2_2313118,ambiguous,chr2,2313118,MYT1L,1789113,2331664,TRUE,FALSE
chr2_2313299,ambiguous,chr2,2313299,MYT1L,1789113,2331664,TRUE,FALSE
chr2_2313336,ambiguous,chr2,2313336,MYT1L,1789113,2331664,TRUE,FALSE
chr2_2313852,ambiguous,chr2,2313852,MYT1L,1789113,2331664,TRUE,FALSE
chr2_2313861,ambiguous,chr2,2313861,MYT1L,1789113,2331664,TRUE,FALSE
chr2_2313874,constitutive,chr2,2313874,MYT1L,1789113,2331664,TRUE,FALSE
chr2_2314069,ambiguous,chr2,2314069,MYT1L,1789113,2331664,TRUE,FALSE
chr2_2315319,constitutive,chr2,2315319,MYT1L,1789113,2331664,TRUE,FALSE
chr2_2316104,constitutive,chr2,2316104,MYT1L,1789113,2331664,TRUE,FALSE
chr2_2316127,ambiguous,chr2,2316127,MYT1L,1789113,2331664,TRUE,FALSE
chr2_2316220,ambiguous,chr2,2316220,MYT1L,1789113,2331664,TRUE,FALSE
chr2_2316282,ambiguous,chr2,2316282,MYT1L,1789113,2331664,TRUE,FALSE
chr2_2316321,ambiguous,chr2,2316321,MYT1L,1789113,2331664,TRUE,FALSE
chr2_2316540,ambiguous,chr2,2316540,MYT1L,1789113,2331664,TRUE,FALSE
chr2_2316584,ambiguous,chr2,2316584,MYT1L,1789113,2331664,TRUE,FALSE
chr2_2316618,ambiguous,chr2,2316618,MYT1L,1789113,2331664,TRUE,FALSE
chr2_2316623,ambiguous,chr2,2316623,MYT1L,1789113,2331664,TRUE,FALSE
chr2_2316627,ambiguous,chr2,2316627,MYT1L,1789113,2331664,TRUE,FALSE
chr2_2316762,ambiguous,chr2,2316762,MYT1L,1789113,2331664,TRUE,FALSE
chr2_2316828,ambiguous,chr2,2316828,MYT1L,1789113,2331664,TRUE,FALSE
chr2_2316841,constitutive,chr2,2316841,MYT1L,1789113,2331664,TRUE,FALSE
chr2_2316852,ambiguous,chr2,2316852,MYT1L,1789113,2331664,TRUE,FALSE
chr2_2316871,ambiguous,chr2,2316871,MYT1L,1789113,2331664,TRUE,FALSE
chr2_2316879,ambiguous,chr2,2316879,MYT1L,1789113,2331664,TRUE,FALSE
chr2_2316896,ambiguous,chr2,2316896,MYT1L,1789113,2331664,TRUE,FALSE
chr2_2317007,ambiguous,chr2,2317007,MYT1L,1789113,2331664,TRUE,FALSE
chr2_2317018,constitutive,chr2,2317018,MYT1L,1789113,2331664,TRUE,FALSE
chr2_2317052,ambiguous,chr2,2317052,MYT1L,1789113,2331664,TRUE,FALSE
chr2_2317059,Ecto_specific,chr2,2317059,MYT1L,1789113,2331664,TRUE,FALSE
chr2_2317098,constitutive,chr2,2317098,MYT1L,1789113,2331664,TRUE,FALSE
chr2_2317112,constitutive,chr2,2317112,MYT1L,1789113,2331664,TRUE,FALSE
chr2_2317169,ambiguous,chr2,2317169,MYT1L,1789113,2331664,TRUE,FALSE
chr2_2317303,ambiguous,chr2,2317303,MYT1L,1789113,2331664,TRUE,FALSE
chr2_2317306,constitutive,chr2,2317306,MYT1L,1789113,2331664,TRUE,FALSE
chr2_2317389,constitutive,chr2,2317389,MYT1L,1789113,2331664,TRUE,FALSE
chr2_2317440,ambiguous,chr2,2317440,MYT1L,1789113,2331664,TRUE,FALSE
chr2_2317481,ambiguous,chr2,2317481,MYT1L,1789113,2331664,TRUE,FALSE
chr2_2317849,ambiguous,chr2,2317849,MYT1L,1789113,2331664,TRUE,FALSE
chr2_2317980,ambiguous,chr2,2317980,MYT1L,1789113,2331664,TRUE,FALSE
chr2_2318000,ambiguous,chr2,2318000,MYT1L,1789113,2331664,TRUE,FALSE
chr2_2318016,ambiguous,chr2,2318016,MYT1L,1789113,2331664,TRUE,FALSE
chr2_2318044,ambiguous,chr2,2318044,MYT1L,1789113,2331664,TRUE,FALSE
chr2_2318713,ambiguous,chr2,2318713,MYT1L,1789113,2331664,TRUE,FALSE
chr2_2319101,ambiguous,chr2,2319101,MYT1L,1789113,2331664,TRUE,FALSE
chr2_2319402,ambiguous,chr2,2319402,MYT1L,1789113,2331664,TRUE,FALSE
chr2_2319437,ambiguous,chr2,2319437,MYT1L,1789113,2331664,TRUE,FALSE
chr2_2319536,ambiguous,chr2,2319536,MYT1L,1789113,2331664,TRUE,FALSE
chr2_2319541,constitutive,chr2,2319541,MYT1L,1789113,2331664,TRUE,FALSE
chr2_2319953,ambiguous,chr2,2319953,MYT1L,1789113,2331664,TRUE,FALSE
chr2_2320223,ambiguous,chr2,2320223,MYT1L,1789113,2331664,TRUE,FALSE
chr2_2320607,ambiguous,chr2,2320607,MYT1L,1789113,2331664,TRUE,FALSE
chr2_2320889,ambiguous,chr2,2320889,MYT1L,1789113,2331664,TRUE,FALSE
chr2_2320914,ambiguous,chr2,2320914,MYT1L,1789113,2331664,TRUE,FALSE
chr2_2320923,ambiguous,chr2,2320923,MYT1L,1789113,2331664,TRUE,FALSE
chr2_2320970,ambiguous,chr2,2320970,MYT1L,1789113,2331664,TRUE,FALSE
chr2_2321270,ambiguous,chr2,2321270,MYT1L,1789113,2331664,TRUE,FALSE
chr2_2321279,constitutive,chr2,2321279,MYT1L,1789113,2331664,TRUE,FALSE
chr2_2321292,constitutive,chr2,2321292,MYT1L,1789113,2331664,TRUE,FALSE
chr2_2321331,ambiguous,chr2,2321331,MYT1L,1789113,2331664,TRUE,FALSE
chr2_2321367,ambiguous,chr2,2321367,MYT1L,1789113,2331664,TRUE,FALSE
chr2_2321408,ambiguous,chr2,2321408,MYT1L,1789113,2331664,TRUE,FALSE
chr2_2321488,ambiguous,chr2,2321488,MYT1L,1789113,2331664,TRUE,FALSE
chr2_2321571,ambiguous,chr2,2321571,MYT1L,1789113,2331664,TRUE,FALSE
chr2_2321635,ambiguous,chr2,2321635,MYT1L,1789113,2331664,TRUE,FALSE
chr2_2321803,ambiguous,chr2,2321803,MYT1L,1789113,2331664,TRUE,FALSE
chr2_2322038,ambiguous,chr2,2322038,MYT1L,1789113,2331664,TRUE,FALSE
chr2_2322221,ambiguous,chr2,2322221,MYT1L,1789113,2331664,TRUE,FALSE
chr2_2322254,ambiguous,chr2,2322254,MYT1L,1789113,2331664,TRUE,FALSE
chr2_2322500,ambiguous,chr2,2322500,MYT1L,1789113,2331664,TRUE,FALSE
chr2_2322535,constitutive,chr2,2322535,MYT1L,1789113,2331664,TRUE,FALSE
chr2_2322547,constitutive,chr2,2322547,MYT1L,1789113,2331664,TRUE,FALSE
chr2_2322549,constitutive,chr2,2322549,MYT1L,1789113,2331664,TRUE,FALSE
chr2_2322557,ambiguous,chr2,2322557,MYT1L,1789113,2331664,TRUE,FALSE
chr2_2322655,ambiguous,chr2,2322655,MYT1L,1789113,2331664,TRUE,FALSE
chr2_2323478,ambiguous,chr2,2323478,MYT1L,1789113,2331664,TRUE,FALSE
chr2_2323920,constitutive,chr2,2323920,MYT1L,1789113,2331664,TRUE,FALSE
chr2_2323927,ambiguous,chr2,2323927,MYT1L,1789113,2331664,TRUE,FALSE
chr2_2324030,ambiguous,chr2,2324030,MYT1L,1789113,2331664,TRUE,FALSE
chr2_2324036,ambiguous,chr2,2324036,MYT1L,1789113,2331664,TRUE,FALSE
chr2_2324046,ambiguous,chr2,2324046,MYT1L,1789113,2331664,TRUE,FALSE
chr2_2324059,ambiguous,chr2,2324059,MYT1L,1789113,2331664,TRUE,FALSE
chr2_2324217,ambiguous,chr2,2324217,MYT1L,1789113,2331664,TRUE,FALSE
chr2_2324246,ambiguous,chr2,2324246,MYT1L,1789113,2331664,TRUE,FALSE
chr2_2324261,ambiguous,chr2,2324261,MYT1L,1789113,2331664,TRUE,FALSE
chr2_2324273,ambiguous,chr2,2324273,MYT1L,1789113,2331664,TRUE,FALSE
chr2_2324296,ambiguous,chr2,2324296,MYT1L,1789113,2331664,TRUE,FALSE
chr2_2324357,ambiguous,chr2,2324357,MYT1L,1789113,2331664,TRUE,FALSE
chr2_2324387,ambiguous,chr2,2324387,MYT1L,1789113,2331664,TRUE,FALSE
chr2_2324448,ambiguous,chr2,2324448,MYT1L,1789113,2331664,TRUE,FALSE
chr2_2324451,ambiguous,chr2,2324451,MYT1L,1789113,2331664,TRUE,FALSE
chr2_2324550,ambiguous,chr2,2324550,MYT1L,1789113,2331664,TRUE,FALSE
chr2_2324584,ambiguous,chr2,2324584,MYT1L,1789113,2331664,TRUE,FALSE
chr2_2324596,ambiguous,chr2,2324596,MYT1L,1789113,2331664,TRUE,FALSE
chr2_2324604,ambiguous,chr2,2324604,MYT1L,1789113,2331664,TRUE,FALSE
chr2_2324611,ambiguous,chr2,2324611,MYT1L,1789113,2331664,TRUE,FALSE
chr2_2324619,ambiguous,chr2,2324619,MYT1L,1789113,2331664,TRUE,FALSE
chr2_2324623,ambiguous,chr2,2324623,MYT1L,1789113,2331664,TRUE,FALSE
chr2_2324665,ambiguous,chr2,2324665,MYT1L,1789113,2331664,TRUE,FALSE
chr2_2324668,ambiguous,chr2,2324668,MYT1L,1789113,2331664,TRUE,FALSE
chr2_2324675,ambiguous,chr2,2324675,MYT1L,1789113,2331664,TRUE,FALSE
chr2_2324682,ambiguous,chr2,2324682,MYT1L,1789113,2331664,TRUE,FALSE
chr2_2324693,ambiguous,chr2,2324693,MYT1L,1789113,2331664,TRUE,FALSE
chr2_2324708,ambiguous,chr2,2324708,MYT1L,1789113,2331664,TRUE,FALSE
chr2_2324728,ambiguous,chr2,2324728,MYT1L,1789113,2331664,TRUE,FALSE
chr2_2324747,ambiguous,chr2,2324747,MYT1L,1789113,2331664,TRUE,FALSE
chr2_2324937,ambiguous,chr2,2324937,MYT1L,1789113,2331664,TRUE,FALSE
chr2_2325057,ambiguous,chr2,2325057,MYT1L,1789113,2331664,TRUE,FALSE
chr2_2325111,ambiguous,chr2,2325111,MYT1L,1789113,2331664,TRUE,FALSE
chr2_2325301,ambiguous,chr2,2325301,MYT1L,1789113,2331664,TRUE,FALSE
chr2_2325307,ambiguous,chr2,2325307,MYT1L,1789113,2331664,TRUE,FALSE
chr2_2325358,ambiguous,chr2,2325358,MYT1L,1789113,2331664,TRUE,FALSE
chr2_2325657,ambiguous,chr2,2325657,MYT1L,1789113,2331664,TRUE,FALSE
chr2_2325672,ambiguous,chr2,2325672,MYT1L,1789113,2331664,TRUE,FALSE
chr2_2325710,ambiguous,chr2,2325710,MYT1L,1789113,2331664,TRUE,FALSE
chr2_2325761,ambiguous,chr2,2325761,MYT1L,1789113,2331664,TRUE,FALSE
chr2_2325842,ambiguous,chr2,2325842,MYT1L,1789113,2331664,TRUE,FALSE
chr2_2325844,ambiguous,chr2,2325844,MYT1L,1789113,2331664,TRUE,FALSE
chr2_2325852,ambiguous,chr2,2325852,MYT1L,1789113,2331664,TRUE,FALSE
chr2_2326079,constitutive,chr2,2326079,MYT1L,1789113,2331664,TRUE,FALSE
chr2_2326099,ambiguous,chr2,2326099,MYT1L,1789113,2331664,TRUE,FALSE
chr2_2326116,ambiguous,chr2,2326116,MYT1L,1789113,2331664,TRUE,FALSE
chr2_2326130,ambiguous,chr2,2326130,MYT1L,1789113,2331664,TRUE,FALSE
chr2_2326134,ambiguous,chr2,2326134,MYT1L,1789113,2331664,TRUE,FALSE
chr2_2326188,ambiguous,chr2,2326188,MYT1L,1789113,2331664,TRUE,FALSE
chr2_2326192,constitutive,chr2,2326192,MYT1L,1789113,2331664,TRUE,FALSE
chr2_2326230,ambiguous,chr2,2326230,MYT1L,1789113,2331664,TRUE,FALSE
chr2_2326246,ambiguous,chr2,2326246,MYT1L,1789113,2331664,TRUE,FALSE
chr2_2326300,ambiguous,chr2,2326300,MYT1L,1789113,2331664,TRUE,FALSE
chr2_2326378,ambiguous,chr2,2326378,MYT1L,1789113,2331664,TRUE,FALSE
chr2_2326446,ambiguous,chr2,2326446,MYT1L,1789113,2331664,TRUE,FALSE
chr2_2327546,ambiguous,chr2,2327546,MYT1L,1789113,2331664,TRUE,FALSE
chr2_2328448,constitutive,chr2,2328448,MYT1L,1789113,2331664,TRUE,FALSE
chr2_2329036,constitutive,chr2,2329036,MYT1L,1789113,2331664,TRUE,FALSE
chr2_2329048,ambiguous,chr2,2329048,MYT1L,1789113,2331664,TRUE,FALSE
chr2_2329380,ambiguous,chr2,2329380,MYT1L,1789113,2331664,TRUE,FALSE
chr2_2330153,ambiguous,chr2,2330153,MYT1L,1789113,2331664,TRUE,FALSE
chr2_2330705,ambiguous,chr2,2330705,MYT1L,1789113,2331664,TRUE,FALSE
chr2_2330906,ambiguous,chr2,2330906,MYT1L,1789113,2331664,TRUE,FALSE
chr2_2330937,ambiguous,chr2,2330937,MYT1L,1789113,2331664,TRUE,FALSE
chr2_2330953,ambiguous,chr2,2330953,MYT1L,1789113,2331664,TRUE,FALSE
chr2_2330962,ambiguous,chr2,2330962,MYT1L,1789113,2331664,TRUE,FALSE
chr2_2330984,constitutive,chr2,2330984,MYT1L,1789113,2331664,TRUE,FALSE
chr2_2330994,ambiguous,chr2,2330994,MYT1L,1789113,2331664,TRUE,FALSE
chr2_2331109,ambiguous,chr2,2331109,MYT1L,1789113,2331664,TRUE,FALSE
chr2_2331213,ambiguous,chr2,2331213,MYT1L,1789113,2331664,TRUE,FALSE
chr2_2331290,ambiguous,chr2,2331290,MYT1L,1789113,2331664,TRUE,FALSE
chr2_2331294,ambiguous,chr2,2331294,MYT1L,1789113,2331664,TRUE,FALSE
chr2_2331316,ambiguous,chr2,2331316,MYT1L,1789113,2331664,TRUE,FALSE
chr2_2331318,ambiguous,chr2,2331318,MYT1L,1789113,2331664,TRUE,FALSE
chr2_2331327,ambiguous,chr2,2331327,MYT1L,1789113,2331664,TRUE,FALSE
chr2_2331373,ambiguous,chr2,2331373,MYT1L,1789113,2331664,TRUE,FALSE
chr2_2331441,ambiguous,chr2,2331441,MYT1L,1789113,2331664,TRUE,FALSE
chr2_2331594,ambiguous,chr2,2331594,MYT1L,1789113,2331664,TRUE,FALSE
chr2_2331793,ambiguous,chr2,2331793,MYT1L,1789113,2331664,FALSE,FALSE
chr2_2331909,ambiguous,chr2,2331909,MYT1L,1789113,2331664,FALSE,FALSE
chr2_2331948,ambiguous,chr2,2331948,MYT1L,1789113,2331664,FALSE,FALSE
chr2_2331955,ambiguous,chr2,2331955,MYT1L,1789113,2331664,FALSE,FALSE
chr2_2331989,ambiguous,chr2,2331989,MYT1L,1789113,2331664,FALSE,FALSE
chr2_2331991,ambiguous,chr2,2331991,MYT1L,1789113,2331664,FALSE,FALSE
chr2_2331997,ambiguous,chr2,2331997,MYT1L,1789113,2331664,FALSE,FALSE
chr2_2332031,ambiguous,chr2,2332031,MYT1L,1789113,2331664,FALSE,FALSE
chr2_2332137,ambiguous,chr2,2332137,MYT1L,1789113,2331664,FALSE,FALSE
chr2_2332302,ambiguous,chr2,2332302,MYT1L,1789113,2331664,FALSE,FALSE
chr2_2332312,ambiguous,chr2,2332312,MYT1L,1789113,2331664,FALSE,FALSE
chr2_2332321,ambiguous,chr2,2332321,MYT1L,1789113,2331664,FALSE,FALSE
chr2_2332323,ambiguous,chr2,2332323,MYT1L,1789113,2331664,FALSE,FALSE
chr2_2332333,ambiguous,chr2,2332333,MYT1L,1789113,2331664,FALSE,FALSE
chr2_2332455,ambiguous,chr2,2332455,MYT1L,1789113,2331664,FALSE,FALSE
chr2_2332574,ambiguous,chr2,2332574,MYT1L,1789113,2331664,FALSE,FALSE
chr2_2332585,ambiguous,chr2,2332585,MYT1L,1789113,2331664,FALSE,FALSE
chr2_2332656,ambiguous,chr2,2332656,MYT1L,1789113,2331664,FALSE,FALSE
chr2_2332746,ambiguous,chr2,2332746,MYT1L,1789113,2331664,FALSE,FALSE
chr2_2332850,ambiguous,chr2,2332850,MYT1L,1789113,2331664,FALSE,FALSE
chr2_2332929,Ecto_specific,chr2,2332929,MYT1L,1789113,2331664,FALSE,FALSE
chr2_2333108,ambiguous,chr2,2333108,MYT1L,1789113,2331664,FALSE,FALSE
chr2_2333170,ambiguous,chr2,2333170,MYT1L,1789113,2331664,FALSE,FALSE
chr2_2333194,ambiguous,chr2,2333194,MYT1L,1789113,2331664,FALSE,FALSE
chr2_2333199,ambiguous,chr2,2333199,MYT1L,1789113,2331664,FALSE,FALSE
chr2_2333201,constitutive,chr2,2333201,MYT1L,1789113,2331664,FALSE,FALSE
chr2_2333272,ambiguous,chr2,2333272,MYT1L,1789113,2331664,FALSE,FALSE
chr2_2333284,ambiguous,chr2,2333284,MYT1L,1789113,2331664,FALSE,FALSE
chr2_2333321,ambiguous,chr2,2333321,MYT1L,1789113,2331664,FALSE,FALSE
chr2_2333361,ambiguous,chr2,2333361,MYT1L,1789113,2331664,FALSE,FALSE
chr2_2333364,constitutive,chr2,2333364,MYT1L,1789113,2331664,FALSE,FALSE
chr2_2333447,ambiguous,chr2,2333447,MYT1L,1789113,2331664,FALSE,FALSE
chr2_2333455,ambiguous,chr2,2333455,MYT1L,1789113,2331664,FALSE,FALSE
chr2_2333471,ambiguous,chr2,2333471,MYT1L,1789113,2331664,FALSE,FALSE
chr2_2333483,constitutive,chr2,2333483,MYT1L,1789113,2331664,FALSE,FALSE
chr2_2333594,ambiguous,chr2,2333594,MYT1L,1789113,2331664,FALSE,FALSE
chr2_2333602,Ecto_specific,chr2,2333602,MYT1L,1789113,2331664,FALSE,FALSE
chr2_2333645,ambiguous,chr2,2333645,MYT1L,1789113,2331664,FALSE,FALSE
chr2_2333987,ambiguous,chr2,2333987,MYT1L,1789113,2331664,FALSE,FALSE
chr2_2334136,ambiguous,chr2,2334136,MYT1L,1789113,2331664,FALSE,FALSE
chr2_2334180,constitutive,chr2,2334180,MYT1L,1789113,2331664,FALSE,FALSE
chr2_2334210,ambiguous,chr2,2334210,MYT1L,1789113,2331664,FALSE,FALSE
chr2_2334417,ambiguous,chr2,2334417,MYT1L,1789113,2331664,FALSE,FALSE
chr2_2334512,constitutive,chr2,2334512,MYT1L,1789113,2331664,FALSE,FALSE
chr2_2334521,constitutive,chr2,2334521,MYT1L,1789113,2331664,FALSE,FALSE
chr2_2334949,constitutive,chr2,2334949,MYT1L,1789113,2331664,FALSE,FALSE
chr2_2334954,ambiguous,chr2,2334954,MYT1L,1789113,2331664,FALSE,FALSE
chr2_2334993,ambiguous,chr2,2334993,MYT1L,1789113,2331664,FALSE,FALSE
chr2_2335022,constitutive,chr2,2335022,MYT1L,1789113,2331664,FALSE,FALSE
chr2_2335228,constitutive,chr2,2335228,MYT1L,1789113,2331664,FALSE,FALSE
chr2_2335517,constitutive,chr2,2335517,MYT1L,1789113,2331664,FALSE,FALSE
chr2_2335568,constitutive,chr2,2335568,MYT1L,1789113,2331664,FALSE,FALSE
chr2_2335819,constitutive,chr2,2335819,MYT1L,1789113,2331664,FALSE,FALSE
chr2_2335869,constitutive,chr2,2335869,MYT1L,1789113,2331664,FALSE,FALSE
chr2_2335883,constitutive,chr2,2335883,MYT1L,1789113,2331664,FALSE,FALSE
chr2_2336005,ambiguous,chr2,2336005,MYT1L,1789113,2331664,FALSE,FALSE
chr2_2336010,ambiguous,chr2,2336010,MYT1L,1789113,2331664,FALSE,FALSE
chr2_2336225,ambiguous,chr2,2336225,MYT1L,1789113,2331664,FALSE,FALSE
chr2_2336310,ambiguous,chr2,2336310,MYT1L,1789113,2331664,FALSE,FALSE
chr7_158834290,ambiguous,chr7,158834290,DYNC2I1,158839241,158956747,FALSE,FALSE
chr7_158834335,constitutive,chr7,158834335,DYNC2I1,158839241,158956747,FALSE,FALSE
chr7_158834380,ME,chr7,158834380,DYNC2I1,158839241,158956747,FALSE,FALSE
chr7_158834436,constitutive,chr7,158834436,DYNC2I1,158839241,158956747,FALSE,FALSE
chr7_158834440,constitutive,chr7,158834440,DYNC2I1,158839241,158956747,FALSE,FALSE
chr7_158834520,constitutive,chr7,158834520,DYNC2I1,158839241,158956747,FALSE,FALSE
chr7_158834574,ambiguous,chr7,158834574,DYNC2I1,158839241,158956747,FALSE,FALSE
chr7_158834759,ambiguous,chr7,158834759,DYNC2I1,158839241,158956747,FALSE,FALSE
chr7_158834832,ambiguous,chr7,158834832,DYNC2I1,158839241,158956747,FALSE,FALSE
chr7_158834847,ambiguous,chr7,158834847,DYNC2I1,158839241,158956747,FALSE,FALSE
chr7_158834953,ambiguous,chr7,158834953,DYNC2I1,158839241,158956747,FALSE,FALSE
chr7_158835059,ambiguous,chr7,158835059,DYNC2I1,158839241,158956747,FALSE,FALSE
chr7_158835066,ambiguous,chr7,158835066,DYNC2I1,158839241,158956747,FALSE,FALSE
chr7_158835125,ambiguous,chr7,158835125,DYNC2I1,158839241,158956747,FALSE,FALSE
chr7_158835194,ambiguous,chr7,158835194,DYNC2I1,158839241,158956747,FALSE,FALSE
chr7_158835219,ambiguous,chr7,158835219,DYNC2I1,158839241,158956747,FALSE,FALSE
chr7_158835258,ambiguous,chr7,158835258,DYNC2I1,158839241,158956747,FALSE,FALSE
chr7_158835290,ambiguous,chr7,158835290,DYNC2I1,158839241,158956747,FALSE,FALSE
chr7_158835341,ambiguous,chr7,158835341,DYNC2I1,158839241,158956747,FALSE,FALSE
chr7_158835347,ambiguous,chr7,158835347,DYNC2I1,158839241,158956747,FALSE,FALSE
chr7_158835367,ambiguous,chr7,158835367,DYNC2I1,158839241,158956747,FALSE,FALSE
chr7_158835374,constitutive,chr7,158835374,DYNC2I1,158839241,158956747,FALSE,FALSE
chr7_158835376,ambiguous,chr7,158835376,DYNC2I1,158839241,158956747,FALSE,FALSE
chr7_158835488,ambiguous,chr7,158835488,DYNC2I1,158839241,158956747,FALSE,FALSE
chr7_158835525,ambiguous,chr7,158835525,DYNC2I1,158839241,158956747,FALSE,FALSE
chr7_158835730,ambiguous,chr7,158835730,DYNC2I1,158839241,158956747,FALSE,FALSE
chr7_158835765,constitutive,chr7,158835765,DYNC2I1,158839241,158956747,FALSE,FALSE
chr7_158835780,constitutive,chr7,158835780,DYNC2I1,158839241,158956747,FALSE,FALSE
chr7_158835884,constitutive,chr7,158835884,DYNC2I1,158839241,158956747,FALSE,FALSE
chr7_158835919,constitutive,chr7,158835919,DYNC2I1,158839241,158956747,FALSE,FALSE
chr7_158836113,constitutive,chr7,158836113,DYNC2I1,158839241,158956747,FALSE,FALSE
chr7_158836342,constitutive,chr7,158836342,DYNC2I1,158839241,158956747,FALSE,FALSE
chr7_158836356,constitutive,chr7,158836356,DYNC2I1,158839241,158956747,FALSE,FALSE
chr7_158836418,ambiguous,chr7,158836418,DYNC2I1,158839241,158956747,FALSE,FALSE
chr7_158836541,constitutive,chr7,158836541,DYNC2I1,158839241,158956747,FALSE,FALSE
chr7_158836689,ambiguous,chr7,158836689,DYNC2I1,158839241,158956747,FALSE,FALSE
chr7_158836812,ambiguous,chr7,158836812,DYNC2I1,158839241,158956747,FALSE,FALSE
chr7_158836917,ambiguous,chr7,158836917,DYNC2I1,158839241,158956747,FALSE,FALSE
chr7_158836942,constitutive,chr7,158836942,DYNC2I1,158839241,158956747,FALSE,FALSE
chr7_158836969,constitutive,chr7,158836969,DYNC2I1,158839241,158956747,FALSE,FALSE
chr7_158837005,constitutive,chr7,158837005,DYNC2I1,158839241,158956747,FALSE,FALSE
chr7_158837057,constitutive,chr7,158837057,DYNC2I1,158839241,158956747,FALSE,FALSE
chr7_158837070,ME,chr7,158837070,DYNC2I1,158839241,158956747,FALSE,FALSE
chr7_158837248,constitutive,chr7,158837248,DYNC2I1,158839241,158956747,FALSE,FALSE
chr7_158837287,ambiguous,chr7,158837287,DYNC2I1,158839241,158956747,FALSE,FALSE
chr7_158837418,constitutive,chr7,158837418,DYNC2I1,158839241,158956747,FALSE,FALSE
chr7_158837662,constitutive,chr7,158837662,DYNC2I1,158839241,158956747,FALSE,FALSE
chr7_158837911,constitutive,chr7,158837911,DYNC2I1,158839241,158956747,FALSE,FALSE
chr7_158837976,constitutive,chr7,158837976,DYNC2I1,158839241,158956747,FALSE,FALSE
chr7_158838116,ambiguous,chr7,158838116,DYNC2I1,158839241,158956747,FALSE,FALSE
chr7_158838151,ambiguous,chr7,158838151,DYNC2I1,158839241,158956747,FALSE,FALSE
chr7_158838195,ambiguous,chr7,158838195,DYNC2I1,158839241,158956747,FALSE,FALSE
chr7_158838503,ambiguous,chr7,158838503,DYNC2I1,158839241,158956747,FALSE,FALSE
chr7_158839411,ambiguous,chr7,158839411,DYNC2I1,158839241,158956747,TRUE,FALSE
chr7_158839456,ambiguous,chr7,158839456,DYNC2I1,158839241,158956747,TRUE,FALSE
chr7_158839547,ambiguous,chr7,158839547,DYNC2I1,158839241,158956747,TRUE,FALSE
chr7_158839557,ambiguous,chr7,158839557,DYNC2I1,158839241,158956747,TRUE,FALSE
chr7_158839585,ambiguous,chr7,158839585,DYNC2I1,158839241,158956747,TRUE,FALSE
chr7_158839590,ME,chr7,158839590,DYNC2I1,158839241,158956747,TRUE,FALSE
chr7_158839601,ambiguous,chr7,158839601,DYNC2I1,158839241,158956747,TRUE,FALSE
chr7_158839615,ambiguous,chr7,158839615,DYNC2I1,158839241,158956747,TRUE,FALSE
chr7_158839635,ambiguous,chr7,158839635,DYNC2I1,158839241,158956747,TRUE,FALSE
chr7_158839646,ambiguous,chr7,158839646,DYNC2I1,158839241,158956747,TRUE,FALSE
chr7_158839680,constitutive,chr7,158839680,DYNC2I1,158839241,158956747,TRUE,FALSE
chr7_158839688,constitutive,chr7,158839688,DYNC2I1,158839241,158956747,TRUE,FALSE
chr7_158839692,constitutive,chr7,158839692,DYNC2I1,158839241,158956747,TRUE,FALSE
chr7_158839712,ambiguous,chr7,158839712,DYNC2I1,158839241,158956747,TRUE,FALSE
chr7_158839736,ambiguous,chr7,158839736,DYNC2I1,158839241,158956747,TRUE,FALSE
chr7_158839744,constitutive,chr7,158839744,DYNC2I1,158839241,158956747,TRUE,FALSE
chr7_158839751,constitutive,chr7,158839751,DYNC2I1,158839241,158956747,TRUE,FALSE
chr7_158839814,constitutive,chr7,158839814,DYNC2I1,158839241,158956747,TRUE,FALSE
chr7_158839844,constitutive,chr7,158839844,DYNC2I1,158839241,158956747,TRUE,FALSE
chr7_158839894,constitutive,chr7,158839894,DYNC2I1,158839241,158956747,TRUE,FALSE
chr7_158839896,constitutive,chr7,158839896,DYNC2I1,158839241,158956747,TRUE,FALSE
chr7_158840019,constitutive,chr7,158840019,DYNC2I1,158839241,158956747,TRUE,FALSE
chr7_158840173,constitutive,chr7,158840173,DYNC2I1,158839241,158956747,TRUE,FALSE
chr7_158840211,constitutive,chr7,158840211,DYNC2I1,158839241,158956747,TRUE,FALSE
chr7_158840222,ambiguous,chr7,158840222,DYNC2I1,158839241,158956747,TRUE,FALSE
chr7_158840288,constitutive,chr7,158840288,DYNC2I1,158839241,158956747,TRUE,FALSE
chr7_158840346,constitutive,chr7,158840346,DYNC2I1,158839241,158956747,TRUE,FALSE
chr7_158840349,constitutive,chr7,158840349,DYNC2I1,158839241,158956747,TRUE,FALSE
chr7_158840355,constitutive,chr7,158840355,DYNC2I1,158839241,158956747,TRUE,FALSE
chr7_158840498,constitutive,chr7,158840498,DYNC2I1,158839241,158956747,TRUE,FALSE
chr7_158840608,ambiguous,chr7,158840608,DYNC2I1,158839241,158956747,TRUE,FALSE
chr7_158840699,ambiguous,chr7,158840699,DYNC2I1,158839241,158956747,TRUE,FALSE
chr7_158840779,ambiguous,chr7,158840779,DYNC2I1,158839241,158956747,TRUE,FALSE
chr7_158840816,ambiguous,chr7,158840816,DYNC2I1,158839241,158956747,TRUE,FALSE
chr7_158840838,ambiguous,chr7,158840838,DYNC2I1,158839241,158956747,TRUE,FALSE
chr7_158840858,ambiguous,chr7,158840858,DYNC2I1,158839241,158956747,TRUE,FALSE
chr7_158840877,ambiguous,chr7,158840877,DYNC2I1,158839241,158956747,TRUE,FALSE
chr7_158840914,ambiguous,chr7,158840914,DYNC2I1,158839241,158956747,TRUE,FALSE
chr7_158841299,ambiguous,chr7,158841299,DYNC2I1,158839241,158956747,TRUE,FALSE
chr7_158841401,ambiguous,chr7,158841401,DYNC2I1,158839241,158956747,TRUE,FALSE
chr7_158841412,ambiguous,chr7,158841412,DYNC2I1,158839241,158956747,TRUE,FALSE
chr7_158841455,constitutive,chr7,158841455,DYNC2I1,158839241,158956747,TRUE,FALSE
chr7_158841492,constitutive,chr7,158841492,DYNC2I1,158839241,158956747,TRUE,FALSE
chr7_158841508,ambiguous,chr7,158841508,DYNC2I1,158839241,158956747,TRUE,FALSE
chr7_158841747,constitutive,chr7,158841747,DYNC2I1,158839241,158956747,TRUE,FALSE
chr7_158841750,constitutive,chr7,158841750,DYNC2I1,158839241,158956747,TRUE,FALSE
chr7_158841771,constitutive,chr7,158841771,DYNC2I1,158839241,158956747,TRUE,FALSE
chr7_158841818,constitutive,chr7,158841818,DYNC2I1,158839241,158956747,TRUE,FALSE
chr7_158841835,constitutive,chr7,158841835,DYNC2I1,158839241,158956747,TRUE,FALSE
chr7_158841936,constitutive,chr7,158841936,DYNC2I1,158839241,158956747,TRUE,FALSE
chr7_158841954,constitutive,chr7,158841954,DYNC2I1,158839241,158956747,TRUE,FALSE
chr7_158841985,constitutive,chr7,158841985,DYNC2I1,158839241,158956747,TRUE,FALSE
chr7_158841988,constitutive,chr7,158841988,DYNC2I1,158839241,158956747,TRUE,FALSE
chr7_158842051,ambiguous,chr7,158842051,DYNC2I1,158839241,158956747,TRUE,FALSE
chr7_158842081,constitutive,chr7,158842081,DYNC2I1,158839241,158956747,TRUE,FALSE
chr7_158842114,constitutive,chr7,158842114,DYNC2I1,158839241,158956747,TRUE,FALSE
chr7_158842131,constitutive,chr7,158842131,DYNC2I1,158839241,158956747,TRUE,FALSE
chr7_158842177,constitutive,chr7,158842177,DYNC2I1,158839241,158956747,TRUE,FALSE
chr7_158842189,constitutive,chr7,158842189,DYNC2I1,158839241,158956747,TRUE,FALSE
chr7_158842318,constitutive,chr7,158842318,DYNC2I1,158839241,158956747,TRUE,FALSE
chr7_158842398,constitutive,chr7,158842398,DYNC2I1,158839241,158956747,TRUE,FALSE
chr7_158842410,constitutive,chr7,158842410,DYNC2I1,158839241,158956747,TRUE,FALSE
chr7_158842455,constitutive,chr7,158842455,DYNC2I1,158839241,158956747,TRUE,FALSE
chr7_158842561,constitutive,chr7,158842561,DYNC2I1,158839241,158956747,TRUE,FALSE
chr7_158842641,constitutive,chr7,158842641,DYNC2I1,158839241,158956747,TRUE,FALSE
chr7_158842688,ambiguous,chr7,158842688,DYNC2I1,158839241,158956747,TRUE,FALSE
chr7_158842701,ambiguous,chr7,158842701,DYNC2I1,158839241,158956747,TRUE,FALSE
chr7_158843068,constitutive,chr7,158843068,DYNC2I1,158839241,158956747,TRUE,FALSE
chr7_158843176,constitutive,chr7,158843176,DYNC2I1,158839241,158956747,TRUE,FALSE
chr7_158843187,constitutive,chr7,158843187,DYNC2I1,158839241,158956747,TRUE,FALSE
chr7_158843255,constitutive,chr7,158843255,DYNC2I1,158839241,158956747,TRUE,FALSE
chr7_158843277,constitutive,chr7,158843277,DYNC2I1,158839241,158956747,TRUE,FALSE
chr7_158843290,constitutive,chr7,158843290,DYNC2I1,158839241,158956747,TRUE,FALSE
chr7_158843417,ambiguous,chr7,158843417,DYNC2I1,158839241,158956747,TRUE,FALSE
chr7_158843448,constitutive,chr7,158843448,DYNC2I1,158839241,158956747,TRUE,FALSE
chr7_158843479,constitutive,chr7,158843479,DYNC2I1,158839241,158956747,TRUE,FALSE
chr7_158843549,constitutive,chr7,158843549,DYNC2I1,158839241,158956747,TRUE,FALSE
chr7_158843684,ambiguous,chr7,158843684,DYNC2I1,158839241,158956747,TRUE,FALSE
chr7_158843737,ambiguous,chr7,158843737,DYNC2I1,158839241,158956747,TRUE,FALSE
chr7_158843970,ambiguous,chr7,158843970,DYNC2I1,158839241,158956747,TRUE,FALSE
chr7_158844097,ambiguous,chr7,158844097,DYNC2I1,158839241,158956747,TRUE,FALSE
chr7_158844140,ambiguous,chr7,158844140,DYNC2I1,158839241,158956747,TRUE,FALSE
chr7_158844169,ambiguous,chr7,158844169,DYNC2I1,158839241,158956747,TRUE,FALSE
chr7_158844259,ambiguous,chr7,158844259,DYNC2I1,158839241,158956747,TRUE,FALSE
chr7_158844355,ambiguous,chr7,158844355,DYNC2I1,158839241,158956747,TRUE,FALSE
chr7_158844365,ambiguous,chr7,158844365,DYNC2I1,158839241,158956747,TRUE,FALSE
chr7_158844442,constitutive,chr7,158844442,DYNC2I1,158839241,158956747,TRUE,FALSE
chr7_158844444,ambiguous,chr7,158844444,DYNC2I1,158839241,158956747,TRUE,FALSE
chr7_158844484,ambiguous,chr7,158844484,DYNC2I1,158839241,158956747,TRUE,FALSE
chr7_158844652,ambiguous,chr7,158844652,DYNC2I1,158839241,158956747,TRUE,FALSE
chr7_158844724,constitutive,chr7,158844724,DYNC2I1,158839241,158956747,TRUE,FALSE
chr7_158844746,constitutive,chr7,158844746,DYNC2I1,158839241,158956747,TRUE,FALSE
chr7_158844840,constitutive,chr7,158844840,DYNC2I1,158839241,158956747,TRUE,FALSE
chr7_158844848,constitutive,chr7,158844848,DYNC2I1,158839241,158956747,TRUE,FALSE
chr7_158844900,constitutive,chr7,158844900,DYNC2I1,158839241,158956747,TRUE,FALSE
chr7_158844931,constitutive,chr7,158844931,DYNC2I1,158839241,158956747,TRUE,FALSE
chr7_158845464,constitutive,chr7,158845464,DYNC2I1,158839241,158956747,TRUE,FALSE
chr7_158845496,constitutive,chr7,158845496,DYNC2I1,158839241,158956747,TRUE,FALSE
chr7_158845549,ambiguous,chr7,158845549,DYNC2I1,158839241,158956747,TRUE,FALSE
chr7_158845628,ambiguous,chr7,158845628,DYNC2I1,158839241,158956747,TRUE,FALSE
chr7_158845974,constitutive,chr7,158845974,DYNC2I1,158839241,158956747,TRUE,FALSE
chr7_158846027,constitutive,chr7,158846027,DYNC2I1,158839241,158956747,TRUE,FALSE
chr7_158846057,constitutive,chr7,158846057,DYNC2I1,158839241,158956747,TRUE,FALSE
chr7_158846129,constitutive,chr7,158846129,DYNC2I1,158839241,158956747,TRUE,FALSE
chr7_158846173,ME,chr7,158846173,DYNC2I1,158839241,158956747,TRUE,FALSE
chr7_158847127,constitutive,chr7,158847127,DYNC2I1,158839241,158956747,TRUE,FALSE
chr7_158848397,constitutive,chr7,158848397,DYNC2I1,158839241,158956747,TRUE,FALSE
chr7_158848525,ambiguous,chr7,158848525,DYNC2I1,158839241,158956747,TRUE,FALSE
chr7_158848652,constitutive,chr7,158848652,DYNC2I1,158839241,158956747,TRUE,FALSE
chr7_158848662,constitutive,chr7,158848662,DYNC2I1,158839241,158956747,TRUE,FALSE
chr7_158848690,ambiguous,chr7,158848690,DYNC2I1,158839241,158956747,TRUE,FALSE
chr7_158848699,constitutive,chr7,158848699,DYNC2I1,158839241,158956747,TRUE,FALSE
chr7_158848706,constitutive,chr7,158848706,DYNC2I1,158839241,158956747,TRUE,FALSE
chr7_158848720,constitutive,chr7,158848720,DYNC2I1,158839241,158956747,TRUE,FALSE
chr7_158848840,constitutive,chr7,158848840,DYNC2I1,158839241,158956747,TRUE,FALSE
chr7_158848847,constitutive,chr7,158848847,DYNC2I1,158839241,158956747,TRUE,FALSE
chr7_158848849,constitutive,chr7,158848849,DYNC2I1,158839241,158956747,TRUE,FALSE
chr7_158848879,ME,chr7,158848879,DYNC2I1,158839241,158956747,TRUE,FALSE
chr7_158848917,ambiguous,chr7,158848917,DYNC2I1,158839241,158956747,TRUE,FALSE
chr7_158849384,ambiguous,chr7,158849384,DYNC2I1,158839241,158956747,TRUE,FALSE
chr7_158849529,constitutive,chr7,158849529,DYNC2I1,158839241,158956747,TRUE,FALSE
chr7_158849621,constitutive,chr7,158849621,DYNC2I1,158839241,158956747,TRUE,FALSE
chr7_158849647,constitutive,chr7,158849647,DYNC2I1,158839241,158956747,TRUE,FALSE
chr7_158849662,ambiguous,chr7,158849662,DYNC2I1,158839241,158956747,TRUE,FALSE
chr7_158849686,constitutive,chr7,158849686,DYNC2I1,158839241,158956747,TRUE,FALSE
chr7_158850307,ambiguous,chr7,158850307,DYNC2I1,158839241,158956747,TRUE,FALSE
chr7_158850476,ambiguous,chr7,158850476,DYNC2I1,158839241,158956747,TRUE,FALSE
chr7_158850617,ambiguous,chr7,158850617,DYNC2I1,158839241,158956747,TRUE,FALSE
chr7_158850729,constitutive,chr7,158850729,DYNC2I1,158839241,158956747,TRUE,FALSE
chr7_158850922,ambiguous,chr7,158850922,DYNC2I1,158839241,158956747,TRUE,FALSE
chr7_158850950,ambiguous,chr7,158850950,DYNC2I1,158839241,158956747,TRUE,FALSE
chr7_158850963,ambiguous,chr7,158850963,DYNC2I1,158839241,158956747,TRUE,FALSE
chr7_158851353,constitutive,chr7,158851353,DYNC2I1,158839241,158956747,TRUE,FALSE
chr7_158851453,constitutive,chr7,158851453,DYNC2I1,158839241,158956747,TRUE,FALSE
chr7_158851649,ambiguous,chr7,158851649,DYNC2I1,158839241,158956747,TRUE,FALSE
chr7_158851977,ME,chr7,158851977,DYNC2I1,158839241,158956747,TRUE,FALSE
chr7_158852008,ambiguous,chr7,158852008,DYNC2I1,158839241,158956747,TRUE,FALSE
chr7_158852110,ambiguous,chr7,158852110,DYNC2I1,158839241,158956747,TRUE,FALSE
chr7_158852224,constitutive,chr7,158852224,DYNC2I1,158839241,158956747,TRUE,FALSE
chr7_158852310,ambiguous,chr7,158852310,DYNC2I1,158839241,158956747,TRUE,FALSE
chr7_158852362,constitutive,chr7,158852362,DYNC2I1,158839241,158956747,TRUE,FALSE
chr7_158852366,constitutive,chr7,158852366,DYNC2I1,158839241,158956747,TRUE,FALSE
chr7_158852409,constitutive,chr7,158852409,DYNC2I1,158839241,158956747,TRUE,FALSE
chr7_158852411,constitutive,chr7,158852411,DYNC2I1,158839241,158956747,TRUE,FALSE
chr7_158852426,constitutive,chr7,158852426,DYNC2I1,158839241,158956747,TRUE,FALSE
chr7_158852458,constitutive,chr7,158852458,DYNC2I1,158839241,158956747,TRUE,FALSE
chr7_158852478,constitutive,chr7,158852478,DYNC2I1,158839241,158956747,TRUE,FALSE
chr7_158852536,ambiguous,chr7,158852536,DYNC2I1,158839241,158956747,TRUE,FALSE
chr7_158852599,constitutive,chr7,158852599,DYNC2I1,158839241,158956747,TRUE,FALSE
chr7_158852670,constitutive,chr7,158852670,DYNC2I1,158839241,158956747,TRUE,FALSE
chr7_158852693,constitutive,chr7,158852693,DYNC2I1,158839241,158956747,TRUE,FALSE
chr7_158852695,constitutive,chr7,158852695,DYNC2I1,158839241,158956747,TRUE,FALSE
chr7_158852726,constitutive,chr7,158852726,DYNC2I1,158839241,158956747,TRUE,FALSE
chr7_158852734,constitutive,chr7,158852734,DYNC2I1,158839241,158956747,TRUE,FALSE
chr7_158853083,Ecto_specific,chr7,158853083,DYNC2I1,158839241,158956747,TRUE,FALSE
chr7_158853364,ambiguous,chr7,158853364,DYNC2I1,158839241,158956747,TRUE,FALSE
chr7_158853409,ambiguous,chr7,158853409,DYNC2I1,158839241,158956747,TRUE,FALSE
chr7_158853503,ambiguous,chr7,158853503,DYNC2I1,158839241,158956747,TRUE,FALSE
chr7_158853541,ambiguous,chr7,158853541,DYNC2I1,158839241,158956747,TRUE,FALSE
chr7_158853562,ambiguous,chr7,158853562,DYNC2I1,158839241,158956747,TRUE,FALSE
chr7_158853626,ambiguous,chr7,158853626,DYNC2I1,158839241,158956747,TRUE,FALSE
chr7_158853634,ambiguous,chr7,158853634,DYNC2I1,158839241,158956747,TRUE,FALSE
chr7_158853715,ambiguous,chr7,158853715,DYNC2I1,158839241,158956747,TRUE,FALSE
chr7_158853717,ambiguous,chr7,158853717,DYNC2I1,158839241,158956747,TRUE,FALSE
chr7_158853841,constitutive,chr7,158853841,DYNC2I1,158839241,158956747,TRUE,FALSE
chr7_158853880,constitutive,chr7,158853880,DYNC2I1,158839241,158956747,TRUE,FALSE
chr7_158854101,constitutive,chr7,158854101,DYNC2I1,158839241,158956747,TRUE,FALSE
chr7_158854171,ambiguous,chr7,158854171,DYNC2I1,158839241,158956747,TRUE,FALSE
chr7_158854547,constitutive,chr7,158854547,DYNC2I1,158839241,158956747,TRUE,FALSE
chr7_158854562,constitutive,chr7,158854562,DYNC2I1,158839241,158956747,TRUE,FALSE
chr7_158854606,constitutive,chr7,158854606,DYNC2I1,158839241,158956747,TRUE,FALSE
chr7_158854715,ambiguous,chr7,158854715,DYNC2I1,158839241,158956747,TRUE,FALSE
chr7_158854858,ambiguous,chr7,158854858,DYNC2I1,158839241,158956747,TRUE,FALSE
chr7_158854950,ambiguous,chr7,158854950,DYNC2I1,158839241,158956747,TRUE,FALSE
chr7_158854964,ambiguous,chr7,158854964,DYNC2I1,158839241,158956747,TRUE,FALSE
chr7_158855034,constitutive,chr7,158855034,DYNC2I1,158839241,158956747,TRUE,FALSE
chr7_158855039,constitutive,chr7,158855039,DYNC2I1,158839241,158956747,TRUE,FALSE
chr7_158855072,constitutive,chr7,158855072,DYNC2I1,158839241,158956747,TRUE,FALSE
chr7_158855093,constitutive,chr7,158855093,DYNC2I1,158839241,158956747,TRUE,FALSE
chr7_158855296,ambiguous,chr7,158855296,DYNC2I1,158839241,158956747,TRUE,FALSE
chr7_158855490,ambiguous,chr7,158855490,DYNC2I1,158839241,158956747,TRUE,FALSE
chr7_158855579,ambiguous,chr7,158855579,DYNC2I1,158839241,158956747,TRUE,FALSE
chr7_158855734,constitutive,chr7,158855734,DYNC2I1,158839241,158956747,TRUE,FALSE
chr7_158855780,ambiguous,chr7,158855780,DYNC2I1,158839241,158956747,TRUE,FALSE
chr7_158855812,ambiguous,chr7,158855812,DYNC2I1,158839241,158956747,TRUE,FALSE
chr7_158855838,ambiguous,chr7,158855838,DYNC2I1,158839241,158956747,TRUE,FALSE
chr7_158855880,ambiguous,chr7,158855880,DYNC2I1,158839241,158956747,TRUE,FALSE
chr7_158855972,ambiguous,chr7,158855972,DYNC2I1,158839241,158956747,TRUE,FALSE
chr7_158855980,ambiguous,chr7,158855980,DYNC2I1,158839241,158956747,TRUE,FALSE
chr7_158856002,ambiguous,chr7,158856002,DYNC2I1,158839241,158956747,TRUE,FALSE
chr7_158856011,ambiguous,chr7,158856011,DYNC2I1,158839241,158956747,TRUE,FALSE
chr7_158856027,ambiguous,chr7,158856027,DYNC2I1,158839241,158956747,TRUE,FALSE
chr7_158856042,ambiguous,chr7,158856042,DYNC2I1,158839241,158956747,TRUE,FALSE
chr7_158856066,ambiguous,chr7,158856066,DYNC2I1,158839241,158956747,TRUE,FALSE
chr7_158856086,ambiguous,chr7,158856086,DYNC2I1,158839241,158956747,TRUE,FALSE
chr7_158856098,ambiguous,chr7,158856098,DYNC2I1,158839241,158956747,TRUE,FALSE
chr7_158856136,constitutive,chr7,158856136,DYNC2I1,158839241,158956747,TRUE,FALSE
chr7_158856147,constitutive,chr7,158856147,DYNC2I1,158839241,158956747,TRUE,FALSE
chr7_158856167,constitutive,chr7,158856167,DYNC2I1,158839241,158956747,TRUE,FALSE
chr7_158856192,constitutive,chr7,158856192,DYNC2I1,158839241,158956747,TRUE,FALSE
chr7_158856198,constitutive,chr7,158856198,DYNC2I1,158839241,158956747,TRUE,FALSE
chr7_158856235,constitutive,chr7,158856235,DYNC2I1,158839241,158956747,TRUE,FALSE
chr7_158856237,constitutive,chr7,158856237,DYNC2I1,158839241,158956747,TRUE,FALSE
chr7_158856241,constitutive,chr7,158856241,DYNC2I1,158839241,158956747,TRUE,FALSE
chr7_158856251,constitutive,chr7,158856251,DYNC2I1,158839241,158956747,TRUE,FALSE
chr7_158856294,constitutive,chr7,158856294,DYNC2I1,158839241,158956747,TRUE,FALSE
chr7_158856306,constitutive,chr7,158856306,DYNC2I1,158839241,158956747,TRUE,FALSE
chr7_158856312,constitutive,chr7,158856312,DYNC2I1,158839241,158956747,TRUE,FALSE
chr7_158856322,constitutive,chr7,158856322,DYNC2I1,158839241,158956747,TRUE,FALSE
chr7_158856327,constitutive,chr7,158856327,DYNC2I1,158839241,158956747,TRUE,FALSE
chr7_158856337,constitutive,chr7,158856337,DYNC2I1,158839241,158956747,TRUE,FALSE
chr7_158856397,constitutive,chr7,158856397,DYNC2I1,158839241,158956747,TRUE,FALSE
chr7_158856401,constitutive,chr7,158856401,DYNC2I1,158839241,158956747,TRUE,FALSE
chr7_158856405,constitutive,chr7,158856405,DYNC2I1,158839241,158956747,TRUE,FALSE
chr7_158856429,constitutive,chr7,158856429,DYNC2I1,158839241,158956747,TRUE,FALSE
chr7_158856443,constitutive,chr7,158856443,DYNC2I1,158839241,158956747,TRUE,FALSE
chr7_158856451,constitutive,chr7,158856451,DYNC2I1,158839241,158956747,TRUE,FALSE
chr7_158856457,constitutive,chr7,158856457,DYNC2I1,158839241,158956747,TRUE,FALSE
chr7_158856472,constitutive,chr7,158856472,DYNC2I1,158839241,158956747,TRUE,FALSE
chr7_158856474,constitutive,chr7,158856474,DYNC2I1,158839241,158956747,TRUE,FALSE
chr7_158856480,constitutive,chr7,158856480,DYNC2I1,158839241,158956747,TRUE,FALSE
chr7_158856483,constitutive,chr7,158856483,DYNC2I1,158839241,158956747,TRUE,FALSE
chr7_158856490,constitutive,chr7,158856490,DYNC2I1,158839241,158956747,TRUE,FALSE
chr7_158856498,constitutive,chr7,158856498,DYNC2I1,158839241,158956747,TRUE,FALSE
chr7_158856546,constitutive,chr7,158856546,DYNC2I1,158839241,158956747,TRUE,FALSE
chr7_158856552,constitutive,chr7,158856552,DYNC2I1,158839241,158956747,TRUE,FALSE
chr7_158856895,constitutive,chr7,158856895,DYNC2I1,158839241,158956747,TRUE,FALSE
chr7_158856962,constitutive,chr7,158856962,DYNC2I1,158839241,158956747,TRUE,FALSE
chr7_158856965,constitutive,chr7,158856965,DYNC2I1,158839241,158956747,TRUE,FALSE
chr7_158856969,constitutive,chr7,158856969,DYNC2I1,158839241,158956747,TRUE,FALSE
chr7_158856978,constitutive,chr7,158856978,DYNC2I1,158839241,158956747,TRUE,FALSE
chr7_158857005,constitutive,chr7,158857005,DYNC2I1,158839241,158956747,TRUE,FALSE
chr7_158857008,constitutive,chr7,158857008,DYNC2I1,158839241,158956747,TRUE,FALSE
chr7_158857011,constitutive,chr7,158857011,DYNC2I1,158839241,158956747,TRUE,FALSE
chr7_158857013,constitutive,chr7,158857013,DYNC2I1,158839241,158956747,TRUE,FALSE
chr7_158857018,constitutive,chr7,158857018,DYNC2I1,158839241,158956747,TRUE,FALSE
chr7_158857026,constitutive,chr7,158857026,DYNC2I1,158839241,158956747,TRUE,FALSE
chr7_158857028,constitutive,chr7,158857028,DYNC2I1,158839241,158956747,TRUE,FALSE
chr7_158857032,constitutive,chr7,158857032,DYNC2I1,158839241,158956747,TRUE,FALSE
chr7_158857043,constitutive,chr7,158857043,DYNC2I1,158839241,158956747,TRUE,FALSE
chr7_158857049,constitutive,chr7,158857049,DYNC2I1,158839241,158956747,TRUE,FALSE
chr7_158857061,constitutive,chr7,158857061,DYNC2I1,158839241,158956747,TRUE,FALSE
chr7_158857067,constitutive,chr7,158857067,DYNC2I1,158839241,158956747,TRUE,FALSE
chr7_158857600,ambiguous,chr7,158857600,DYNC2I1,158839241,158956747,TRUE,FALSE
chr7_158857623,ambiguous,chr7,158857623,DYNC2I1,158839241,158956747,TRUE,FALSE
chr7_158857662,ambiguous,chr7,158857662,DYNC2I1,158839241,158956747,TRUE,FALSE
chr7_158857686,constitutive,chr7,158857686,DYNC2I1,158839241,158956747,TRUE,FALSE
chr7_158857737,ambiguous,chr7,158857737,DYNC2I1,158839241,158956747,TRUE,FALSE
chr7_158857771,ambiguous,chr7,158857771,DYNC2I1,158839241,158956747,TRUE,FALSE
chr7_158857787,ambiguous,chr7,158857787,DYNC2I1,158839241,158956747,TRUE,FALSE
chr7_158857829,constitutive,chr7,158857829,DYNC2I1,158839241,158956747,TRUE,FALSE
chr7_158857867,constitutive,chr7,158857867,DYNC2I1,158839241,158956747,TRUE,FALSE
chr7_158857893,constitutive,chr7,158857893,DYNC2I1,158839241,158956747,TRUE,FALSE
chr7_158857915,constitutive,chr7,158857915,DYNC2I1,158839241,158956747,TRUE,FALSE
chr7_158858025,constitutive,chr7,158858025,DYNC2I1,158839241,158956747,TRUE,FALSE
chr7_158858037,constitutive,chr7,158858037,DYNC2I1,158839241,158956747,TRUE,FALSE
chr7_158858070,constitutive,chr7,158858070,DYNC2I1,158839241,158956747,TRUE,FALSE
chr7_158858080,constitutive,chr7,158858080,DYNC2I1,158839241,158956747,TRUE,FALSE
chr7_158858082,constitutive,chr7,158858082,DYNC2I1,158839241,158956747,TRUE,FALSE
chr7_158858249,ME,chr7,158858249,DYNC2I1,158839241,158956747,TRUE,FALSE
chr7_158858316,ambiguous,chr7,158858316,DYNC2I1,158839241,158956747,TRUE,FALSE
chr7_158859101,ambiguous,chr7,158859101,DYNC2I1,158839241,158956747,TRUE,FALSE
chr7_158859142,ambiguous,chr7,158859142,DYNC2I1,158839241,158956747,TRUE,FALSE
chr7_158859164,ambiguous,chr7,158859164,DYNC2I1,158839241,158956747,TRUE,FALSE
chr7_158859446,ambiguous,chr7,158859446,DYNC2I1,158839241,158956747,TRUE,FALSE
chr7_158859533,constitutive,chr7,158859533,DYNC2I1,158839241,158956747,TRUE,FALSE
chr7_158859541,constitutive,chr7,158859541,DYNC2I1,158839241,158956747,TRUE,FALSE
chr7_158859563,ambiguous,chr7,158859563,DYNC2I1,158839241,158956747,TRUE,FALSE
chr7_158859585,constitutive,chr7,158859585,DYNC2I1,158839241,158956747,TRUE,FALSE
chr7_158859605,ambiguous,chr7,158859605,DYNC2I1,158839241,158956747,TRUE,FALSE
chr7_158859659,constitutive,chr7,158859659,DYNC2I1,158839241,158956747,TRUE,FALSE
chr7_158859691,ambiguous,chr7,158859691,DYNC2I1,158839241,158956747,TRUE,FALSE
chr7_158859702,ambiguous,chr7,158859702,DYNC2I1,158839241,158956747,TRUE,FALSE
chr7_158859727,ambiguous,chr7,158859727,DYNC2I1,158839241,158956747,TRUE,FALSE
chr7_158859736,ambiguous,chr7,158859736,DYNC2I1,158839241,158956747,TRUE,FALSE
chr7_158860077,constitutive,chr7,158860077,DYNC2I1,158839241,158956747,TRUE,FALSE
chr7_158860148,ambiguous,chr7,158860148,DYNC2I1,158839241,158956747,TRUE,FALSE
chr7_158860178,constitutive,chr7,158860178,DYNC2I1,158839241,158956747,TRUE,FALSE
chr7_158860249,ambiguous,chr7,158860249,DYNC2I1,158839241,158956747,TRUE,FALSE
chr7_158860355,constitutive,chr7,158860355,DYNC2I1,158839241,158956747,TRUE,FALSE
chr7_158860855,ambiguous,chr7,158860855,DYNC2I1,158839241,158956747,TRUE,FALSE
chr7_158860933,constitutive,chr7,158860933,DYNC2I1,158839241,158956747,TRUE,FALSE
chr7_158861010,ambiguous,chr7,158861010,DYNC2I1,158839241,158956747,TRUE,FALSE
chr7_158861031,ambiguous,chr7,158861031,DYNC2I1,158839241,158956747,TRUE,FALSE
chr7_158861033,constitutive,chr7,158861033,DYNC2I1,158839241,158956747,TRUE,FALSE
chr7_158861331,ambiguous,chr7,158861331,DYNC2I1,158839241,158956747,TRUE,FALSE
chr7_158861451,ambiguous,chr7,158861451,DYNC2I1,158839241,158956747,TRUE,FALSE
chr7_158861456,ambiguous,chr7,158861456,DYNC2I1,158839241,158956747,TRUE,FALSE
chr7_158861492,ambiguous,chr7,158861492,DYNC2I1,158839241,158956747,TRUE,FALSE
chr7_158861589,constitutive,chr7,158861589,DYNC2I1,158839241,158956747,TRUE,FALSE
chr7_158861613,constitutive,chr7,158861613,DYNC2I1,158839241,158956747,TRUE,FALSE
chr7_158861621,constitutive,chr7,158861621,DYNC2I1,158839241,158956747,TRUE,FALSE
chr7_158861632,constitutive,chr7,158861632,DYNC2I1,158839241,158956747,TRUE,FALSE
chr7_158861678,constitutive,chr7,158861678,DYNC2I1,158839241,158956747,TRUE,FALSE
chr7_158861705,ambiguous,chr7,158861705,DYNC2I1,158839241,158956747,TRUE,FALSE
chr7_158861779,ambiguous,chr7,158861779,DYNC2I1,158839241,158956747,TRUE,FALSE
chr7_158861839,constitutive,chr7,158861839,DYNC2I1,158839241,158956747,TRUE,FALSE
chr7_158861845,constitutive,chr7,158861845,DYNC2I1,158839241,158956747,TRUE,FALSE
chr7_158861878,constitutive,chr7,158861878,DYNC2I1,158839241,158956747,TRUE,FALSE
chr7_158862034,constitutive,chr7,158862034,DYNC2I1,158839241,158956747,TRUE,FALSE
chr7_158862066,constitutive,chr7,158862066,DYNC2I1,158839241,158956747,TRUE,FALSE
chr7_158862070,constitutive,chr7,158862070,DYNC2I1,158839241,158956747,TRUE,FALSE
chr7_158862123,ambiguous,chr7,158862123,DYNC2I1,158839241,158956747,TRUE,FALSE
chr7_158862176,ambiguous,chr7,158862176,DYNC2I1,158839241,158956747,TRUE,FALSE
chr7_158862251,constitutive,chr7,158862251,DYNC2I1,158839241,158956747,TRUE,FALSE
chr7_158862298,ambiguous,chr7,158862298,DYNC2I1,158839241,158956747,TRUE,FALSE
chr7_158862310,ambiguous,chr7,158862310,DYNC2I1,158839241,158956747,TRUE,FALSE
chr7_158862394,constitutive,chr7,158862394,DYNC2I1,158839241,158956747,TRUE,FALSE
chr7_158862514,constitutive,chr7,158862514,DYNC2I1,158839241,158956747,TRUE,FALSE
chr7_158862685,ambiguous,chr7,158862685,DYNC2I1,158839241,158956747,TRUE,FALSE
chr7_158862718,ambiguous,chr7,158862718,DYNC2I1,158839241,158956747,TRUE,FALSE
chr7_158862749,ambiguous,chr7,158862749,DYNC2I1,158839241,158956747,TRUE,FALSE
chr7_158862751,ambiguous,chr7,158862751,DYNC2I1,158839241,158956747,TRUE,FALSE
chr7_158862754,ambiguous,chr7,158862754,DYNC2I1,158839241,158956747,TRUE,FALSE
chr7_158862785,ambiguous,chr7,158862785,DYNC2I1,158839241,158956747,TRUE,FALSE
chr7_158862871,ambiguous,chr7,158862871,DYNC2I1,158839241,158956747,TRUE,FALSE
chr7_158862882,ambiguous,chr7,158862882,DYNC2I1,158839241,158956747,TRUE,FALSE
chr7_158862891,ambiguous,chr7,158862891,DYNC2I1,158839241,158956747,TRUE,FALSE
chr7_158862912,ambiguous,chr7,158862912,DYNC2I1,158839241,158956747,TRUE,FALSE
chr7_158862937,ambiguous,chr7,158862937,DYNC2I1,158839241,158956747,TRUE,FALSE
chr7_158862954,constitutive,chr7,158862954,DYNC2I1,158839241,158956747,TRUE,FALSE
chr7_158863015,constitutive,chr7,158863015,DYNC2I1,158839241,158956747,TRUE,FALSE
chr7_158863171,ambiguous,chr7,158863171,DYNC2I1,158839241,158956747,TRUE,FALSE
chr7_158863178,ambiguous,chr7,158863178,DYNC2I1,158839241,158956747,TRUE,FALSE
chr7_158863235,constitutive,chr7,158863235,DYNC2I1,158839241,158956747,TRUE,FALSE
chr7_158863244,constitutive,chr7,158863244,DYNC2I1,158839241,158956747,TRUE,FALSE
chr7_158863266,constitutive,chr7,158863266,DYNC2I1,158839241,158956747,TRUE,FALSE
chr7_158863273,ambiguous,chr7,158863273,DYNC2I1,158839241,158956747,TRUE,FALSE
chr7_158863285,constitutive,chr7,158863285,DYNC2I1,158839241,158956747,TRUE,FALSE
chr7_158863310,ambiguous,chr7,158863310,DYNC2I1,158839241,158956747,TRUE,FALSE
chr7_158863556,constitutive,chr7,158863556,DYNC2I1,158839241,158956747,TRUE,FALSE
chr7_158864169,constitutive,chr7,158864169,DYNC2I1,158839241,158956747,TRUE,FALSE
chr7_158864277,constitutive,chr7,158864277,DYNC2I1,158839241,158956747,TRUE,FALSE
chr7_158864286,constitutive,chr7,158864286,DYNC2I1,158839241,158956747,TRUE,FALSE
chr7_158864292,ambiguous,chr7,158864292,DYNC2I1,158839241,158956747,TRUE,FALSE
chr7_158864337,ambiguous,chr7,158864337,DYNC2I1,158839241,158956747,TRUE,FALSE
chr7_158864339,ambiguous,chr7,158864339,DYNC2I1,158839241,158956747,TRUE,FALSE
chr7_158864501,ambiguous,chr7,158864501,DYNC2I1,158839241,158956747,TRUE,FALSE
chr7_158864594,ambiguous,chr7,158864594,DYNC2I1,158839241,158956747,TRUE,FALSE
chr7_158864650,constitutive,chr7,158864650,DYNC2I1,158839241,158956747,TRUE,FALSE
chr7_158864970,constitutive,chr7,158864970,DYNC2I1,158839241,158956747,TRUE,FALSE
chr7_158865018,constitutive,chr7,158865018,DYNC2I1,158839241,158956747,TRUE,FALSE
chr7_158865078,ambiguous,chr7,158865078,DYNC2I1,158839241,158956747,TRUE,FALSE
chr7_158865090,ambiguous,chr7,158865090,DYNC2I1,158839241,158956747,TRUE,FALSE
chr7_158865333,ambiguous,chr7,158865333,DYNC2I1,158839241,158956747,TRUE,FALSE
chr7_158865439,ambiguous,chr7,158865439,DYNC2I1,158839241,158956747,TRUE,FALSE
chr7_158865450,constitutive,chr7,158865450,DYNC2I1,158839241,158956747,TRUE,FALSE
chr7_158865488,constitutive,chr7,158865488,DYNC2I1,158839241,158956747,TRUE,FALSE
chr7_158865562,ambiguous,chr7,158865562,DYNC2I1,158839241,158956747,TRUE,FALSE
chr7_158865590,ambiguous,chr7,158865590,DYNC2I1,158839241,158956747,TRUE,FALSE
chr7_158865733,ambiguous,chr7,158865733,DYNC2I1,158839241,158956747,TRUE,FALSE
chr7_158865838,ambiguous,chr7,158865838,DYNC2I1,158839241,158956747,TRUE,FALSE
chr7_158865847,ambiguous,chr7,158865847,DYNC2I1,158839241,158956747,TRUE,FALSE
chr7_158865861,ambiguous,chr7,158865861,DYNC2I1,158839241,158956747,TRUE,FALSE
chr7_158865954,constitutive,chr7,158865954,DYNC2I1,158839241,158956747,TRUE,FALSE
chr7_158866027,ambiguous,chr7,158866027,DYNC2I1,158839241,158956747,TRUE,FALSE
chr7_158866205,constitutive,chr7,158866205,DYNC2I1,158839241,158956747,TRUE,FALSE
chr7_158866221,constitutive,chr7,158866221,DYNC2I1,158839241,158956747,TRUE,FALSE
chr7_158866227,constitutive,chr7,158866227,DYNC2I1,158839241,158956747,TRUE,FALSE
chr7_158866398,constitutive,chr7,158866398,DYNC2I1,158839241,158956747,TRUE,FALSE
chr7_158866433,constitutive,chr7,158866433,DYNC2I1,158839241,158956747,TRUE,FALSE
chr7_158866606,constitutive,chr7,158866606,DYNC2I1,158839241,158956747,TRUE,FALSE
chr7_158866610,constitutive,chr7,158866610,DYNC2I1,158839241,158956747,TRUE,FALSE
chr7_158866650,ambiguous,chr7,158866650,DYNC2I1,158839241,158956747,TRUE,FALSE
chr7_158866682,constitutive,chr7,158866682,DYNC2I1,158839241,158956747,TRUE,FALSE
chr7_158866730,constitutive,chr7,158866730,DYNC2I1,158839241,158956747,TRUE,FALSE
chr7_158866741,constitutive,chr7,158866741,DYNC2I1,158839241,158956747,TRUE,FALSE
chr7_158866745,constitutive,chr7,158866745,DYNC2I1,158839241,158956747,TRUE,FALSE
chr7_158866753,constitutive,chr7,158866753,DYNC2I1,158839241,158956747,TRUE,FALSE
chr7_158866757,constitutive,chr7,158866757,DYNC2I1,158839241,158956747,TRUE,FALSE
chr7_158866792,constitutive,chr7,158866792,DYNC2I1,158839241,158956747,TRUE,FALSE
chr7_158866839,constitutive,chr7,158866839,DYNC2I1,158839241,158956747,TRUE,FALSE
chr7_158866863,constitutive,chr7,158866863,DYNC2I1,158839241,158956747,TRUE,FALSE
chr7_158866879,constitutive,chr7,158866879,DYNC2I1,158839241,158956747,TRUE,FALSE
chr7_158867254,constitutive,chr7,158867254,DYNC2I1,158839241,158956747,TRUE,FALSE
chr7_158867264,constitutive,chr7,158867264,DYNC2I1,158839241,158956747,TRUE,FALSE
chr7_158867266,constitutive,chr7,158867266,DYNC2I1,158839241,158956747,TRUE,FALSE
chr7_158867297,constitutive,chr7,158867297,DYNC2I1,158839241,158956747,TRUE,FALSE
chr7_158867362,constitutive,chr7,158867362,DYNC2I1,158839241,158956747,TRUE,FALSE
chr7_158867415,constitutive,chr7,158867415,DYNC2I1,158839241,158956747,TRUE,FALSE
chr7_158867465,constitutive,chr7,158867465,DYNC2I1,158839241,158956747,TRUE,FALSE
chr7_158867477,constitutive,chr7,158867477,DYNC2I1,158839241,158956747,TRUE,FALSE
chr7_158867479,constitutive,chr7,158867479,DYNC2I1,158839241,158956747,TRUE,FALSE
chr7_158867501,constitutive,chr7,158867501,DYNC2I1,158839241,158956747,TRUE,FALSE
chr7_158867503,constitutive,chr7,158867503,DYNC2I1,158839241,158956747,TRUE,FALSE
chr7_158867543,constitutive,chr7,158867543,DYNC2I1,158839241,158956747,TRUE,FALSE
chr7_158867555,constitutive,chr7,158867555,DYNC2I1,158839241,158956747,TRUE,FALSE
chr7_158867558,constitutive,chr7,158867558,DYNC2I1,158839241,158956747,TRUE,FALSE
chr7_158867650,constitutive,chr7,158867650,DYNC2I1,158839241,158956747,TRUE,FALSE
chr7_158867660,constitutive,chr7,158867660,DYNC2I1,158839241,158956747,TRUE,FALSE
chr7_158867695,constitutive,chr7,158867695,DYNC2I1,158839241,158956747,TRUE,FALSE
chr7_158867719,constitutive,chr7,158867719,DYNC2I1,158839241,158956747,TRUE,FALSE
chr7_158867734,constitutive,chr7,158867734,DYNC2I1,158839241,158956747,TRUE,FALSE
chr7_158867754,constitutive,chr7,158867754,DYNC2I1,158839241,158956747,TRUE,FALSE
chr7_158867784,constitutive,chr7,158867784,DYNC2I1,158839241,158956747,TRUE,FALSE
chr7_158867798,constitutive,chr7,158867798,DYNC2I1,158839241,158956747,TRUE,FALSE
chr7_158867813,constitutive,chr7,158867813,DYNC2I1,158839241,158956747,TRUE,FALSE
chr7_158867863,constitutive,chr7,158867863,DYNC2I1,158839241,158956747,TRUE,FALSE
chr7_158867884,constitutive,chr7,158867884,DYNC2I1,158839241,158956747,TRUE,FALSE
chr7_158867912,constitutive,chr7,158867912,DYNC2I1,158839241,158956747,TRUE,FALSE
chr7_158867916,constitutive,chr7,158867916,DYNC2I1,158839241,158956747,TRUE,FALSE
chr7_158867947,constitutive,chr7,158867947,DYNC2I1,158839241,158956747,TRUE,FALSE
chr7_158868032,constitutive,chr7,158868032,DYNC2I1,158839241,158956747,TRUE,FALSE
chr7_158868040,constitutive,chr7,158868040,DYNC2I1,158839241,158956747,TRUE,FALSE
chr7_158868097,constitutive,chr7,158868097,DYNC2I1,158839241,158956747,TRUE,FALSE
chr7_158868134,constitutive,chr7,158868134,DYNC2I1,158839241,158956747,TRUE,FALSE
chr7_158868138,constitutive,chr7,158868138,DYNC2I1,158839241,158956747,TRUE,FALSE
chr7_158868209,constitutive,chr7,158868209,DYNC2I1,158839241,158956747,TRUE,FALSE
chr7_158868278,constitutive,chr7,158868278,DYNC2I1,158839241,158956747,TRUE,FALSE
chr7_158868285,ME,chr7,158868285,DYNC2I1,158839241,158956747,TRUE,FALSE
chr7_158868294,constitutive,chr7,158868294,DYNC2I1,158839241,158956747,TRUE,FALSE
chr7_158868299,constitutive,chr7,158868299,DYNC2I1,158839241,158956747,TRUE,FALSE
chr7_158868331,ambiguous,chr7,158868331,DYNC2I1,158839241,158956747,TRUE,FALSE
chr7_158868338,constitutive,chr7,158868338,DYNC2I1,158839241,158956747,TRUE,FALSE
chr7_158868343,constitutive,chr7,158868343,DYNC2I1,158839241,158956747,TRUE,FALSE
chr7_158868397,constitutive,chr7,158868397,DYNC2I1,158839241,158956747,TRUE,FALSE
chr7_158868455,ambiguous,chr7,158868455,DYNC2I1,158839241,158956747,TRUE,FALSE
chr7_158868472,ambiguous,chr7,158868472,DYNC2I1,158839241,158956747,TRUE,FALSE
chr7_158868506,constitutive,chr7,158868506,DYNC2I1,158839241,158956747,TRUE,FALSE
chr7_158868546,constitutive,chr7,158868546,DYNC2I1,158839241,158956747,TRUE,FALSE
chr7_158868572,constitutive,chr7,158868572,DYNC2I1,158839241,158956747,TRUE,FALSE
chr7_158868581,constitutive,chr7,158868581,DYNC2I1,158839241,158956747,TRUE,FALSE
chr7_158868640,ambiguous,chr7,158868640,DYNC2I1,158839241,158956747,TRUE,FALSE
chr7_158868681,constitutive,chr7,158868681,DYNC2I1,158839241,158956747,TRUE,FALSE
chr7_158868725,ambiguous,chr7,158868725,DYNC2I1,158839241,158956747,TRUE,FALSE
chr7_158868754,ambiguous,chr7,158868754,DYNC2I1,158839241,158956747,TRUE,FALSE
chr7_158869080,ambiguous,chr7,158869080,DYNC2I1,158839241,158956747,TRUE,FALSE
chr7_158869128,constitutive,chr7,158869128,DYNC2I1,158839241,158956747,TRUE,FALSE
chr7_158869135,ambiguous,chr7,158869135,DYNC2I1,158839241,158956747,TRUE,FALSE
chr7_158869146,constitutive,chr7,158869146,DYNC2I1,158839241,158956747,TRUE,FALSE
chr7_158869188,ambiguous,chr7,158869188,DYNC2I1,158839241,158956747,TRUE,FALSE
chr7_158869227,ambiguous,chr7,158869227,DYNC2I1,158839241,158956747,TRUE,FALSE
chr7_158869265,ambiguous,chr7,158869265,DYNC2I1,158839241,158956747,TRUE,FALSE
chr7_158869442,constitutive,chr7,158869442,DYNC2I1,158839241,158956747,TRUE,FALSE
chr7_158869490,ME,chr7,158869490,DYNC2I1,158839241,158956747,TRUE,FALSE
chr7_158869950,constitutive,chr7,158869950,DYNC2I1,158839241,158956747,TRUE,FALSE
chr7_158870054,ambiguous,chr7,158870054,DYNC2I1,158839241,158956747,TRUE,FALSE
chr7_158870075,ambiguous,chr7,158870075,DYNC2I1,158839241,158956747,TRUE,FALSE
chr7_158870108,constitutive,chr7,158870108,DYNC2I1,158839241,158956747,TRUE,FALSE
chr7_158870176,constitutive,chr7,158870176,DYNC2I1,158839241,158956747,TRUE,FALSE
chr7_158870181,constitutive,chr7,158870181,DYNC2I1,158839241,158956747,TRUE,FALSE
chr7_158870236,constitutive,chr7,158870236,DYNC2I1,158839241,158956747,TRUE,FALSE
chr7_158870265,constitutive,chr7,158870265,DYNC2I1,158839241,158956747,TRUE,FALSE
chr7_158870280,constitutive,chr7,158870280,DYNC2I1,158839241,158956747,TRUE,FALSE
chr7_158870387,constitutive,chr7,158870387,DYNC2I1,158839241,158956747,TRUE,FALSE
chr7_158870401,constitutive,chr7,158870401,DYNC2I1,158839241,158956747,TRUE,FALSE
chr7_158870414,constitutive,chr7,158870414,DYNC2I1,158839241,158956747,TRUE,FALSE
chr7_158870771,constitutive,chr7,158870771,DYNC2I1,158839241,158956747,TRUE,FALSE
chr7_158870790,constitutive,chr7,158870790,DYNC2I1,158839241,158956747,TRUE,FALSE
chr7_158870808,constitutive,chr7,158870808,DYNC2I1,158839241,158956747,TRUE,FALSE
chr7_158870857,constitutive,chr7,158870857,DYNC2I1,158839241,158956747,TRUE,FALSE
chr7_158870881,constitutive,chr7,158870881,DYNC2I1,158839241,158956747,TRUE,FALSE
chr7_158870911,constitutive,chr7,158870911,DYNC2I1,158839241,158956747,TRUE,FALSE
chr7_158870990,constitutive,chr7,158870990,DYNC2I1,158839241,158956747,TRUE,FALSE
chr7_158871114,ambiguous,chr7,158871114,DYNC2I1,158839241,158956747,TRUE,FALSE
chr7_158871196,constitutive,chr7,158871196,DYNC2I1,158839241,158956747,TRUE,FALSE
chr7_158871460,ambiguous,chr7,158871460,DYNC2I1,158839241,158956747,TRUE,FALSE
chr7_158871475,ambiguous,chr7,158871475,DYNC2I1,158839241,158956747,TRUE,FALSE
chr7_158871483,ambiguous,chr7,158871483,DYNC2I1,158839241,158956747,TRUE,FALSE
chr7_158871517,ambiguous,chr7,158871517,DYNC2I1,158839241,158956747,TRUE,FALSE
chr7_158871519,ambiguous,chr7,158871519,DYNC2I1,158839241,158956747,TRUE,FALSE
chr7_158871523,ambiguous,chr7,158871523,DYNC2I1,158839241,158956747,TRUE,FALSE
chr7_158871538,ambiguous,chr7,158871538,DYNC2I1,158839241,158956747,TRUE,FALSE
chr7_158871542,constitutive,chr7,158871542,DYNC2I1,158839241,158956747,TRUE,FALSE
chr7_158871556,ambiguous,chr7,158871556,DYNC2I1,158839241,158956747,TRUE,FALSE
chr7_158871572,constitutive,chr7,158871572,DYNC2I1,158839241,158956747,TRUE,FALSE
chr7_158871596,ambiguous,chr7,158871596,DYNC2I1,158839241,158956747,TRUE,FALSE
chr7_158871604,ambiguous,chr7,158871604,DYNC2I1,158839241,158956747,TRUE,FALSE
chr7_158871606,ambiguous,chr7,158871606,DYNC2I1,158839241,158956747,TRUE,FALSE
chr7_158871609,ambiguous,chr7,158871609,DYNC2I1,158839241,158956747,TRUE,FALSE
chr7_158871746,ambiguous,chr7,158871746,DYNC2I1,158839241,158956747,TRUE,FALSE
chr7_158871785,ambiguous,chr7,158871785,DYNC2I1,158839241,158956747,TRUE,FALSE
chr7_158872184,constitutive,chr7,158872184,DYNC2I1,158839241,158956747,TRUE,FALSE
chr7_158872216,constitutive,chr7,158872216,DYNC2I1,158839241,158956747,TRUE,FALSE
chr7_158872248,constitutive,chr7,158872248,DYNC2I1,158839241,158956747,TRUE,FALSE
chr7_158872358,constitutive,chr7,158872358,DYNC2I1,158839241,158956747,TRUE,FALSE
chr7_158872360,constitutive,chr7,158872360,DYNC2I1,158839241,158956747,TRUE,FALSE
chr7_158872370,constitutive,chr7,158872370,DYNC2I1,158839241,158956747,TRUE,FALSE
chr7_158872430,constitutive,chr7,158872430,DYNC2I1,158839241,158956747,TRUE,FALSE
chr7_158872503,constitutive,chr7,158872503,DYNC2I1,158839241,158956747,TRUE,FALSE
chr7_158872613,constitutive,chr7,158872613,DYNC2I1,158839241,158956747,TRUE,FALSE
chr7_158872762,constitutive,chr7,158872762,DYNC2I1,158839241,158956747,TRUE,FALSE
chr7_158872817,constitutive,chr7,158872817,DYNC2I1,158839241,158956747,TRUE,FALSE
chr7_158872977,constitutive,chr7,158872977,DYNC2I1,158839241,158956747,TRUE,FALSE
chr7_158873056,ambiguous,chr7,158873056,DYNC2I1,158839241,158956747,TRUE,FALSE
chr7_158873075,constitutive,chr7,158873075,DYNC2I1,158839241,158956747,TRUE,FALSE
chr7_158873262,constitutive,chr7,158873262,DYNC2I1,158839241,158956747,TRUE,FALSE
chr7_158873404,ambiguous,chr7,158873404,DYNC2I1,158839241,158956747,TRUE,FALSE
chr7_158873447,ambiguous,chr7,158873447,DYNC2I1,158839241,158956747,TRUE,FALSE
chr7_158873524,constitutive,chr7,158873524,DYNC2I1,158839241,158956747,TRUE,FALSE
chr7_158873665,constitutive,chr7,158873665,DYNC2I1,158839241,158956747,TRUE,FALSE
chr7_158873866,constitutive,chr7,158873866,DYNC2I1,158839241,158956747,TRUE,FALSE
chr7_158873881,constitutive,chr7,158873881,DYNC2I1,158839241,158956747,TRUE,FALSE
chr7_158873905,constitutive,chr7,158873905,DYNC2I1,158839241,158956747,TRUE,FALSE
chr7_158873946,constitutive,chr7,158873946,DYNC2I1,158839241,158956747,TRUE,FALSE
chr7_158874038,constitutive,chr7,158874038,DYNC2I1,158839241,158956747,TRUE,FALSE
chr7_158874050,constitutive,chr7,158874050,DYNC2I1,158839241,158956747,TRUE,FALSE
chr7_158874054,constitutive,chr7,158874054,DYNC2I1,158839241,158956747,TRUE,FALSE
chr7_158874293,constitutive,chr7,158874293,DYNC2I1,158839241,158956747,TRUE,FALSE
chr7_158874354,constitutive,chr7,158874354,DYNC2I1,158839241,158956747,TRUE,FALSE
chr7_158874364,constitutive,chr7,158874364,DYNC2I1,158839241,158956747,TRUE,FALSE
chr7_158874564,constitutive,chr7,158874564,DYNC2I1,158839241,158956747,TRUE,FALSE
chr7_158874840,constitutive,chr7,158874840,DYNC2I1,158839241,158956747,TRUE,FALSE
chr7_158874865,constitutive,chr7,158874865,DYNC2I1,158839241,158956747,TRUE,FALSE
chr7_158874930,constitutive,chr7,158874930,DYNC2I1,158839241,158956747,TRUE,FALSE
chr7_158874932,constitutive,chr7,158874932,DYNC2I1,158839241,158956747,TRUE,FALSE
chr7_158875126,constitutive,chr7,158875126,DYNC2I1,158839241,158956747,TRUE,FALSE
chr7_158875239,constitutive,chr7,158875239,DYNC2I1,158839241,158956747,TRUE,FALSE
chr7_158875243,ambiguous,chr7,158875243,DYNC2I1,158839241,158956747,TRUE,FALSE
chr7_158875248,ME,chr7,158875248,DYNC2I1,158839241,158956747,TRUE,FALSE
chr7_158875251,constitutive,chr7,158875251,DYNC2I1,158839241,158956747,TRUE,FALSE
chr7_158875255,constitutive,chr7,158875255,DYNC2I1,158839241,158956747,TRUE,FALSE
chr7_158875328,constitutive,chr7,158875328,DYNC2I1,158839241,158956747,TRUE,FALSE
chr7_158875344,constitutive,chr7,158875344,DYNC2I1,158839241,158956747,TRUE,FALSE
chr7_158875382,ambiguous,chr7,158875382,DYNC2I1,158839241,158956747,TRUE,FALSE
chr7_158875565,constitutive,chr7,158875565,DYNC2I1,158839241,158956747,TRUE,FALSE
chr7_158876015,constitutive,chr7,158876015,DYNC2I1,158839241,158956747,TRUE,FALSE
chr7_158876100,constitutive,chr7,158876100,DYNC2I1,158839241,158956747,TRUE,FALSE
chr7_158876176,ambiguous,chr7,158876176,DYNC2I1,158839241,158956747,TRUE,FALSE
chr7_158876227,constitutive,chr7,158876227,DYNC2I1,158839241,158956747,TRUE,FALSE
chr7_158876358,constitutive,chr7,158876358,DYNC2I1,158839241,158956747,TRUE,FALSE
chr7_158876509,constitutive,chr7,158876509,DYNC2I1,158839241,158956747,TRUE,FALSE
chr7_158876680,constitutive,chr7,158876680,DYNC2I1,158839241,158956747,TRUE,FALSE
chr7_158876697,constitutive,chr7,158876697,DYNC2I1,158839241,158956747,TRUE,FALSE
chr7_158876862,constitutive,chr7,158876862,DYNC2I1,158839241,158956747,TRUE,FALSE
chr7_158877066,constitutive,chr7,158877066,DYNC2I1,158839241,158956747,TRUE,FALSE
chr7_158877110,ambiguous,chr7,158877110,DYNC2I1,158839241,158956747,TRUE,FALSE
chr7_158877124,constitutive,chr7,158877124,DYNC2I1,158839241,158956747,TRUE,FALSE
chr7_158877141,constitutive,chr7,158877141,DYNC2I1,158839241,158956747,TRUE,FALSE
chr7_158877143,constitutive,chr7,158877143,DYNC2I1,158839241,158956747,TRUE,FALSE
chr7_158877148,constitutive,chr7,158877148,DYNC2I1,158839241,158956747,TRUE,FALSE
chr7_158877177,constitutive,chr7,158877177,DYNC2I1,158839241,158956747,TRUE,FALSE
chr7_158877183,constitutive,chr7,158877183,DYNC2I1,158839241,158956747,TRUE,FALSE
chr7_158877196,constitutive,chr7,158877196,DYNC2I1,158839241,158956747,TRUE,FALSE
chr7_158877198,constitutive,chr7,158877198,DYNC2I1,158839241,158956747,TRUE,FALSE
chr7_158877203,constitutive,chr7,158877203,DYNC2I1,158839241,158956747,TRUE,FALSE
chr7_158877221,constitutive,chr7,158877221,DYNC2I1,158839241,158956747,TRUE,FALSE
chr7_158877253,constitutive,chr7,158877253,DYNC2I1,158839241,158956747,TRUE,FALSE
chr7_158877256,constitutive,chr7,158877256,DYNC2I1,158839241,158956747,TRUE,FALSE
chr7_158877258,constitutive,chr7,158877258,DYNC2I1,158839241,158956747,TRUE,FALSE
chr7_158877287,constitutive,chr7,158877287,DYNC2I1,158839241,158956747,TRUE,FALSE
chr7_158877293,constitutive,chr7,158877293,DYNC2I1,158839241,158956747,TRUE,FALSE
chr7_158877308,constitutive,chr7,158877308,DYNC2I1,158839241,158956747,TRUE,FALSE
chr7_158877313,constitutive,chr7,158877313,DYNC2I1,158839241,158956747,TRUE,FALSE
chr7_158877342,constitutive,chr7,158877342,DYNC2I1,158839241,158956747,TRUE,FALSE
chr7_158877426,constitutive,chr7,158877426,DYNC2I1,158839241,158956747,TRUE,FALSE
chr7_158877583,constitutive,chr7,158877583,DYNC2I1,158839241,158956747,TRUE,FALSE
chr7_158877809,ambiguous,chr7,158877809,DYNC2I1,158839241,158956747,TRUE,FALSE
chr7_158877888,ambiguous,chr7,158877888,DYNC2I1,158839241,158956747,TRUE,FALSE
chr7_158877945,ambiguous,chr7,158877945,DYNC2I1,158839241,158956747,TRUE,FALSE
chr7_158878016,ambiguous,chr7,158878016,DYNC2I1,158839241,158956747,TRUE,FALSE
chr7_158879131,ambiguous,chr7,158879131,DYNC2I1,158839241,158956747,TRUE,FALSE
chr7_158879312,ambiguous,chr7,158879312,DYNC2I1,158839241,158956747,TRUE,FALSE
chr7_158879420,constitutive,chr7,158879420,DYNC2I1,158839241,158956747,TRUE,FALSE
chr7_158879431,constitutive,chr7,158879431,DYNC2I1,158839241,158956747,TRUE,FALSE
chr7_158879446,constitutive,chr7,158879446,DYNC2I1,158839241,158956747,TRUE,FALSE
chr7_158879556,ambiguous,chr7,158879556,DYNC2I1,158839241,158956747,TRUE,FALSE
chr7_158879597,ambiguous,chr7,158879597,DYNC2I1,158839241,158956747,TRUE,FALSE
chr7_158879600,ambiguous,chr7,158879600,DYNC2I1,158839241,158956747,TRUE,FALSE
chr7_158879672,ambiguous,chr7,158879672,DYNC2I1,158839241,158956747,TRUE,FALSE
chr7_158879692,ambiguous,chr7,158879692,DYNC2I1,158839241,158956747,TRUE,FALSE
chr7_158879888,constitutive,chr7,158879888,DYNC2I1,158839241,158956747,TRUE,FALSE
chr7_158879935,ambiguous,chr7,158879935,DYNC2I1,158839241,158956747,TRUE,FALSE
chr7_158879955,ambiguous,chr7,158879955,DYNC2I1,158839241,158956747,TRUE,FALSE
chr7_158880008,constitutive,chr7,158880008,DYNC2I1,158839241,158956747,TRUE,FALSE
chr7_158880023,constitutive,chr7,158880023,DYNC2I1,158839241,158956747,TRUE,FALSE
chr7_158880028,ambiguous,chr7,158880028,DYNC2I1,158839241,158956747,TRUE,FALSE
chr7_158880034,ambiguous,chr7,158880034,DYNC2I1,158839241,158956747,TRUE,FALSE
chr7_158880061,ambiguous,chr7,158880061,DYNC2I1,158839241,158956747,TRUE,FALSE
chr7_158880067,constitutive,chr7,158880067,DYNC2I1,158839241,158956747,TRUE,FALSE
chr7_158880117,constitutive,chr7,158880117,DYNC2I1,158839241,158956747,TRUE,FALSE
chr7_158880137,constitutive,chr7,158880137,DYNC2I1,158839241,158956747,TRUE,FALSE
chr7_158880201,constitutive,chr7,158880201,DYNC2I1,158839241,158956747,TRUE,FALSE
chr7_158880262,constitutive,chr7,158880262,DYNC2I1,158839241,158956747,TRUE,FALSE
chr7_158880264,constitutive,chr7,158880264,DYNC2I1,158839241,158956747,TRUE,FALSE
chr7_158880302,constitutive,chr7,158880302,DYNC2I1,158839241,158956747,TRUE,FALSE
chr7_158880334,constitutive,chr7,158880334,DYNC2I1,158839241,158956747,TRUE,FALSE
chr7_158880365,constitutive,chr7,158880365,DYNC2I1,158839241,158956747,TRUE,FALSE
chr7_158880451,constitutive,chr7,158880451,DYNC2I1,158839241,158956747,TRUE,FALSE
chr7_158880514,constitutive,chr7,158880514,DYNC2I1,158839241,158956747,TRUE,FALSE
chr7_158880541,constitutive,chr7,158880541,DYNC2I1,158839241,158956747,TRUE,FALSE
chr7_158880608,constitutive,chr7,158880608,DYNC2I1,158839241,158956747,TRUE,FALSE
chr7_158880644,constitutive,chr7,158880644,DYNC2I1,158839241,158956747,TRUE,FALSE
chr7_158880840,constitutive,chr7,158880840,DYNC2I1,158839241,158956747,TRUE,FALSE
chr7_158880982,constitutive,chr7,158880982,DYNC2I1,158839241,158956747,TRUE,FALSE
chr7_158880991,constitutive,chr7,158880991,DYNC2I1,158839241,158956747,TRUE,FALSE
chr7_158881031,ambiguous,chr7,158881031,DYNC2I1,158839241,158956747,TRUE,FALSE
chr7_158881068,ambiguous,chr7,158881068,DYNC2I1,158839241,158956747,TRUE,FALSE
chr7_158881070,constitutive,chr7,158881070,DYNC2I1,158839241,158956747,TRUE,FALSE
chr7_158881106,ambiguous,chr7,158881106,DYNC2I1,158839241,158956747,TRUE,FALSE
chr7_158881117,ambiguous,chr7,158881117,DYNC2I1,158839241,158956747,TRUE,FALSE
chr7_158881146,ambiguous,chr7,158881146,DYNC2I1,158839241,158956747,TRUE,FALSE
chr7_158881159,constitutive,chr7,158881159,DYNC2I1,158839241,158956747,TRUE,FALSE
chr7_158881168,ambiguous,chr7,158881168,DYNC2I1,158839241,158956747,TRUE,FALSE
chr7_158881206,constitutive,chr7,158881206,DYNC2I1,158839241,158956747,TRUE,FALSE
chr7_158881251,constitutive,chr7,158881251,DYNC2I1,158839241,158956747,TRUE,FALSE
chr7_158881260,constitutive,chr7,158881260,DYNC2I1,158839241,158956747,TRUE,FALSE
chr7_158881281,constitutive,chr7,158881281,DYNC2I1,158839241,158956747,TRUE,FALSE
chr7_158881288,constitutive,chr7,158881288,DYNC2I1,158839241,158956747,TRUE,FALSE
chr7_158881317,constitutive,chr7,158881317,DYNC2I1,158839241,158956747,TRUE,FALSE
chr7_158881330,constitutive,chr7,158881330,DYNC2I1,158839241,158956747,TRUE,FALSE
chr7_158881332,constitutive,chr7,158881332,DYNC2I1,158839241,158956747,TRUE,FALSE
chr7_158881338,constitutive,chr7,158881338,DYNC2I1,158839241,158956747,TRUE,FALSE
chr7_158881376,constitutive,chr7,158881376,DYNC2I1,158839241,158956747,TRUE,FALSE
chr7_158881393,constitutive,chr7,158881393,DYNC2I1,158839241,158956747,TRUE,FALSE
chr7_158881484,constitutive,chr7,158881484,DYNC2I1,158839241,158956747,TRUE,FALSE
chr7_158881492,constitutive,chr7,158881492,DYNC2I1,158839241,158956747,TRUE,FALSE
chr7_158881516,constitutive,chr7,158881516,DYNC2I1,158839241,158956747,TRUE,FALSE
chr7_158881522,constitutive,chr7,158881522,DYNC2I1,158839241,158956747,TRUE,FALSE
chr7_158881554,constitutive,chr7,158881554,DYNC2I1,158839241,158956747,TRUE,FALSE
chr7_158881578,constitutive,chr7,158881578,DYNC2I1,158839241,158956747,TRUE,FALSE
chr7_158881614,constitutive,chr7,158881614,DYNC2I1,158839241,158956747,TRUE,FALSE
chr7_158881643,constitutive,chr7,158881643,DYNC2I1,158839241,158956747,TRUE,FALSE
chr7_158881654,constitutive,chr7,158881654,DYNC2I1,158839241,158956747,TRUE,FALSE
chr7_158881695,constitutive,chr7,158881695,DYNC2I1,158839241,158956747,TRUE,FALSE
chr7_158881742,constitutive,chr7,158881742,DYNC2I1,158839241,158956747,TRUE,FALSE
chr7_158881744,constitutive,chr7,158881744,DYNC2I1,158839241,158956747,TRUE,FALSE
chr7_158881748,constitutive,chr7,158881748,DYNC2I1,158839241,158956747,TRUE,FALSE
chr7_158881810,constitutive,chr7,158881810,DYNC2I1,158839241,158956747,TRUE,FALSE
chr7_158881820,constitutive,chr7,158881820,DYNC2I1,158839241,158956747,TRUE,FALSE
chr7_158881847,constitutive,chr7,158881847,DYNC2I1,158839241,158956747,TRUE,FALSE
chr7_158881850,constitutive,chr7,158881850,DYNC2I1,158839241,158956747,TRUE,FALSE
chr7_158881893,constitutive,chr7,158881893,DYNC2I1,158839241,158956747,TRUE,FALSE
chr7_158882047,ambiguous,chr7,158882047,DYNC2I1,158839241,158956747,TRUE,FALSE
chr7_158882121,ambiguous,chr7,158882121,DYNC2I1,158839241,158956747,TRUE,FALSE
chr7_158882506,constitutive,chr7,158882506,DYNC2I1,158839241,158956747,TRUE,FALSE
chr7_158882638,constitutive,chr7,158882638,DYNC2I1,158839241,158956747,TRUE,FALSE
chr7_158882670,constitutive,chr7,158882670,DYNC2I1,158839241,158956747,TRUE,FALSE
chr7_158882816,constitutive,chr7,158882816,DYNC2I1,158839241,158956747,TRUE,FALSE
chr7_158882830,constitutive,chr7,158882830,DYNC2I1,158839241,158956747,TRUE,FALSE
chr7_158882914,constitutive,chr7,158882914,DYNC2I1,158839241,158956747,TRUE,FALSE
chr7_158882938,constitutive,chr7,158882938,DYNC2I1,158839241,158956747,TRUE,FALSE
chr7_158883093,constitutive,chr7,158883093,DYNC2I1,158839241,158956747,TRUE,FALSE
chr7_158883124,constitutive,chr7,158883124,DYNC2I1,158839241,158956747,TRUE,FALSE
chr7_158883158,constitutive,chr7,158883158,DYNC2I1,158839241,158956747,TRUE,FALSE
chr7_158883256,constitutive,chr7,158883256,DYNC2I1,158839241,158956747,TRUE,FALSE
chr7_158883303,constitutive,chr7,158883303,DYNC2I1,158839241,158956747,TRUE,FALSE
chr7_158883342,constitutive,chr7,158883342,DYNC2I1,158839241,158956747,TRUE,FALSE
chr7_158883415,constitutive,chr7,158883415,DYNC2I1,158839241,158956747,TRUE,FALSE
chr7_158883438,constitutive,chr7,158883438,DYNC2I1,158839241,158956747,TRUE,FALSE
chr7_158883724,constitutive,chr7,158883724,DYNC2I1,158839241,158956747,TRUE,FALSE
chr7_158883732,constitutive,chr7,158883732,DYNC2I1,158839241,158956747,TRUE,FALSE
chr7_158883749,constitutive,chr7,158883749,DYNC2I1,158839241,158956747,TRUE,FALSE
chr7_158883756,constitutive,chr7,158883756,DYNC2I1,158839241,158956747,TRUE,FALSE
chr7_158883906,constitutive,chr7,158883906,DYNC2I1,158839241,158956747,TRUE,FALSE
chr7_158883910,constitutive,chr7,158883910,DYNC2I1,158839241,158956747,TRUE,FALSE
chr7_158883915,constitutive,chr7,158883915,DYNC2I1,158839241,158956747,TRUE,FALSE
chr7_158883943,constitutive,chr7,158883943,DYNC2I1,158839241,158956747,TRUE,FALSE
chr7_158883953,constitutive,chr7,158883953,DYNC2I1,158839241,158956747,TRUE,FALSE
chr7_158883959,constitutive,chr7,158883959,DYNC2I1,158839241,158956747,TRUE,FALSE
chr7_158884003,constitutive,chr7,158884003,DYNC2I1,158839241,158956747,TRUE,FALSE
chr7_158884105,constitutive,chr7,158884105,DYNC2I1,158839241,158956747,TRUE,FALSE
chr7_158884130,constitutive,chr7,158884130,DYNC2I1,158839241,158956747,TRUE,FALSE
chr7_158884137,constitutive,chr7,158884137,DYNC2I1,158839241,158956747,TRUE,FALSE
chr7_158884145,constitutive,chr7,158884145,DYNC2I1,158839241,158956747,TRUE,FALSE
chr7_158884169,constitutive,chr7,158884169,DYNC2I1,158839241,158956747,TRUE,FALSE
chr7_158884189,constitutive,chr7,158884189,DYNC2I1,158839241,158956747,TRUE,FALSE
chr7_158884193,constitutive,chr7,158884193,DYNC2I1,158839241,158956747,TRUE,FALSE
chr7_158884201,constitutive,chr7,158884201,DYNC2I1,158839241,158956747,TRUE,FALSE
chr7_158884233,constitutive,chr7,158884233,DYNC2I1,158839241,158956747,TRUE,FALSE
chr7_158884244,constitutive,chr7,158884244,DYNC2I1,158839241,158956747,TRUE,FALSE
chr7_158884272,constitutive,chr7,158884272,DYNC2I1,158839241,158956747,TRUE,FALSE
chr7_158884287,constitutive,chr7,158884287,DYNC2I1,158839241,158956747,TRUE,FALSE
chr7_158884291,constitutive,chr7,158884291,DYNC2I1,158839241,158956747,TRUE,FALSE
chr7_158884324,constitutive,chr7,158884324,DYNC2I1,158839241,158956747,TRUE,FALSE
chr7_158884334,constitutive,chr7,158884334,DYNC2I1,158839241,158956747,TRUE,FALSE
chr7_158884519,constitutive,chr7,158884519,DYNC2I1,158839241,158956747,TRUE,FALSE
chr7_158884582,ambiguous,chr7,158884582,DYNC2I1,158839241,158956747,TRUE,FALSE
chr7_158884643,constitutive,chr7,158884643,DYNC2I1,158839241,158956747,TRUE,FALSE
chr7_158884652,constitutive,chr7,158884652,DYNC2I1,158839241,158956747,TRUE,FALSE
chr7_158884659,constitutive,chr7,158884659,DYNC2I1,158839241,158956747,TRUE,FALSE
chr7_158884699,constitutive,chr7,158884699,DYNC2I1,158839241,158956747,TRUE,FALSE
chr7_158884705,constitutive,chr7,158884705,DYNC2I1,158839241,158956747,TRUE,FALSE
chr7_158885041,ambiguous,chr7,158885041,DYNC2I1,158839241,158956747,TRUE,FALSE
chr7_158885067,constitutive,chr7,158885067,DYNC2I1,158839241,158956747,TRUE,FALSE
chr7_158885117,ambiguous,chr7,158885117,DYNC2I1,158839241,158956747,TRUE,FALSE
chr7_158885120,ambiguous,chr7,158885120,DYNC2I1,158839241,158956747,TRUE,FALSE
chr7_158885160,ambiguous,chr7,158885160,DYNC2I1,158839241,158956747,TRUE,FALSE
chr7_158885173,ambiguous,chr7,158885173,DYNC2I1,158839241,158956747,TRUE,FALSE
chr7_158885273,constitutive,chr7,158885273,DYNC2I1,158839241,158956747,TRUE,FALSE
chr7_158885302,Ecto_specific,chr7,158885302,DYNC2I1,158839241,158956747,TRUE,FALSE
chr7_158885383,ambiguous,chr7,158885383,DYNC2I1,158839241,158956747,TRUE,FALSE
chr7_158885402,constitutive,chr7,158885402,DYNC2I1,158839241,158956747,TRUE,FALSE
chr7_158885410,constitutive,chr7,158885410,DYNC2I1,158839241,158956747,TRUE,FALSE
chr7_158885427,constitutive,chr7,158885427,DYNC2I1,158839241,158956747,TRUE,FALSE
chr7_158885621,constitutive,chr7,158885621,DYNC2I1,158839241,158956747,TRUE,FALSE
chr7_158885704,ambiguous,chr7,158885704,DYNC2I1,158839241,158956747,TRUE,FALSE
chr7_158885872,ambiguous,chr7,158885872,DYNC2I1,158839241,158956747,TRUE,FALSE
chr7_158886280,constitutive,chr7,158886280,DYNC2I1,158839241,158956747,TRUE,FALSE
chr7_158886288,constitutive,chr7,158886288,DYNC2I1,158839241,158956747,TRUE,FALSE
chr7_158886353,constitutive,chr7,158886353,DYNC2I1,158839241,158956747,TRUE,FALSE
chr7_158886425,constitutive,chr7,158886425,DYNC2I1,158839241,158956747,TRUE,FALSE
chr7_158886429,ambiguous,chr7,158886429,DYNC2I1,158839241,158956747,TRUE,FALSE
chr7_158886433,constitutive,chr7,158886433,DYNC2I1,158839241,158956747,TRUE,FALSE
chr7_158886642,constitutive,chr7,158886642,DYNC2I1,158839241,158956747,TRUE,FALSE
chr7_158886820,constitutive,chr7,158886820,DYNC2I1,158839241,158956747,TRUE,FALSE
chr7_158886890,constitutive,chr7,158886890,DYNC2I1,158839241,158956747,TRUE,FALSE
chr7_158887070,constitutive,chr7,158887070,DYNC2I1,158839241,158956747,TRUE,FALSE
chr7_158887167,constitutive,chr7,158887167,DYNC2I1,158839241,158956747,TRUE,FALSE
chr7_158887198,constitutive,chr7,158887198,DYNC2I1,158839241,158956747,TRUE,FALSE
chr7_158887414,constitutive,chr7,158887414,DYNC2I1,158839241,158956747,TRUE,FALSE
chr7_158887675,constitutive,chr7,158887675,DYNC2I1,158839241,158956747,TRUE,FALSE
chr7_158887704,constitutive,chr7,158887704,DYNC2I1,158839241,158956747,TRUE,FALSE
chr7_158887893,ambiguous,chr7,158887893,DYNC2I1,158839241,158956747,TRUE,FALSE
chr7_158888087,constitutive,chr7,158888087,DYNC2I1,158839241,158956747,TRUE,FALSE
chr7_158888093,constitutive,chr7,158888093,DYNC2I1,158839241,158956747,TRUE,FALSE
chr7_158888110,constitutive,chr7,158888110,DYNC2I1,158839241,158956747,TRUE,FALSE
chr7_158888117,constitutive,chr7,158888117,DYNC2I1,158839241,158956747,TRUE,FALSE
chr7_158888127,constitutive,chr7,158888127,DYNC2I1,158839241,158956747,TRUE,FALSE
chr7_158888173,constitutive,chr7,158888173,DYNC2I1,158839241,158956747,TRUE,FALSE
chr7_158888268,constitutive,chr7,158888268,DYNC2I1,158839241,158956747,TRUE,FALSE
chr7_158888274,constitutive,chr7,158888274,DYNC2I1,158839241,158956747,TRUE,FALSE
chr7_158888302,constitutive,chr7,158888302,DYNC2I1,158839241,158956747,TRUE,FALSE
chr7_158888312,constitutive,chr7,158888312,DYNC2I1,158839241,158956747,TRUE,FALSE
chr7_158888409,constitutive,chr7,158888409,DYNC2I1,158839241,158956747,TRUE,FALSE
chr7_158888486,constitutive,chr7,158888486,DYNC2I1,158839241,158956747,TRUE,FALSE
chr7_158888532,constitutive,chr7,158888532,DYNC2I1,158839241,158956747,TRUE,FALSE
chr7_158888574,constitutive,chr7,158888574,DYNC2I1,158839241,158956747,TRUE,FALSE
chr7_158888579,constitutive,chr7,158888579,DYNC2I1,158839241,158956747,TRUE,FALSE
chr7_158888749,constitutive,chr7,158888749,DYNC2I1,158839241,158956747,TRUE,FALSE
chr7_158888761,constitutive,chr7,158888761,DYNC2I1,158839241,158956747,TRUE,FALSE
chr7_158889111,constitutive,chr7,158889111,DYNC2I1,158839241,158956747,TRUE,FALSE
chr7_158889141,constitutive,chr7,158889141,DYNC2I1,158839241,158956747,TRUE,FALSE
chr7_158889143,constitutive,chr7,158889143,DYNC2I1,158839241,158956747,TRUE,FALSE
chr7_158889225,constitutive,chr7,158889225,DYNC2I1,158839241,158956747,TRUE,FALSE
chr7_158889301,constitutive,chr7,158889301,DYNC2I1,158839241,158956747,TRUE,FALSE
chr7_158889371,constitutive,chr7,158889371,DYNC2I1,158839241,158956747,TRUE,FALSE
chr7_158889428,constitutive,chr7,158889428,DYNC2I1,158839241,158956747,TRUE,FALSE
chr7_158889442,constitutive,chr7,158889442,DYNC2I1,158839241,158956747,TRUE,FALSE
chr7_158889500,constitutive,chr7,158889500,DYNC2I1,158839241,158956747,TRUE,FALSE
chr7_158889650,constitutive,chr7,158889650,DYNC2I1,158839241,158956747,TRUE,FALSE
chr7_158889769,constitutive,chr7,158889769,DYNC2I1,158839241,158956747,TRUE,FALSE
chr7_158889833,constitutive,chr7,158889833,DYNC2I1,158839241,158956747,TRUE,FALSE
chr7_158889861,constitutive,chr7,158889861,DYNC2I1,158839241,158956747,TRUE,FALSE
chr7_158889920,constitutive,chr7,158889920,DYNC2I1,158839241,158956747,TRUE,FALSE
chr7_158889930,constitutive,chr7,158889930,DYNC2I1,158839241,158956747,TRUE,FALSE
chr7_158889954,constitutive,chr7,158889954,DYNC2I1,158839241,158956747,TRUE,FALSE
chr7_158889960,constitutive,chr7,158889960,DYNC2I1,158839241,158956747,TRUE,FALSE
chr7_158889987,constitutive,chr7,158889987,DYNC2I1,158839241,158956747,TRUE,FALSE
chr7_158890067,constitutive,chr7,158890067,DYNC2I1,158839241,158956747,TRUE,FALSE
chr7_158890129,constitutive,chr7,158890129,DYNC2I1,158839241,158956747,TRUE,FALSE
chr7_158890250,constitutive,chr7,158890250,DYNC2I1,158839241,158956747,TRUE,FALSE
chr7_158890627,constitutive,chr7,158890627,DYNC2I1,158839241,158956747,TRUE,FALSE
chr7_158890636,constitutive,chr7,158890636,DYNC2I1,158839241,158956747,TRUE,FALSE
chr7_158890722,constitutive,chr7,158890722,DYNC2I1,158839241,158956747,TRUE,FALSE
chr7_158890762,constitutive,chr7,158890762,DYNC2I1,158839241,158956747,TRUE,FALSE
chr7_158890816,constitutive,chr7,158890816,DYNC2I1,158839241,158956747,TRUE,FALSE
chr7_158890820,constitutive,chr7,158890820,DYNC2I1,158839241,158956747,TRUE,FALSE
chr7_158890825,constitutive,chr7,158890825,DYNC2I1,158839241,158956747,TRUE,FALSE
chr7_158890853,constitutive,chr7,158890853,DYNC2I1,158839241,158956747,TRUE,FALSE
chr7_158891050,constitutive,chr7,158891050,DYNC2I1,158839241,158956747,TRUE,FALSE
chr7_158891128,constitutive,chr7,158891128,DYNC2I1,158839241,158956747,TRUE,FALSE
chr7_158891137,constitutive,chr7,158891137,DYNC2I1,158839241,158956747,TRUE,FALSE
chr7_158891169,constitutive,chr7,158891169,DYNC2I1,158839241,158956747,TRUE,FALSE
chr7_158891176,constitutive,chr7,158891176,DYNC2I1,158839241,158956747,TRUE,FALSE
chr7_158891202,constitutive,chr7,158891202,DYNC2I1,158839241,158956747,TRUE,FALSE
chr7_158891207,constitutive,chr7,158891207,DYNC2I1,158839241,158956747,TRUE,FALSE
chr7_158891314,constitutive,chr7,158891314,DYNC2I1,158839241,158956747,TRUE,FALSE
chr7_158891321,constitutive,chr7,158891321,DYNC2I1,158839241,158956747,TRUE,FALSE
chr7_158891330,constitutive,chr7,158891330,DYNC2I1,158839241,158956747,TRUE,FALSE
chr7_158891346,constitutive,chr7,158891346,DYNC2I1,158839241,158956747,TRUE,FALSE
chr7_158891519,constitutive,chr7,158891519,DYNC2I1,158839241,158956747,TRUE,FALSE
chr7_158891753,ambiguous,chr7,158891753,DYNC2I1,158839241,158956747,TRUE,FALSE
chr7_158891868,constitutive,chr7,158891868,DYNC2I1,158839241,158956747,TRUE,FALSE
chr7_158891872,constitutive,chr7,158891872,DYNC2I1,158839241,158956747,TRUE,FALSE
chr7_158891888,ambiguous,chr7,158891888,DYNC2I1,158839241,158956747,TRUE,FALSE
chr7_158891914,ambiguous,chr7,158891914,DYNC2I1,158839241,158956747,TRUE,FALSE
chr7_158891938,constitutive,chr7,158891938,DYNC2I1,158839241,158956747,TRUE,FALSE
chr7_158891942,constitutive,chr7,158891942,DYNC2I1,158839241,158956747,TRUE,FALSE
chr7_158891965,constitutive,chr7,158891965,DYNC2I1,158839241,158956747,TRUE,FALSE
chr7_158892050,constitutive,chr7,158892050,DYNC2I1,158839241,158956747,TRUE,FALSE
chr7_158892087,ambiguous,chr7,158892087,DYNC2I1,158839241,158956747,TRUE,FALSE
chr7_158892099,constitutive,chr7,158892099,DYNC2I1,158839241,158956747,TRUE,FALSE
chr7_158892234,constitutive,chr7,158892234,DYNC2I1,158839241,158956747,TRUE,FALSE
chr7_158892265,constitutive,chr7,158892265,DYNC2I1,158839241,158956747,TRUE,FALSE
chr7_158892303,constitutive,chr7,158892303,DYNC2I1,158839241,158956747,TRUE,FALSE
chr7_158892472,constitutive,chr7,158892472,DYNC2I1,158839241,158956747,TRUE,FALSE
chr7_158892504,constitutive,chr7,158892504,DYNC2I1,158839241,158956747,TRUE,FALSE
chr7_158892544,constitutive,chr7,158892544,DYNC2I1,158839241,158956747,TRUE,FALSE
chr7_158892711,constitutive,chr7,158892711,DYNC2I1,158839241,158956747,TRUE,FALSE
chr7_158892738,constitutive,chr7,158892738,DYNC2I1,158839241,158956747,TRUE,FALSE
chr7_158892772,constitutive,chr7,158892772,DYNC2I1,158839241,158956747,TRUE,FALSE
chr7_158892809,constitutive,chr7,158892809,DYNC2I1,158839241,158956747,TRUE,FALSE
chr7_158892811,constitutive,chr7,158892811,DYNC2I1,158839241,158956747,TRUE,FALSE
chr7_158892869,constitutive,chr7,158892869,DYNC2I1,158839241,158956747,TRUE,FALSE
chr7_158892994,constitutive,chr7,158892994,DYNC2I1,158839241,158956747,TRUE,FALSE
chr7_158893073,constitutive,chr7,158893073,DYNC2I1,158839241,158956747,TRUE,FALSE
chr7_158893094,constitutive,chr7,158893094,DYNC2I1,158839241,158956747,TRUE,FALSE
chr7_158893167,constitutive,chr7,158893167,DYNC2I1,158839241,158956747,TRUE,FALSE
chr7_158893227,constitutive,chr7,158893227,DYNC2I1,158839241,158956747,TRUE,FALSE
chr7_158893380,constitutive,chr7,158893380,DYNC2I1,158839241,158956747,TRUE,FALSE
chr7_158893395,constitutive,chr7,158893395,DYNC2I1,158839241,158956747,TRUE,FALSE
chr7_158893458,constitutive,chr7,158893458,DYNC2I1,158839241,158956747,TRUE,FALSE
chr7_158893582,constitutive,chr7,158893582,DYNC2I1,158839241,158956747,TRUE,FALSE
chr7_158893706,constitutive,chr7,158893706,DYNC2I1,158839241,158956747,TRUE,FALSE
chr7_158893735,constitutive,chr7,158893735,DYNC2I1,158839241,158956747,TRUE,FALSE
chr7_158893778,constitutive,chr7,158893778,DYNC2I1,158839241,158956747,TRUE,FALSE
chr7_158893807,constitutive,chr7,158893807,DYNC2I1,158839241,158956747,TRUE,FALSE
chr7_158893819,constitutive,chr7,158893819,DYNC2I1,158839241,158956747,TRUE,FALSE
chr7_158893831,constitutive,chr7,158893831,DYNC2I1,158839241,158956747,TRUE,FALSE
chr7_158893879,constitutive,chr7,158893879,DYNC2I1,158839241,158956747,TRUE,FALSE
chr7_158893908,constitutive,chr7,158893908,DYNC2I1,158839241,158956747,TRUE,FALSE
chr7_158894124,ambiguous,chr7,158894124,DYNC2I1,158839241,158956747,TRUE,FALSE
chr7_158894155,constitutive,chr7,158894155,DYNC2I1,158839241,158956747,TRUE,FALSE
chr7_158894181,constitutive,chr7,158894181,DYNC2I1,158839241,158956747,TRUE,FALSE
chr7_158894203,constitutive,chr7,158894203,DYNC2I1,158839241,158956747,TRUE,FALSE
chr7_158894234,constitutive,chr7,158894234,DYNC2I1,158839241,158956747,TRUE,FALSE
chr7_158894263,constitutive,chr7,158894263,DYNC2I1,158839241,158956747,TRUE,FALSE
chr7_158894353,constitutive,chr7,158894353,DYNC2I1,158839241,158956747,TRUE,FALSE
chr7_158894765,constitutive,chr7,158894765,DYNC2I1,158839241,158956747,TRUE,FALSE
chr7_158894852,constitutive,chr7,158894852,DYNC2I1,158839241,158956747,TRUE,FALSE
chr7_158894887,ambiguous,chr7,158894887,DYNC2I1,158839241,158956747,TRUE,FALSE
chr7_158895276,constitutive,chr7,158895276,DYNC2I1,158839241,158956747,TRUE,FALSE
chr7_158895411,constitutive,chr7,158895411,DYNC2I1,158839241,158956747,TRUE,FALSE
chr7_158895513,constitutive,chr7,158895513,DYNC2I1,158839241,158956747,TRUE,FALSE
chr7_158895651,constitutive,chr7,158895651,DYNC2I1,158839241,158956747,TRUE,FALSE
chr7_158895690,constitutive,chr7,158895690,DYNC2I1,158839241,158956747,TRUE,FALSE
chr7_158895922,constitutive,chr7,158895922,DYNC2I1,158839241,158956747,TRUE,FALSE
chr7_158895947,constitutive,chr7,158895947,DYNC2I1,158839241,158956747,TRUE,FALSE
chr7_158896047,constitutive,chr7,158896047,DYNC2I1,158839241,158956747,TRUE,FALSE
chr7_158896139,ambiguous,chr7,158896139,DYNC2I1,158839241,158956747,TRUE,FALSE
chr7_158896510,ambiguous,chr7,158896510,DYNC2I1,158839241,158956747,TRUE,FALSE
chr7_158896845,constitutive,chr7,158896845,DYNC2I1,158839241,158956747,TRUE,FALSE
chr7_158897046,constitutive,chr7,158897046,DYNC2I1,158839241,158956747,TRUE,FALSE
chr7_158897057,constitutive,chr7,158897057,DYNC2I1,158839241,158956747,TRUE,FALSE
chr7_158897108,constitutive,chr7,158897108,DYNC2I1,158839241,158956747,TRUE,FALSE
chr7_158897135,constitutive,chr7,158897135,DYNC2I1,158839241,158956747,TRUE,FALSE
chr7_158898234,constitutive,chr7,158898234,DYNC2I1,158839241,158956747,TRUE,FALSE
chr7_158898250,ambiguous,chr7,158898250,DYNC2I1,158839241,158956747,TRUE,FALSE
chr7_158898267,ambiguous,chr7,158898267,DYNC2I1,158839241,158956747,TRUE,FALSE
chr7_158898529,constitutive,chr7,158898529,DYNC2I1,158839241,158956747,TRUE,FALSE
chr7_158899075,constitutive,chr7,158899075,DYNC2I1,158839241,158956747,TRUE,FALSE
chr7_158899351,constitutive,chr7,158899351,DYNC2I1,158839241,158956747,TRUE,FALSE
chr7_158899371,constitutive,chr7,158899371,DYNC2I1,158839241,158956747,TRUE,FALSE
chr7_158899540,constitutive,chr7,158899540,DYNC2I1,158839241,158956747,TRUE,FALSE
chr7_158899664,constitutive,chr7,158899664,DYNC2I1,158839241,158956747,TRUE,FALSE
chr7_158899752,constitutive,chr7,158899752,DYNC2I1,158839241,158956747,TRUE,FALSE
chr7_158899849,constitutive,chr7,158899849,DYNC2I1,158839241,158956747,TRUE,FALSE
chr7_158899878,constitutive,chr7,158899878,DYNC2I1,158839241,158956747,TRUE,FALSE
chr7_158900184,constitutive,chr7,158900184,DYNC2I1,158839241,158956747,TRUE,FALSE
chr7_158900195,constitutive,chr7,158900195,DYNC2I1,158839241,158956747,TRUE,FALSE
chr7_158900278,constitutive,chr7,158900278,DYNC2I1,158839241,158956747,TRUE,FALSE
chr7_158900373,constitutive,chr7,158900373,DYNC2I1,158839241,158956747,TRUE,FALSE
chr7_158900411,constitutive,chr7,158900411,DYNC2I1,158839241,158956747,TRUE,FALSE
chr7_158900413,constitutive,chr7,158900413,DYNC2I1,158839241,158956747,TRUE,FALSE
chr7_158900584,constitutive,chr7,158900584,DYNC2I1,158839241,158956747,TRUE,FALSE
chr7_158900756,constitutive,chr7,158900756,DYNC2I1,158839241,158956747,TRUE,FALSE
chr7_158900907,constitutive,chr7,158900907,DYNC2I1,158839241,158956747,TRUE,FALSE
chr7_158901131,constitutive,chr7,158901131,DYNC2I1,158839241,158956747,TRUE,FALSE
chr7_158901133,constitutive,chr7,158901133,DYNC2I1,158839241,158956747,TRUE,FALSE
chr7_158901152,constitutive,chr7,158901152,DYNC2I1,158839241,158956747,TRUE,FALSE
chr7_158901262,constitutive,chr7,158901262,DYNC2I1,158839241,158956747,TRUE,FALSE
chr7_158901268,constitutive,chr7,158901268,DYNC2I1,158839241,158956747,TRUE,FALSE
chr7_158901418,constitutive,chr7,158901418,DYNC2I1,158839241,158956747,TRUE,FALSE
chr7_158902125,constitutive,chr7,158902125,DYNC2I1,158839241,158956747,TRUE,FALSE
chr7_158902531,constitutive,chr7,158902531,DYNC2I1,158839241,158956747,TRUE,FALSE
chr7_158902559,constitutive,chr7,158902559,DYNC2I1,158839241,158956747,TRUE,FALSE
chr7_158902625,constitutive,chr7,158902625,DYNC2I1,158839241,158956747,TRUE,FALSE
chr7_158902777,ambiguous,chr7,158902777,DYNC2I1,158839241,158956747,TRUE,FALSE
chr7_158902815,constitutive,chr7,158902815,DYNC2I1,158839241,158956747,TRUE,FALSE
chr7_158902861,constitutive,chr7,158902861,DYNC2I1,158839241,158956747,TRUE,FALSE
chr7_158902998,ambiguous,chr7,158902998,DYNC2I1,158839241,158956747,TRUE,FALSE
chr7_158903007,ambiguous,chr7,158903007,DYNC2I1,158839241,158956747,TRUE,FALSE
chr7_158903191,constitutive,chr7,158903191,DYNC2I1,158839241,158956747,TRUE,FALSE
chr7_158903407,constitutive,chr7,158903407,DYNC2I1,158839241,158956747,TRUE,FALSE
chr7_158903578,constitutive,chr7,158903578,DYNC2I1,158839241,158956747,TRUE,FALSE
chr7_158903650,constitutive,chr7,158903650,DYNC2I1,158839241,158956747,TRUE,FALSE
chr7_158903689,ambiguous,chr7,158903689,DYNC2I1,158839241,158956747,TRUE,FALSE
chr7_158903699,constitutive,chr7,158903699,DYNC2I1,158839241,158956747,TRUE,FALSE
chr7_158903785,constitutive,chr7,158903785,DYNC2I1,158839241,158956747,TRUE,FALSE
chr7_158903787,constitutive,chr7,158903787,DYNC2I1,158839241,158956747,TRUE,FALSE
chr7_158903808,ambiguous,chr7,158903808,DYNC2I1,158839241,158956747,TRUE,FALSE
chr7_158904050,ambiguous,chr7,158904050,DYNC2I1,158839241,158956747,TRUE,FALSE
chr7_158904054,constitutive,chr7,158904054,DYNC2I1,158839241,158956747,TRUE,FALSE
chr7_158904106,ambiguous,chr7,158904106,DYNC2I1,158839241,158956747,TRUE,FALSE
chr7_158904288,ambiguous,chr7,158904288,DYNC2I1,158839241,158956747,TRUE,FALSE
chr7_158904307,ambiguous,chr7,158904307,DYNC2I1,158839241,158956747,TRUE,FALSE
chr7_158904384,constitutive,chr7,158904384,DYNC2I1,158839241,158956747,TRUE,FALSE
chr7_158904415,ambiguous,chr7,158904415,DYNC2I1,158839241,158956747,TRUE,FALSE
chr7_158904437,ambiguous,chr7,158904437,DYNC2I1,158839241,158956747,TRUE,FALSE
chr7_158904460,constitutive,chr7,158904460,DYNC2I1,158839241,158956747,TRUE,FALSE
chr7_158904530,constitutive,chr7,158904530,DYNC2I1,158839241,158956747,TRUE,FALSE
chr7_158904555,constitutive,chr7,158904555,DYNC2I1,158839241,158956747,TRUE,FALSE
chr7_158904606,ambiguous,chr7,158904606,DYNC2I1,158839241,158956747,TRUE,FALSE
chr7_158904713,constitutive,chr7,158904713,DYNC2I1,158839241,158956747,TRUE,FALSE
chr7_158904785,constitutive,chr7,158904785,DYNC2I1,158839241,158956747,TRUE,FALSE
chr7_158904863,ambiguous,chr7,158904863,DYNC2I1,158839241,158956747,TRUE,FALSE
chr7_158904929,ambiguous,chr7,158904929,DYNC2I1,158839241,158956747,TRUE,FALSE
chr7_158904936,constitutive,chr7,158904936,DYNC2I1,158839241,158956747,TRUE,FALSE
chr7_158904979,ambiguous,chr7,158904979,DYNC2I1,158839241,158956747,TRUE,FALSE
chr7_158905047,constitutive,chr7,158905047,DYNC2I1,158839241,158956747,TRUE,FALSE
chr7_158905183,constitutive,chr7,158905183,DYNC2I1,158839241,158956747,TRUE,FALSE
chr7_158905209,constitutive,chr7,158905209,DYNC2I1,158839241,158956747,TRUE,FALSE
chr7_158905243,constitutive,chr7,158905243,DYNC2I1,158839241,158956747,TRUE,FALSE
chr7_158905265,constitutive,chr7,158905265,DYNC2I1,158839241,158956747,TRUE,FALSE
chr7_158905289,constitutive,chr7,158905289,DYNC2I1,158839241,158956747,TRUE,FALSE
chr7_158905329,constitutive,chr7,158905329,DYNC2I1,158839241,158956747,TRUE,FALSE
chr7_158905350,constitutive,chr7,158905350,DYNC2I1,158839241,158956747,TRUE,FALSE
chr7_158905383,constitutive,chr7,158905383,DYNC2I1,158839241,158956747,TRUE,FALSE
chr7_158905392,constitutive,chr7,158905392,DYNC2I1,158839241,158956747,TRUE,FALSE
chr7_158905430,constitutive,chr7,158905430,DYNC2I1,158839241,158956747,TRUE,FALSE
chr7_158905562,constitutive,chr7,158905562,DYNC2I1,158839241,158956747,TRUE,FALSE
chr7_158905692,constitutive,chr7,158905692,DYNC2I1,158839241,158956747,TRUE,FALSE
chr7_158905953,constitutive,chr7,158905953,DYNC2I1,158839241,158956747,TRUE,FALSE
chr7_158906057,constitutive,chr7,158906057,DYNC2I1,158839241,158956747,TRUE,FALSE
chr7_158906069,constitutive,chr7,158906069,DYNC2I1,158839241,158956747,TRUE,FALSE
chr7_158906167,ambiguous,chr7,158906167,DYNC2I1,158839241,158956747,TRUE,FALSE
chr7_158906319,constitutive,chr7,158906319,DYNC2I1,158839241,158956747,TRUE,FALSE
chr7_158906349,constitutive,chr7,158906349,DYNC2I1,158839241,158956747,TRUE,FALSE
chr7_158906521,constitutive,chr7,158906521,DYNC2I1,158839241,158956747,TRUE,FALSE
chr7_158906551,constitutive,chr7,158906551,DYNC2I1,158839241,158956747,TRUE,FALSE
chr7_158906607,constitutive,chr7,158906607,DYNC2I1,158839241,158956747,TRUE,FALSE
chr7_158906615,constitutive,chr7,158906615,DYNC2I1,158839241,158956747,TRUE,FALSE
chr7_158906677,constitutive,chr7,158906677,DYNC2I1,158839241,158956747,TRUE,FALSE
chr7_158906685,constitutive,chr7,158906685,DYNC2I1,158839241,158956747,TRUE,FALSE
chr7_158906980,constitutive,chr7,158906980,DYNC2I1,158839241,158956747,TRUE,FALSE
chr7_158906985,constitutive,chr7,158906985,DYNC2I1,158839241,158956747,TRUE,FALSE
chr7_158907047,constitutive,chr7,158907047,DYNC2I1,158839241,158956747,TRUE,FALSE
chr7_158907053,constitutive,chr7,158907053,DYNC2I1,158839241,158956747,TRUE,FALSE
chr7_158907063,constitutive,chr7,158907063,DYNC2I1,158839241,158956747,TRUE,FALSE
chr7_158907144,constitutive,chr7,158907144,DYNC2I1,158839241,158956747,TRUE,FALSE
chr7_158907582,ambiguous,chr7,158907582,DYNC2I1,158839241,158956747,TRUE,FALSE
chr7_158908057,constitutive,chr7,158908057,DYNC2I1,158839241,158956747,TRUE,FALSE
chr7_158908125,constitutive,chr7,158908125,DYNC2I1,158839241,158956747,TRUE,FALSE
chr7_158908127,constitutive,chr7,158908127,DYNC2I1,158839241,158956747,TRUE,FALSE
chr7_158908711,constitutive,chr7,158908711,DYNC2I1,158839241,158956747,TRUE,FALSE
chr7_158908740,constitutive,chr7,158908740,DYNC2I1,158839241,158956747,TRUE,FALSE
chr7_158908753,constitutive,chr7,158908753,DYNC2I1,158839241,158956747,TRUE,FALSE
chr7_158908757,constitutive,chr7,158908757,DYNC2I1,158839241,158956747,TRUE,FALSE
chr7_158908776,constitutive,chr7,158908776,DYNC2I1,158839241,158956747,TRUE,FALSE
chr7_158908806,constitutive,chr7,158908806,DYNC2I1,158839241,158956747,TRUE,FALSE
chr7_158909101,constitutive,chr7,158909101,DYNC2I1,158839241,158956747,TRUE,FALSE
chr7_158909105,constitutive,chr7,158909105,DYNC2I1,158839241,158956747,TRUE,FALSE
chr7_158909128,constitutive,chr7,158909128,DYNC2I1,158839241,158956747,TRUE,FALSE
chr7_158909159,constitutive,chr7,158909159,DYNC2I1,158839241,158956747,TRUE,FALSE
chr7_158909223,constitutive,chr7,158909223,DYNC2I1,158839241,158956747,TRUE,FALSE
chr7_158909274,constitutive,chr7,158909274,DYNC2I1,158839241,158956747,TRUE,FALSE
chr7_158909285,constitutive,chr7,158909285,DYNC2I1,158839241,158956747,TRUE,FALSE
chr7_158909309,constitutive,chr7,158909309,DYNC2I1,158839241,158956747,TRUE,FALSE
chr7_158909466,constitutive,chr7,158909466,DYNC2I1,158839241,158956747,TRUE,FALSE
chr7_158909501,constitutive,chr7,158909501,DYNC2I1,158839241,158956747,TRUE,FALSE
chr7_158909514,constitutive,chr7,158909514,DYNC2I1,158839241,158956747,TRUE,FALSE
chr7_158909655,constitutive,chr7,158909655,DYNC2I1,158839241,158956747,TRUE,FALSE
chr7_158909670,constitutive,chr7,158909670,DYNC2I1,158839241,158956747,TRUE,FALSE
chr7_158909688,constitutive,chr7,158909688,DYNC2I1,158839241,158956747,TRUE,FALSE
chr7_158909719,constitutive,chr7,158909719,DYNC2I1,158839241,158956747,TRUE,FALSE
chr7_158909805,constitutive,chr7,158909805,DYNC2I1,158839241,158956747,TRUE,FALSE
chr7_158909809,constitutive,chr7,158909809,DYNC2I1,158839241,158956747,TRUE,FALSE
chr7_158909819,constitutive,chr7,158909819,DYNC2I1,158839241,158956747,TRUE,FALSE
chr7_158909851,constitutive,chr7,158909851,DYNC2I1,158839241,158956747,TRUE,FALSE
chr7_158909890,constitutive,chr7,158909890,DYNC2I1,158839241,158956747,TRUE,FALSE
chr7_158909955,constitutive,chr7,158909955,DYNC2I1,158839241,158956747,TRUE,FALSE
chr7_158909992,constitutive,chr7,158909992,DYNC2I1,158839241,158956747,TRUE,FALSE
chr7_158910012,constitutive,chr7,158910012,DYNC2I1,158839241,158956747,TRUE,FALSE
chr7_158910017,constitutive,chr7,158910017,DYNC2I1,158839241,158956747,TRUE,FALSE
chr7_158910025,constitutive,chr7,158910025,DYNC2I1,158839241,158956747,TRUE,FALSE
chr7_158910054,constitutive,chr7,158910054,DYNC2I1,158839241,158956747,TRUE,FALSE
chr7_158910065,constitutive,chr7,158910065,DYNC2I1,158839241,158956747,TRUE,FALSE
chr7_158910100,constitutive,chr7,158910100,DYNC2I1,158839241,158956747,TRUE,FALSE
chr7_158910153,constitutive,chr7,158910153,DYNC2I1,158839241,158956747,TRUE,FALSE
chr7_158910204,ambiguous,chr7,158910204,DYNC2I1,158839241,158956747,TRUE,FALSE
chr7_158910243,ambiguous,chr7,158910243,DYNC2I1,158839241,158956747,TRUE,FALSE
chr7_158910251,ambiguous,chr7,158910251,DYNC2I1,158839241,158956747,TRUE,FALSE
chr7_158910254,ambiguous,chr7,158910254,DYNC2I1,158839241,158956747,TRUE,FALSE
chr7_158910259,ambiguous,chr7,158910259,DYNC2I1,158839241,158956747,TRUE,FALSE
chr7_158910283,constitutive,chr7,158910283,DYNC2I1,158839241,158956747,TRUE,FALSE
chr7_158910287,ambiguous,chr7,158910287,DYNC2I1,158839241,158956747,TRUE,FALSE
chr7_158910375,constitutive,chr7,158910375,DYNC2I1,158839241,158956747,TRUE,FALSE
chr7_158910415,ME,chr7,158910415,DYNC2I1,158839241,158956747,TRUE,FALSE
chr7_158910441,constitutive,chr7,158910441,DYNC2I1,158839241,158956747,TRUE,FALSE
chr7_158910473,constitutive,chr7,158910473,DYNC2I1,158839241,158956747,TRUE,FALSE
chr7_158910479,constitutive,chr7,158910479,DYNC2I1,158839241,158956747,TRUE,FALSE
chr7_158910536,constitutive,chr7,158910536,DYNC2I1,158839241,158956747,TRUE,FALSE
chr7_158910543,ambiguous,chr7,158910543,DYNC2I1,158839241,158956747,TRUE,FALSE
chr7_158910612,constitutive,chr7,158910612,DYNC2I1,158839241,158956747,TRUE,FALSE
chr7_158910644,constitutive,chr7,158910644,DYNC2I1,158839241,158956747,TRUE,FALSE
chr7_158910680,constitutive,chr7,158910680,DYNC2I1,158839241,158956747,TRUE,FALSE
chr7_158910687,constitutive,chr7,158910687,DYNC2I1,158839241,158956747,TRUE,FALSE
chr7_158910718,constitutive,chr7,158910718,DYNC2I1,158839241,158956747,TRUE,FALSE
chr7_158910725,ambiguous,chr7,158910725,DYNC2I1,158839241,158956747,TRUE,FALSE
chr7_158910793,constitutive,chr7,158910793,DYNC2I1,158839241,158956747,TRUE,FALSE
chr7_158910800,constitutive,chr7,158910800,DYNC2I1,158839241,158956747,TRUE,FALSE
chr7_158910856,constitutive,chr7,158910856,DYNC2I1,158839241,158956747,TRUE,FALSE
chr7_158910895,constitutive,chr7,158910895,DYNC2I1,158839241,158956747,TRUE,FALSE
chr7_158910926,constitutive,chr7,158910926,DYNC2I1,158839241,158956747,TRUE,FALSE
chr7_158910958,constitutive,chr7,158910958,DYNC2I1,158839241,158956747,TRUE,FALSE
chr7_158910990,constitutive,chr7,158910990,DYNC2I1,158839241,158956747,TRUE,FALSE
chr7_158911009,constitutive,chr7,158911009,DYNC2I1,158839241,158956747,TRUE,FALSE
chr7_158911016,constitutive,chr7,158911016,DYNC2I1,158839241,158956747,TRUE,FALSE
chr7_158911022,constitutive,chr7,158911022,DYNC2I1,158839241,158956747,TRUE,FALSE
chr7_158911047,constitutive,chr7,158911047,DYNC2I1,158839241,158956747,TRUE,FALSE
chr7_158911054,constitutive,chr7,158911054,DYNC2I1,158839241,158956747,TRUE,FALSE
chr7_158911063,constitutive,chr7,158911063,DYNC2I1,158839241,158956747,TRUE,FALSE
chr7_158911123,constitutive,chr7,158911123,DYNC2I1,158839241,158956747,TRUE,FALSE
chr7_158911148,constitutive,chr7,158911148,DYNC2I1,158839241,158956747,TRUE,FALSE
chr7_158911155,constitutive,chr7,158911155,DYNC2I1,158839241,158956747,TRUE,FALSE
chr7_158911276,constitutive,chr7,158911276,DYNC2I1,158839241,158956747,TRUE,FALSE
chr7_158911286,constitutive,chr7,158911286,DYNC2I1,158839241,158956747,TRUE,FALSE
chr7_158911303,constitutive,chr7,158911303,DYNC2I1,158839241,158956747,TRUE,FALSE
chr7_158911316,ambiguous,chr7,158911316,DYNC2I1,158839241,158956747,TRUE,FALSE
chr7_158911325,constitutive,chr7,158911325,DYNC2I1,158839241,158956747,TRUE,FALSE
chr7_158911371,ambiguous,chr7,158911371,DYNC2I1,158839241,158956747,TRUE,FALSE
chr7_158911501,constitutive,chr7,158911501,DYNC2I1,158839241,158956747,TRUE,FALSE
chr7_158911512,constitutive,chr7,158911512,DYNC2I1,158839241,158956747,TRUE,FALSE
chr7_158911572,constitutive,chr7,158911572,DYNC2I1,158839241,158956747,TRUE,FALSE
chr7_158911847,constitutive,chr7,158911847,DYNC2I1,158839241,158956747,TRUE,FALSE
chr7_158911855,constitutive,chr7,158911855,DYNC2I1,158839241,158956747,TRUE,FALSE
chr7_158911871,constitutive,chr7,158911871,DYNC2I1,158839241,158956747,TRUE,FALSE
chr7_158911916,constitutive,chr7,158911916,DYNC2I1,158839241,158956747,TRUE,FALSE
chr7_158912013,ambiguous,chr7,158912013,DYNC2I1,158839241,158956747,TRUE,FALSE
chr7_158912084,constitutive,chr7,158912084,DYNC2I1,158839241,158956747,TRUE,FALSE
chr7_158912412,constitutive,chr7,158912412,DYNC2I1,158839241,158956747,TRUE,FALSE
chr7_158912552,ambiguous,chr7,158912552,DYNC2I1,158839241,158956747,TRUE,FALSE
chr7_158912778,ambiguous,chr7,158912778,DYNC2I1,158839241,158956747,TRUE,FALSE
chr7_158912835,constitutive,chr7,158912835,DYNC2I1,158839241,158956747,TRUE,FALSE
chr7_158912839,ambiguous,chr7,158912839,DYNC2I1,158839241,158956747,TRUE,FALSE
chr7_158912940,ambiguous,chr7,158912940,DYNC2I1,158839241,158956747,TRUE,FALSE
chr7_158913031,constitutive,chr7,158913031,DYNC2I1,158839241,158956747,TRUE,FALSE
chr7_158913070,constitutive,chr7,158913070,DYNC2I1,158839241,158956747,TRUE,FALSE
chr7_158913256,ambiguous,chr7,158913256,DYNC2I1,158839241,158956747,TRUE,FALSE
chr7_158913310,ambiguous,chr7,158913310,DYNC2I1,158839241,158956747,TRUE,FALSE
chr7_158913400,ambiguous,chr7,158913400,DYNC2I1,158839241,158956747,TRUE,FALSE
chr7_158913512,constitutive,chr7,158913512,DYNC2I1,158839241,158956747,TRUE,FALSE
chr7_158913555,constitutive,chr7,158913555,DYNC2I1,158839241,158956747,TRUE,FALSE
chr7_158913794,constitutive,chr7,158913794,DYNC2I1,158839241,158956747,TRUE,FALSE
chr7_158913853,constitutive,chr7,158913853,DYNC2I1,158839241,158956747,TRUE,FALSE
chr7_158913906,constitutive,chr7,158913906,DYNC2I1,158839241,158956747,TRUE,FALSE
chr7_158913961,constitutive,chr7,158913961,DYNC2I1,158839241,158956747,TRUE,FALSE
chr7_158914197,ambiguous,chr7,158914197,DYNC2I1,158839241,158956747,TRUE,FALSE
chr7_158914203,constitutive,chr7,158914203,DYNC2I1,158839241,158956747,TRUE,FALSE
chr7_158914307,constitutive,chr7,158914307,DYNC2I1,158839241,158956747,TRUE,FALSE
chr7_158914615,ambiguous,chr7,158914615,DYNC2I1,158839241,158956747,TRUE,FALSE
chr7_158914784,constitutive,chr7,158914784,DYNC2I1,158839241,158956747,TRUE,FALSE
chr7_158914963,constitutive,chr7,158914963,DYNC2I1,158839241,158956747,TRUE,FALSE
chr7_158915034,constitutive,chr7,158915034,DYNC2I1,158839241,158956747,TRUE,FALSE
chr7_158915052,constitutive,chr7,158915052,DYNC2I1,158839241,158956747,TRUE,FALSE
chr7_158915085,ambiguous,chr7,158915085,DYNC2I1,158839241,158956747,TRUE,FALSE
chr7_158915166,constitutive,chr7,158915166,DYNC2I1,158839241,158956747,TRUE,FALSE
chr7_158915195,constitutive,chr7,158915195,DYNC2I1,158839241,158956747,TRUE,FALSE
chr7_158915200,constitutive,chr7,158915200,DYNC2I1,158839241,158956747,TRUE,FALSE
chr7_158915233,ambiguous,chr7,158915233,DYNC2I1,158839241,158956747,TRUE,FALSE
chr7_158915271,constitutive,chr7,158915271,DYNC2I1,158839241,158956747,TRUE,FALSE
chr7_158915276,ME,chr7,158915276,DYNC2I1,158839241,158956747,TRUE,FALSE
chr7_158915314,ambiguous,chr7,158915314,DYNC2I1,158839241,158956747,TRUE,FALSE
chr7_158915344,ambiguous,chr7,158915344,DYNC2I1,158839241,158956747,TRUE,FALSE
chr7_158915347,constitutive,chr7,158915347,DYNC2I1,158839241,158956747,TRUE,FALSE
chr7_158915352,constitutive,chr7,158915352,DYNC2I1,158839241,158956747,TRUE,FALSE
chr7_158915382,ambiguous,chr7,158915382,DYNC2I1,158839241,158956747,TRUE,FALSE
chr7_158915385,constitutive,chr7,158915385,DYNC2I1,158839241,158956747,TRUE,FALSE
chr7_158915420,ambiguous,chr7,158915420,DYNC2I1,158839241,158956747,TRUE,FALSE
chr7_158915423,ambiguous,chr7,158915423,DYNC2I1,158839241,158956747,TRUE,FALSE
chr7_158915428,constitutive,chr7,158915428,DYNC2I1,158839241,158956747,TRUE,FALSE
chr7_158915458,ambiguous,chr7,158915458,DYNC2I1,158839241,158956747,TRUE,FALSE
chr7_158915461,constitutive,chr7,158915461,DYNC2I1,158839241,158956747,TRUE,FALSE
chr7_158915466,ambiguous,chr7,158915466,DYNC2I1,158839241,158956747,TRUE,FALSE
chr7_158915499,constitutive,chr7,158915499,DYNC2I1,158839241,158956747,TRUE,FALSE
chr7_158915504,ambiguous,chr7,158915504,DYNC2I1,158839241,158956747,TRUE,FALSE
chr7_158915537,constitutive,chr7,158915537,DYNC2I1,158839241,158956747,TRUE,FALSE
chr7_158915542,ME,chr7,158915542,DYNC2I1,158839241,158956747,TRUE,FALSE
chr7_158915575,ambiguous,chr7,158915575,DYNC2I1,158839241,158956747,TRUE,FALSE
chr7_158915580,constitutive,chr7,158915580,DYNC2I1,158839241,158956747,TRUE,FALSE
chr7_158915613,constitutive,chr7,158915613,DYNC2I1,158839241,158956747,TRUE,FALSE
chr7_158915618,ambiguous,chr7,158915618,DYNC2I1,158839241,158956747,TRUE,FALSE
chr7_158915720,constitutive,chr7,158915720,DYNC2I1,158839241,158956747,TRUE,FALSE
chr7_158915723,constitutive,chr7,158915723,DYNC2I1,158839241,158956747,TRUE,FALSE
chr7_158915728,constitutive,chr7,158915728,DYNC2I1,158839241,158956747,TRUE,FALSE
chr7_158915766,constitutive,chr7,158915766,DYNC2I1,158839241,158956747,TRUE,FALSE
chr7_158915796,constitutive,chr7,158915796,DYNC2I1,158839241,158956747,TRUE,FALSE
chr7_158915799,constitutive,chr7,158915799,DYNC2I1,158839241,158956747,TRUE,FALSE
chr7_158915804,constitutive,chr7,158915804,DYNC2I1,158839241,158956747,TRUE,FALSE
chr7_158915834,ambiguous,chr7,158915834,DYNC2I1,158839241,158956747,TRUE,FALSE
chr7_158915842,constitutive,chr7,158915842,DYNC2I1,158839241,158956747,TRUE,FALSE
chr7_158915872,constitutive,chr7,158915872,DYNC2I1,158839241,158956747,TRUE,FALSE
chr7_158915875,ambiguous,chr7,158915875,DYNC2I1,158839241,158956747,TRUE,FALSE
chr7_158915880,constitutive,chr7,158915880,DYNC2I1,158839241,158956747,TRUE,FALSE
chr7_158915910,ambiguous,chr7,158915910,DYNC2I1,158839241,158956747,TRUE,FALSE
chr7_158915913,constitutive,chr7,158915913,DYNC2I1,158839241,158956747,TRUE,FALSE
chr7_158915918,constitutive,chr7,158915918,DYNC2I1,158839241,158956747,TRUE,FALSE
chr7_158915948,ambiguous,chr7,158915948,DYNC2I1,158839241,158956747,TRUE,FALSE
chr7_158915986,ambiguous,chr7,158915986,DYNC2I1,158839241,158956747,TRUE,FALSE
chr7_158915994,ambiguous,chr7,158915994,DYNC2I1,158839241,158956747,TRUE,FALSE
chr7_158917055,ambiguous,chr7,158917055,DYNC2I1,158839241,158956747,TRUE,FALSE
chr7_158917126,constitutive,chr7,158917126,DYNC2I1,158839241,158956747,TRUE,FALSE
chr7_158917131,ambiguous,chr7,158917131,DYNC2I1,158839241,158956747,TRUE,FALSE
chr7_158917244,constitutive,chr7,158917244,DYNC2I1,158839241,158956747,TRUE,FALSE
chr7_158917274,ambiguous,chr7,158917274,DYNC2I1,158839241,158956747,TRUE,FALSE
chr7_158917277,constitutive,chr7,158917277,DYNC2I1,158839241,158956747,TRUE,FALSE
chr7_158917312,ambiguous,chr7,158917312,DYNC2I1,158839241,158956747,TRUE,FALSE
chr7_158917889,ambiguous,chr7,158917889,DYNC2I1,158839241,158956747,TRUE,FALSE
chr7_158917935,ambiguous,chr7,158917935,DYNC2I1,158839241,158956747,TRUE,FALSE
chr7_158917983,ambiguous,chr7,158917983,DYNC2I1,158839241,158956747,TRUE,FALSE
chr7_158918058,ambiguous,chr7,158918058,DYNC2I1,158839241,158956747,TRUE,FALSE
chr7_158918096,ambiguous,chr7,158918096,DYNC2I1,158839241,158956747,TRUE,FALSE
chr7_158918100,ambiguous,chr7,158918100,DYNC2I1,158839241,158956747,TRUE,FALSE
chr7_158918404,ambiguous,chr7,158918404,DYNC2I1,158839241,158956747,TRUE,FALSE
chr7_158918595,constitutive,chr7,158918595,DYNC2I1,158839241,158956747,TRUE,FALSE
chr7_158918600,constitutive,chr7,158918600,DYNC2I1,158839241,158956747,TRUE,FALSE
chr7_158918623,constitutive,chr7,158918623,DYNC2I1,158839241,158956747,TRUE,FALSE
chr7_158918767,constitutive,chr7,158918767,DYNC2I1,158839241,158956747,TRUE,FALSE
chr7_158919230,constitutive,chr7,158919230,DYNC2I1,158839241,158956747,TRUE,FALSE
chr7_158919293,constitutive,chr7,158919293,DYNC2I1,158839241,158956747,TRUE,FALSE
chr7_158919337,constitutive,chr7,158919337,DYNC2I1,158839241,158956747,TRUE,FALSE
chr7_158919357,ambiguous,chr7,158919357,DYNC2I1,158839241,158956747,TRUE,FALSE
chr7_158919495,constitutive,chr7,158919495,DYNC2I1,158839241,158956747,TRUE,FALSE
chr7_158919502,constitutive,chr7,158919502,DYNC2I1,158839241,158956747,TRUE,FALSE
chr7_158919521,constitutive,chr7,158919521,DYNC2I1,158839241,158956747,TRUE,FALSE
chr7_158919552,ambiguous,chr7,158919552,DYNC2I1,158839241,158956747,TRUE,FALSE
chr7_158919560,ME,chr7,158919560,DYNC2I1,158839241,158956747,TRUE,FALSE
chr7_158919580,constitutive,chr7,158919580,DYNC2I1,158839241,158956747,TRUE,FALSE
chr7_158919600,ambiguous,chr7,158919600,DYNC2I1,158839241,158956747,TRUE,FALSE
chr7_158919607,constitutive,chr7,158919607,DYNC2I1,158839241,158956747,TRUE,FALSE
chr7_158919614,ambiguous,chr7,158919614,DYNC2I1,158839241,158956747,TRUE,FALSE
chr7_158919660,ambiguous,chr7,158919660,DYNC2I1,158839241,158956747,TRUE,FALSE
chr7_158919714,ambiguous,chr7,158919714,DYNC2I1,158839241,158956747,TRUE,FALSE
chr7_158919869,Ecto_specific,chr7,158919869,DYNC2I1,158839241,158956747,TRUE,FALSE
chr7_158919877,constitutive,chr7,158919877,DYNC2I1,158839241,158956747,TRUE,FALSE
chr7_158919880,constitutive,chr7,158919880,DYNC2I1,158839241,158956747,TRUE,FALSE
chr7_158919894,ambiguous,chr7,158919894,DYNC2I1,158839241,158956747,TRUE,FALSE
chr7_158919927,constitutive,chr7,158919927,DYNC2I1,158839241,158956747,TRUE,FALSE
chr7_158919948,constitutive,chr7,158919948,DYNC2I1,158839241,158956747,TRUE,FALSE
chr7_158919951,constitutive,chr7,158919951,DYNC2I1,158839241,158956747,TRUE,FALSE
chr7_158919960,constitutive,chr7,158919960,DYNC2I1,158839241,158956747,TRUE,FALSE
chr7_158919985,constitutive,chr7,158919985,DYNC2I1,158839241,158956747,TRUE,FALSE
chr7_158919997,constitutive,chr7,158919997,DYNC2I1,158839241,158956747,TRUE,FALSE
chr7_158920000,constitutive,chr7,158920000,DYNC2I1,158839241,158956747,TRUE,FALSE
chr7_158920009,constitutive,chr7,158920009,DYNC2I1,158839241,158956747,TRUE,FALSE
chr7_158920034,constitutive,chr7,158920034,DYNC2I1,158839241,158956747,TRUE,FALSE
chr7_158920048,constitutive,chr7,158920048,DYNC2I1,158839241,158956747,TRUE,FALSE
chr7_158920057,constitutive,chr7,158920057,DYNC2I1,158839241,158956747,TRUE,FALSE
chr7_158920082,constitutive,chr7,158920082,DYNC2I1,158839241,158956747,TRUE,FALSE
chr7_158920085,constitutive,chr7,158920085,DYNC2I1,158839241,158956747,TRUE,FALSE
chr7_158920093,constitutive,chr7,158920093,DYNC2I1,158839241,158956747,TRUE,FALSE
chr7_158920096,constitutive,chr7,158920096,DYNC2I1,158839241,158956747,TRUE,FALSE
chr7_158920105,constitutive,chr7,158920105,DYNC2I1,158839241,158956747,TRUE,FALSE
chr7_158920130,constitutive,chr7,158920130,DYNC2I1,158839241,158956747,TRUE,FALSE
chr7_158920189,constitutive,chr7,158920189,DYNC2I1,158839241,158956747,TRUE,FALSE
chr7_158920192,constitutive,chr7,158920192,DYNC2I1,158839241,158956747,TRUE,FALSE
chr7_158920201,constitutive,chr7,158920201,DYNC2I1,158839241,158956747,TRUE,FALSE
chr7_158920214,constitutive,chr7,158920214,DYNC2I1,158839241,158956747,TRUE,FALSE
chr7_158920226,constitutive,chr7,158920226,DYNC2I1,158839241,158956747,TRUE,FALSE
chr7_158920229,constitutive,chr7,158920229,DYNC2I1,158839241,158956747,TRUE,FALSE
chr7_158920288,constitutive,chr7,158920288,DYNC2I1,158839241,158956747,TRUE,FALSE
chr7_158920370,constitutive,chr7,158920370,DYNC2I1,158839241,158956747,TRUE,FALSE
chr7_158920381,constitutive,chr7,158920381,DYNC2I1,158839241,158956747,TRUE,FALSE
chr7_158920384,constitutive,chr7,158920384,DYNC2I1,158839241,158956747,TRUE,FALSE
chr7_158920393,constitutive,chr7,158920393,DYNC2I1,158839241,158956747,TRUE,FALSE
chr7_158920402,constitutive,chr7,158920402,DYNC2I1,158839241,158956747,TRUE,FALSE
chr7_158920441,constitutive,chr7,158920441,DYNC2I1,158839241,158956747,TRUE,FALSE
chr7_158920466,constitutive,chr7,158920466,DYNC2I1,158839241,158956747,TRUE,FALSE
chr7_158920537,constitutive,chr7,158920537,DYNC2I1,158839241,158956747,TRUE,FALSE
chr7_158920564,constitutive,chr7,158920564,DYNC2I1,158839241,158956747,TRUE,FALSE
chr7_158920576,constitutive,chr7,158920576,DYNC2I1,158839241,158956747,TRUE,FALSE
chr7_158920585,constitutive,chr7,158920585,DYNC2I1,158839241,158956747,TRUE,FALSE
chr7_158920633,ambiguous,chr7,158920633,DYNC2I1,158839241,158956747,TRUE,FALSE
chr7_158920764,constitutive,chr7,158920764,DYNC2I1,158839241,158956747,TRUE,FALSE
chr7_158920790,constitutive,chr7,158920790,DYNC2I1,158839241,158956747,TRUE,FALSE
chr7_158920893,constitutive,chr7,158920893,DYNC2I1,158839241,158956747,TRUE,FALSE
chr7_158920895,constitutive,chr7,158920895,DYNC2I1,158839241,158956747,TRUE,FALSE
chr7_158920915,constitutive,chr7,158920915,DYNC2I1,158839241,158956747,TRUE,FALSE
chr7_158920920,constitutive,chr7,158920920,DYNC2I1,158839241,158956747,TRUE,FALSE
chr7_158920942,constitutive,chr7,158920942,DYNC2I1,158839241,158956747,TRUE,FALSE
chr7_158920944,constitutive,chr7,158920944,DYNC2I1,158839241,158956747,TRUE,FALSE
chr7_158920955,constitutive,chr7,158920955,DYNC2I1,158839241,158956747,TRUE,FALSE
chr7_158920969,constitutive,chr7,158920969,DYNC2I1,158839241,158956747,TRUE,FALSE
chr7_158921019,constitutive,chr7,158921019,DYNC2I1,158839241,158956747,TRUE,FALSE
chr7_158921049,ambiguous,chr7,158921049,DYNC2I1,158839241,158956747,TRUE,FALSE
chr7_158921264,constitutive,chr7,158921264,DYNC2I1,158839241,158956747,TRUE,FALSE
chr7_158921280,constitutive,chr7,158921280,DYNC2I1,158839241,158956747,TRUE,FALSE
chr7_158921310,ambiguous,chr7,158921310,DYNC2I1,158839241,158956747,TRUE,FALSE
chr7_158921321,constitutive,chr7,158921321,DYNC2I1,158839241,158956747,TRUE,FALSE
chr7_158921344,constitutive,chr7,158921344,DYNC2I1,158839241,158956747,TRUE,FALSE
chr7_158921352,constitutive,chr7,158921352,DYNC2I1,158839241,158956747,TRUE,FALSE
chr7_158921364,constitutive,chr7,158921364,DYNC2I1,158839241,158956747,TRUE,FALSE
chr7_158921387,constitutive,chr7,158921387,DYNC2I1,158839241,158956747,TRUE,FALSE
chr7_158921406,ambiguous,chr7,158921406,DYNC2I1,158839241,158956747,TRUE,FALSE
chr7_158921419,constitutive,chr7,158921419,DYNC2I1,158839241,158956747,TRUE,FALSE
chr7_158921427,ambiguous,chr7,158921427,DYNC2I1,158839241,158956747,TRUE,FALSE
chr7_158921469,ambiguous,chr7,158921469,DYNC2I1,158839241,158956747,TRUE,FALSE
chr7_158921489,ambiguous,chr7,158921489,DYNC2I1,158839241,158956747,TRUE,FALSE
chr7_158921589,constitutive,chr7,158921589,DYNC2I1,158839241,158956747,TRUE,FALSE
chr7_158921634,constitutive,chr7,158921634,DYNC2I1,158839241,158956747,TRUE,FALSE
chr7_158921724,constitutive,chr7,158921724,DYNC2I1,158839241,158956747,TRUE,FALSE
chr7_158921761,constitutive,chr7,158921761,DYNC2I1,158839241,158956747,TRUE,FALSE
chr7_158921766,constitutive,chr7,158921766,DYNC2I1,158839241,158956747,TRUE,FALSE
chr7_158921792,constitutive,chr7,158921792,DYNC2I1,158839241,158956747,TRUE,FALSE
chr7_158921825,constitutive,chr7,158921825,DYNC2I1,158839241,158956747,TRUE,FALSE
chr7_158921865,constitutive,chr7,158921865,DYNC2I1,158839241,158956747,TRUE,FALSE
chr7_158921870,constitutive,chr7,158921870,DYNC2I1,158839241,158956747,TRUE,FALSE
chr7_158921912,constitutive,chr7,158921912,DYNC2I1,158839241,158956747,TRUE,FALSE
chr7_158921915,constitutive,chr7,158921915,DYNC2I1,158839241,158956747,TRUE,FALSE
chr7_158921936,ambiguous,chr7,158921936,DYNC2I1,158839241,158956747,TRUE,FALSE
chr7_158921939,constitutive,chr7,158921939,DYNC2I1,158839241,158956747,TRUE,FALSE
chr7_158921947,constitutive,chr7,158921947,DYNC2I1,158839241,158956747,TRUE,FALSE
chr7_158921951,constitutive,chr7,158921951,DYNC2I1,158839241,158956747,TRUE,FALSE
chr7_158921979,ambiguous,chr7,158921979,DYNC2I1,158839241,158956747,TRUE,FALSE
chr7_158922050,constitutive,chr7,158922050,DYNC2I1,158839241,158956747,TRUE,FALSE
chr7_158922081,constitutive,chr7,158922081,DYNC2I1,158839241,158956747,TRUE,FALSE
chr7_158922088,constitutive,chr7,158922088,DYNC2I1,158839241,158956747,TRUE,FALSE
chr7_158922122,constitutive,chr7,158922122,DYNC2I1,158839241,158956747,TRUE,FALSE
chr7_158922126,constitutive,chr7,158922126,DYNC2I1,158839241,158956747,TRUE,FALSE
chr7_158922219,constitutive,chr7,158922219,DYNC2I1,158839241,158956747,TRUE,FALSE
chr7_158922235,constitutive,chr7,158922235,DYNC2I1,158839241,158956747,TRUE,FALSE
chr7_158922255,constitutive,chr7,158922255,DYNC2I1,158839241,158956747,TRUE,FALSE
chr7_158922266,constitutive,chr7,158922266,DYNC2I1,158839241,158956747,TRUE,FALSE
chr7_158922306,constitutive,chr7,158922306,DYNC2I1,158839241,158956747,TRUE,FALSE
chr7_158922343,constitutive,chr7,158922343,DYNC2I1,158839241,158956747,TRUE,FALSE
chr7_158922379,constitutive,chr7,158922379,DYNC2I1,158839241,158956747,TRUE,FALSE
chr7_158922406,constitutive,chr7,158922406,DYNC2I1,158839241,158956747,TRUE,FALSE
chr7_158922432,constitutive,chr7,158922432,DYNC2I1,158839241,158956747,TRUE,FALSE
chr7_158922438,constitutive,chr7,158922438,DYNC2I1,158839241,158956747,TRUE,FALSE
chr7_158922447,constitutive,chr7,158922447,DYNC2I1,158839241,158956747,TRUE,FALSE
chr7_158922483,constitutive,chr7,158922483,DYNC2I1,158839241,158956747,TRUE,FALSE
chr7_158922570,constitutive,chr7,158922570,DYNC2I1,158839241,158956747,TRUE,FALSE
chr7_158922574,constitutive,chr7,158922574,DYNC2I1,158839241,158956747,TRUE,FALSE
chr7_158922605,constitutive,chr7,158922605,DYNC2I1,158839241,158956747,TRUE,FALSE
chr7_158922631,constitutive,chr7,158922631,DYNC2I1,158839241,158956747,TRUE,FALSE
chr7_158922721,constitutive,chr7,158922721,DYNC2I1,158839241,158956747,TRUE,FALSE
chr7_158922760,constitutive,chr7,158922760,DYNC2I1,158839241,158956747,TRUE,FALSE
chr7_158923007,constitutive,chr7,158923007,DYNC2I1,158839241,158956747,TRUE,FALSE
chr7_158923040,constitutive,chr7,158923040,DYNC2I1,158839241,158956747,TRUE,FALSE
chr7_158923058,constitutive,chr7,158923058,DYNC2I1,158839241,158956747,TRUE,FALSE
chr7_158923076,constitutive,chr7,158923076,DYNC2I1,158839241,158956747,TRUE,FALSE
chr7_158923238,constitutive,chr7,158923238,DYNC2I1,158839241,158956747,TRUE,FALSE
chr7_158923271,ambiguous,chr7,158923271,DYNC2I1,158839241,158956747,TRUE,FALSE
chr7_158923296,constitutive,chr7,158923296,DYNC2I1,158839241,158956747,TRUE,FALSE
chr7_158923335,constitutive,chr7,158923335,DYNC2I1,158839241,158956747,TRUE,FALSE
chr7_158923358,ambiguous,chr7,158923358,DYNC2I1,158839241,158956747,TRUE,FALSE
chr7_158923433,ambiguous,chr7,158923433,DYNC2I1,158839241,158956747,TRUE,FALSE
chr7_158923465,constitutive,chr7,158923465,DYNC2I1,158839241,158956747,TRUE,FALSE
chr7_158923575,ambiguous,chr7,158923575,DYNC2I1,158839241,158956747,TRUE,FALSE
chr7_158923618,constitutive,chr7,158923618,DYNC2I1,158839241,158956747,TRUE,FALSE
chr7_158923626,constitutive,chr7,158923626,DYNC2I1,158839241,158956747,TRUE,FALSE
chr7_158923630,constitutive,chr7,158923630,DYNC2I1,158839241,158956747,TRUE,FALSE
chr7_158923642,constitutive,chr7,158923642,DYNC2I1,158839241,158956747,TRUE,FALSE
chr7_158923686,constitutive,chr7,158923686,DYNC2I1,158839241,158956747,TRUE,FALSE
chr7_158923693,constitutive,chr7,158923693,DYNC2I1,158839241,158956747,TRUE,FALSE
chr7_158923707,ambiguous,chr7,158923707,DYNC2I1,158839241,158956747,TRUE,FALSE
chr7_158923712,constitutive,chr7,158923712,DYNC2I1,158839241,158956747,TRUE,FALSE
chr7_158923717,constitutive,chr7,158923717,DYNC2I1,158839241,158956747,TRUE,FALSE
chr7_158923722,ambiguous,chr7,158923722,DYNC2I1,158839241,158956747,TRUE,FALSE
chr7_158923732,constitutive,chr7,158923732,DYNC2I1,158839241,158956747,TRUE,FALSE
chr7_158923781,ambiguous,chr7,158923781,DYNC2I1,158839241,158956747,TRUE,FALSE
chr7_158923843,constitutive,chr7,158923843,DYNC2I1,158839241,158956747,TRUE,FALSE
chr7_158924133,ambiguous,chr7,158924133,DYNC2I1,158839241,158956747,TRUE,FALSE
chr7_158924155,constitutive,chr7,158924155,DYNC2I1,158839241,158956747,TRUE,FALSE
chr7_158924211,constitutive,chr7,158924211,DYNC2I1,158839241,158956747,TRUE,FALSE
chr7_158924286,constitutive,chr7,158924286,DYNC2I1,158839241,158956747,TRUE,FALSE
chr7_158924288,ambiguous,chr7,158924288,DYNC2I1,158839241,158956747,TRUE,FALSE
chr7_158924304,constitutive,chr7,158924304,DYNC2I1,158839241,158956747,TRUE,FALSE
chr7_158924310,constitutive,chr7,158924310,DYNC2I1,158839241,158956747,TRUE,FALSE
chr7_158924319,ambiguous,chr7,158924319,DYNC2I1,158839241,158956747,TRUE,FALSE
chr7_158924345,constitutive,chr7,158924345,DYNC2I1,158839241,158956747,TRUE,FALSE
chr7_158924355,constitutive,chr7,158924355,DYNC2I1,158839241,158956747,TRUE,FALSE
chr7_158924365,ambiguous,chr7,158924365,DYNC2I1,158839241,158956747,TRUE,FALSE
chr7_158924379,constitutive,chr7,158924379,DYNC2I1,158839241,158956747,TRUE,FALSE
chr7_158924402,constitutive,chr7,158924402,DYNC2I1,158839241,158956747,TRUE,FALSE
chr7_158924452,constitutive,chr7,158924452,DYNC2I1,158839241,158956747,TRUE,FALSE
chr7_158924694,constitutive,chr7,158924694,DYNC2I1,158839241,158956747,TRUE,FALSE
chr7_158924817,constitutive,chr7,158924817,DYNC2I1,158839241,158956747,TRUE,FALSE
chr7_158924916,constitutive,chr7,158924916,DYNC2I1,158839241,158956747,TRUE,FALSE
chr7_158924944,constitutive,chr7,158924944,DYNC2I1,158839241,158956747,TRUE,FALSE
chr7_158925020,constitutive,chr7,158925020,DYNC2I1,158839241,158956747,TRUE,FALSE
chr7_158925045,constitutive,chr7,158925045,DYNC2I1,158839241,158956747,TRUE,FALSE
chr7_158925051,ambiguous,chr7,158925051,DYNC2I1,158839241,158956747,TRUE,FALSE
chr7_158925169,ambiguous,chr7,158925169,DYNC2I1,158839241,158956747,TRUE,FALSE
chr7_158925193,ambiguous,chr7,158925193,DYNC2I1,158839241,158956747,TRUE,FALSE
chr7_158925362,constitutive,chr7,158925362,DYNC2I1,158839241,158956747,TRUE,FALSE
chr7_158925434,ambiguous,chr7,158925434,DYNC2I1,158839241,158956747,TRUE,FALSE
chr7_158925555,ambiguous,chr7,158925555,DYNC2I1,158839241,158956747,TRUE,FALSE
chr7_158925623,constitutive,chr7,158925623,DYNC2I1,158839241,158956747,TRUE,FALSE
chr7_158925655,ambiguous,chr7,158925655,DYNC2I1,158839241,158956747,TRUE,FALSE
chr7_158925741,constitutive,chr7,158925741,DYNC2I1,158839241,158956747,TRUE,FALSE
chr7_158925767,constitutive,chr7,158925767,DYNC2I1,158839241,158956747,TRUE,FALSE
chr7_158925782,constitutive,chr7,158925782,DYNC2I1,158839241,158956747,TRUE,FALSE
chr7_158925786,constitutive,chr7,158925786,DYNC2I1,158839241,158956747,TRUE,FALSE
chr7_158925796,constitutive,chr7,158925796,DYNC2I1,158839241,158956747,TRUE,FALSE
chr7_158925859,constitutive,chr7,158925859,DYNC2I1,158839241,158956747,TRUE,FALSE
chr7_158925996,constitutive,chr7,158925996,DYNC2I1,158839241,158956747,TRUE,FALSE
chr7_158926026,constitutive,chr7,158926026,DYNC2I1,158839241,158956747,TRUE,FALSE
chr7_158926106,constitutive,chr7,158926106,DYNC2I1,158839241,158956747,TRUE,FALSE
chr7_158926127,constitutive,chr7,158926127,DYNC2I1,158839241,158956747,TRUE,FALSE
chr7_158926158,constitutive,chr7,158926158,DYNC2I1,158839241,158956747,TRUE,FALSE
chr7_158926213,constitutive,chr7,158926213,DYNC2I1,158839241,158956747,TRUE,FALSE
chr7_158926247,constitutive,chr7,158926247,DYNC2I1,158839241,158956747,TRUE,FALSE
chr7_158926251,constitutive,chr7,158926251,DYNC2I1,158839241,158956747,TRUE,FALSE
chr7_158926427,constitutive,chr7,158926427,DYNC2I1,158839241,158956747,TRUE,FALSE
chr7_158926492,constitutive,chr7,158926492,DYNC2I1,158839241,158956747,TRUE,FALSE
chr7_158926526,constitutive,chr7,158926526,DYNC2I1,158839241,158956747,TRUE,FALSE
chr7_158926537,constitutive,chr7,158926537,DYNC2I1,158839241,158956747,TRUE,FALSE
chr7_158926546,constitutive,chr7,158926546,DYNC2I1,158839241,158956747,TRUE,FALSE
chr7_158926650,constitutive,chr7,158926650,DYNC2I1,158839241,158956747,TRUE,FALSE
chr7_158926691,constitutive,chr7,158926691,DYNC2I1,158839241,158956747,TRUE,FALSE
chr7_158926693,constitutive,chr7,158926693,DYNC2I1,158839241,158956747,TRUE,FALSE
chr7_158926764,constitutive,chr7,158926764,DYNC2I1,158839241,158956747,TRUE,FALSE
chr7_158926803,constitutive,chr7,158926803,DYNC2I1,158839241,158956747,TRUE,FALSE
chr7_158927021,constitutive,chr7,158927021,DYNC2I1,158839241,158956747,TRUE,FALSE
chr7_158927091,constitutive,chr7,158927091,DYNC2I1,158839241,158956747,TRUE,FALSE
chr7_158927115,constitutive,chr7,158927115,DYNC2I1,158839241,158956747,TRUE,FALSE
chr7_158927156,ambiguous,chr7,158927156,DYNC2I1,158839241,158956747,TRUE,FALSE
chr7_158927230,constitutive,chr7,158927230,DYNC2I1,158839241,158956747,TRUE,FALSE
chr7_158927263,constitutive,chr7,158927263,DYNC2I1,158839241,158956747,TRUE,FALSE
chr7_158927351,constitutive,chr7,158927351,DYNC2I1,158839241,158956747,TRUE,FALSE
chr7_158927512,constitutive,chr7,158927512,DYNC2I1,158839241,158956747,TRUE,FALSE
chr7_158927584,constitutive,chr7,158927584,DYNC2I1,158839241,158956747,TRUE,FALSE
chr7_158927708,constitutive,chr7,158927708,DYNC2I1,158839241,158956747,TRUE,FALSE
chr7_158927841,constitutive,chr7,158927841,DYNC2I1,158839241,158956747,TRUE,FALSE
chr7_158927975,constitutive,chr7,158927975,DYNC2I1,158839241,158956747,TRUE,FALSE
chr7_158927989,constitutive,chr7,158927989,DYNC2I1,158839241,158956747,TRUE,FALSE
chr7_158928067,constitutive,chr7,158928067,DYNC2I1,158839241,158956747,TRUE,FALSE
chr7_158928107,ME,chr7,158928107,DYNC2I1,158839241,158956747,TRUE,FALSE
chr7_158928188,ambiguous,chr7,158928188,DYNC2I1,158839241,158956747,TRUE,FALSE
chr7_158928221,constitutive,chr7,158928221,DYNC2I1,158839241,158956747,TRUE,FALSE
chr7_158928401,constitutive,chr7,158928401,DYNC2I1,158839241,158956747,TRUE,FALSE
chr7_158928472,constitutive,chr7,158928472,DYNC2I1,158839241,158956747,TRUE,FALSE
chr7_158928482,constitutive,chr7,158928482,DYNC2I1,158839241,158956747,TRUE,FALSE
chr7_158928542,constitutive,chr7,158928542,DYNC2I1,158839241,158956747,TRUE,FALSE
chr7_158928611,constitutive,chr7,158928611,DYNC2I1,158839241,158956747,TRUE,FALSE
chr7_158928635,constitutive,chr7,158928635,DYNC2I1,158839241,158956747,TRUE,FALSE
chr7_158928731,constitutive,chr7,158928731,DYNC2I1,158839241,158956747,TRUE,FALSE
chr7_158928817,constitutive,chr7,158928817,DYNC2I1,158839241,158956747,TRUE,FALSE
chr7_158928855,ME,chr7,158928855,DYNC2I1,158839241,158956747,TRUE,FALSE
chr7_158928875,ambiguous,chr7,158928875,DYNC2I1,158839241,158956747,TRUE,FALSE
chr7_158928916,ambiguous,chr7,158928916,DYNC2I1,158839241,158956747,TRUE,FALSE
chr7_158928960,constitutive,chr7,158928960,DYNC2I1,158839241,158956747,TRUE,FALSE
chr7_158929158,constitutive,chr7,158929158,DYNC2I1,158839241,158956747,TRUE,FALSE
chr7_158929163,constitutive,chr7,158929163,DYNC2I1,158839241,158956747,TRUE,FALSE
chr7_158929172,constitutive,chr7,158929172,DYNC2I1,158839241,158956747,TRUE,FALSE
chr7_158929288,constitutive,chr7,158929288,DYNC2I1,158839241,158956747,TRUE,FALSE
chr7_158929321,constitutive,chr7,158929321,DYNC2I1,158839241,158956747,TRUE,FALSE
chr7_158929335,constitutive,chr7,158929335,DYNC2I1,158839241,158956747,TRUE,FALSE
chr7_158929345,constitutive,chr7,158929345,DYNC2I1,158839241,158956747,TRUE,FALSE
chr7_158929369,constitutive,chr7,158929369,DYNC2I1,158839241,158956747,TRUE,FALSE
chr7_158929375,constitutive,chr7,158929375,DYNC2I1,158839241,158956747,TRUE,FALSE
chr7_158929413,constitutive,chr7,158929413,DYNC2I1,158839241,158956747,TRUE,FALSE
chr7_158929419,constitutive,chr7,158929419,DYNC2I1,158839241,158956747,TRUE,FALSE
chr7_158929435,ambiguous,chr7,158929435,DYNC2I1,158839241,158956747,TRUE,FALSE
chr7_158929475,constitutive,chr7,158929475,DYNC2I1,158839241,158956747,TRUE,FALSE
chr7_158929499,constitutive,chr7,158929499,DYNC2I1,158839241,158956747,TRUE,FALSE
chr7_158929522,constitutive,chr7,158929522,DYNC2I1,158839241,158956747,TRUE,FALSE
chr7_158929528,constitutive,chr7,158929528,DYNC2I1,158839241,158956747,TRUE,FALSE
chr7_158929537,constitutive,chr7,158929537,DYNC2I1,158839241,158956747,TRUE,FALSE
chr7_158929542,constitutive,chr7,158929542,DYNC2I1,158839241,158956747,TRUE,FALSE
chr7_158929561,constitutive,chr7,158929561,DYNC2I1,158839241,158956747,TRUE,FALSE
chr7_158929589,constitutive,chr7,158929589,DYNC2I1,158839241,158956747,TRUE,FALSE
chr7_158929834,constitutive,chr7,158929834,DYNC2I1,158839241,158956747,TRUE,FALSE
chr7_158929964,constitutive,chr7,158929964,DYNC2I1,158839241,158956747,TRUE,FALSE
chr7_158929970,constitutive,chr7,158929970,DYNC2I1,158839241,158956747,TRUE,FALSE
chr7_158930007,constitutive,chr7,158930007,DYNC2I1,158839241,158956747,TRUE,FALSE
chr7_158930073,constitutive,chr7,158930073,DYNC2I1,158839241,158956747,TRUE,FALSE
chr7_158930084,constitutive,chr7,158930084,DYNC2I1,158839241,158956747,TRUE,FALSE
chr7_158930105,constitutive,chr7,158930105,DYNC2I1,158839241,158956747,TRUE,FALSE
chr7_158930148,constitutive,chr7,158930148,DYNC2I1,158839241,158956747,TRUE,FALSE
chr7_158930263,ambiguous,chr7,158930263,DYNC2I1,158839241,158956747,TRUE,FALSE
chr7_158930287,constitutive,chr7,158930287,DYNC2I1,158839241,158956747,TRUE,FALSE
chr7_158930590,constitutive,chr7,158930590,DYNC2I1,158839241,158956747,TRUE,FALSE
chr7_158930771,constitutive,chr7,158930771,DYNC2I1,158839241,158956747,TRUE,FALSE
chr7_158930812,constitutive,chr7,158930812,DYNC2I1,158839241,158956747,TRUE,FALSE
chr7_158930822,constitutive,chr7,158930822,DYNC2I1,158839241,158956747,TRUE,FALSE
chr7_158930828,constitutive,chr7,158930828,DYNC2I1,158839241,158956747,TRUE,FALSE
chr7_158930887,constitutive,chr7,158930887,DYNC2I1,158839241,158956747,TRUE,FALSE
chr7_158930959,constitutive,chr7,158930959,DYNC2I1,158839241,158956747,TRUE,FALSE
chr7_158930963,constitutive,chr7,158930963,DYNC2I1,158839241,158956747,TRUE,FALSE
chr7_158931544,constitutive,chr7,158931544,DYNC2I1,158839241,158956747,TRUE,FALSE
chr7_158931667,constitutive,chr7,158931667,DYNC2I1,158839241,158956747,TRUE,FALSE
chr7_158931779,constitutive,chr7,158931779,DYNC2I1,158839241,158956747,TRUE,FALSE
chr7_158931816,constitutive,chr7,158931816,DYNC2I1,158839241,158956747,TRUE,FALSE
chr7_158931840,constitutive,chr7,158931840,DYNC2I1,158839241,158956747,TRUE,FALSE
chr7_158931857,constitutive,chr7,158931857,DYNC2I1,158839241,158956747,TRUE,FALSE
chr7_158931967,constitutive,chr7,158931967,DYNC2I1,158839241,158956747,TRUE,FALSE
chr7_158931988,constitutive,chr7,158931988,DYNC2I1,158839241,158956747,TRUE,FALSE
chr7_158932022,constitutive,chr7,158932022,DYNC2I1,158839241,158956747,TRUE,FALSE
chr7_158932076,ambiguous,chr7,158932076,DYNC2I1,158839241,158956747,TRUE,FALSE
chr7_158932415,constitutive,chr7,158932415,DYNC2I1,158839241,158956747,TRUE,FALSE
chr7_158932449,constitutive,chr7,158932449,DYNC2I1,158839241,158956747,TRUE,FALSE
chr7_158932462,ambiguous,chr7,158932462,DYNC2I1,158839241,158956747,TRUE,FALSE
chr7_158932500,constitutive,chr7,158932500,DYNC2I1,158839241,158956747,TRUE,FALSE
chr7_158932551,constitutive,chr7,158932551,DYNC2I1,158839241,158956747,TRUE,FALSE
chr7_158932564,ambiguous,chr7,158932564,DYNC2I1,158839241,158956747,TRUE,FALSE
chr7_158932617,ambiguous,chr7,158932617,DYNC2I1,158839241,158956747,TRUE,FALSE
chr7_158932625,constitutive,chr7,158932625,DYNC2I1,158839241,158956747,TRUE,FALSE
chr7_158932676,constitutive,chr7,158932676,DYNC2I1,158839241,158956747,TRUE,FALSE
chr7_158932931,ambiguous,chr7,158932931,DYNC2I1,158839241,158956747,TRUE,FALSE
chr7_158933071,constitutive,chr7,158933071,DYNC2I1,158839241,158956747,TRUE,FALSE
chr7_158933423,constitutive,chr7,158933423,DYNC2I1,158839241,158956747,TRUE,FALSE
chr7_158933426,constitutive,chr7,158933426,DYNC2I1,158839241,158956747,TRUE,FALSE
chr7_158933664,constitutive,chr7,158933664,DYNC2I1,158839241,158956747,TRUE,FALSE
chr7_158934036,constitutive,chr7,158934036,DYNC2I1,158839241,158956747,TRUE,FALSE
chr7_158934371,ambiguous,chr7,158934371,DYNC2I1,158839241,158956747,TRUE,FALSE
chr7_158934386,constitutive,chr7,158934386,DYNC2I1,158839241,158956747,TRUE,FALSE
chr7_158934705,ambiguous,chr7,158934705,DYNC2I1,158839241,158956747,TRUE,FALSE
chr7_158934778,ambiguous,chr7,158934778,DYNC2I1,158839241,158956747,TRUE,FALSE
chr7_158934999,ambiguous,chr7,158934999,DYNC2I1,158839241,158956747,TRUE,FALSE
chr7_158935186,ambiguous,chr7,158935186,DYNC2I1,158839241,158956747,TRUE,FALSE
chr7_158935189,ambiguous,chr7,158935189,DYNC2I1,158839241,158956747,TRUE,FALSE
chr7_158935209,constitutive,chr7,158935209,DYNC2I1,158839241,158956747,TRUE,FALSE
chr7_158935246,ambiguous,chr7,158935246,DYNC2I1,158839241,158956747,TRUE,FALSE
chr7_158935388,ambiguous,chr7,158935388,DYNC2I1,158839241,158956747,TRUE,FALSE
chr7_158935485,ambiguous,chr7,158935485,DYNC2I1,158839241,158956747,TRUE,FALSE
chr7_158935803,ambiguous,chr7,158935803,DYNC2I1,158839241,158956747,TRUE,FALSE
chr7_158935855,constitutive,chr7,158935855,DYNC2I1,158839241,158956747,TRUE,FALSE
chr7_158935927,constitutive,chr7,158935927,DYNC2I1,158839241,158956747,TRUE,FALSE
chr7_158935950,constitutive,chr7,158935950,DYNC2I1,158839241,158956747,TRUE,FALSE
chr7_158936020,constitutive,chr7,158936020,DYNC2I1,158839241,158956747,TRUE,FALSE
chr7_158936051,ME,chr7,158936051,DYNC2I1,158839241,158956747,TRUE,FALSE
chr7_158936105,constitutive,chr7,158936105,DYNC2I1,158839241,158956747,TRUE,FALSE
chr7_158936139,constitutive,chr7,158936139,DYNC2I1,158839241,158956747,TRUE,FALSE
chr7_158936185,constitutive,chr7,158936185,DYNC2I1,158839241,158956747,TRUE,FALSE
chr7_158936575,constitutive,chr7,158936575,DYNC2I1,158839241,158956747,TRUE,FALSE
chr7_158936697,constitutive,chr7,158936697,DYNC2I1,158839241,158956747,TRUE,FALSE
chr7_158936840,constitutive,chr7,158936840,DYNC2I1,158839241,158956747,TRUE,FALSE
chr7_158937354,constitutive,chr7,158937354,DYNC2I1,158839241,158956747,TRUE,FALSE
chr7_158937364,constitutive,chr7,158937364,DYNC2I1,158839241,158956747,TRUE,FALSE
chr7_158937392,constitutive,chr7,158937392,DYNC2I1,158839241,158956747,TRUE,FALSE
chr7_158937397,constitutive,chr7,158937397,DYNC2I1,158839241,158956747,TRUE,FALSE
chr7_158937408,constitutive,chr7,158937408,DYNC2I1,158839241,158956747,TRUE,FALSE
chr7_158937422,constitutive,chr7,158937422,DYNC2I1,158839241,158956747,TRUE,FALSE
chr7_158937442,constitutive,chr7,158937442,DYNC2I1,158839241,158956747,TRUE,FALSE
chr7_158937486,constitutive,chr7,158937486,DYNC2I1,158839241,158956747,TRUE,FALSE
chr7_158937494,constitutive,chr7,158937494,DYNC2I1,158839241,158956747,TRUE,FALSE
chr7_158937498,constitutive,chr7,158937498,DYNC2I1,158839241,158956747,TRUE,FALSE
chr7_158938360,constitutive,chr7,158938360,DYNC2I1,158839241,158956747,TRUE,FALSE
chr7_158938495,constitutive,chr7,158938495,DYNC2I1,158839241,158956747,TRUE,FALSE
chr7_158938505,ME,chr7,158938505,DYNC2I1,158839241,158956747,TRUE,FALSE
chr7_158938527,constitutive,chr7,158938527,DYNC2I1,158839241,158956747,TRUE,FALSE
chr7_158938554,constitutive,chr7,158938554,DYNC2I1,158839241,158956747,TRUE,FALSE
chr7_158938624,constitutive,chr7,158938624,DYNC2I1,158839241,158956747,TRUE,FALSE
chr7_158938670,constitutive,chr7,158938670,DYNC2I1,158839241,158956747,TRUE,FALSE
chr7_158938718,constitutive,chr7,158938718,DYNC2I1,158839241,158956747,TRUE,FALSE
chr7_158938823,constitutive,chr7,158938823,DYNC2I1,158839241,158956747,TRUE,FALSE
chr7_158939378,constitutive,chr7,158939378,DYNC2I1,158839241,158956747,TRUE,FALSE
chr7_158939440,constitutive,chr7,158939440,DYNC2I1,158839241,158956747,TRUE,FALSE
chr7_158940292,constitutive,chr7,158940292,DYNC2I1,158839241,158956747,TRUE,FALSE
chr7_158940387,constitutive,chr7,158940387,DYNC2I1,158839241,158956747,TRUE,FALSE
chr7_158940422,constitutive,chr7,158940422,DYNC2I1,158839241,158956747,TRUE,FALSE
chr7_158940432,constitutive,chr7,158940432,DYNC2I1,158839241,158956747,TRUE,FALSE
chr7_158940599,constitutive,chr7,158940599,DYNC2I1,158839241,158956747,TRUE,FALSE
chr7_158941067,constitutive,chr7,158941067,DYNC2I1,158839241,158956747,TRUE,FALSE
chr7_158941385,ME,chr7,158941385,DYNC2I1,158839241,158956747,TRUE,FALSE
chr7_158941679,constitutive,chr7,158941679,DYNC2I1,158839241,158956747,TRUE,FALSE
chr7_158941718,constitutive,chr7,158941718,DYNC2I1,158839241,158956747,TRUE,FALSE
chr7_158941722,constitutive,chr7,158941722,DYNC2I1,158839241,158956747,TRUE,FALSE
chr7_158941752,constitutive,chr7,158941752,DYNC2I1,158839241,158956747,TRUE,FALSE
chr7_158941778,constitutive,chr7,158941778,DYNC2I1,158839241,158956747,TRUE,FALSE
chr7_158941802,constitutive,chr7,158941802,DYNC2I1,158839241,158956747,TRUE,FALSE
chr7_158941927,constitutive,chr7,158941927,DYNC2I1,158839241,158956747,TRUE,FALSE
chr7_158941935,constitutive,chr7,158941935,DYNC2I1,158839241,158956747,TRUE,FALSE
chr7_158941939,constitutive,chr7,158941939,DYNC2I1,158839241,158956747,TRUE,FALSE
chr7_158941969,constitutive,chr7,158941969,DYNC2I1,158839241,158956747,TRUE,FALSE
chr7_158941971,constitutive,chr7,158941971,DYNC2I1,158839241,158956747,TRUE,FALSE
chr7_158941977,constitutive,chr7,158941977,DYNC2I1,158839241,158956747,TRUE,FALSE
chr7_158942001,constitutive,chr7,158942001,DYNC2I1,158839241,158956747,TRUE,FALSE
chr7_158942013,constitutive,chr7,158942013,DYNC2I1,158839241,158956747,TRUE,FALSE
chr7_158942020,constitutive,chr7,158942020,DYNC2I1,158839241,158956747,TRUE,FALSE
chr7_158942050,constitutive,chr7,158942050,DYNC2I1,158839241,158956747,TRUE,FALSE
chr7_158942068,constitutive,chr7,158942068,DYNC2I1,158839241,158956747,TRUE,FALSE
chr7_158942107,constitutive,chr7,158942107,DYNC2I1,158839241,158956747,TRUE,FALSE
chr7_158942194,constitutive,chr7,158942194,DYNC2I1,158839241,158956747,TRUE,FALSE
chr7_158942200,ambiguous,chr7,158942200,DYNC2I1,158839241,158956747,TRUE,FALSE
chr7_158942213,constitutive,chr7,158942213,DYNC2I1,158839241,158956747,TRUE,FALSE
chr7_158942323,constitutive,chr7,158942323,DYNC2I1,158839241,158956747,TRUE,FALSE
chr7_158942386,constitutive,chr7,158942386,DYNC2I1,158839241,158956747,TRUE,FALSE
chr7_158942390,constitutive,chr7,158942390,DYNC2I1,158839241,158956747,TRUE,FALSE
chr7_158942398,constitutive,chr7,158942398,DYNC2I1,158839241,158956747,TRUE,FALSE
chr7_158942402,constitutive,chr7,158942402,DYNC2I1,158839241,158956747,TRUE,FALSE
chr7_158942413,constitutive,chr7,158942413,DYNC2I1,158839241,158956747,TRUE,FALSE
chr7_158942439,constitutive,chr7,158942439,DYNC2I1,158839241,158956747,TRUE,FALSE
chr7_158942444,constitutive,chr7,158942444,DYNC2I1,158839241,158956747,TRUE,FALSE
chr7_158942447,constitutive,chr7,158942447,DYNC2I1,158839241,158956747,TRUE,FALSE
chr7_158942568,ME,chr7,158942568,DYNC2I1,158839241,158956747,TRUE,FALSE
chr7_158942678,ambiguous,chr7,158942678,DYNC2I1,158839241,158956747,TRUE,FALSE
chr7_158942751,constitutive,chr7,158942751,DYNC2I1,158839241,158956747,TRUE,FALSE
chr7_158942784,Ecto_specific,chr7,158942784,DYNC2I1,158839241,158956747,TRUE,FALSE
chr7_158942825,constitutive,chr7,158942825,DYNC2I1,158839241,158956747,TRUE,FALSE
chr7_158942841,constitutive,chr7,158942841,DYNC2I1,158839241,158956747,TRUE,FALSE
chr7_158942866,constitutive,chr7,158942866,DYNC2I1,158839241,158956747,TRUE,FALSE
chr7_158942905,constitutive,chr7,158942905,DYNC2I1,158839241,158956747,TRUE,FALSE
chr7_158942939,constitutive,chr7,158942939,DYNC2I1,158839241,158956747,TRUE,FALSE
chr7_158942949,constitutive,chr7,158942949,DYNC2I1,158839241,158956747,TRUE,FALSE
chr7_158943192,constitutive,chr7,158943192,DYNC2I1,158839241,158956747,TRUE,FALSE
chr7_158943297,constitutive,chr7,158943297,DYNC2I1,158839241,158956747,TRUE,FALSE
chr7_158943327,ambiguous,chr7,158943327,DYNC2I1,158839241,158956747,TRUE,FALSE
chr7_158943410,ambiguous,chr7,158943410,DYNC2I1,158839241,158956747,TRUE,FALSE
chr7_158943438,ambiguous,chr7,158943438,DYNC2I1,158839241,158956747,TRUE,FALSE
chr7_158943472,constitutive,chr7,158943472,DYNC2I1,158839241,158956747,TRUE,FALSE
chr7_158943476,constitutive,chr7,158943476,DYNC2I1,158839241,158956747,TRUE,FALSE
chr7_158943489,ambiguous,chr7,158943489,DYNC2I1,158839241,158956747,TRUE,FALSE
chr7_158943523,ambiguous,chr7,158943523,DYNC2I1,158839241,158956747,TRUE,FALSE
chr7_158943583,constitutive,chr7,158943583,DYNC2I1,158839241,158956747,TRUE,FALSE
chr7_158943620,constitutive,chr7,158943620,DYNC2I1,158839241,158956747,TRUE,FALSE
chr7_158943627,constitutive,chr7,158943627,DYNC2I1,158839241,158956747,TRUE,FALSE
chr7_158943677,ambiguous,chr7,158943677,DYNC2I1,158839241,158956747,TRUE,FALSE
chr7_158943721,constitutive,chr7,158943721,DYNC2I1,158839241,158956747,TRUE,FALSE
chr7_158943730,constitutive,chr7,158943730,DYNC2I1,158839241,158956747,TRUE,FALSE
chr7_158943780,constitutive,chr7,158943780,DYNC2I1,158839241,158956747,TRUE,FALSE
chr7_158943819,constitutive,chr7,158943819,DYNC2I1,158839241,158956747,TRUE,FALSE
chr7_158943867,constitutive,chr7,158943867,DYNC2I1,158839241,158956747,TRUE,FALSE
chr7_158943903,constitutive,chr7,158943903,DYNC2I1,158839241,158956747,TRUE,FALSE
chr7_158943911,ambiguous,chr7,158943911,DYNC2I1,158839241,158956747,TRUE,FALSE
chr7_158943918,ambiguous,chr7,158943918,DYNC2I1,158839241,158956747,TRUE,FALSE
chr7_158943943,ambiguous,chr7,158943943,DYNC2I1,158839241,158956747,TRUE,FALSE
chr7_158943969,constitutive,chr7,158943969,DYNC2I1,158839241,158956747,TRUE,FALSE
chr7_158944064,constitutive,chr7,158944064,DYNC2I1,158839241,158956747,TRUE,FALSE
chr7_158944122,constitutive,chr7,158944122,DYNC2I1,158839241,158956747,TRUE,FALSE
chr7_158944149,constitutive,chr7,158944149,DYNC2I1,158839241,158956747,TRUE,FALSE
chr7_158944211,ambiguous,chr7,158944211,DYNC2I1,158839241,158956747,TRUE,FALSE
chr7_158944333,ambiguous,chr7,158944333,DYNC2I1,158839241,158956747,TRUE,FALSE
chr7_158944363,ambiguous,chr7,158944363,DYNC2I1,158839241,158956747,TRUE,FALSE
chr7_158944421,ME,chr7,158944421,DYNC2I1,158839241,158956747,TRUE,FALSE
chr7_158944449,ambiguous,chr7,158944449,DYNC2I1,158839241,158956747,TRUE,FALSE
chr7_158944504,ambiguous,chr7,158944504,DYNC2I1,158839241,158956747,TRUE,FALSE
chr7_158944532,constitutive,chr7,158944532,DYNC2I1,158839241,158956747,TRUE,FALSE
chr7_158944546,ambiguous,chr7,158944546,DYNC2I1,158839241,158956747,TRUE,FALSE
chr7_158944591,ambiguous,chr7,158944591,DYNC2I1,158839241,158956747,TRUE,FALSE
chr7_158944615,constitutive,chr7,158944615,DYNC2I1,158839241,158956747,TRUE,FALSE
chr7_158944622,ambiguous,chr7,158944622,DYNC2I1,158839241,158956747,TRUE,FALSE
chr7_158944823,ambiguous,chr7,158944823,DYNC2I1,158839241,158956747,TRUE,FALSE
chr7_158944831,ambiguous,chr7,158944831,DYNC2I1,158839241,158956747,TRUE,FALSE
chr7_158944846,ambiguous,chr7,158944846,DYNC2I1,158839241,158956747,TRUE,FALSE
chr7_158944878,ambiguous,chr7,158944878,DYNC2I1,158839241,158956747,TRUE,FALSE
chr7_158945070,constitutive,chr7,158945070,DYNC2I1,158839241,158956747,TRUE,FALSE
chr7_158945096,constitutive,chr7,158945096,DYNC2I1,158839241,158956747,TRUE,FALSE
chr7_158945159,constitutive,chr7,158945159,DYNC2I1,158839241,158956747,TRUE,FALSE
chr7_158945189,constitutive,chr7,158945189,DYNC2I1,158839241,158956747,TRUE,FALSE
chr7_158945252,constitutive,chr7,158945252,DYNC2I1,158839241,158956747,TRUE,FALSE
chr7_158945332,ambiguous,chr7,158945332,DYNC2I1,158839241,158956747,TRUE,FALSE
chr7_158945353,ambiguous,chr7,158945353,DYNC2I1,158839241,158956747,TRUE,FALSE
chr7_158945374,constitutive,chr7,158945374,DYNC2I1,158839241,158956747,TRUE,FALSE
chr7_158945404,constitutive,chr7,158945404,DYNC2I1,158839241,158956747,TRUE,FALSE
chr7_158945479,constitutive,chr7,158945479,DYNC2I1,158839241,158956747,TRUE,FALSE
chr7_158945598,ambiguous,chr7,158945598,DYNC2I1,158839241,158956747,TRUE,FALSE
chr7_158945690,constitutive,chr7,158945690,DYNC2I1,158839241,158956747,TRUE,FALSE
chr7_158945697,constitutive,chr7,158945697,DYNC2I1,158839241,158956747,TRUE,FALSE
chr7_158945703,ambiguous,chr7,158945703,DYNC2I1,158839241,158956747,TRUE,FALSE
chr7_158945713,ambiguous,chr7,158945713,DYNC2I1,158839241,158956747,TRUE,FALSE
chr7_158945729,ambiguous,chr7,158945729,DYNC2I1,158839241,158956747,TRUE,FALSE
chr7_158945780,constitutive,chr7,158945780,DYNC2I1,158839241,158956747,TRUE,FALSE
chr7_158945799,ambiguous,chr7,158945799,DYNC2I1,158839241,158956747,TRUE,FALSE
chr7_158945801,ambiguous,chr7,158945801,DYNC2I1,158839241,158956747,TRUE,FALSE
chr7_158946013,ambiguous,chr7,158946013,DYNC2I1,158839241,158956747,TRUE,FALSE
chr7_158946043,ambiguous,chr7,158946043,DYNC2I1,158839241,158956747,TRUE,FALSE
chr7_158946185,constitutive,chr7,158946185,DYNC2I1,158839241,158956747,TRUE,FALSE
chr7_158946278,ambiguous,chr7,158946278,DYNC2I1,158839241,158956747,TRUE,FALSE
chr7_158946465,constitutive,chr7,158946465,DYNC2I1,158839241,158956747,TRUE,FALSE
chr7_158946470,ambiguous,chr7,158946470,DYNC2I1,158839241,158956747,TRUE,FALSE
chr7_158946477,constitutive,chr7,158946477,DYNC2I1,158839241,158956747,TRUE,FALSE
chr7_158946505,constitutive,chr7,158946505,DYNC2I1,158839241,158956747,TRUE,FALSE
chr7_158946803,constitutive,chr7,158946803,DYNC2I1,158839241,158956747,TRUE,FALSE
chr7_158946813,constitutive,chr7,158946813,DYNC2I1,158839241,158956747,TRUE,FALSE
chr7_158946833,constitutive,chr7,158946833,DYNC2I1,158839241,158956747,TRUE,FALSE
chr7_158946879,constitutive,chr7,158946879,DYNC2I1,158839241,158956747,TRUE,FALSE
chr7_158946928,constitutive,chr7,158946928,DYNC2I1,158839241,158956747,TRUE,FALSE
chr7_158946937,constitutive,chr7,158946937,DYNC2I1,158839241,158956747,TRUE,FALSE
chr7_158946963,constitutive,chr7,158946963,DYNC2I1,158839241,158956747,TRUE,FALSE
chr7_158946976,constitutive,chr7,158946976,DYNC2I1,158839241,158956747,TRUE,FALSE
chr7_158946983,constitutive,chr7,158946983,DYNC2I1,158839241,158956747,TRUE,FALSE
chr7_158947003,constitutive,chr7,158947003,DYNC2I1,158839241,158956747,TRUE,FALSE
chr7_158947011,constitutive,chr7,158947011,DYNC2I1,158839241,158956747,TRUE,FALSE
chr7_158947083,constitutive,chr7,158947083,DYNC2I1,158839241,158956747,TRUE,FALSE
chr7_158947209,constitutive,chr7,158947209,DYNC2I1,158839241,158956747,TRUE,FALSE
chr7_158947211,constitutive,chr7,158947211,DYNC2I1,158839241,158956747,TRUE,FALSE
chr7_158947230,constitutive,chr7,158947230,DYNC2I1,158839241,158956747,TRUE,FALSE
chr7_158947232,constitutive,chr7,158947232,DYNC2I1,158839241,158956747,TRUE,FALSE
chr7_158947253,constitutive,chr7,158947253,DYNC2I1,158839241,158956747,TRUE,FALSE
chr7_158947287,constitutive,chr7,158947287,DYNC2I1,158839241,158956747,TRUE,FALSE
chr7_158947306,constitutive,chr7,158947306,DYNC2I1,158839241,158956747,TRUE,FALSE
chr7_158947330,constitutive,chr7,158947330,DYNC2I1,158839241,158956747,TRUE,FALSE
chr7_158947458,constitutive,chr7,158947458,DYNC2I1,158839241,158956747,TRUE,FALSE
chr7_158947491,constitutive,chr7,158947491,DYNC2I1,158839241,158956747,TRUE,FALSE
chr7_158947677,constitutive,chr7,158947677,DYNC2I1,158839241,158956747,TRUE,FALSE
chr7_158947688,constitutive,chr7,158947688,DYNC2I1,158839241,158956747,TRUE,FALSE
chr7_158947787,constitutive,chr7,158947787,DYNC2I1,158839241,158956747,TRUE,FALSE
chr7_158947816,constitutive,chr7,158947816,DYNC2I1,158839241,158956747,TRUE,FALSE
chr7_158947825,constitutive,chr7,158947825,DYNC2I1,158839241,158956747,TRUE,FALSE
chr7_158947827,constitutive,chr7,158947827,DYNC2I1,158839241,158956747,TRUE,FALSE
chr7_158947835,constitutive,chr7,158947835,DYNC2I1,158839241,158956747,TRUE,FALSE
chr7_158947858,constitutive,chr7,158947858,DYNC2I1,158839241,158956747,TRUE,FALSE
chr7_158947977,constitutive,chr7,158947977,DYNC2I1,158839241,158956747,TRUE,FALSE
chr7_158948007,constitutive,chr7,158948007,DYNC2I1,158839241,158956747,TRUE,FALSE
chr7_158948147,constitutive,chr7,158948147,DYNC2I1,158839241,158956747,TRUE,FALSE
chr7_158948192,constitutive,chr7,158948192,DYNC2I1,158839241,158956747,TRUE,FALSE
chr7_158948209,constitutive,chr7,158948209,DYNC2I1,158839241,158956747,TRUE,FALSE
chr7_158948217,constitutive,chr7,158948217,DYNC2I1,158839241,158956747,TRUE,FALSE
chr7_158948224,constitutive,chr7,158948224,DYNC2I1,158839241,158956747,TRUE,FALSE
chr7_158948238,constitutive,chr7,158948238,DYNC2I1,158839241,158956747,TRUE,FALSE
chr7_158948249,constitutive,chr7,158948249,DYNC2I1,158839241,158956747,TRUE,FALSE
chr7_158948270,constitutive,chr7,158948270,DYNC2I1,158839241,158956747,TRUE,FALSE
chr7_158948280,constitutive,chr7,158948280,DYNC2I1,158839241,158956747,TRUE,FALSE
chr7_158948316,constitutive,chr7,158948316,DYNC2I1,158839241,158956747,TRUE,FALSE
chr7_158948327,constitutive,chr7,158948327,DYNC2I1,158839241,158956747,TRUE,FALSE
chr7_158948349,constitutive,chr7,158948349,DYNC2I1,158839241,158956747,TRUE,FALSE
chr7_158948376,ambiguous,chr7,158948376,DYNC2I1,158839241,158956747,TRUE,FALSE
chr7_158948443,constitutive,chr7,158948443,DYNC2I1,158839241,158956747,TRUE,FALSE
chr7_158948447,constitutive,chr7,158948447,DYNC2I1,158839241,158956747,TRUE,FALSE
chr7_158948457,constitutive,chr7,158948457,DYNC2I1,158839241,158956747,TRUE,FALSE
chr7_158948487,constitutive,chr7,158948487,DYNC2I1,158839241,158956747,TRUE,FALSE
chr7_158948518,constitutive,chr7,158948518,DYNC2I1,158839241,158956747,TRUE,FALSE
chr7_158948591,constitutive,chr7,158948591,DYNC2I1,158839241,158956747,TRUE,FALSE
chr7_158948593,constitutive,chr7,158948593,DYNC2I1,158839241,158956747,TRUE,FALSE
chr7_158948652,constitutive,chr7,158948652,DYNC2I1,158839241,158956747,TRUE,FALSE
chr7_158948777,constitutive,chr7,158948777,DYNC2I1,158839241,158956747,TRUE,FALSE
chr7_158948779,constitutive,chr7,158948779,DYNC2I1,158839241,158956747,TRUE,FALSE
chr7_158948931,constitutive,chr7,158948931,DYNC2I1,158839241,158956747,TRUE,FALSE
chr7_158948946,constitutive,chr7,158948946,DYNC2I1,158839241,158956747,TRUE,FALSE
chr7_158948970,constitutive,chr7,158948970,DYNC2I1,158839241,158956747,TRUE,FALSE
chr7_158948979,constitutive,chr7,158948979,DYNC2I1,158839241,158956747,TRUE,FALSE
chr7_158949037,constitutive,chr7,158949037,DYNC2I1,158839241,158956747,TRUE,FALSE
chr7_158949050,constitutive,chr7,158949050,DYNC2I1,158839241,158956747,TRUE,FALSE
chr7_158949064,constitutive,chr7,158949064,DYNC2I1,158839241,158956747,TRUE,FALSE
chr7_158949074,constitutive,chr7,158949074,DYNC2I1,158839241,158956747,TRUE,FALSE
chr7_158949114,constitutive,chr7,158949114,DYNC2I1,158839241,158956747,TRUE,FALSE
chr7_158949126,constitutive,chr7,158949126,DYNC2I1,158839241,158956747,TRUE,FALSE
chr7_158949183,constitutive,chr7,158949183,DYNC2I1,158839241,158956747,TRUE,FALSE
chr7_158949213,constitutive,chr7,158949213,DYNC2I1,158839241,158956747,TRUE,FALSE
chr7_158949281,constitutive,chr7,158949281,DYNC2I1,158839241,158956747,TRUE,FALSE
chr7_158949383,constitutive,chr7,158949383,DYNC2I1,158839241,158956747,TRUE,FALSE
chr7_158949606,constitutive,chr7,158949606,DYNC2I1,158839241,158956747,TRUE,FALSE
chr7_158949614,constitutive,chr7,158949614,DYNC2I1,158839241,158956747,TRUE,FALSE
chr7_158949617,constitutive,chr7,158949617,DYNC2I1,158839241,158956747,TRUE,FALSE
chr7_158949627,constitutive,chr7,158949627,DYNC2I1,158839241,158956747,TRUE,FALSE
chr7_158949648,ME,chr7,158949648,DYNC2I1,158839241,158956747,TRUE,FALSE
chr7_158949650,constitutive,chr7,158949650,DYNC2I1,158839241,158956747,TRUE,FALSE
chr7_158949668,constitutive,chr7,158949668,DYNC2I1,158839241,158956747,TRUE,FALSE
chr7_158949707,constitutive,chr7,158949707,DYNC2I1,158839241,158956747,TRUE,FALSE
chr7_158949793,constitutive,chr7,158949793,DYNC2I1,158839241,158956747,TRUE,FALSE
chr7_158949801,constitutive,chr7,158949801,DYNC2I1,158839241,158956747,TRUE,FALSE
chr7_158949832,constitutive,chr7,158949832,DYNC2I1,158839241,158956747,TRUE,FALSE
chr7_158949840,constitutive,chr7,158949840,DYNC2I1,158839241,158956747,TRUE,FALSE
chr7_158949848,constitutive,chr7,158949848,DYNC2I1,158839241,158956747,TRUE,FALSE
chr7_158949874,constitutive,chr7,158949874,DYNC2I1,158839241,158956747,TRUE,FALSE
chr7_158949990,constitutive,chr7,158949990,DYNC2I1,158839241,158956747,TRUE,FALSE
chr7_158950060,constitutive,chr7,158950060,DYNC2I1,158839241,158956747,TRUE,FALSE
chr7_158950075,constitutive,chr7,158950075,DYNC2I1,158839241,158956747,TRUE,FALSE
chr7_158950079,constitutive,chr7,158950079,DYNC2I1,158839241,158956747,TRUE,FALSE
chr7_158950224,constitutive,chr7,158950224,DYNC2I1,158839241,158956747,TRUE,FALSE
chr7_158950324,constitutive,chr7,158950324,DYNC2I1,158839241,158956747,TRUE,FALSE
chr7_158950813,constitutive,chr7,158950813,DYNC2I1,158839241,158956747,TRUE,FALSE
chr7_158950874,constitutive,chr7,158950874,DYNC2I1,158839241,158956747,TRUE,FALSE
chr7_158950891,constitutive,chr7,158950891,DYNC2I1,158839241,158956747,TRUE,FALSE
chr7_158950935,constitutive,chr7,158950935,DYNC2I1,158839241,158956747,TRUE,FALSE
chr7_158950971,constitutive,chr7,158950971,DYNC2I1,158839241,158956747,TRUE,FALSE
chr7_158951047,ambiguous,chr7,158951047,DYNC2I1,158839241,158956747,TRUE,FALSE
chr7_158951522,constitutive,chr7,158951522,DYNC2I1,158839241,158956747,TRUE,FALSE
chr7_158951654,constitutive,chr7,158951654,DYNC2I1,158839241,158956747,TRUE,FALSE
chr7_158951680,constitutive,chr7,158951680,DYNC2I1,158839241,158956747,TRUE,FALSE
chr7_158951760,ambiguous,chr7,158951760,DYNC2I1,158839241,158956747,TRUE,FALSE
chr7_158951866,ambiguous,chr7,158951866,DYNC2I1,158839241,158956747,TRUE,FALSE
chr7_158951873,constitutive,chr7,158951873,DYNC2I1,158839241,158956747,TRUE,FALSE
chr7_158951919,constitutive,chr7,158951919,DYNC2I1,158839241,158956747,TRUE,FALSE
chr7_158952160,constitutive,chr7,158952160,DYNC2I1,158839241,158956747,TRUE,FALSE
chr7_158952162,constitutive,chr7,158952162,DYNC2I1,158839241,158956747,TRUE,FALSE
chr7_158952171,constitutive,chr7,158952171,DYNC2I1,158839241,158956747,TRUE,FALSE
chr7_158952175,constitutive,chr7,158952175,DYNC2I1,158839241,158956747,TRUE,FALSE
chr7_158952294,ambiguous,chr7,158952294,DYNC2I1,158839241,158956747,TRUE,FALSE
chr7_158952327,constitutive,chr7,158952327,DYNC2I1,158839241,158956747,TRUE,FALSE
chr7_158952363,constitutive,chr7,158952363,DYNC2I1,158839241,158956747,TRUE,FALSE
chr7_158952454,constitutive,chr7,158952454,DYNC2I1,158839241,158956747,TRUE,FALSE
chr7_158952659,constitutive,chr7,158952659,DYNC2I1,158839241,158956747,TRUE,FALSE
chr7_158952709,constitutive,chr7,158952709,DYNC2I1,158839241,158956747,TRUE,FALSE
chr7_158952714,constitutive,chr7,158952714,DYNC2I1,158839241,158956747,TRUE,FALSE
chr7_158952780,ME,chr7,158952780,DYNC2I1,158839241,158956747,TRUE,FALSE
chr7_158952783,ambiguous,chr7,158952783,DYNC2I1,158839241,158956747,TRUE,FALSE
chr7_158952797,constitutive,chr7,158952797,DYNC2I1,158839241,158956747,TRUE,FALSE
chr7_158952817,constitutive,chr7,158952817,DYNC2I1,158839241,158956747,TRUE,FALSE
chr7_158952865,constitutive,chr7,158952865,DYNC2I1,158839241,158956747,TRUE,FALSE
chr7_158952888,constitutive,chr7,158952888,DYNC2I1,158839241,158956747,TRUE,FALSE
chr7_158952904,constitutive,chr7,158952904,DYNC2I1,158839241,158956747,TRUE,FALSE
chr7_158952916,constitutive,chr7,158952916,DYNC2I1,158839241,158956747,TRUE,FALSE
chr7_158952929,constitutive,chr7,158952929,DYNC2I1,158839241,158956747,TRUE,FALSE
chr7_158952956,constitutive,chr7,158952956,DYNC2I1,158839241,158956747,TRUE,FALSE
chr7_158952986,constitutive,chr7,158952986,DYNC2I1,158839241,158956747,TRUE,FALSE
chr7_158953033,constitutive,chr7,158953033,DYNC2I1,158839241,158956747,TRUE,FALSE
chr7_158953059,constitutive,chr7,158953059,DYNC2I1,158839241,158956747,TRUE,FALSE
chr7_158953185,ambiguous,chr7,158953185,DYNC2I1,158839241,158956747,TRUE,FALSE
chr7_158953311,ambiguous,chr7,158953311,DYNC2I1,158839241,158956747,TRUE,FALSE
chr7_158953607,constitutive,chr7,158953607,DYNC2I1,158839241,158956747,TRUE,FALSE
chr7_158953646,constitutive,chr7,158953646,DYNC2I1,158839241,158956747,TRUE,FALSE
chr7_158953711,constitutive,chr7,158953711,DYNC2I1,158839241,158956747,TRUE,FALSE
chr7_158953909,ME,chr7,158953909,DYNC2I1,158839241,158956747,TRUE,FALSE
chr7_158953975,ME,chr7,158953975,DYNC2I1,158839241,158956747,TRUE,FALSE
chr7_158953995,ambiguous,chr7,158953995,DYNC2I1,158839241,158956747,TRUE,FALSE
chr7_158954032,ambiguous,chr7,158954032,DYNC2I1,158839241,158956747,TRUE,FALSE
chr7_158954062,ambiguous,chr7,158954062,DYNC2I1,158839241,158956747,TRUE,FALSE
chr7_158954083,ambiguous,chr7,158954083,DYNC2I1,158839241,158956747,TRUE,FALSE
chr7_158954108,ambiguous,chr7,158954108,DYNC2I1,158839241,158956747,TRUE,FALSE
chr7_158954125,ambiguous,chr7,158954125,DYNC2I1,158839241,158956747,TRUE,FALSE
chr7_158954149,ambiguous,chr7,158954149,DYNC2I1,158839241,158956747,TRUE,FALSE
chr7_158954249,ambiguous,chr7,158954249,DYNC2I1,158839241,158956747,TRUE,FALSE
chr7_158954626,ambiguous,chr7,158954626,DYNC2I1,158839241,158956747,TRUE,FALSE
chr7_158955119,ambiguous,chr7,158955119,DYNC2I1,158839241,158956747,TRUE,FALSE
chr7_158955220,ambiguous,chr7,158955220,DYNC2I1,158839241,158956747,TRUE,FALSE
chr7_158955252,ambiguous,chr7,158955252,DYNC2I1,158839241,158956747,TRUE,FALSE
chr7_158955268,constitutive,chr7,158955268,DYNC2I1,158839241,158956747,TRUE,FALSE
chr7_158955318,ambiguous,chr7,158955318,DYNC2I1,158839241,158956747,TRUE,FALSE
chr7_158955335,constitutive,chr7,158955335,DYNC2I1,158839241,158956747,TRUE,FALSE
chr7_158955350,constitutive,chr7,158955350,DYNC2I1,158839241,158956747,TRUE,FALSE
chr7_158955364,ambiguous,chr7,158955364,DYNC2I1,158839241,158956747,TRUE,FALSE
chr7_158955413,ambiguous,chr7,158955413,DYNC2I1,158839241,158956747,TRUE,FALSE
chr7_158955420,constitutive,chr7,158955420,DYNC2I1,158839241,158956747,TRUE,FALSE
chr7_158955567,ambiguous,chr7,158955567,DYNC2I1,158839241,158956747,TRUE,FALSE
chr7_158955579,ambiguous,chr7,158955579,DYNC2I1,158839241,158956747,TRUE,FALSE
chr7_158955597,constitutive,chr7,158955597,DYNC2I1,158839241,158956747,TRUE,FALSE
chr7_158955610,ambiguous,chr7,158955610,DYNC2I1,158839241,158956747,TRUE,FALSE
chr7_158955642,ambiguous,chr7,158955642,DYNC2I1,158839241,158956747,TRUE,FALSE
chr7_158955660,ambiguous,chr7,158955660,DYNC2I1,158839241,158956747,TRUE,FALSE
chr7_158955676,ambiguous,chr7,158955676,DYNC2I1,158839241,158956747,TRUE,FALSE
chr7_158955711,ambiguous,chr7,158955711,DYNC2I1,158839241,158956747,TRUE,FALSE
chr7_158955738,ambiguous,chr7,158955738,DYNC2I1,158839241,158956747,TRUE,FALSE
chr7_158955885,ambiguous,chr7,158955885,DYNC2I1,158839241,158956747,TRUE,FALSE
chr7_158955919,constitutive,chr7,158955919,DYNC2I1,158839241,158956747,TRUE,FALSE
chr7_158955935,constitutive,chr7,158955935,DYNC2I1,158839241,158956747,TRUE,FALSE
chr7_158955952,constitutive,chr7,158955952,DYNC2I1,158839241,158956747,TRUE,FALSE
chr7_158955960,constitutive,chr7,158955960,DYNC2I1,158839241,158956747,TRUE,FALSE
chr7_158956112,ambiguous,chr7,158956112,DYNC2I1,158839241,158956747,TRUE,FALSE
chr7_158956121,ambiguous,chr7,158956121,DYNC2I1,158839241,158956747,TRUE,FALSE
chr7_158956128,constitutive,chr7,158956128,DYNC2I1,158839241,158956747,TRUE,FALSE
chr7_158956142,ambiguous,chr7,158956142,DYNC2I1,158839241,158956747,TRUE,FALSE
chr7_158956179,ambiguous,chr7,158956179,DYNC2I1,158839241,158956747,TRUE,FALSE
chr7_158956209,constitutive,chr7,158956209,DYNC2I1,158839241,158956747,TRUE,FALSE
chr7_158956237,constitutive,chr7,158956237,DYNC2I1,158839241,158956747,TRUE,FALSE
chr7_158956251,constitutive,chr7,158956251,DYNC2I1,158839241,158956747,TRUE,FALSE
chr7_158956262,constitutive,chr7,158956262,DYNC2I1,158839241,158956747,TRUE,FALSE
chr7_158956273,ambiguous,chr7,158956273,DYNC2I1,158839241,158956747,TRUE,FALSE
chr7_158956318,ambiguous,chr7,158956318,DYNC2I1,158839241,158956747,TRUE,FALSE
chr7_158956360,ambiguous,chr7,158956360,DYNC2I1,158839241,158956747,TRUE,FALSE
chr7_158956401,ambiguous,chr7,158956401,DYNC2I1,158839241,158956747,TRUE,FALSE
chr7_158956416,ambiguous,chr7,158956416,DYNC2I1,158839241,158956747,TRUE,FALSE
chr7_158956422,constitutive,chr7,158956422,DYNC2I1,158839241,158956747,TRUE,FALSE
chr7_158956431,constitutive,chr7,158956431,DYNC2I1,158839241,158956747,TRUE,FALSE
chr7_158956470,constitutive,chr7,158956470,DYNC2I1,158839241,158956747,TRUE,FALSE
chr7_158956476,constitutive,chr7,158956476,DYNC2I1,158839241,158956747,TRUE,FALSE
chr7_158956479,constitutive,chr7,158956479,DYNC2I1,158839241,158956747,TRUE,FALSE
chr7_158956491,constitutive,chr7,158956491,DYNC2I1,158839241,158956747,TRUE,FALSE
chr7_158956513,constitutive,chr7,158956513,DYNC2I1,158839241,158956747,TRUE,FALSE
chr7_158956524,constitutive,chr7,158956524,DYNC2I1,158839241,158956747,TRUE,FALSE
chr7_158956536,ambiguous,chr7,158956536,DYNC2I1,158839241,158956747,TRUE,FALSE
chr7_158956557,constitutive,chr7,158956557,DYNC2I1,158839241,158956747,TRUE,FALSE
chr7_158956612,constitutive,chr7,158956612,DYNC2I1,158839241,158956747,TRUE,FALSE
chr7_158956620,constitutive,chr7,158956620,DYNC2I1,158839241,158956747,TRUE,FALSE
chr7_158956636,constitutive,chr7,158956636,DYNC2I1,158839241,158956747,TRUE,FALSE
chr7_158956690,constitutive,chr7,158956690,DYNC2I1,158839241,158956747,TRUE,FALSE
chr7_158956693,constitutive,chr7,158956693,DYNC2I1,158839241,158956747,TRUE,FALSE
chr7_158956716,constitutive,chr7,158956716,DYNC2I1,158839241,158956747,TRUE,FALSE
chr7_158956730,constitutive,chr7,158956730,DYNC2I1,158839241,158956747,TRUE,FALSE
chr7_158956758,constitutive,chr7,158956758,DYNC2I1,158839241,158956747,FALSE,FALSE
chr7_158956769,ambiguous,chr7,158956769,DYNC2I1,158839241,158956747,FALSE,FALSE
chr7_158956774,constitutive,chr7,158956774,DYNC2I1,158839241,158956747,FALSE,FALSE
chr7_158956900,constitutive,chr7,158956900,DYNC2I1,158839241,158956747,FALSE,FALSE
chr7_158956908,constitutive,chr7,158956908,DYNC2I1,158839241,158956747,FALSE,FALSE
chr7_158956930,constitutive,chr7,158956930,DYNC2I1,158839241,158956747,FALSE,FALSE
chr7_158956943,constitutive,chr7,158956943,DYNC2I1,158839241,158956747,FALSE,FALSE
chr7_158956953,constitutive,chr7,158956953,DYNC2I1,158839241,158956747,FALSE,FALSE
chr7_158956967,constitutive,chr7,158956967,DYNC2I1,158839241,158956747,FALSE,FALSE
chr7_158956973,constitutive,chr7,158956973,DYNC2I1,158839241,158956747,FALSE,FALSE
chr7_158956985,constitutive,chr7,158956985,DYNC2I1,158839241,158956747,FALSE,FALSE
chr7_158957067,ambiguous,chr7,158957067,DYNC2I1,158839241,158956747,FALSE,FALSE
chr7_158957082,ambiguous,chr7,158957082,DYNC2I1,158839241,158956747,FALSE,FALSE
chr7_158957108,ambiguous,chr7,158957108,DYNC2I1,158839241,158956747,FALSE,FALSE
chr7_158957235,ambiguous,chr7,158957235,DYNC2I1,158839241,158956747,FALSE,FALSE
chr7_158957250,ambiguous,chr7,158957250,DYNC2I1,158839241,158956747,FALSE,FALSE
chr7_158957262,ambiguous,chr7,158957262,DYNC2I1,158839241,158956747,FALSE,FALSE
chr7_158957278,ambiguous,chr7,158957278,DYNC2I1,158839241,158956747,FALSE,FALSE
chr7_158957281,ambiguous,chr7,158957281,DYNC2I1,158839241,158956747,FALSE,FALSE
chr7_158957304,ambiguous,chr7,158957304,DYNC2I1,158839241,158956747,FALSE,FALSE
chr7_158957331,ambiguous,chr7,158957331,DYNC2I1,158839241,158956747,FALSE,FALSE
chr7_158957515,ambiguous,chr7,158957515,DYNC2I1,158839241,158956747,FALSE,FALSE
chr7_158957533,ME,chr7,158957533,DYNC2I1,158839241,158956747,FALSE,FALSE
chr7_158957535,ME,chr7,158957535,DYNC2I1,158839241,158956747,FALSE,FALSE
chr7_158957544,ambiguous,chr7,158957544,DYNC2I1,158839241,158956747,FALSE,FALSE
chr7_158957547,ME,chr7,158957547,DYNC2I1,158839241,158956747,FALSE,TRUE
chr7_158957553,ME,chr7,158957553,DYNC2I1,158839241,158956747,FALSE,FALSE
chr7_158957566,ME,chr7,158957566,DYNC2I1,158839241,158956747,FALSE,TRUE
chr7_158957573,ambiguous,chr7,158957573,DYNC2I1,158839241,158956747,FALSE,FALSE
chr7_158957588,ambiguous,chr7,158957588,DYNC2I1,158839241,158956747,FALSE,FALSE
chr7_158957614,ambiguous,chr7,158957614,DYNC2I1,158839241,158956747,FALSE,FALSE
chr7_158957639,ambiguous,chr7,158957639,DYNC2I1,158839241,158956747,FALSE,FALSE
chr7_158957649,ambiguous,chr7,158957649,DYNC2I1,158839241,158956747,FALSE,FALSE
chr7_158957726,ambiguous,chr7,158957726,DYNC2I1,158839241,158956747,FALSE,FALSE
chr7_158957743,ambiguous,chr7,158957743,DYNC2I1,158839241,158956747,FALSE,FALSE
chr7_158957750,ambiguous,chr7,158957750,DYNC2I1,158839241,158956747,FALSE,FALSE
chr7_158957762,ME,chr7,158957762,DYNC2I1,158839241,158956747,FALSE,FALSE
chr7_158957839,ambiguous,chr7,158957839,DYNC2I1,158839241,158956747,FALSE,FALSE
chr7_158957892,ambiguous,chr7,158957892,DYNC2I1,158839241,158956747,FALSE,FALSE
chr7_158957894,ambiguous,chr7,158957894,DYNC2I1,158839241,158956747,FALSE,FALSE
chr7_158957963,ambiguous,chr7,158957963,DYNC2I1,158839241,158956747,FALSE,FALSE
chr7_158957971,ambiguous,chr7,158957971,DYNC2I1,158839241,158956747,FALSE,FALSE
chr7_158957976,ambiguous,chr7,158957976,DYNC2I1,158839241,158956747,FALSE,FALSE
chr7_158958017,ambiguous,chr7,158958017,DYNC2I1,158839241,158956747,FALSE,FALSE
chr7_158958042,ambiguous,chr7,158958042,DYNC2I1,158839241,158956747,FALSE,FALSE
chr7_158958070,ambiguous,chr7,158958070,DYNC2I1,158839241,158956747,FALSE,FALSE
chr7_158958085,ambiguous,chr7,158958085,DYNC2I1,158839241,158956747,FALSE,FALSE
chr7_158958095,ambiguous,chr7,158958095,DYNC2I1,158839241,158956747,FALSE,FALSE
chr7_158958123,ambiguous,chr7,158958123,DYNC2I1,158839241,158956747,FALSE,FALSE
chr7_158958138,ambiguous,chr7,158958138,DYNC2I1,158839241,158956747,FALSE,FALSE
chr7_158958148,ambiguous,chr7,158958148,DYNC2I1,158839241,158956747,FALSE,FALSE
chr7_158958176,ambiguous,chr7,158958176,DYNC2I1,158839241,158956747,FALSE,FALSE
chr7_158958191,ambiguous,chr7,158958191,DYNC2I1,158839241,158956747,FALSE,FALSE
chr7_158958208,ambiguous,chr7,158958208,DYNC2I1,158839241,158956747,FALSE,FALSE
chr7_158958264,ambiguous,chr7,158958264,DYNC2I1,158839241,158956747,FALSE,FALSE
chr7_158958294,ambiguous,chr7,158958294,DYNC2I1,158839241,158956747,FALSE,FALSE
chr7_158958296,ambiguous,chr7,158958296,DYNC2I1,158839241,158956747,FALSE,FALSE
chr7_158958313,ambiguous,chr7,158958313,DYNC2I1,158839241,158956747,FALSE,FALSE
chr7_158958317,ambiguous,chr7,158958317,DYNC2I1,158839241,158956747,FALSE,FALSE
chr7_158958331,ambiguous,chr7,158958331,DYNC2I1,158839241,158956747,FALSE,FALSE
chr7_158958347,ambiguous,chr7,158958347,DYNC2I1,158839241,158956747,FALSE,FALSE
chr7_158958364,ambiguous,chr7,158958364,DYNC2I1,158839241,158956747,FALSE,FALSE
chr7_158958370,ambiguous,chr7,158958370,DYNC2I1,158839241,158956747,FALSE,FALSE
chr7_158958387,ambiguous,chr7,158958387,DYNC2I1,158839241,158956747,FALSE,FALSE
chr7_158958393,ambiguous,chr7,158958393,DYNC2I1,158839241,158956747,FALSE,FALSE
chr7_158958410,ambiguous,chr7,158958410,DYNC2I1,158839241,158956747,FALSE,FALSE
chr7_158958412,ambiguous,chr7,158958412,DYNC2I1,158839241,158956747,FALSE,FALSE
chr7_158958433,ambiguous,chr7,158958433,DYNC2I1,158839241,158956747,FALSE,FALSE
chr7_158958442,ambiguous,chr7,158958442,DYNC2I1,158839241,158956747,FALSE,FALSE
chr7_158958449,ambiguous,chr7,158958449,DYNC2I1,158839241,158956747,FALSE,FALSE
chr7_158958459,ambiguous,chr7,158958459,DYNC2I1,158839241,158956747,FALSE,FALSE
chr7_158958469,ambiguous,chr7,158958469,DYNC2I1,158839241,158956747,FALSE,FALSE
chr7_158958477,ambiguous,chr7,158958477,DYNC2I1,158839241,158956747,FALSE,FALSE
chr7_158958493,ambiguous,chr7,158958493,DYNC2I1,158839241,158956747,FALSE,FALSE
chr7_158958509,ambiguous,chr7,158958509,DYNC2I1,158839241,158956747,FALSE,FALSE
chr7_158958518,ambiguous,chr7,158958518,DYNC2I1,158839241,158956747,FALSE,FALSE
chr7_158958596,ambiguous,chr7,158958596,DYNC2I1,158839241,158956747,FALSE,FALSE
chr7_158958672,ambiguous,chr7,158958672,DYNC2I1,158839241,158956747,FALSE,FALSE
chr7_158958747,ambiguous,chr7,158958747,DYNC2I1,158839241,158956747,FALSE,FALSE
chr7_158958757,ambiguous,chr7,158958757,DYNC2I1,158839241,158956747,FALSE,FALSE
chr7_158958765,ambiguous,chr7,158958765,DYNC2I1,158839241,158956747,FALSE,FALSE
chr7_158958770,ambiguous,chr7,158958770,DYNC2I1,158839241,158956747,FALSE,FALSE
chr7_158958774,ambiguous,chr7,158958774,DYNC2I1,158839241,158956747,FALSE,FALSE
chr7_158958788,ambiguous,chr7,158958788,DYNC2I1,158839241,158956747,FALSE,FALSE
chr7_158958834,ambiguous,chr7,158958834,DYNC2I1,158839241,158956747,FALSE,FALSE
chr7_158958844,ambiguous,chr7,158958844,DYNC2I1,158839241,158956747,FALSE,FALSE
chr7_158958852,ambiguous,chr7,158958852,DYNC2I1,158839241,158956747,FALSE,FALSE
chr7_158958855,ambiguous,chr7,158958855,DYNC2I1,158839241,158956747,FALSE,FALSE
chr7_158958894,ambiguous,chr7,158958894,DYNC2I1,158839241,158956747,FALSE,FALSE
chr7_158958900,ME,chr7,158958900,DYNC2I1,158839241,158956747,FALSE,FALSE
chr7_158959017,ambiguous,chr7,158959017,DYNC2I1,158839241,158956747,FALSE,FALSE
chr7_158959049,ambiguous,chr7,158959049,DYNC2I1,158839241,158956747,FALSE,FALSE
chr7_158959054,ambiguous,chr7,158959054,DYNC2I1,158839241,158956747,FALSE,FALSE
chr7_158959085,ambiguous,chr7,158959085,DYNC2I1,158839241,158956747,FALSE,FALSE
chr7_158959104,ambiguous,chr7,158959104,DYNC2I1,158839241,158956747,FALSE,FALSE
chr7_158959183,ambiguous,chr7,158959183,DYNC2I1,158839241,158956747,FALSE,FALSE
chr7_158959249,ambiguous,chr7,158959249,DYNC2I1,158839241,158956747,FALSE,FALSE
chr7_158959754,constitutive,chr7,158959754,DYNC2I1,158839241,158956747,FALSE,FALSE
chr7_158959780,ambiguous,chr7,158959780,DYNC2I1,158839241,158956747,FALSE,FALSE
chr7_158959784,constitutive,chr7,158959784,DYNC2I1,158839241,158956747,FALSE,FALSE
chr7_158959806,ambiguous,chr7,158959806,DYNC2I1,158839241,158956747,FALSE,FALSE
chr7_158959810,ambiguous,chr7,158959810,DYNC2I1,158839241,158956747,FALSE,FALSE
chr7_158959836,ambiguous,chr7,158959836,DYNC2I1,158839241,158956747,FALSE,FALSE
chr7_158959840,ambiguous,chr7,158959840,DYNC2I1,158839241,158956747,FALSE,FALSE
chr7_158960020,ambiguous,chr7,158960020,DYNC2I1,158839241,158956747,FALSE,FALSE
chr7_158960024,ambiguous,chr7,158960024,DYNC2I1,158839241,158956747,FALSE,FALSE
chr7_158960109,constitutive,chr7,158960109,DYNC2I1,158839241,158956747,FALSE,FALSE
chr7_158960166,ambiguous,chr7,158960166,DYNC2I1,158839241,158956747,FALSE,FALSE
chr7_158960180,ambiguous,chr7,158960180,DYNC2I1,158839241,158956747,FALSE,FALSE
chr7_158960233,constitutive,chr7,158960233,DYNC2I1,158839241,158956747,FALSE,FALSE
chr7_158960248,constitutive,chr7,158960248,DYNC2I1,158839241,158956747,FALSE,FALSE
chr7_158960286,ambiguous,chr7,158960286,DYNC2I1,158839241,158956747,FALSE,FALSE
chr7_158960320,constitutive,chr7,158960320,DYNC2I1,158839241,158956747,FALSE,FALSE
chr7_158960582,ambiguous,chr7,158960582,DYNC2I1,158839241,158956747,FALSE,FALSE
chr7_158960634,constitutive,chr7,158960634,DYNC2I1,158839241,158956747,FALSE,FALSE
chr7_158960809,ambiguous,chr7,158960809,DYNC2I1,158839241,158956747,FALSE,FALSE
chr7_158960893,ambiguous,chr7,158960893,DYNC2I1,158839241,158956747,FALSE,FALSE
chr7_158961170,constitutive,chr7,158961170,DYNC2I1,158839241,158956747,FALSE,FALSE
chr7_158961243,constitutive,chr7,158961243,DYNC2I1,158839241,158956747,FALSE,FALSE
chr7_158961390,constitutive,chr7,158961390,DYNC2I1,158839241,158956747,FALSE,FALSE
chr7_158961630,ambiguous,chr7,158961630,DYNC2I1,158839241,158956747,FALSE,FALSE
chr7_158961659,constitutive,chr7,158961659,DYNC2I1,158839241,158956747,FALSE,FALSE
chr7_158961705,constitutive,chr7,158961705,DYNC2I1,158839241,158956747,FALSE,FALSE
chr7_158961710,constitutive,chr7,158961710,DYNC2I1,158839241,158956747,FALSE,FALSE
chr7_158961732,constitutive,chr7,158961732,DYNC2I1,158839241,158956747,FALSE,FALSE
