cpg_site,chr,pos,gene,gene_start,gene_end,in_gene_body,is_meso_hit
chr13_25367200,chr13,25367200,ATP8A2,25371974,26025851,FALSE,FALSE
chr13_25367226,chr13,25367226,ATP8A2,25371974,26025851,FALSE,FALSE
chr13_25367525,chr13,25367525,ATP8A2,25371974,26025851,FALSE,FALSE
chr13_25367696,chr13,25367696,ATP8A2,25371974,26025851,FALSE,FALSE
chr13_25367712,chr13,25367712,ATP8A2,25371974,26025851,FALSE,FALSE
chr13_25367785,chr13,25367785,ATP8A2,25371974,26025851,FALSE,FALSE
chr13_25367797,chr13,25367797,ATP8A2,25371974,26025851,FALSE,FALSE
chr13_25367799,chr13,25367799,ATP8A2,25371974,26025851,FALSE,FALSE
chr13_25367915,chr13,25367915,ATP8A2,25371974,26025851,FALSE,FALSE
chr13_25367944,chr13,25367944,ATP8A2,25371974,26025851,FALSE,FALSE
chr13_25367981,chr13,25367981,ATP8A2,25371974,26025851,FALSE,FALSE
chr13_25368197,chr13,25368197,ATP8A2,25371974,26025851,FALSE,FALSE
chr13_25368261,chr13,25368261,ATP8A2,25371974,26025851,FALSE,FALSE
chr13_25368404,chr13,25368404,ATP8A2,25371974,26025851,FALSE,FALSE
chr13_25368600,chr13,25368600,ATP8A2,25371974,26025851,FALSE,FALSE
chr13_25368682,chr13,25368682,ATP8A2,25371974,26025851,FALSE,FALSE
chr13_25368855,chr13,25368855,ATP8A2,25371974,26025851,FALSE,FALSE
chr13_25368912,chr13,25368912,ATP8A2,25371974,26025851,FALSE,FALSE
chr13_25369013,chr13,25369013,ATP8A2,25371974,26025851,FALSE,FALSE
chr13_25369118,chr13,25369118,ATP8A2,25371974,26025851,FALSE,FALSE
chr13_25369191,chr13,25369191,ATP8A2,25371974,26025851,FALSE,FALSE
chr13_25369201,chr13,25369201,ATP8A2,25371974,26025851,FALSE,FALSE
chr13_25369288,chr13,25369288,ATP8A2,25371974,26025851,FALSE,FALSE
chr13_25369300,chr13,25369300,ATP8A2,25371974,26025851,FALSE,FALSE
chr13_25370406,chr13,25370406,ATP8A2,25371974,26025851,FALSE,FALSE
chr13_25370439,chr13,25370439,ATP8A2,25371974,26025851,FALSE,FALSE
chr13_25370461,chr13,25370461,ATP8A2,25371974,26025851,FALSE,FALSE
chr13_25370497,chr13,25370497,ATP8A2,25371974,26025851,FALSE,FALSE
chr13_25370500,chr13,25370500,ATP8A2,25371974,26025851,FALSE,FALSE
chr13_25370529,chr13,25370529,ATP8A2,25371974,26025851,FALSE,FALSE
chr13_25370540,chr13,25370540,ATP8A2,25371974,26025851,FALSE,FALSE
chr13_25370542,chr13,25370542,ATP8A2,25371974,26025851,FALSE,FALSE
chr13_25370585,chr13,25370585,ATP8A2,25371974,26025851,FALSE,FALSE
chr13_25370618,chr13,25370618,ATP8A2,25371974,26025851,FALSE,FALSE
chr13_25370630,chr13,25370630,ATP8A2,25371974,26025851,FALSE,FALSE
chr13_25370632,chr13,25370632,ATP8A2,25371974,26025851,FALSE,FALSE
chr13_25370634,chr13,25370634,ATP8A2,25371974,26025851,FALSE,FALSE
chr13_25370675,chr13,25370675,ATP8A2,25371974,26025851,FALSE,FALSE
chr13_25370691,chr13,25370691,ATP8A2,25371974,26025851,FALSE,FALSE
chr13_25370733,chr13,25370733,ATP8A2,25371974,26025851,FALSE,FALSE
chr13_25370751,chr13,25370751,ATP8A2,25371974,26025851,FALSE,FALSE
chr13_25370782,chr13,25370782,ATP8A2,25371974,26025851,FALSE,FALSE
chr13_25370814,chr13,25370814,ATP8A2,25371974,26025851,FALSE,FALSE
chr13_25370826,chr13,25370826,ATP8A2,25371974,26025851,FALSE,FALSE
chr13_25370846,chr13,25370846,ATP8A2,25371974,26025851,FALSE,FALSE
chr13_25370882,chr13,25370882,ATP8A2,25371974,26025851,FALSE,FALSE
chr13_25370885,chr13,25370885,ATP8A2,25371974,26025851,FALSE,FALSE
chr13_25370902,chr13,25370902,ATP8A2,25371974,26025851,FALSE,FALSE
chr13_25370910,chr13,25370910,ATP8A2,25371974,26025851,FALSE,FALSE
chr13_25371018,chr13,25371018,ATP8A2,25371974,26025851,FALSE,FALSE
chr13_25371117,chr13,25371117,ATP8A2,25371974,26025851,FALSE,FALSE
chr13_25371175,chr13,25371175,ATP8A2,25371974,26025851,FALSE,FALSE
chr13_25371186,chr13,25371186,ATP8A2,25371974,26025851,FALSE,FALSE
chr13_25371275,chr13,25371275,ATP8A2,25371974,26025851,FALSE,FALSE
chr13_25371277,chr13,25371277,ATP8A2,25371974,26025851,FALSE,FALSE
chr13_25371333,chr13,25371333,ATP8A2,25371974,26025851,FALSE,FALSE
chr13_25371376,chr13,25371376,ATP8A2,25371974,26025851,FALSE,FALSE
chr13_25371518,chr13,25371518,ATP8A2,25371974,26025851,FALSE,FALSE
chr13_25371568,chr13,25371568,ATP8A2,25371974,26025851,FALSE,FALSE
chr13_25371622,chr13,25371622,ATP8A2,25371974,26025851,FALSE,FALSE
chr13_25371656,chr13,25371656,ATP8A2,25371974,26025851,FALSE,FALSE
chr13_25371673,chr13,25371673,ATP8A2,25371974,26025851,FALSE,FALSE
chr13_25371712,chr13,25371712,ATP8A2,25371974,26025851,FALSE,FALSE
chr13_25371774,chr13,25371774,ATP8A2,25371974,26025851,FALSE,FALSE
chr13_25371812,chr13,25371812,ATP8A2,25371974,26025851,FALSE,FALSE
chr13_25372623,chr13,25372623,ATP8A2,25371974,26025851,TRUE,FALSE
chr13_25372632,chr13,25372632,ATP8A2,25371974,26025851,TRUE,FALSE
chr13_25372642,chr13,25372642,ATP8A2,25371974,26025851,TRUE,FALSE
chr13_25372644,chr13,25372644,ATP8A2,25371974,26025851,TRUE,FALSE
chr13_25372656,chr13,25372656,ATP8A2,25371974,26025851,TRUE,FALSE
chr13_25372664,chr13,25372664,ATP8A2,25371974,26025851,TRUE,FALSE
chr13_25372667,chr13,25372667,ATP8A2,25371974,26025851,TRUE,FALSE
chr13_25372693,chr13,25372693,ATP8A2,25371974,26025851,TRUE,FALSE
chr13_25372696,chr13,25372696,ATP8A2,25371974,26025851,TRUE,FALSE
chr13_25372700,chr13,25372700,ATP8A2,25371974,26025851,TRUE,FALSE
chr13_25372706,chr13,25372706,ATP8A2,25371974,26025851,TRUE,FALSE
chr13_25372749,chr13,25372749,ATP8A2,25371974,26025851,TRUE,FALSE
chr13_25372761,chr13,25372761,ATP8A2,25371974,26025851,TRUE,FALSE
chr13_25372808,chr13,25372808,ATP8A2,25371974,26025851,TRUE,FALSE
chr13_25372811,chr13,25372811,ATP8A2,25371974,26025851,TRUE,FALSE
chr13_25372814,chr13,25372814,ATP8A2,25371974,26025851,TRUE,FALSE
chr13_25372856,chr13,25372856,ATP8A2,25371974,26025851,TRUE,FALSE
chr13_25372868,chr13,25372868,ATP8A2,25371974,26025851,TRUE,FALSE
chr13_25372874,chr13,25372874,ATP8A2,25371974,26025851,TRUE,FALSE
chr13_25372876,chr13,25372876,ATP8A2,25371974,26025851,TRUE,FALSE
chr13_25372878,chr13,25372878,ATP8A2,25371974,26025851,TRUE,FALSE
chr13_25372880,chr13,25372880,ATP8A2,25371974,26025851,TRUE,FALSE
chr13_25372908,chr13,25372908,ATP8A2,25371974,26025851,TRUE,FALSE
chr13_25372916,chr13,25372916,ATP8A2,25371974,26025851,TRUE,FALSE
chr13_25372920,chr13,25372920,ATP8A2,25371974,26025851,TRUE,FALSE
chr13_25372922,chr13,25372922,ATP8A2,25371974,26025851,TRUE,FALSE
chr13_25372945,chr13,25372945,ATP8A2,25371974,26025851,TRUE,FALSE
chr13_25372963,chr13,25372963,ATP8A2,25371974,26025851,TRUE,FALSE
chr13_25372982,chr13,25372982,ATP8A2,25371974,26025851,TRUE,FALSE
chr13_25372997,chr13,25372997,ATP8A2,25371974,26025851,TRUE,FALSE
chr13_25373021,chr13,25373021,ATP8A2,25371974,26025851,TRUE,FALSE
chr13_25373023,chr13,25373023,ATP8A2,25371974,26025851,TRUE,FALSE
chr13_25373062,chr13,25373062,ATP8A2,25371974,26025851,TRUE,FALSE
chr13_25373128,chr13,25373128,ATP8A2,25371974,26025851,TRUE,FALSE
chr13_25373160,chr13,25373160,ATP8A2,25371974,26025851,TRUE,FALSE
chr13_25373248,chr13,25373248,ATP8A2,25371974,26025851,TRUE,FALSE
chr13_25373293,chr13,25373293,ATP8A2,25371974,26025851,TRUE,FALSE
chr13_25373321,chr13,25373321,ATP8A2,25371974,26025851,TRUE,FALSE
chr13_25373494,chr13,25373494,ATP8A2,25371974,26025851,TRUE,FALSE
chr13_25373666,chr13,25373666,ATP8A2,25371974,26025851,TRUE,FALSE
chr13_25373702,chr13,25373702,ATP8A2,25371974,26025851,TRUE,FALSE
chr13_25373725,chr13,25373725,ATP8A2,25371974,26025851,TRUE,FALSE
chr13_25373821,chr13,25373821,ATP8A2,25371974,26025851,TRUE,FALSE
chr13_25373859,chr13,25373859,ATP8A2,25371974,26025851,TRUE,FALSE
chr13_25373862,chr13,25373862,ATP8A2,25371974,26025851,TRUE,FALSE
chr13_25373871,chr13,25373871,ATP8A2,25371974,26025851,TRUE,FALSE
chr13_25374009,chr13,25374009,ATP8A2,25371974,26025851,TRUE,FALSE
chr13_25374164,chr13,25374164,ATP8A2,25371974,26025851,TRUE,FALSE
chr13_25374172,chr13,25374172,ATP8A2,25371974,26025851,TRUE,FALSE
chr13_25374339,chr13,25374339,ATP8A2,25371974,26025851,TRUE,FALSE
chr13_25374393,chr13,25374393,ATP8A2,25371974,26025851,TRUE,FALSE
chr13_25374445,chr13,25374445,ATP8A2,25371974,26025851,TRUE,FALSE
chr13_25374484,chr13,25374484,ATP8A2,25371974,26025851,TRUE,FALSE
chr13_25374515,chr13,25374515,ATP8A2,25371974,26025851,TRUE,FALSE
chr13_25374530,chr13,25374530,ATP8A2,25371974,26025851,TRUE,FALSE
chr13_25374580,chr13,25374580,ATP8A2,25371974,26025851,TRUE,FALSE
chr13_25374646,chr13,25374646,ATP8A2,25371974,26025851,TRUE,FALSE
chr13_25375142,chr13,25375142,ATP8A2,25371974,26025851,TRUE,FALSE
chr13_25375231,chr13,25375231,ATP8A2,25371974,26025851,TRUE,FALSE
chr13_25375318,chr13,25375318,ATP8A2,25371974,26025851,TRUE,FALSE
chr13_25375459,chr13,25375459,ATP8A2,25371974,26025851,TRUE,FALSE
chr13_25375505,chr13,25375505,ATP8A2,25371974,26025851,TRUE,FALSE
chr13_25375530,chr13,25375530,ATP8A2,25371974,26025851,TRUE,FALSE
chr13_25375612,chr13,25375612,ATP8A2,25371974,26025851,TRUE,FALSE
chr13_25375641,chr13,25375641,ATP8A2,25371974,26025851,TRUE,FALSE
chr13_25375658,chr13,25375658,ATP8A2,25371974,26025851,TRUE,FALSE
chr13_25375665,chr13,25375665,ATP8A2,25371974,26025851,TRUE,FALSE
chr13_25375761,chr13,25375761,ATP8A2,25371974,26025851,TRUE,FALSE
chr13_25375792,chr13,25375792,ATP8A2,25371974,26025851,TRUE,FALSE
chr13_25375806,chr13,25375806,ATP8A2,25371974,26025851,TRUE,FALSE
chr13_25375822,chr13,25375822,ATP8A2,25371974,26025851,TRUE,FALSE
chr13_25375850,chr13,25375850,ATP8A2,25371974,26025851,TRUE,FALSE
chr13_25375860,chr13,25375860,ATP8A2,25371974,26025851,TRUE,FALSE
chr13_25376045,chr13,25376045,ATP8A2,25371974,26025851,TRUE,FALSE
chr13_25376126,chr13,25376126,ATP8A2,25371974,26025851,TRUE,FALSE
chr13_25376246,chr13,25376246,ATP8A2,25371974,26025851,TRUE,FALSE
chr13_25376655,chr13,25376655,ATP8A2,25371974,26025851,TRUE,FALSE
chr13_25376689,chr13,25376689,ATP8A2,25371974,26025851,TRUE,FALSE
chr13_25376883,chr13,25376883,ATP8A2,25371974,26025851,TRUE,FALSE
chr13_25376982,chr13,25376982,ATP8A2,25371974,26025851,TRUE,FALSE
chr13_25377019,chr13,25377019,ATP8A2,25371974,26025851,TRUE,FALSE
chr13_25377023,chr13,25377023,ATP8A2,25371974,26025851,TRUE,FALSE
chr13_25377030,chr13,25377030,ATP8A2,25371974,26025851,TRUE,FALSE
chr13_25377129,chr13,25377129,ATP8A2,25371974,26025851,TRUE,FALSE
chr13_25377156,chr13,25377156,ATP8A2,25371974,26025851,TRUE,FALSE
chr13_25377501,chr13,25377501,ATP8A2,25371974,26025851,TRUE,FALSE
chr13_25377565,chr13,25377565,ATP8A2,25371974,26025851,TRUE,FALSE
chr13_25377570,chr13,25377570,ATP8A2,25371974,26025851,TRUE,FALSE
chr13_25377662,chr13,25377662,ATP8A2,25371974,26025851,TRUE,FALSE
chr13_25377684,chr13,25377684,ATP8A2,25371974,26025851,TRUE,FALSE
chr13_25377856,chr13,25377856,ATP8A2,25371974,26025851,TRUE,FALSE
chr13_25377916,chr13,25377916,ATP8A2,25371974,26025851,TRUE,FALSE
chr13_25378101,chr13,25378101,ATP8A2,25371974,26025851,TRUE,FALSE
chr13_25378244,chr13,25378244,ATP8A2,25371974,26025851,TRUE,FALSE
chr13_25378686,chr13,25378686,ATP8A2,25371974,26025851,TRUE,FALSE
chr13_25378751,chr13,25378751,ATP8A2,25371974,26025851,TRUE,FALSE
chr13_25378798,chr13,25378798,ATP8A2,25371974,26025851,TRUE,FALSE
chr13_25378906,chr13,25378906,ATP8A2,25371974,26025851,TRUE,FALSE
chr13_25378921,chr13,25378921,ATP8A2,25371974,26025851,TRUE,FALSE
chr13_25379263,chr13,25379263,ATP8A2,25371974,26025851,TRUE,FALSE
chr13_25379427,chr13,25379427,ATP8A2,25371974,26025851,TRUE,FALSE
chr13_25379447,chr13,25379447,ATP8A2,25371974,26025851,TRUE,FALSE
chr13_25379713,chr13,25379713,ATP8A2,25371974,26025851,TRUE,FALSE
chr13_25379716,chr13,25379716,ATP8A2,25371974,26025851,TRUE,FALSE
chr13_25379721,chr13,25379721,ATP8A2,25371974,26025851,TRUE,FALSE
chr13_25379735,chr13,25379735,ATP8A2,25371974,26025851,TRUE,FALSE
chr13_25379752,chr13,25379752,ATP8A2,25371974,26025851,TRUE,FALSE
chr13_25379763,chr13,25379763,ATP8A2,25371974,26025851,TRUE,FALSE
chr13_25379778,chr13,25379778,ATP8A2,25371974,26025851,TRUE,FALSE
chr13_25379783,chr13,25379783,ATP8A2,25371974,26025851,TRUE,FALSE
chr13_25379914,chr13,25379914,ATP8A2,25371974,26025851,TRUE,FALSE
chr13_25379987,chr13,25379987,ATP8A2,25371974,26025851,TRUE,FALSE
chr13_25380014,chr13,25380014,ATP8A2,25371974,26025851,TRUE,FALSE
chr13_25380049,chr13,25380049,ATP8A2,25371974,26025851,TRUE,FALSE
chr13_25380147,chr13,25380147,ATP8A2,25371974,26025851,TRUE,FALSE
chr13_25380381,chr13,25380381,ATP8A2,25371974,26025851,TRUE,FALSE
chr13_25380383,chr13,25380383,ATP8A2,25371974,26025851,TRUE,FALSE
chr13_25380539,chr13,25380539,ATP8A2,25371974,26025851,TRUE,FALSE
chr13_25380758,chr13,25380758,ATP8A2,25371974,26025851,TRUE,FALSE
chr13_25380867,chr13,25380867,ATP8A2,25371974,26025851,TRUE,FALSE
chr13_25380976,chr13,25380976,ATP8A2,25371974,26025851,TRUE,FALSE
chr13_25381092,chr13,25381092,ATP8A2,25371974,26025851,TRUE,FALSE
chr13_25381155,chr13,25381155,ATP8A2,25371974,26025851,TRUE,FALSE
chr13_25381267,chr13,25381267,ATP8A2,25371974,26025851,TRUE,FALSE
chr13_25381752,chr13,25381752,ATP8A2,25371974,26025851,TRUE,FALSE
chr13_25381754,chr13,25381754,ATP8A2,25371974,26025851,TRUE,FALSE
chr13_25381820,chr13,25381820,ATP8A2,25371974,26025851,TRUE,FALSE
chr13_25381835,chr13,25381835,ATP8A2,25371974,26025851,TRUE,FALSE
chr13_25381874,chr13,25381874,ATP8A2,25371974,26025851,TRUE,FALSE
chr13_25381962,chr13,25381962,ATP8A2,25371974,26025851,TRUE,FALSE
chr13_25381993,chr13,25381993,ATP8A2,25371974,26025851,TRUE,FALSE
chr13_25382107,chr13,25382107,ATP8A2,25371974,26025851,TRUE,FALSE
chr13_25382430,chr13,25382430,ATP8A2,25371974,26025851,TRUE,FALSE
chr13_25382649,chr13,25382649,ATP8A2,25371974,26025851,TRUE,FALSE
chr13_25382685,chr13,25382685,ATP8A2,25371974,26025851,TRUE,FALSE
chr13_25382786,chr13,25382786,ATP8A2,25371974,26025851,TRUE,FALSE
chr13_25382794,chr13,25382794,ATP8A2,25371974,26025851,TRUE,FALSE
chr13_25382818,chr13,25382818,ATP8A2,25371974,26025851,TRUE,FALSE
chr13_25382945,chr13,25382945,ATP8A2,25371974,26025851,TRUE,FALSE
chr13_25382990,chr13,25382990,ATP8A2,25371974,26025851,TRUE,FALSE
chr13_25383138,chr13,25383138,ATP8A2,25371974,26025851,TRUE,FALSE
chr13_25383234,chr13,25383234,ATP8A2,25371974,26025851,TRUE,FALSE
chr13_25383293,chr13,25383293,ATP8A2,25371974,26025851,TRUE,FALSE
chr13_25383296,chr13,25383296,ATP8A2,25371974,26025851,TRUE,FALSE
chr13_25383382,chr13,25383382,ATP8A2,25371974,26025851,TRUE,FALSE
chr13_25383577,chr13,25383577,ATP8A2,25371974,26025851,TRUE,FALSE
chr13_25383623,chr13,25383623,ATP8A2,25371974,26025851,TRUE,FALSE
chr13_25383971,chr13,25383971,ATP8A2,25371974,26025851,TRUE,FALSE
chr13_25384054,chr13,25384054,ATP8A2,25371974,26025851,TRUE,FALSE
chr13_25384280,chr13,25384280,ATP8A2,25371974,26025851,TRUE,FALSE
chr13_25384542,chr13,25384542,ATP8A2,25371974,26025851,TRUE,FALSE
chr13_25384556,chr13,25384556,ATP8A2,25371974,26025851,TRUE,FALSE
chr13_25384576,chr13,25384576,ATP8A2,25371974,26025851,TRUE,FALSE
chr13_25384866,chr13,25384866,ATP8A2,25371974,26025851,TRUE,FALSE
chr13_25384951,chr13,25384951,ATP8A2,25371974,26025851,TRUE,FALSE
chr13_25385046,chr13,25385046,ATP8A2,25371974,26025851,TRUE,FALSE
chr13_25385374,chr13,25385374,ATP8A2,25371974,26025851,TRUE,FALSE
chr13_25385634,chr13,25385634,ATP8A2,25371974,26025851,TRUE,FALSE
chr13_25385984,chr13,25385984,ATP8A2,25371974,26025851,TRUE,FALSE
chr13_25386018,chr13,25386018,ATP8A2,25371974,26025851,TRUE,FALSE
chr13_25386135,chr13,25386135,ATP8A2,25371974,26025851,TRUE,FALSE
chr13_25386215,chr13,25386215,ATP8A2,25371974,26025851,TRUE,FALSE
chr13_25386257,chr13,25386257,ATP8A2,25371974,26025851,TRUE,FALSE
chr13_25386288,chr13,25386288,ATP8A2,25371974,26025851,TRUE,FALSE
chr13_25386327,chr13,25386327,ATP8A2,25371974,26025851,TRUE,FALSE
chr13_25386364,chr13,25386364,ATP8A2,25371974,26025851,TRUE,FALSE
chr13_25386602,chr13,25386602,ATP8A2,25371974,26025851,TRUE,FALSE
chr13_25386718,chr13,25386718,ATP8A2,25371974,26025851,TRUE,FALSE
chr13_25386734,chr13,25386734,ATP8A2,25371974,26025851,TRUE,FALSE
chr13_25386768,chr13,25386768,ATP8A2,25371974,26025851,TRUE,FALSE
chr13_25386824,chr13,25386824,ATP8A2,25371974,26025851,TRUE,FALSE
chr13_25386945,chr13,25386945,ATP8A2,25371974,26025851,TRUE,FALSE
chr13_25386951,chr13,25386951,ATP8A2,25371974,26025851,TRUE,FALSE
chr13_25386953,chr13,25386953,ATP8A2,25371974,26025851,TRUE,FALSE
chr13_25386983,chr13,25386983,ATP8A2,25371974,26025851,TRUE,FALSE
chr13_25387113,chr13,25387113,ATP8A2,25371974,26025851,TRUE,FALSE
chr13_25387141,chr13,25387141,ATP8A2,25371974,26025851,TRUE,FALSE
chr13_25387199,chr13,25387199,ATP8A2,25371974,26025851,TRUE,FALSE
chr13_25387319,chr13,25387319,ATP8A2,25371974,26025851,TRUE,FALSE
chr13_25387343,chr13,25387343,ATP8A2,25371974,26025851,TRUE,FALSE
chr13_25387349,chr13,25387349,ATP8A2,25371974,26025851,TRUE,FALSE
chr13_25387396,chr13,25387396,ATP8A2,25371974,26025851,TRUE,FALSE
chr13_25387430,chr13,25387430,ATP8A2,25371974,26025851,TRUE,FALSE
chr13_25387500,chr13,25387500,ATP8A2,25371974,26025851,TRUE,FALSE
chr13_25387541,chr13,25387541,ATP8A2,25371974,26025851,TRUE,FALSE
chr13_25387544,chr13,25387544,ATP8A2,25371974,26025851,TRUE,FALSE
chr13_25387562,chr13,25387562,ATP8A2,25371974,26025851,TRUE,FALSE
chr13_25387588,chr13,25387588,ATP8A2,25371974,26025851,TRUE,FALSE
chr13_25387593,chr13,25387593,ATP8A2,25371974,26025851,TRUE,FALSE
chr13_25387597,chr13,25387597,ATP8A2,25371974,26025851,TRUE,FALSE
chr13_25387731,chr13,25387731,ATP8A2,25371974,26025851,TRUE,FALSE
chr13_25387789,chr13,25387789,ATP8A2,25371974,26025851,TRUE,FALSE
chr13_25388334,chr13,25388334,ATP8A2,25371974,26025851,TRUE,FALSE
chr13_25388387,chr13,25388387,ATP8A2,25371974,26025851,TRUE,FALSE
chr13_25388408,chr13,25388408,ATP8A2,25371974,26025851,TRUE,FALSE
chr13_25388421,chr13,25388421,ATP8A2,25371974,26025851,TRUE,FALSE
chr13_25388480,chr13,25388480,ATP8A2,25371974,26025851,TRUE,FALSE
chr13_25388493,chr13,25388493,ATP8A2,25371974,26025851,TRUE,FALSE
chr13_25388499,chr13,25388499,ATP8A2,25371974,26025851,TRUE,FALSE
chr13_25388520,chr13,25388520,ATP8A2,25371974,26025851,TRUE,FALSE
chr13_25388535,chr13,25388535,ATP8A2,25371974,26025851,TRUE,FALSE
chr13_25388537,chr13,25388537,ATP8A2,25371974,26025851,TRUE,FALSE
chr13_25388673,chr13,25388673,ATP8A2,25371974,26025851,TRUE,FALSE
chr13_25389501,chr13,25389501,ATP8A2,25371974,26025851,TRUE,FALSE
chr13_25389516,chr13,25389516,ATP8A2,25371974,26025851,TRUE,FALSE
chr13_25389633,chr13,25389633,ATP8A2,25371974,26025851,TRUE,FALSE
chr13_25389838,chr13,25389838,ATP8A2,25371974,26025851,TRUE,FALSE
chr13_25390017,chr13,25390017,ATP8A2,25371974,26025851,TRUE,FALSE
chr13_25390057,chr13,25390057,ATP8A2,25371974,26025851,TRUE,FALSE
chr13_25390097,chr13,25390097,ATP8A2,25371974,26025851,TRUE,FALSE
chr13_25390245,chr13,25390245,ATP8A2,25371974,26025851,TRUE,FALSE
chr13_25390647,chr13,25390647,ATP8A2,25371974,26025851,TRUE,FALSE
chr13_25390667,chr13,25390667,ATP8A2,25371974,26025851,TRUE,FALSE
chr13_25390849,chr13,25390849,ATP8A2,25371974,26025851,TRUE,FALSE
chr13_25390873,chr13,25390873,ATP8A2,25371974,26025851,TRUE,FALSE
chr13_25391409,chr13,25391409,ATP8A2,25371974,26025851,TRUE,FALSE
chr13_25391432,chr13,25391432,ATP8A2,25371974,26025851,TRUE,FALSE
chr13_25391451,chr13,25391451,ATP8A2,25371974,26025851,TRUE,FALSE
chr13_25391743,chr13,25391743,ATP8A2,25371974,26025851,TRUE,FALSE
chr13_25391776,chr13,25391776,ATP8A2,25371974,26025851,TRUE,FALSE
chr13_25391866,chr13,25391866,ATP8A2,25371974,26025851,TRUE,FALSE
chr13_25391888,chr13,25391888,ATP8A2,25371974,26025851,TRUE,FALSE
chr13_25392015,chr13,25392015,ATP8A2,25371974,26025851,TRUE,FALSE
chr13_25392098,chr13,25392098,ATP8A2,25371974,26025851,TRUE,FALSE
chr13_25392114,chr13,25392114,ATP8A2,25371974,26025851,TRUE,FALSE
chr13_25392301,chr13,25392301,ATP8A2,25371974,26025851,TRUE,FALSE
chr13_25392797,chr13,25392797,ATP8A2,25371974,26025851,TRUE,FALSE
chr13_25392801,chr13,25392801,ATP8A2,25371974,26025851,TRUE,FALSE
chr13_25393276,chr13,25393276,ATP8A2,25371974,26025851,TRUE,FALSE
chr13_25393667,chr13,25393667,ATP8A2,25371974,26025851,TRUE,FALSE
chr13_25394501,chr13,25394501,ATP8A2,25371974,26025851,TRUE,FALSE
chr13_25394553,chr13,25394553,ATP8A2,25371974,26025851,TRUE,FALSE
chr13_25394574,chr13,25394574,ATP8A2,25371974,26025851,TRUE,FALSE
chr13_25394818,chr13,25394818,ATP8A2,25371974,26025851,TRUE,FALSE
chr13_25395164,chr13,25395164,ATP8A2,25371974,26025851,TRUE,FALSE
chr13_25395402,chr13,25395402,ATP8A2,25371974,26025851,TRUE,FALSE
chr13_25395479,chr13,25395479,ATP8A2,25371974,26025851,TRUE,FALSE
chr13_25395638,chr13,25395638,ATP8A2,25371974,26025851,TRUE,FALSE
chr13_25395778,chr13,25395778,ATP8A2,25371974,26025851,TRUE,FALSE
chr13_25395867,chr13,25395867,ATP8A2,25371974,26025851,TRUE,FALSE
chr13_25395904,chr13,25395904,ATP8A2,25371974,26025851,TRUE,FALSE
chr13_25395929,chr13,25395929,ATP8A2,25371974,26025851,TRUE,FALSE
chr13_25396077,chr13,25396077,ATP8A2,25371974,26025851,TRUE,FALSE
chr13_25396088,chr13,25396088,ATP8A2,25371974,26025851,TRUE,FALSE
chr13_25396133,chr13,25396133,ATP8A2,25371974,26025851,TRUE,FALSE
chr13_25396205,chr13,25396205,ATP8A2,25371974,26025851,TRUE,FALSE
chr13_25396548,chr13,25396548,ATP8A2,25371974,26025851,TRUE,FALSE
chr13_25396603,chr13,25396603,ATP8A2,25371974,26025851,TRUE,FALSE
chr13_25396673,chr13,25396673,ATP8A2,25371974,26025851,TRUE,FALSE
chr13_25396731,chr13,25396731,ATP8A2,25371974,26025851,TRUE,FALSE
chr13_25396735,chr13,25396735,ATP8A2,25371974,26025851,TRUE,FALSE
chr13_25396802,chr13,25396802,ATP8A2,25371974,26025851,TRUE,FALSE
chr13_25396958,chr13,25396958,ATP8A2,25371974,26025851,TRUE,FALSE
chr13_25396996,chr13,25396996,ATP8A2,25371974,26025851,TRUE,FALSE
chr13_25397105,chr13,25397105,ATP8A2,25371974,26025851,TRUE,FALSE
chr13_25397156,chr13,25397156,ATP8A2,25371974,26025851,TRUE,FALSE
chr13_25397391,chr13,25397391,ATP8A2,25371974,26025851,TRUE,FALSE
chr13_25397458,chr13,25397458,ATP8A2,25371974,26025851,TRUE,FALSE
chr13_25397519,chr13,25397519,ATP8A2,25371974,26025851,TRUE,FALSE
chr13_25398346,chr13,25398346,ATP8A2,25371974,26025851,TRUE,FALSE
chr13_25398470,chr13,25398470,ATP8A2,25371974,26025851,TRUE,FALSE
chr13_25398876,chr13,25398876,ATP8A2,25371974,26025851,TRUE,FALSE
chr13_25399038,chr13,25399038,ATP8A2,25371974,26025851,TRUE,FALSE
chr13_25399069,chr13,25399069,ATP8A2,25371974,26025851,TRUE,FALSE
chr13_25399289,chr13,25399289,ATP8A2,25371974,26025851,TRUE,FALSE
chr13_25399459,chr13,25399459,ATP8A2,25371974,26025851,TRUE,FALSE
chr13_25399467,chr13,25399467,ATP8A2,25371974,26025851,TRUE,FALSE
chr13_25399547,chr13,25399547,ATP8A2,25371974,26025851,TRUE,FALSE
chr13_25399555,chr13,25399555,ATP8A2,25371974,26025851,TRUE,FALSE
chr13_25399559,chr13,25399559,ATP8A2,25371974,26025851,TRUE,FALSE
chr13_25399592,chr13,25399592,ATP8A2,25371974,26025851,TRUE,FALSE
chr13_25399603,chr13,25399603,ATP8A2,25371974,26025851,TRUE,FALSE
chr13_25399612,chr13,25399612,ATP8A2,25371974,26025851,TRUE,FALSE
chr13_25399623,chr13,25399623,ATP8A2,25371974,26025851,TRUE,FALSE
chr13_25399637,chr13,25399637,ATP8A2,25371974,26025851,TRUE,FALSE
chr13_25399644,chr13,25399644,ATP8A2,25371974,26025851,TRUE,FALSE
chr13_25399648,chr13,25399648,ATP8A2,25371974,26025851,TRUE,FALSE
chr13_25399653,chr13,25399653,ATP8A2,25371974,26025851,TRUE,FALSE
chr13_25399681,chr13,25399681,ATP8A2,25371974,26025851,TRUE,FALSE
chr13_25399691,chr13,25399691,ATP8A2,25371974,26025851,TRUE,FALSE
chr13_25399693,chr13,25399693,ATP8A2,25371974,26025851,TRUE,FALSE
chr13_25399697,chr13,25399697,ATP8A2,25371974,26025851,TRUE,FALSE
chr13_25399702,chr13,25399702,ATP8A2,25371974,26025851,TRUE,FALSE
chr13_25400421,chr13,25400421,ATP8A2,25371974,26025851,TRUE,FALSE
chr13_25400629,chr13,25400629,ATP8A2,25371974,26025851,TRUE,FALSE
chr13_25400748,chr13,25400748,ATP8A2,25371974,26025851,TRUE,FALSE
chr13_25400798,chr13,25400798,ATP8A2,25371974,26025851,TRUE,FALSE
chr13_25400839,chr13,25400839,ATP8A2,25371974,26025851,TRUE,FALSE
chr13_25401054,chr13,25401054,ATP8A2,25371974,26025851,TRUE,FALSE
chr13_25401127,chr13,25401127,ATP8A2,25371974,26025851,TRUE,FALSE
chr13_25401140,chr13,25401140,ATP8A2,25371974,26025851,TRUE,FALSE
chr13_25401156,chr13,25401156,ATP8A2,25371974,26025851,TRUE,FALSE
chr13_25401161,chr13,25401161,ATP8A2,25371974,26025851,TRUE,FALSE
chr13_25401391,chr13,25401391,ATP8A2,25371974,26025851,TRUE,FALSE
chr13_25401453,chr13,25401453,ATP8A2,25371974,26025851,TRUE,FALSE
chr13_25401691,chr13,25401691,ATP8A2,25371974,26025851,TRUE,FALSE
chr13_25401700,chr13,25401700,ATP8A2,25371974,26025851,TRUE,FALSE
chr13_25401710,chr13,25401710,ATP8A2,25371974,26025851,TRUE,FALSE
chr13_25401895,chr13,25401895,ATP8A2,25371974,26025851,TRUE,FALSE
chr13_25401959,chr13,25401959,ATP8A2,25371974,26025851,TRUE,FALSE
chr13_25402075,chr13,25402075,ATP8A2,25371974,26025851,TRUE,FALSE
chr13_25402138,chr13,25402138,ATP8A2,25371974,26025851,TRUE,FALSE
chr13_25402146,chr13,25402146,ATP8A2,25371974,26025851,TRUE,FALSE
chr13_25402197,chr13,25402197,ATP8A2,25371974,26025851,TRUE,FALSE
chr13_25402326,chr13,25402326,ATP8A2,25371974,26025851,TRUE,FALSE
chr13_25402339,chr13,25402339,ATP8A2,25371974,26025851,TRUE,FALSE
chr13_25402401,chr13,25402401,ATP8A2,25371974,26025851,TRUE,FALSE
chr13_25402477,chr13,25402477,ATP8A2,25371974,26025851,TRUE,FALSE
chr13_25402656,chr13,25402656,ATP8A2,25371974,26025851,TRUE,FALSE
chr13_25402725,chr13,25402725,ATP8A2,25371974,26025851,TRUE,FALSE
chr13_25402912,chr13,25402912,ATP8A2,25371974,26025851,TRUE,FALSE
chr13_25403122,chr13,25403122,ATP8A2,25371974,26025851,TRUE,FALSE
chr13_25403149,chr13,25403149,ATP8A2,25371974,26025851,TRUE,FALSE
chr13_25403191,chr13,25403191,ATP8A2,25371974,26025851,TRUE,FALSE
chr13_25403341,chr13,25403341,ATP8A2,25371974,26025851,TRUE,FALSE
chr13_25403562,chr13,25403562,ATP8A2,25371974,26025851,TRUE,FALSE
chr13_25403883,chr13,25403883,ATP8A2,25371974,26025851,TRUE,FALSE
chr13_25404021,chr13,25404021,ATP8A2,25371974,26025851,TRUE,FALSE
chr13_25404426,chr13,25404426,ATP8A2,25371974,26025851,TRUE,FALSE
chr13_25404472,chr13,25404472,ATP8A2,25371974,26025851,TRUE,FALSE
chr13_25404627,chr13,25404627,ATP8A2,25371974,26025851,TRUE,FALSE
chr13_25404631,chr13,25404631,ATP8A2,25371974,26025851,TRUE,FALSE
chr13_25404655,chr13,25404655,ATP8A2,25371974,26025851,TRUE,FALSE
chr13_25404676,chr13,25404676,ATP8A2,25371974,26025851,TRUE,FALSE
chr13_25404678,chr13,25404678,ATP8A2,25371974,26025851,TRUE,FALSE
chr13_25404835,chr13,25404835,ATP8A2,25371974,26025851,TRUE,FALSE
chr13_25404887,chr13,25404887,ATP8A2,25371974,26025851,TRUE,FALSE
chr13_25404914,chr13,25404914,ATP8A2,25371974,26025851,TRUE,FALSE
chr13_25404991,chr13,25404991,ATP8A2,25371974,26025851,TRUE,FALSE
chr13_25405040,chr13,25405040,ATP8A2,25371974,26025851,TRUE,FALSE
chr13_25405052,chr13,25405052,ATP8A2,25371974,26025851,TRUE,FALSE
chr13_25405075,chr13,25405075,ATP8A2,25371974,26025851,TRUE,FALSE
chr13_25405081,chr13,25405081,ATP8A2,25371974,26025851,TRUE,FALSE
chr13_25405220,chr13,25405220,ATP8A2,25371974,26025851,TRUE,FALSE
chr13_25405228,chr13,25405228,ATP8A2,25371974,26025851,TRUE,FALSE
chr13_25405303,chr13,25405303,ATP8A2,25371974,26025851,TRUE,FALSE
chr13_25405344,chr13,25405344,ATP8A2,25371974,26025851,TRUE,FALSE
chr13_25405478,chr13,25405478,ATP8A2,25371974,26025851,TRUE,FALSE
chr13_25405512,chr13,25405512,ATP8A2,25371974,26025851,TRUE,FALSE
chr13_25405545,chr13,25405545,ATP8A2,25371974,26025851,TRUE,FALSE
chr13_25405582,chr13,25405582,ATP8A2,25371974,26025851,TRUE,FALSE
chr13_25405814,chr13,25405814,ATP8A2,25371974,26025851,TRUE,FALSE
chr13_25405852,chr13,25405852,ATP8A2,25371974,26025851,TRUE,FALSE
chr13_25406141,chr13,25406141,ATP8A2,25371974,26025851,TRUE,FALSE
chr13_25406201,chr13,25406201,ATP8A2,25371974,26025851,TRUE,FALSE
chr13_25406251,chr13,25406251,ATP8A2,25371974,26025851,TRUE,FALSE
chr13_25406730,chr13,25406730,ATP8A2,25371974,26025851,TRUE,FALSE
chr13_25406830,chr13,25406830,ATP8A2,25371974,26025851,TRUE,FALSE
chr13_25406858,chr13,25406858,ATP8A2,25371974,26025851,TRUE,FALSE
chr13_25406934,chr13,25406934,ATP8A2,25371974,26025851,TRUE,FALSE
chr13_25406965,chr13,25406965,ATP8A2,25371974,26025851,TRUE,FALSE
chr13_25407057,chr13,25407057,ATP8A2,25371974,26025851,TRUE,FALSE
chr13_25407078,chr13,25407078,ATP8A2,25371974,26025851,TRUE,FALSE
chr13_25407805,chr13,25407805,ATP8A2,25371974,26025851,TRUE,FALSE
chr13_25407917,chr13,25407917,ATP8A2,25371974,26025851,TRUE,FALSE
chr13_25407964,chr13,25407964,ATP8A2,25371974,26025851,TRUE,FALSE
chr13_25407979,chr13,25407979,ATP8A2,25371974,26025851,TRUE,FALSE
chr13_25407985,chr13,25407985,ATP8A2,25371974,26025851,TRUE,FALSE
chr13_25408176,chr13,25408176,ATP8A2,25371974,26025851,TRUE,FALSE
chr13_25408208,chr13,25408208,ATP8A2,25371974,26025851,TRUE,FALSE
chr13_25408221,chr13,25408221,ATP8A2,25371974,26025851,TRUE,FALSE
chr13_25408249,chr13,25408249,ATP8A2,25371974,26025851,TRUE,FALSE
chr13_25408265,chr13,25408265,ATP8A2,25371974,26025851,TRUE,FALSE
chr13_25408324,chr13,25408324,ATP8A2,25371974,26025851,TRUE,FALSE
chr13_25408341,chr13,25408341,ATP8A2,25371974,26025851,TRUE,FALSE
chr13_25408386,chr13,25408386,ATP8A2,25371974,26025851,TRUE,FALSE
chr13_25408483,chr13,25408483,ATP8A2,25371974,26025851,TRUE,FALSE
chr13_25409135,chr13,25409135,ATP8A2,25371974,26025851,TRUE,FALSE
chr13_25409804,chr13,25409804,ATP8A2,25371974,26025851,TRUE,FALSE
chr13_25410083,chr13,25410083,ATP8A2,25371974,26025851,TRUE,FALSE
chr13_25410103,chr13,25410103,ATP8A2,25371974,26025851,TRUE,FALSE
chr13_25410148,chr13,25410148,ATP8A2,25371974,26025851,TRUE,FALSE
chr13_25410202,chr13,25410202,ATP8A2,25371974,26025851,TRUE,FALSE
chr13_25410286,chr13,25410286,ATP8A2,25371974,26025851,TRUE,FALSE
chr13_25410612,chr13,25410612,ATP8A2,25371974,26025851,TRUE,FALSE
chr13_25410660,chr13,25410660,ATP8A2,25371974,26025851,TRUE,FALSE
chr13_25410940,chr13,25410940,ATP8A2,25371974,26025851,TRUE,FALSE
chr13_25411748,chr13,25411748,ATP8A2,25371974,26025851,TRUE,FALSE
chr13_25411997,chr13,25411997,ATP8A2,25371974,26025851,TRUE,FALSE
chr13_25412174,chr13,25412174,ATP8A2,25371974,26025851,TRUE,FALSE
chr13_25412428,chr13,25412428,ATP8A2,25371974,26025851,TRUE,FALSE
chr13_25412568,chr13,25412568,ATP8A2,25371974,26025851,TRUE,FALSE
chr13_25412651,chr13,25412651,ATP8A2,25371974,26025851,TRUE,FALSE
chr13_25412883,chr13,25412883,ATP8A2,25371974,26025851,TRUE,FALSE
chr13_25413006,chr13,25413006,ATP8A2,25371974,26025851,TRUE,FALSE
chr13_25413069,chr13,25413069,ATP8A2,25371974,26025851,TRUE,FALSE
chr13_25413097,chr13,25413097,ATP8A2,25371974,26025851,TRUE,FALSE
chr13_25413107,chr13,25413107,ATP8A2,25371974,26025851,TRUE,FALSE
chr13_25413384,chr13,25413384,ATP8A2,25371974,26025851,TRUE,FALSE
chr13_25413406,chr13,25413406,ATP8A2,25371974,26025851,TRUE,FALSE
chr13_25413426,chr13,25413426,ATP8A2,25371974,26025851,TRUE,FALSE
chr13_25413528,chr13,25413528,ATP8A2,25371974,26025851,TRUE,FALSE
chr13_25413724,chr13,25413724,ATP8A2,25371974,26025851,TRUE,FALSE
chr13_25413784,chr13,25413784,ATP8A2,25371974,26025851,TRUE,FALSE
chr13_25413971,chr13,25413971,ATP8A2,25371974,26025851,TRUE,FALSE
chr13_25413980,chr13,25413980,ATP8A2,25371974,26025851,TRUE,FALSE
chr13_25413987,chr13,25413987,ATP8A2,25371974,26025851,TRUE,FALSE
chr13_25413999,chr13,25413999,ATP8A2,25371974,26025851,TRUE,FALSE
chr13_25414090,chr13,25414090,ATP8A2,25371974,26025851,TRUE,FALSE
chr13_25414157,chr13,25414157,ATP8A2,25371974,26025851,TRUE,FALSE
chr13_25414221,chr13,25414221,ATP8A2,25371974,26025851,TRUE,FALSE
chr13_25414229,chr13,25414229,ATP8A2,25371974,26025851,TRUE,FALSE
chr13_25414283,chr13,25414283,ATP8A2,25371974,26025851,TRUE,FALSE
chr13_25414293,chr13,25414293,ATP8A2,25371974,26025851,TRUE,FALSE
chr13_25414315,chr13,25414315,ATP8A2,25371974,26025851,TRUE,FALSE
chr13_25414459,chr13,25414459,ATP8A2,25371974,26025851,TRUE,FALSE
chr13_25414481,chr13,25414481,ATP8A2,25371974,26025851,TRUE,FALSE
chr13_25414602,chr13,25414602,ATP8A2,25371974,26025851,TRUE,FALSE
chr13_25414634,chr13,25414634,ATP8A2,25371974,26025851,TRUE,FALSE
chr13_25415044,chr13,25415044,ATP8A2,25371974,26025851,TRUE,FALSE
chr13_25415057,chr13,25415057,ATP8A2,25371974,26025851,TRUE,FALSE
chr13_25415167,chr13,25415167,ATP8A2,25371974,26025851,TRUE,FALSE
chr13_25415649,chr13,25415649,ATP8A2,25371974,26025851,TRUE,FALSE
chr13_25415651,chr13,25415651,ATP8A2,25371974,26025851,TRUE,FALSE
chr13_25416147,chr13,25416147,ATP8A2,25371974,26025851,TRUE,FALSE
chr13_25416630,chr13,25416630,ATP8A2,25371974,26025851,TRUE,FALSE
chr13_25416809,chr13,25416809,ATP8A2,25371974,26025851,TRUE,FALSE
chr13_25417028,chr13,25417028,ATP8A2,25371974,26025851,TRUE,FALSE
chr13_25417635,chr13,25417635,ATP8A2,25371974,26025851,TRUE,FALSE
chr13_25418091,chr13,25418091,ATP8A2,25371974,26025851,TRUE,FALSE
chr13_25418301,chr13,25418301,ATP8A2,25371974,26025851,TRUE,FALSE
chr13_25418454,chr13,25418454,ATP8A2,25371974,26025851,TRUE,FALSE
chr13_25418516,chr13,25418516,ATP8A2,25371974,26025851,TRUE,FALSE
chr13_25418714,chr13,25418714,ATP8A2,25371974,26025851,TRUE,FALSE
chr13_25418721,chr13,25418721,ATP8A2,25371974,26025851,TRUE,FALSE
chr13_25418735,chr13,25418735,ATP8A2,25371974,26025851,TRUE,FALSE
chr13_25418772,chr13,25418772,ATP8A2,25371974,26025851,TRUE,FALSE
chr13_25419076,chr13,25419076,ATP8A2,25371974,26025851,TRUE,FALSE
chr13_25419092,chr13,25419092,ATP8A2,25371974,26025851,TRUE,FALSE
chr13_25419096,chr13,25419096,ATP8A2,25371974,26025851,TRUE,FALSE
chr13_25419417,chr13,25419417,ATP8A2,25371974,26025851,TRUE,FALSE
chr13_25419545,chr13,25419545,ATP8A2,25371974,26025851,TRUE,FALSE
chr13_25419758,chr13,25419758,ATP8A2,25371974,26025851,TRUE,FALSE
chr13_25419993,chr13,25419993,ATP8A2,25371974,26025851,TRUE,FALSE
chr13_25420059,chr13,25420059,ATP8A2,25371974,26025851,TRUE,FALSE
chr13_25420104,chr13,25420104,ATP8A2,25371974,26025851,TRUE,FALSE
chr13_25420318,chr13,25420318,ATP8A2,25371974,26025851,TRUE,FALSE
chr13_25420326,chr13,25420326,ATP8A2,25371974,26025851,TRUE,FALSE
chr13_25420621,chr13,25420621,ATP8A2,25371974,26025851,TRUE,FALSE
chr13_25420734,chr13,25420734,ATP8A2,25371974,26025851,TRUE,FALSE
chr13_25420768,chr13,25420768,ATP8A2,25371974,26025851,TRUE,FALSE
chr13_25420789,chr13,25420789,ATP8A2,25371974,26025851,TRUE,FALSE
chr13_25421160,chr13,25421160,ATP8A2,25371974,26025851,TRUE,FALSE
chr13_25421306,chr13,25421306,ATP8A2,25371974,26025851,TRUE,FALSE
chr13_25421419,chr13,25421419,ATP8A2,25371974,26025851,TRUE,FALSE
chr13_25421623,chr13,25421623,ATP8A2,25371974,26025851,TRUE,FALSE
chr13_25421784,chr13,25421784,ATP8A2,25371974,26025851,TRUE,FALSE
chr13_25421819,chr13,25421819,ATP8A2,25371974,26025851,TRUE,FALSE
chr13_25421848,chr13,25421848,ATP8A2,25371974,26025851,TRUE,FALSE
chr13_25421983,chr13,25421983,ATP8A2,25371974,26025851,TRUE,FALSE
chr13_25421988,chr13,25421988,ATP8A2,25371974,26025851,TRUE,FALSE
chr13_25422180,chr13,25422180,ATP8A2,25371974,26025851,TRUE,FALSE
chr13_25422449,chr13,25422449,ATP8A2,25371974,26025851,TRUE,FALSE
chr13_25422611,chr13,25422611,ATP8A2,25371974,26025851,TRUE,FALSE
chr13_25423059,chr13,25423059,ATP8A2,25371974,26025851,TRUE,FALSE
chr13_25423088,chr13,25423088,ATP8A2,25371974,26025851,TRUE,FALSE
chr13_25423101,chr13,25423101,ATP8A2,25371974,26025851,TRUE,FALSE
chr13_25423200,chr13,25423200,ATP8A2,25371974,26025851,TRUE,FALSE
chr13_25423377,chr13,25423377,ATP8A2,25371974,26025851,TRUE,FALSE
chr13_25423458,chr13,25423458,ATP8A2,25371974,26025851,TRUE,FALSE
chr13_25423574,chr13,25423574,ATP8A2,25371974,26025851,TRUE,FALSE
chr13_25423813,chr13,25423813,ATP8A2,25371974,26025851,TRUE,FALSE
chr13_25423932,chr13,25423932,ATP8A2,25371974,26025851,TRUE,FALSE
chr13_25424057,chr13,25424057,ATP8A2,25371974,26025851,TRUE,FALSE
chr13_25424122,chr13,25424122,ATP8A2,25371974,26025851,TRUE,FALSE
chr13_25424402,chr13,25424402,ATP8A2,25371974,26025851,TRUE,FALSE
chr13_25424545,chr13,25424545,ATP8A2,25371974,26025851,TRUE,FALSE
chr13_25424621,chr13,25424621,ATP8A2,25371974,26025851,TRUE,FALSE
chr13_25424657,chr13,25424657,ATP8A2,25371974,26025851,TRUE,FALSE
chr13_25424683,chr13,25424683,ATP8A2,25371974,26025851,TRUE,FALSE
chr13_25424685,chr13,25424685,ATP8A2,25371974,26025851,TRUE,FALSE
chr13_25424786,chr13,25424786,ATP8A2,25371974,26025851,TRUE,FALSE
chr13_25424830,chr13,25424830,ATP8A2,25371974,26025851,TRUE,FALSE
chr13_25424936,chr13,25424936,ATP8A2,25371974,26025851,TRUE,FALSE
chr13_25425047,chr13,25425047,ATP8A2,25371974,26025851,TRUE,FALSE
chr13_25425098,chr13,25425098,ATP8A2,25371974,26025851,TRUE,FALSE
chr13_25425405,chr13,25425405,ATP8A2,25371974,26025851,TRUE,FALSE
chr13_25425731,chr13,25425731,ATP8A2,25371974,26025851,TRUE,FALSE
chr13_25425735,chr13,25425735,ATP8A2,25371974,26025851,TRUE,FALSE
chr13_25425766,chr13,25425766,ATP8A2,25371974,26025851,TRUE,FALSE
chr13_25425797,chr13,25425797,ATP8A2,25371974,26025851,TRUE,FALSE
chr13_25425818,chr13,25425818,ATP8A2,25371974,26025851,TRUE,FALSE
chr13_25425822,chr13,25425822,ATP8A2,25371974,26025851,TRUE,FALSE
chr13_25425828,chr13,25425828,ATP8A2,25371974,26025851,TRUE,FALSE
chr13_25425855,chr13,25425855,ATP8A2,25371974,26025851,TRUE,FALSE
chr13_25425867,chr13,25425867,ATP8A2,25371974,26025851,TRUE,FALSE
chr13_25425871,chr13,25425871,ATP8A2,25371974,26025851,TRUE,FALSE
chr13_25426713,chr13,25426713,ATP8A2,25371974,26025851,TRUE,FALSE
chr13_25426808,chr13,25426808,ATP8A2,25371974,26025851,TRUE,FALSE
chr13_25426860,chr13,25426860,ATP8A2,25371974,26025851,TRUE,FALSE
chr13_25427018,chr13,25427018,ATP8A2,25371974,26025851,TRUE,FALSE
chr13_25427138,chr13,25427138,ATP8A2,25371974,26025851,TRUE,FALSE
chr13_25427148,chr13,25427148,ATP8A2,25371974,26025851,TRUE,FALSE
chr13_25427226,chr13,25427226,ATP8A2,25371974,26025851,TRUE,FALSE
chr13_25427484,chr13,25427484,ATP8A2,25371974,26025851,TRUE,FALSE
chr13_25427488,chr13,25427488,ATP8A2,25371974,26025851,TRUE,FALSE
chr13_25427661,chr13,25427661,ATP8A2,25371974,26025851,TRUE,FALSE
chr13_25427842,chr13,25427842,ATP8A2,25371974,26025851,TRUE,FALSE
chr13_25427848,chr13,25427848,ATP8A2,25371974,26025851,TRUE,FALSE
chr13_25427925,chr13,25427925,ATP8A2,25371974,26025851,TRUE,FALSE
chr13_25428056,chr13,25428056,ATP8A2,25371974,26025851,TRUE,FALSE
chr13_25428098,chr13,25428098,ATP8A2,25371974,26025851,TRUE,FALSE
chr13_25428341,chr13,25428341,ATP8A2,25371974,26025851,TRUE,FALSE
chr13_25428383,chr13,25428383,ATP8A2,25371974,26025851,TRUE,FALSE
chr13_25428395,chr13,25428395,ATP8A2,25371974,26025851,TRUE,FALSE
chr13_25428417,chr13,25428417,ATP8A2,25371974,26025851,TRUE,FALSE
chr13_25428671,chr13,25428671,ATP8A2,25371974,26025851,TRUE,FALSE
chr13_25428712,chr13,25428712,ATP8A2,25371974,26025851,TRUE,FALSE
chr13_25428760,chr13,25428760,ATP8A2,25371974,26025851,TRUE,FALSE
chr13_25428857,chr13,25428857,ATP8A2,25371974,26025851,TRUE,FALSE
chr13_25428927,chr13,25428927,ATP8A2,25371974,26025851,TRUE,FALSE
chr13_25429133,chr13,25429133,ATP8A2,25371974,26025851,TRUE,FALSE
chr13_25429138,chr13,25429138,ATP8A2,25371974,26025851,TRUE,FALSE
chr13_25429159,chr13,25429159,ATP8A2,25371974,26025851,TRUE,FALSE
chr13_25429196,chr13,25429196,ATP8A2,25371974,26025851,TRUE,FALSE
chr13_25429262,chr13,25429262,ATP8A2,25371974,26025851,TRUE,FALSE
chr13_25429301,chr13,25429301,ATP8A2,25371974,26025851,TRUE,FALSE
chr13_25429439,chr13,25429439,ATP8A2,25371974,26025851,TRUE,FALSE
chr13_25429613,chr13,25429613,ATP8A2,25371974,26025851,TRUE,FALSE
chr13_25429626,chr13,25429626,ATP8A2,25371974,26025851,TRUE,FALSE
chr13_25429635,chr13,25429635,ATP8A2,25371974,26025851,TRUE,FALSE
chr13_25429752,chr13,25429752,ATP8A2,25371974,26025851,TRUE,FALSE
chr13_25429774,chr13,25429774,ATP8A2,25371974,26025851,TRUE,FALSE
chr13_25429813,chr13,25429813,ATP8A2,25371974,26025851,TRUE,FALSE
chr13_25430101,chr13,25430101,ATP8A2,25371974,26025851,TRUE,FALSE
chr13_25430174,chr13,25430174,ATP8A2,25371974,26025851,TRUE,FALSE
chr13_25430279,chr13,25430279,ATP8A2,25371974,26025851,TRUE,FALSE
chr13_25430285,chr13,25430285,ATP8A2,25371974,26025851,TRUE,FALSE
chr13_25430311,chr13,25430311,ATP8A2,25371974,26025851,TRUE,FALSE
chr13_25430435,chr13,25430435,ATP8A2,25371974,26025851,TRUE,FALSE
chr13_25430468,chr13,25430468,ATP8A2,25371974,26025851,TRUE,FALSE
chr13_25430512,chr13,25430512,ATP8A2,25371974,26025851,TRUE,FALSE
chr13_25430633,chr13,25430633,ATP8A2,25371974,26025851,TRUE,FALSE
chr13_25430666,chr13,25430666,ATP8A2,25371974,26025851,TRUE,FALSE
chr13_25430671,chr13,25430671,ATP8A2,25371974,26025851,TRUE,FALSE
chr13_25430683,chr13,25430683,ATP8A2,25371974,26025851,TRUE,FALSE
chr13_25430700,chr13,25430700,ATP8A2,25371974,26025851,TRUE,FALSE
chr13_25430742,chr13,25430742,ATP8A2,25371974,26025851,TRUE,FALSE
chr13_25430844,chr13,25430844,ATP8A2,25371974,26025851,TRUE,FALSE
chr13_25430849,chr13,25430849,ATP8A2,25371974,26025851,TRUE,FALSE
chr13_25431226,chr13,25431226,ATP8A2,25371974,26025851,TRUE,FALSE
chr13_25431297,chr13,25431297,ATP8A2,25371974,26025851,TRUE,FALSE
chr13_25431302,chr13,25431302,ATP8A2,25371974,26025851,TRUE,FALSE
chr13_25431337,chr13,25431337,ATP8A2,25371974,26025851,TRUE,FALSE
chr13_25431368,chr13,25431368,ATP8A2,25371974,26025851,TRUE,FALSE
chr13_25431376,chr13,25431376,ATP8A2,25371974,26025851,TRUE,FALSE
chr13_25431395,chr13,25431395,ATP8A2,25371974,26025851,TRUE,FALSE
chr13_25431428,chr13,25431428,ATP8A2,25371974,26025851,TRUE,FALSE
chr13_25431444,chr13,25431444,ATP8A2,25371974,26025851,TRUE,FALSE
chr13_25431496,chr13,25431496,ATP8A2,25371974,26025851,TRUE,FALSE
chr13_25431499,chr13,25431499,ATP8A2,25371974,26025851,TRUE,FALSE
chr13_25431502,chr13,25431502,ATP8A2,25371974,26025851,TRUE,FALSE
chr13_25431982,chr13,25431982,ATP8A2,25371974,26025851,TRUE,FALSE
chr13_25432130,chr13,25432130,ATP8A2,25371974,26025851,TRUE,FALSE
chr13_25432311,chr13,25432311,ATP8A2,25371974,26025851,TRUE,FALSE
chr13_25432473,chr13,25432473,ATP8A2,25371974,26025851,TRUE,FALSE
chr13_25432482,chr13,25432482,ATP8A2,25371974,26025851,TRUE,FALSE
chr13_25432892,chr13,25432892,ATP8A2,25371974,26025851,TRUE,FALSE
chr13_25432901,chr13,25432901,ATP8A2,25371974,26025851,TRUE,FALSE
chr13_25433129,chr13,25433129,ATP8A2,25371974,26025851,TRUE,FALSE
chr13_25433226,chr13,25433226,ATP8A2,25371974,26025851,TRUE,FALSE
chr13_25433417,chr13,25433417,ATP8A2,25371974,26025851,TRUE,FALSE
chr13_25433461,chr13,25433461,ATP8A2,25371974,26025851,TRUE,FALSE
chr13_25433607,chr13,25433607,ATP8A2,25371974,26025851,TRUE,FALSE
chr13_25433742,chr13,25433742,ATP8A2,25371974,26025851,TRUE,FALSE
chr13_25433890,chr13,25433890,ATP8A2,25371974,26025851,TRUE,FALSE
chr13_25433908,chr13,25433908,ATP8A2,25371974,26025851,TRUE,FALSE
chr13_25434105,chr13,25434105,ATP8A2,25371974,26025851,TRUE,FALSE
chr13_25434128,chr13,25434128,ATP8A2,25371974,26025851,TRUE,FALSE
chr13_25434130,chr13,25434130,ATP8A2,25371974,26025851,TRUE,FALSE
chr13_25434177,chr13,25434177,ATP8A2,25371974,26025851,TRUE,FALSE
chr13_25434202,chr13,25434202,ATP8A2,25371974,26025851,TRUE,FALSE
chr13_25434389,chr13,25434389,ATP8A2,25371974,26025851,TRUE,FALSE
chr13_25434409,chr13,25434409,ATP8A2,25371974,26025851,TRUE,FALSE
chr13_25434458,chr13,25434458,ATP8A2,25371974,26025851,TRUE,FALSE
chr13_25434473,chr13,25434473,ATP8A2,25371974,26025851,TRUE,FALSE
chr13_25434493,chr13,25434493,ATP8A2,25371974,26025851,TRUE,FALSE
chr13_25434568,chr13,25434568,ATP8A2,25371974,26025851,TRUE,FALSE
chr13_25434591,chr13,25434591,ATP8A2,25371974,26025851,TRUE,FALSE
chr13_25434600,chr13,25434600,ATP8A2,25371974,26025851,TRUE,FALSE
chr13_25434697,chr13,25434697,ATP8A2,25371974,26025851,TRUE,FALSE
chr13_25434716,chr13,25434716,ATP8A2,25371974,26025851,TRUE,FALSE
chr13_25434854,chr13,25434854,ATP8A2,25371974,26025851,TRUE,FALSE
chr13_25434953,chr13,25434953,ATP8A2,25371974,26025851,TRUE,FALSE
chr13_25435017,chr13,25435017,ATP8A2,25371974,26025851,TRUE,FALSE
chr13_25435168,chr13,25435168,ATP8A2,25371974,26025851,TRUE,FALSE
chr13_25435181,chr13,25435181,ATP8A2,25371974,26025851,TRUE,FALSE
chr13_25435183,chr13,25435183,ATP8A2,25371974,26025851,TRUE,FALSE
chr13_25435189,chr13,25435189,ATP8A2,25371974,26025851,TRUE,FALSE
chr13_25435213,chr13,25435213,ATP8A2,25371974,26025851,TRUE,FALSE
chr13_25435223,chr13,25435223,ATP8A2,25371974,26025851,TRUE,FALSE
chr13_25435309,chr13,25435309,ATP8A2,25371974,26025851,TRUE,FALSE
chr13_25435340,chr13,25435340,ATP8A2,25371974,26025851,TRUE,FALSE
chr13_25435370,chr13,25435370,ATP8A2,25371974,26025851,TRUE,FALSE
chr13_25435398,chr13,25435398,ATP8A2,25371974,26025851,TRUE,FALSE
chr13_25435408,chr13,25435408,ATP8A2,25371974,26025851,TRUE,FALSE
chr13_25435410,chr13,25435410,ATP8A2,25371974,26025851,TRUE,FALSE
chr13_25435414,chr13,25435414,ATP8A2,25371974,26025851,TRUE,FALSE
chr13_25435518,chr13,25435518,ATP8A2,25371974,26025851,TRUE,FALSE
chr13_25435554,chr13,25435554,ATP8A2,25371974,26025851,TRUE,FALSE
chr13_25435633,chr13,25435633,ATP8A2,25371974,26025851,TRUE,FALSE
chr13_25435893,chr13,25435893,ATP8A2,25371974,26025851,TRUE,FALSE
chr13_25435912,chr13,25435912,ATP8A2,25371974,26025851,TRUE,FALSE
chr13_25436028,chr13,25436028,ATP8A2,25371974,26025851,TRUE,FALSE
chr13_25436316,chr13,25436316,ATP8A2,25371974,26025851,TRUE,FALSE
chr13_25436575,chr13,25436575,ATP8A2,25371974,26025851,TRUE,FALSE
chr13_25436861,chr13,25436861,ATP8A2,25371974,26025851,TRUE,FALSE
chr13_25437146,chr13,25437146,ATP8A2,25371974,26025851,TRUE,FALSE
chr13_25437587,chr13,25437587,ATP8A2,25371974,26025851,TRUE,FALSE
chr13_25437810,chr13,25437810,ATP8A2,25371974,26025851,TRUE,FALSE
chr13_25438234,chr13,25438234,ATP8A2,25371974,26025851,TRUE,FALSE
chr13_25438550,chr13,25438550,ATP8A2,25371974,26025851,TRUE,FALSE
chr13_25438584,chr13,25438584,ATP8A2,25371974,26025851,TRUE,FALSE
chr13_25438854,chr13,25438854,ATP8A2,25371974,26025851,TRUE,FALSE
chr13_25439002,chr13,25439002,ATP8A2,25371974,26025851,TRUE,FALSE
chr13_25439049,chr13,25439049,ATP8A2,25371974,26025851,TRUE,FALSE
chr13_25439152,chr13,25439152,ATP8A2,25371974,26025851,TRUE,FALSE
chr13_25439157,chr13,25439157,ATP8A2,25371974,26025851,TRUE,FALSE
chr13_25439304,chr13,25439304,ATP8A2,25371974,26025851,TRUE,FALSE
chr13_25439365,chr13,25439365,ATP8A2,25371974,26025851,TRUE,FALSE
chr13_25439762,chr13,25439762,ATP8A2,25371974,26025851,TRUE,FALSE
chr13_25439804,chr13,25439804,ATP8A2,25371974,26025851,TRUE,FALSE
chr13_25440097,chr13,25440097,ATP8A2,25371974,26025851,TRUE,FALSE
chr13_25440170,chr13,25440170,ATP8A2,25371974,26025851,TRUE,FALSE
chr13_25440423,chr13,25440423,ATP8A2,25371974,26025851,TRUE,FALSE
chr13_25440467,chr13,25440467,ATP8A2,25371974,26025851,TRUE,FALSE
chr13_25440471,chr13,25440471,ATP8A2,25371974,26025851,TRUE,FALSE
chr13_25440539,chr13,25440539,ATP8A2,25371974,26025851,TRUE,FALSE
chr13_25440550,chr13,25440550,ATP8A2,25371974,26025851,TRUE,FALSE
chr13_25440580,chr13,25440580,ATP8A2,25371974,26025851,TRUE,FALSE
chr13_25440600,chr13,25440600,ATP8A2,25371974,26025851,TRUE,FALSE
chr13_25440602,chr13,25440602,ATP8A2,25371974,26025851,TRUE,FALSE
chr13_25440638,chr13,25440638,ATP8A2,25371974,26025851,TRUE,FALSE
chr13_25440761,chr13,25440761,ATP8A2,25371974,26025851,TRUE,FALSE
chr13_25440897,chr13,25440897,ATP8A2,25371974,26025851,TRUE,FALSE
chr13_25441154,chr13,25441154,ATP8A2,25371974,26025851,TRUE,FALSE
chr13_25441482,chr13,25441482,ATP8A2,25371974,26025851,TRUE,FALSE
chr13_25441485,chr13,25441485,ATP8A2,25371974,26025851,TRUE,FALSE
chr13_25441507,chr13,25441507,ATP8A2,25371974,26025851,TRUE,FALSE
chr13_25441813,chr13,25441813,ATP8A2,25371974,26025851,TRUE,FALSE
chr13_25442056,chr13,25442056,ATP8A2,25371974,26025851,TRUE,FALSE
chr13_25442137,chr13,25442137,ATP8A2,25371974,26025851,TRUE,FALSE
chr13_25442168,chr13,25442168,ATP8A2,25371974,26025851,TRUE,FALSE
chr13_25442458,chr13,25442458,ATP8A2,25371974,26025851,TRUE,FALSE
chr13_25442487,chr13,25442487,ATP8A2,25371974,26025851,TRUE,FALSE
chr13_25442624,chr13,25442624,ATP8A2,25371974,26025851,TRUE,FALSE
chr13_25442671,chr13,25442671,ATP8A2,25371974,26025851,TRUE,FALSE
chr13_25442674,chr13,25442674,ATP8A2,25371974,26025851,TRUE,FALSE
chr13_25442689,chr13,25442689,ATP8A2,25371974,26025851,TRUE,FALSE
chr13_25442989,chr13,25442989,ATP8A2,25371974,26025851,TRUE,FALSE
chr13_25443357,chr13,25443357,ATP8A2,25371974,26025851,TRUE,FALSE
chr13_25443584,chr13,25443584,ATP8A2,25371974,26025851,TRUE,FALSE
chr13_25443776,chr13,25443776,ATP8A2,25371974,26025851,TRUE,FALSE
chr13_25444684,chr13,25444684,ATP8A2,25371974,26025851,TRUE,FALSE
chr13_25444794,chr13,25444794,ATP8A2,25371974,26025851,TRUE,FALSE
chr13_25444897,chr13,25444897,ATP8A2,25371974,26025851,TRUE,FALSE
chr13_25444933,chr13,25444933,ATP8A2,25371974,26025851,TRUE,FALSE
chr13_25444939,chr13,25444939,ATP8A2,25371974,26025851,TRUE,FALSE
chr13_25445044,chr13,25445044,ATP8A2,25371974,26025851,TRUE,FALSE
chr13_25445380,chr13,25445380,ATP8A2,25371974,26025851,TRUE,FALSE
chr13_25445389,chr13,25445389,ATP8A2,25371974,26025851,TRUE,FALSE
chr13_25445682,chr13,25445682,ATP8A2,25371974,26025851,TRUE,FALSE
chr13_25445775,chr13,25445775,ATP8A2,25371974,26025851,TRUE,FALSE
chr13_25445792,chr13,25445792,ATP8A2,25371974,26025851,TRUE,FALSE
chr13_25445914,chr13,25445914,ATP8A2,25371974,26025851,TRUE,FALSE
chr13_25445940,chr13,25445940,ATP8A2,25371974,26025851,TRUE,FALSE
chr13_25446016,chr13,25446016,ATP8A2,25371974,26025851,TRUE,FALSE
chr13_25446020,chr13,25446020,ATP8A2,25371974,26025851,TRUE,FALSE
chr13_25446086,chr13,25446086,ATP8A2,25371974,26025851,TRUE,FALSE
chr13_25446191,chr13,25446191,ATP8A2,25371974,26025851,TRUE,FALSE
chr13_25446348,chr13,25446348,ATP8A2,25371974,26025851,TRUE,FALSE
chr13_25446534,chr13,25446534,ATP8A2,25371974,26025851,TRUE,FALSE
chr13_25446538,chr13,25446538,ATP8A2,25371974,26025851,TRUE,FALSE
chr13_25446626,chr13,25446626,ATP8A2,25371974,26025851,TRUE,FALSE
chr13_25446916,chr13,25446916,ATP8A2,25371974,26025851,TRUE,FALSE
chr13_25446937,chr13,25446937,ATP8A2,25371974,26025851,TRUE,FALSE
chr13_25447222,chr13,25447222,ATP8A2,25371974,26025851,TRUE,FALSE
chr13_25447429,chr13,25447429,ATP8A2,25371974,26025851,TRUE,FALSE
chr13_25447616,chr13,25447616,ATP8A2,25371974,26025851,TRUE,FALSE
chr13_25447772,chr13,25447772,ATP8A2,25371974,26025851,TRUE,FALSE
chr13_25447923,chr13,25447923,ATP8A2,25371974,26025851,TRUE,FALSE
chr13_25448079,chr13,25448079,ATP8A2,25371974,26025851,TRUE,FALSE
chr13_25448544,chr13,25448544,ATP8A2,25371974,26025851,TRUE,FALSE
chr13_25448944,chr13,25448944,ATP8A2,25371974,26025851,TRUE,FALSE
chr13_25448954,chr13,25448954,ATP8A2,25371974,26025851,TRUE,FALSE
chr13_25449361,chr13,25449361,ATP8A2,25371974,26025851,TRUE,FALSE
chr13_25449674,chr13,25449674,ATP8A2,25371974,26025851,TRUE,FALSE
chr13_25450286,chr13,25450286,ATP8A2,25371974,26025851,TRUE,FALSE
chr13_25450475,chr13,25450475,ATP8A2,25371974,26025851,TRUE,FALSE
chr13_25450554,chr13,25450554,ATP8A2,25371974,26025851,TRUE,FALSE
chr13_25450562,chr13,25450562,ATP8A2,25371974,26025851,TRUE,FALSE
chr13_25450570,chr13,25450570,ATP8A2,25371974,26025851,TRUE,FALSE
chr13_25450600,chr13,25450600,ATP8A2,25371974,26025851,TRUE,FALSE
chr13_25450617,chr13,25450617,ATP8A2,25371974,26025851,TRUE,FALSE
chr13_25450624,chr13,25450624,ATP8A2,25371974,26025851,TRUE,FALSE
chr13_25450632,chr13,25450632,ATP8A2,25371974,26025851,TRUE,FALSE
chr13_25450656,chr13,25450656,ATP8A2,25371974,26025851,TRUE,FALSE
chr13_25450676,chr13,25450676,ATP8A2,25371974,26025851,TRUE,FALSE
chr13_25450721,chr13,25450721,ATP8A2,25371974,26025851,TRUE,FALSE
chr13_25450782,chr13,25450782,ATP8A2,25371974,26025851,TRUE,FALSE
chr13_25450820,chr13,25450820,ATP8A2,25371974,26025851,TRUE,FALSE
chr13_25450822,chr13,25450822,ATP8A2,25371974,26025851,TRUE,FALSE
chr13_25451114,chr13,25451114,ATP8A2,25371974,26025851,TRUE,FALSE
chr13_25451124,chr13,25451124,ATP8A2,25371974,26025851,TRUE,FALSE
chr13_25451368,chr13,25451368,ATP8A2,25371974,26025851,TRUE,FALSE
chr13_25451561,chr13,25451561,ATP8A2,25371974,26025851,TRUE,FALSE
chr13_25451652,chr13,25451652,ATP8A2,25371974,26025851,TRUE,FALSE
chr13_25451915,chr13,25451915,ATP8A2,25371974,26025851,TRUE,FALSE
chr13_25451923,chr13,25451923,ATP8A2,25371974,26025851,TRUE,FALSE
chr13_25451940,chr13,25451940,ATP8A2,25371974,26025851,TRUE,FALSE
chr13_25451955,chr13,25451955,ATP8A2,25371974,26025851,TRUE,FALSE
chr13_25451999,chr13,25451999,ATP8A2,25371974,26025851,TRUE,FALSE
chr13_25452043,chr13,25452043,ATP8A2,25371974,26025851,TRUE,FALSE
chr13_25452054,chr13,25452054,ATP8A2,25371974,26025851,TRUE,FALSE
chr13_25452074,chr13,25452074,ATP8A2,25371974,26025851,TRUE,FALSE
chr13_25452132,chr13,25452132,ATP8A2,25371974,26025851,TRUE,FALSE
chr13_25452142,chr13,25452142,ATP8A2,25371974,26025851,TRUE,FALSE
chr13_25452239,chr13,25452239,ATP8A2,25371974,26025851,TRUE,FALSE
chr13_25452256,chr13,25452256,ATP8A2,25371974,26025851,TRUE,FALSE
chr13_25452286,chr13,25452286,ATP8A2,25371974,26025851,TRUE,FALSE
chr13_25452299,chr13,25452299,ATP8A2,25371974,26025851,TRUE,FALSE
chr13_25452319,chr13,25452319,ATP8A2,25371974,26025851,TRUE,FALSE
chr13_25452449,chr13,25452449,ATP8A2,25371974,26025851,TRUE,FALSE
chr13_25452528,chr13,25452528,ATP8A2,25371974,26025851,TRUE,FALSE
chr13_25452646,chr13,25452646,ATP8A2,25371974,26025851,TRUE,FALSE
chr13_25452758,chr13,25452758,ATP8A2,25371974,26025851,TRUE,FALSE
chr13_25452826,chr13,25452826,ATP8A2,25371974,26025851,TRUE,FALSE
chr13_25452967,chr13,25452967,ATP8A2,25371974,26025851,TRUE,FALSE
chr13_25453009,chr13,25453009,ATP8A2,25371974,26025851,TRUE,FALSE
chr13_25453088,chr13,25453088,ATP8A2,25371974,26025851,TRUE,FALSE
chr13_25453147,chr13,25453147,ATP8A2,25371974,26025851,TRUE,FALSE
chr13_25453156,chr13,25453156,ATP8A2,25371974,26025851,TRUE,FALSE
chr13_25453195,chr13,25453195,ATP8A2,25371974,26025851,TRUE,FALSE
chr13_25453251,chr13,25453251,ATP8A2,25371974,26025851,TRUE,FALSE
chr13_25453271,chr13,25453271,ATP8A2,25371974,26025851,TRUE,FALSE
chr13_25453283,chr13,25453283,ATP8A2,25371974,26025851,TRUE,FALSE
chr13_25453327,chr13,25453327,ATP8A2,25371974,26025851,TRUE,FALSE
chr13_25453345,chr13,25453345,ATP8A2,25371974,26025851,TRUE,FALSE
chr13_25453372,chr13,25453372,ATP8A2,25371974,26025851,TRUE,FALSE
chr13_25453487,chr13,25453487,ATP8A2,25371974,26025851,TRUE,FALSE
chr13_25453500,chr13,25453500,ATP8A2,25371974,26025851,TRUE,FALSE
chr13_25453607,chr13,25453607,ATP8A2,25371974,26025851,TRUE,FALSE
chr13_25453702,chr13,25453702,ATP8A2,25371974,26025851,TRUE,FALSE
chr13_25453981,chr13,25453981,ATP8A2,25371974,26025851,TRUE,FALSE
chr13_25454030,chr13,25454030,ATP8A2,25371974,26025851,TRUE,FALSE
chr13_25454144,chr13,25454144,ATP8A2,25371974,26025851,TRUE,FALSE
chr13_25454151,chr13,25454151,ATP8A2,25371974,26025851,TRUE,FALSE
chr13_25454164,chr13,25454164,ATP8A2,25371974,26025851,TRUE,FALSE
chr13_25454239,chr13,25454239,ATP8A2,25371974,26025851,TRUE,FALSE
chr13_25454380,chr13,25454380,ATP8A2,25371974,26025851,TRUE,FALSE
chr13_25454439,chr13,25454439,ATP8A2,25371974,26025851,TRUE,FALSE
chr13_25454492,chr13,25454492,ATP8A2,25371974,26025851,TRUE,FALSE
chr13_25454518,chr13,25454518,ATP8A2,25371974,26025851,TRUE,FALSE
chr13_25454558,chr13,25454558,ATP8A2,25371974,26025851,TRUE,FALSE
chr13_25454571,chr13,25454571,ATP8A2,25371974,26025851,TRUE,FALSE
chr13_25454645,chr13,25454645,ATP8A2,25371974,26025851,TRUE,FALSE
chr13_25454649,chr13,25454649,ATP8A2,25371974,26025851,TRUE,FALSE
chr13_25454651,chr13,25454651,ATP8A2,25371974,26025851,TRUE,FALSE
chr13_25454661,chr13,25454661,ATP8A2,25371974,26025851,TRUE,FALSE
chr13_25454689,chr13,25454689,ATP8A2,25371974,26025851,TRUE,FALSE
chr13_25454705,chr13,25454705,ATP8A2,25371974,26025851,TRUE,FALSE
chr13_25454719,chr13,25454719,ATP8A2,25371974,26025851,TRUE,FALSE
chr13_25454737,chr13,25454737,ATP8A2,25371974,26025851,TRUE,FALSE
chr13_25454750,chr13,25454750,ATP8A2,25371974,26025851,TRUE,FALSE
chr13_25454782,chr13,25454782,ATP8A2,25371974,26025851,TRUE,FALSE
chr13_25454836,chr13,25454836,ATP8A2,25371974,26025851,TRUE,FALSE
chr13_25454870,chr13,25454870,ATP8A2,25371974,26025851,TRUE,FALSE
chr13_25454878,chr13,25454878,ATP8A2,25371974,26025851,TRUE,FALSE
chr13_25454897,chr13,25454897,ATP8A2,25371974,26025851,TRUE,FALSE
chr13_25454900,chr13,25454900,ATP8A2,25371974,26025851,TRUE,FALSE
chr13_25454916,chr13,25454916,ATP8A2,25371974,26025851,TRUE,FALSE
chr13_25455034,chr13,25455034,ATP8A2,25371974,26025851,TRUE,FALSE
chr13_25455081,chr13,25455081,ATP8A2,25371974,26025851,TRUE,FALSE
chr13_25455233,chr13,25455233,ATP8A2,25371974,26025851,TRUE,FALSE
chr13_25455270,chr13,25455270,ATP8A2,25371974,26025851,TRUE,FALSE
chr13_25455291,chr13,25455291,ATP8A2,25371974,26025851,TRUE,FALSE
chr13_25455554,chr13,25455554,ATP8A2,25371974,26025851,TRUE,FALSE
chr13_25455700,chr13,25455700,ATP8A2,25371974,26025851,TRUE,FALSE
chr13_25455952,chr13,25455952,ATP8A2,25371974,26025851,TRUE,FALSE
chr13_25456111,chr13,25456111,ATP8A2,25371974,26025851,TRUE,FALSE
chr13_25456239,chr13,25456239,ATP8A2,25371974,26025851,TRUE,FALSE
chr13_25456283,chr13,25456283,ATP8A2,25371974,26025851,TRUE,FALSE
chr13_25456439,chr13,25456439,ATP8A2,25371974,26025851,TRUE,FALSE
chr13_25456550,chr13,25456550,ATP8A2,25371974,26025851,TRUE,TRUE
chr13_25456626,chr13,25456626,ATP8A2,25371974,26025851,TRUE,FALSE
chr13_25456629,chr13,25456629,ATP8A2,25371974,26025851,TRUE,FALSE
chr13_25456671,chr13,25456671,ATP8A2,25371974,26025851,TRUE,FALSE
chr13_25456760,chr13,25456760,ATP8A2,25371974,26025851,TRUE,TRUE
chr13_25456795,chr13,25456795,ATP8A2,25371974,26025851,TRUE,TRUE
chr13_25456962,chr13,25456962,ATP8A2,25371974,26025851,TRUE,FALSE
chr13_25457046,chr13,25457046,ATP8A2,25371974,26025851,TRUE,FALSE
chr13_25457086,chr13,25457086,ATP8A2,25371974,26025851,TRUE,FALSE
chr13_25457113,chr13,25457113,ATP8A2,25371974,26025851,TRUE,FALSE
chr13_25457181,chr13,25457181,ATP8A2,25371974,26025851,TRUE,FALSE
chr13_25457673,chr13,25457673,ATP8A2,25371974,26025851,TRUE,FALSE
chr13_25457692,chr13,25457692,ATP8A2,25371974,26025851,TRUE,FALSE
chr13_25457808,chr13,25457808,ATP8A2,25371974,26025851,TRUE,FALSE
chr13_25458101,chr13,25458101,ATP8A2,25371974,26025851,TRUE,FALSE
chr13_25458165,chr13,25458165,ATP8A2,25371974,26025851,TRUE,FALSE
chr13_25458174,chr13,25458174,ATP8A2,25371974,26025851,TRUE,FALSE
chr13_25458223,chr13,25458223,ATP8A2,25371974,26025851,TRUE,FALSE
chr13_25458461,chr13,25458461,ATP8A2,25371974,26025851,TRUE,FALSE
chr13_25458469,chr13,25458469,ATP8A2,25371974,26025851,TRUE,FALSE
chr13_25458501,chr13,25458501,ATP8A2,25371974,26025851,TRUE,FALSE
chr13_25458534,chr13,25458534,ATP8A2,25371974,26025851,TRUE,FALSE
chr13_25458704,chr13,25458704,ATP8A2,25371974,26025851,TRUE,FALSE
chr13_25458864,chr13,25458864,ATP8A2,25371974,26025851,TRUE,FALSE
chr13_25459167,chr13,25459167,ATP8A2,25371974,26025851,TRUE,FALSE
chr13_25459382,chr13,25459382,ATP8A2,25371974,26025851,TRUE,FALSE
chr13_25459396,chr13,25459396,ATP8A2,25371974,26025851,TRUE,FALSE
chr13_25459409,chr13,25459409,ATP8A2,25371974,26025851,TRUE,FALSE
chr13_25459619,chr13,25459619,ATP8A2,25371974,26025851,TRUE,FALSE
chr13_25459939,chr13,25459939,ATP8A2,25371974,26025851,TRUE,FALSE
chr13_25459967,chr13,25459967,ATP8A2,25371974,26025851,TRUE,FALSE
chr13_25459976,chr13,25459976,ATP8A2,25371974,26025851,TRUE,FALSE
chr13_25460057,chr13,25460057,ATP8A2,25371974,26025851,TRUE,FALSE
chr13_25460149,chr13,25460149,ATP8A2,25371974,26025851,TRUE,FALSE
chr13_25460157,chr13,25460157,ATP8A2,25371974,26025851,TRUE,FALSE
chr13_25460195,chr13,25460195,ATP8A2,25371974,26025851,TRUE,FALSE
chr13_25460273,chr13,25460273,ATP8A2,25371974,26025851,TRUE,FALSE
chr13_25460319,chr13,25460319,ATP8A2,25371974,26025851,TRUE,FALSE
chr13_25460379,chr13,25460379,ATP8A2,25371974,26025851,TRUE,FALSE
chr13_25460713,chr13,25460713,ATP8A2,25371974,26025851,TRUE,FALSE
chr13_25460750,chr13,25460750,ATP8A2,25371974,26025851,TRUE,FALSE
chr13_25461157,chr13,25461157,ATP8A2,25371974,26025851,TRUE,FALSE
chr13_25461265,chr13,25461265,ATP8A2,25371974,26025851,TRUE,FALSE
chr13_25461471,chr13,25461471,ATP8A2,25371974,26025851,TRUE,FALSE
chr13_25461498,chr13,25461498,ATP8A2,25371974,26025851,TRUE,FALSE
chr13_25461512,chr13,25461512,ATP8A2,25371974,26025851,TRUE,FALSE
chr13_25461810,chr13,25461810,ATP8A2,25371974,26025851,TRUE,FALSE
chr13_25461983,chr13,25461983,ATP8A2,25371974,26025851,TRUE,FALSE
chr13_25462173,chr13,25462173,ATP8A2,25371974,26025851,TRUE,FALSE
chr13_25462289,chr13,25462289,ATP8A2,25371974,26025851,TRUE,FALSE
chr13_25462468,chr13,25462468,ATP8A2,25371974,26025851,TRUE,FALSE
chr13_25462851,chr13,25462851,ATP8A2,25371974,26025851,TRUE,FALSE
chr13_25462932,chr13,25462932,ATP8A2,25371974,26025851,TRUE,FALSE
chr13_25462966,chr13,25462966,ATP8A2,25371974,26025851,TRUE,FALSE
chr13_25462995,chr13,25462995,ATP8A2,25371974,26025851,TRUE,FALSE
chr13_25463002,chr13,25463002,ATP8A2,25371974,26025851,TRUE,FALSE
chr13_25463018,chr13,25463018,ATP8A2,25371974,26025851,TRUE,FALSE
chr13_25463032,chr13,25463032,ATP8A2,25371974,26025851,TRUE,FALSE
chr13_25463054,chr13,25463054,ATP8A2,25371974,26025851,TRUE,FALSE
chr13_25463608,chr13,25463608,ATP8A2,25371974,26025851,TRUE,FALSE
chr13_25463637,chr13,25463637,ATP8A2,25371974,26025851,TRUE,FALSE
chr13_25463661,chr13,25463661,ATP8A2,25371974,26025851,TRUE,FALSE
chr13_25464001,chr13,25464001,ATP8A2,25371974,26025851,TRUE,FALSE
chr13_25464322,chr13,25464322,ATP8A2,25371974,26025851,TRUE,FALSE
chr13_25464397,chr13,25464397,ATP8A2,25371974,26025851,TRUE,FALSE
chr13_25464508,chr13,25464508,ATP8A2,25371974,26025851,TRUE,FALSE
chr13_25464676,chr13,25464676,ATP8A2,25371974,26025851,TRUE,FALSE
chr13_25464763,chr13,25464763,ATP8A2,25371974,26025851,TRUE,FALSE
chr13_25464915,chr13,25464915,ATP8A2,25371974,26025851,TRUE,FALSE
chr13_25465328,chr13,25465328,ATP8A2,25371974,26025851,TRUE,FALSE
chr13_25465469,chr13,25465469,ATP8A2,25371974,26025851,TRUE,FALSE
chr13_25465843,chr13,25465843,ATP8A2,25371974,26025851,TRUE,FALSE
chr13_25466037,chr13,25466037,ATP8A2,25371974,26025851,TRUE,FALSE
chr13_25466594,chr13,25466594,ATP8A2,25371974,26025851,TRUE,FALSE
chr13_25466754,chr13,25466754,ATP8A2,25371974,26025851,TRUE,FALSE
chr13_25466784,chr13,25466784,ATP8A2,25371974,26025851,TRUE,FALSE
chr13_25467027,chr13,25467027,ATP8A2,25371974,26025851,TRUE,FALSE
chr13_25467086,chr13,25467086,ATP8A2,25371974,26025851,TRUE,FALSE
chr13_25467104,chr13,25467104,ATP8A2,25371974,26025851,TRUE,FALSE
chr13_25467217,chr13,25467217,ATP8A2,25371974,26025851,TRUE,FALSE
chr13_25467280,chr13,25467280,ATP8A2,25371974,26025851,TRUE,FALSE
chr13_25467300,chr13,25467300,ATP8A2,25371974,26025851,TRUE,FALSE
chr13_25467363,chr13,25467363,ATP8A2,25371974,26025851,TRUE,FALSE
chr13_25467390,chr13,25467390,ATP8A2,25371974,26025851,TRUE,FALSE
chr13_25467403,chr13,25467403,ATP8A2,25371974,26025851,TRUE,FALSE
chr13_25467466,chr13,25467466,ATP8A2,25371974,26025851,TRUE,FALSE
chr13_25467544,chr13,25467544,ATP8A2,25371974,26025851,TRUE,FALSE
chr13_25467576,chr13,25467576,ATP8A2,25371974,26025851,TRUE,FALSE
chr13_25467589,chr13,25467589,ATP8A2,25371974,26025851,TRUE,FALSE
chr13_25467611,chr13,25467611,ATP8A2,25371974,26025851,TRUE,FALSE
chr13_25467613,chr13,25467613,ATP8A2,25371974,26025851,TRUE,FALSE
chr13_25467636,chr13,25467636,ATP8A2,25371974,26025851,TRUE,FALSE
chr13_25467643,chr13,25467643,ATP8A2,25371974,26025851,TRUE,FALSE
chr13_25467652,chr13,25467652,ATP8A2,25371974,26025851,TRUE,FALSE
chr13_25467676,chr13,25467676,ATP8A2,25371974,26025851,TRUE,FALSE
chr13_25467678,chr13,25467678,ATP8A2,25371974,26025851,TRUE,FALSE
chr13_25467696,chr13,25467696,ATP8A2,25371974,26025851,TRUE,FALSE
chr13_25467712,chr13,25467712,ATP8A2,25371974,26025851,TRUE,FALSE
chr13_25467761,chr13,25467761,ATP8A2,25371974,26025851,TRUE,FALSE
chr13_25467772,chr13,25467772,ATP8A2,25371974,26025851,TRUE,FALSE
chr13_25467846,chr13,25467846,ATP8A2,25371974,26025851,TRUE,FALSE
chr13_25467879,chr13,25467879,ATP8A2,25371974,26025851,TRUE,FALSE
chr13_25467883,chr13,25467883,ATP8A2,25371974,26025851,TRUE,FALSE
chr13_25467905,chr13,25467905,ATP8A2,25371974,26025851,TRUE,FALSE
chr13_25467924,chr13,25467924,ATP8A2,25371974,26025851,TRUE,FALSE
chr13_25468000,chr13,25468000,ATP8A2,25371974,26025851,TRUE,FALSE
chr13_25468089,chr13,25468089,ATP8A2,25371974,26025851,TRUE,FALSE
chr13_25468093,chr13,25468093,ATP8A2,25371974,26025851,TRUE,FALSE
chr13_25468144,chr13,25468144,ATP8A2,25371974,26025851,TRUE,FALSE
chr13_25468244,chr13,25468244,ATP8A2,25371974,26025851,TRUE,FALSE
chr13_25468286,chr13,25468286,ATP8A2,25371974,26025851,TRUE,FALSE
chr13_25468290,chr13,25468290,ATP8A2,25371974,26025851,TRUE,FALSE
chr13_25468361,chr13,25468361,ATP8A2,25371974,26025851,TRUE,FALSE
chr13_25468388,chr13,25468388,ATP8A2,25371974,26025851,TRUE,FALSE
chr13_25468427,chr13,25468427,ATP8A2,25371974,26025851,TRUE,FALSE
chr13_25468445,chr13,25468445,ATP8A2,25371974,26025851,TRUE,FALSE
chr13_25468460,chr13,25468460,ATP8A2,25371974,26025851,TRUE,FALSE
chr13_25468478,chr13,25468478,ATP8A2,25371974,26025851,TRUE,FALSE
chr13_25468556,chr13,25468556,ATP8A2,25371974,26025851,TRUE,FALSE
chr13_25469440,chr13,25469440,ATP8A2,25371974,26025851,TRUE,FALSE
chr13_25469514,chr13,25469514,ATP8A2,25371974,26025851,TRUE,FALSE
chr13_25469574,chr13,25469574,ATP8A2,25371974,26025851,TRUE,FALSE
chr13_25469604,chr13,25469604,ATP8A2,25371974,26025851,TRUE,FALSE
chr13_25469647,chr13,25469647,ATP8A2,25371974,26025851,TRUE,FALSE
chr13_25469672,chr13,25469672,ATP8A2,25371974,26025851,TRUE,FALSE
chr13_25469874,chr13,25469874,ATP8A2,25371974,26025851,TRUE,FALSE
chr13_25469882,chr13,25469882,ATP8A2,25371974,26025851,TRUE,FALSE
chr13_25470350,chr13,25470350,ATP8A2,25371974,26025851,TRUE,FALSE
chr13_25470373,chr13,25470373,ATP8A2,25371974,26025851,TRUE,FALSE
chr13_25470490,chr13,25470490,ATP8A2,25371974,26025851,TRUE,FALSE
chr13_25470593,chr13,25470593,ATP8A2,25371974,26025851,TRUE,FALSE
chr13_25470617,chr13,25470617,ATP8A2,25371974,26025851,TRUE,FALSE
chr13_25470636,chr13,25470636,ATP8A2,25371974,26025851,TRUE,FALSE
chr13_25471106,chr13,25471106,ATP8A2,25371974,26025851,TRUE,FALSE
chr13_25471436,chr13,25471436,ATP8A2,25371974,26025851,TRUE,FALSE
chr13_25471495,chr13,25471495,ATP8A2,25371974,26025851,TRUE,FALSE
chr13_25471539,chr13,25471539,ATP8A2,25371974,26025851,TRUE,FALSE
chr13_25471750,chr13,25471750,ATP8A2,25371974,26025851,TRUE,FALSE
chr13_25471950,chr13,25471950,ATP8A2,25371974,26025851,TRUE,FALSE
chr13_25472037,chr13,25472037,ATP8A2,25371974,26025851,TRUE,FALSE
chr13_25472250,chr13,25472250,ATP8A2,25371974,26025851,TRUE,FALSE
chr13_25472254,chr13,25472254,ATP8A2,25371974,26025851,TRUE,FALSE
chr13_25472286,chr13,25472286,ATP8A2,25371974,26025851,TRUE,FALSE
chr13_25472308,chr13,25472308,ATP8A2,25371974,26025851,TRUE,FALSE
chr13_25472461,chr13,25472461,ATP8A2,25371974,26025851,TRUE,FALSE
chr13_25472896,chr13,25472896,ATP8A2,25371974,26025851,TRUE,FALSE
chr13_25472964,chr13,25472964,ATP8A2,25371974,26025851,TRUE,FALSE
chr13_25472971,chr13,25472971,ATP8A2,25371974,26025851,TRUE,FALSE
chr13_25473229,chr13,25473229,ATP8A2,25371974,26025851,TRUE,FALSE
chr13_25474114,chr13,25474114,ATP8A2,25371974,26025851,TRUE,FALSE
chr13_25474151,chr13,25474151,ATP8A2,25371974,26025851,TRUE,FALSE
chr13_25474287,chr13,25474287,ATP8A2,25371974,26025851,TRUE,FALSE
chr13_25474297,chr13,25474297,ATP8A2,25371974,26025851,TRUE,FALSE
chr13_25474299,chr13,25474299,ATP8A2,25371974,26025851,TRUE,FALSE
chr13_25474327,chr13,25474327,ATP8A2,25371974,26025851,TRUE,FALSE
chr13_25474343,chr13,25474343,ATP8A2,25371974,26025851,TRUE,FALSE
chr13_25474388,chr13,25474388,ATP8A2,25371974,26025851,TRUE,FALSE
chr13_25474422,chr13,25474422,ATP8A2,25371974,26025851,TRUE,FALSE
chr13_25474434,chr13,25474434,ATP8A2,25371974,26025851,TRUE,FALSE
chr13_25474454,chr13,25474454,ATP8A2,25371974,26025851,TRUE,FALSE
chr13_25474540,chr13,25474540,ATP8A2,25371974,26025851,TRUE,FALSE
chr13_25474727,chr13,25474727,ATP8A2,25371974,26025851,TRUE,FALSE
chr13_25474869,chr13,25474869,ATP8A2,25371974,26025851,TRUE,FALSE
chr13_25474899,chr13,25474899,ATP8A2,25371974,26025851,TRUE,FALSE
chr13_25474929,chr13,25474929,ATP8A2,25371974,26025851,TRUE,FALSE
chr13_25475066,chr13,25475066,ATP8A2,25371974,26025851,TRUE,FALSE
chr13_25475131,chr13,25475131,ATP8A2,25371974,26025851,TRUE,FALSE
chr13_25475267,chr13,25475267,ATP8A2,25371974,26025851,TRUE,FALSE
chr13_25475335,chr13,25475335,ATP8A2,25371974,26025851,TRUE,FALSE
chr13_25475480,chr13,25475480,ATP8A2,25371974,26025851,TRUE,FALSE
chr13_25475488,chr13,25475488,ATP8A2,25371974,26025851,TRUE,FALSE
chr13_25475565,chr13,25475565,ATP8A2,25371974,26025851,TRUE,FALSE
chr13_25475675,chr13,25475675,ATP8A2,25371974,26025851,TRUE,FALSE
chr13_25475748,chr13,25475748,ATP8A2,25371974,26025851,TRUE,FALSE
chr13_25475763,chr13,25475763,ATP8A2,25371974,26025851,TRUE,FALSE
chr13_25476346,chr13,25476346,ATP8A2,25371974,26025851,TRUE,FALSE
chr13_25476348,chr13,25476348,ATP8A2,25371974,26025851,TRUE,FALSE
chr13_25476413,chr13,25476413,ATP8A2,25371974,26025851,TRUE,FALSE
chr13_25476437,chr13,25476437,ATP8A2,25371974,26025851,TRUE,FALSE
chr13_25476445,chr13,25476445,ATP8A2,25371974,26025851,TRUE,FALSE
chr13_25476478,chr13,25476478,ATP8A2,25371974,26025851,TRUE,FALSE
chr13_25476581,chr13,25476581,ATP8A2,25371974,26025851,TRUE,FALSE
chr13_25476824,chr13,25476824,ATP8A2,25371974,26025851,TRUE,FALSE
chr13_25476858,chr13,25476858,ATP8A2,25371974,26025851,TRUE,FALSE
chr13_25476956,chr13,25476956,ATP8A2,25371974,26025851,TRUE,FALSE
chr13_25477414,chr13,25477414,ATP8A2,25371974,26025851,TRUE,FALSE
chr13_25477538,chr13,25477538,ATP8A2,25371974,26025851,TRUE,FALSE
chr13_25477597,chr13,25477597,ATP8A2,25371974,26025851,TRUE,FALSE
chr13_25477654,chr13,25477654,ATP8A2,25371974,26025851,TRUE,FALSE
chr13_25477702,chr13,25477702,ATP8A2,25371974,26025851,TRUE,FALSE
chr13_25477891,chr13,25477891,ATP8A2,25371974,26025851,TRUE,FALSE
chr13_25478169,chr13,25478169,ATP8A2,25371974,26025851,TRUE,FALSE
chr13_25478316,chr13,25478316,ATP8A2,25371974,26025851,TRUE,FALSE
chr13_25478699,chr13,25478699,ATP8A2,25371974,26025851,TRUE,FALSE
chr13_25478717,chr13,25478717,ATP8A2,25371974,26025851,TRUE,FALSE
chr13_25478908,chr13,25478908,ATP8A2,25371974,26025851,TRUE,FALSE
chr13_25478933,chr13,25478933,ATP8A2,25371974,26025851,TRUE,FALSE
chr13_25478994,chr13,25478994,ATP8A2,25371974,26025851,TRUE,FALSE
chr13_25479036,chr13,25479036,ATP8A2,25371974,26025851,TRUE,FALSE
chr13_25479067,chr13,25479067,ATP8A2,25371974,26025851,TRUE,FALSE
chr13_25479097,chr13,25479097,ATP8A2,25371974,26025851,TRUE,FALSE
chr13_25479258,chr13,25479258,ATP8A2,25371974,26025851,TRUE,FALSE
chr13_25479325,chr13,25479325,ATP8A2,25371974,26025851,TRUE,FALSE
chr13_25480962,chr13,25480962,ATP8A2,25371974,26025851,TRUE,FALSE
chr13_25480974,chr13,25480974,ATP8A2,25371974,26025851,TRUE,FALSE
chr13_25480982,chr13,25480982,ATP8A2,25371974,26025851,TRUE,FALSE
chr13_25481328,chr13,25481328,ATP8A2,25371974,26025851,TRUE,FALSE
chr13_25481406,chr13,25481406,ATP8A2,25371974,26025851,TRUE,FALSE
chr13_25481654,chr13,25481654,ATP8A2,25371974,26025851,TRUE,FALSE
chr13_25481668,chr13,25481668,ATP8A2,25371974,26025851,TRUE,FALSE
chr13_25481812,chr13,25481812,ATP8A2,25371974,26025851,TRUE,FALSE
chr13_25482060,chr13,25482060,ATP8A2,25371974,26025851,TRUE,FALSE
chr13_25482200,chr13,25482200,ATP8A2,25371974,26025851,TRUE,FALSE
chr13_25482366,chr13,25482366,ATP8A2,25371974,26025851,TRUE,FALSE
chr13_25482408,chr13,25482408,ATP8A2,25371974,26025851,TRUE,FALSE
chr13_25482459,chr13,25482459,ATP8A2,25371974,26025851,TRUE,FALSE
chr13_25482548,chr13,25482548,ATP8A2,25371974,26025851,TRUE,FALSE
chr13_25482702,chr13,25482702,ATP8A2,25371974,26025851,TRUE,FALSE
chr13_25482723,chr13,25482723,ATP8A2,25371974,26025851,TRUE,FALSE
chr13_25482811,chr13,25482811,ATP8A2,25371974,26025851,TRUE,FALSE
chr13_25482824,chr13,25482824,ATP8A2,25371974,26025851,TRUE,FALSE
chr13_25482949,chr13,25482949,ATP8A2,25371974,26025851,TRUE,FALSE
chr13_25482957,chr13,25482957,ATP8A2,25371974,26025851,TRUE,FALSE
chr13_25483015,chr13,25483015,ATP8A2,25371974,26025851,TRUE,FALSE
chr13_25483437,chr13,25483437,ATP8A2,25371974,26025851,TRUE,FALSE
chr13_25483483,chr13,25483483,ATP8A2,25371974,26025851,TRUE,FALSE
chr13_25483843,chr13,25483843,ATP8A2,25371974,26025851,TRUE,FALSE
chr13_25483921,chr13,25483921,ATP8A2,25371974,26025851,TRUE,FALSE
chr13_25483944,chr13,25483944,ATP8A2,25371974,26025851,TRUE,FALSE
chr13_25484088,chr13,25484088,ATP8A2,25371974,26025851,TRUE,FALSE
chr13_25484173,chr13,25484173,ATP8A2,25371974,26025851,TRUE,FALSE
chr13_25484547,chr13,25484547,ATP8A2,25371974,26025851,TRUE,FALSE
chr13_25484575,chr13,25484575,ATP8A2,25371974,26025851,TRUE,FALSE
chr13_25484607,chr13,25484607,ATP8A2,25371974,26025851,TRUE,FALSE
chr13_25484659,chr13,25484659,ATP8A2,25371974,26025851,TRUE,FALSE
chr13_25484675,chr13,25484675,ATP8A2,25371974,26025851,TRUE,FALSE
chr13_25484736,chr13,25484736,ATP8A2,25371974,26025851,TRUE,FALSE
chr13_25484759,chr13,25484759,ATP8A2,25371974,26025851,TRUE,FALSE
chr13_25484796,chr13,25484796,ATP8A2,25371974,26025851,TRUE,FALSE
chr13_25484802,chr13,25484802,ATP8A2,25371974,26025851,TRUE,FALSE
chr13_25484806,chr13,25484806,ATP8A2,25371974,26025851,TRUE,FALSE
chr13_25484812,chr13,25484812,ATP8A2,25371974,26025851,TRUE,FALSE
chr13_25484918,chr13,25484918,ATP8A2,25371974,26025851,TRUE,FALSE
chr13_25485133,chr13,25485133,ATP8A2,25371974,26025851,TRUE,FALSE
chr13_25485285,chr13,25485285,ATP8A2,25371974,26025851,TRUE,FALSE
chr13_25485496,chr13,25485496,ATP8A2,25371974,26025851,TRUE,FALSE
chr13_25485613,chr13,25485613,ATP8A2,25371974,26025851,TRUE,FALSE
chr13_25485656,chr13,25485656,ATP8A2,25371974,26025851,TRUE,FALSE
chr13_25485659,chr13,25485659,ATP8A2,25371974,26025851,TRUE,FALSE
chr13_25485674,chr13,25485674,ATP8A2,25371974,26025851,TRUE,FALSE
chr13_25485717,chr13,25485717,ATP8A2,25371974,26025851,TRUE,FALSE
chr13_25486031,chr13,25486031,ATP8A2,25371974,26025851,TRUE,FALSE
chr13_25486285,chr13,25486285,ATP8A2,25371974,26025851,TRUE,FALSE
chr13_25486656,chr13,25486656,ATP8A2,25371974,26025851,TRUE,FALSE
chr13_25486744,chr13,25486744,ATP8A2,25371974,26025851,TRUE,FALSE
chr13_25486771,chr13,25486771,ATP8A2,25371974,26025851,TRUE,FALSE
chr13_25486839,chr13,25486839,ATP8A2,25371974,26025851,TRUE,FALSE
chr13_25486880,chr13,25486880,ATP8A2,25371974,26025851,TRUE,FALSE
chr13_25486947,chr13,25486947,ATP8A2,25371974,26025851,TRUE,FALSE
chr13_25487154,chr13,25487154,ATP8A2,25371974,26025851,TRUE,FALSE
chr13_25487209,chr13,25487209,ATP8A2,25371974,26025851,TRUE,FALSE
chr13_25487213,chr13,25487213,ATP8A2,25371974,26025851,TRUE,FALSE
chr13_25487290,chr13,25487290,ATP8A2,25371974,26025851,TRUE,FALSE
chr13_25487295,chr13,25487295,ATP8A2,25371974,26025851,TRUE,FALSE
chr13_25487362,chr13,25487362,ATP8A2,25371974,26025851,TRUE,FALSE
chr13_25487422,chr13,25487422,ATP8A2,25371974,26025851,TRUE,FALSE
chr13_25487683,chr13,25487683,ATP8A2,25371974,26025851,TRUE,FALSE
chr13_25487976,chr13,25487976,ATP8A2,25371974,26025851,TRUE,FALSE
chr13_25488034,chr13,25488034,ATP8A2,25371974,26025851,TRUE,FALSE
chr13_25488089,chr13,25488089,ATP8A2,25371974,26025851,TRUE,FALSE
chr13_25488098,chr13,25488098,ATP8A2,25371974,26025851,TRUE,FALSE
chr13_25488221,chr13,25488221,ATP8A2,25371974,26025851,TRUE,FALSE
chr13_25488335,chr13,25488335,ATP8A2,25371974,26025851,TRUE,FALSE
chr13_25488353,chr13,25488353,ATP8A2,25371974,26025851,TRUE,FALSE
chr13_25488417,chr13,25488417,ATP8A2,25371974,26025851,TRUE,FALSE
chr13_25488745,chr13,25488745,ATP8A2,25371974,26025851,TRUE,FALSE
chr13_25488991,chr13,25488991,ATP8A2,25371974,26025851,TRUE,FALSE
chr13_25497385,chr13,25497385,ATP8A2,25371974,26025851,TRUE,FALSE
chr13_25497674,chr13,25497674,ATP8A2,25371974,26025851,TRUE,FALSE
chr13_25497680,chr13,25497680,ATP8A2,25371974,26025851,TRUE,FALSE
chr13_25497722,chr13,25497722,ATP8A2,25371974,26025851,TRUE,FALSE
chr13_25497731,chr13,25497731,ATP8A2,25371974,26025851,TRUE,FALSE
chr13_25497771,chr13,25497771,ATP8A2,25371974,26025851,TRUE,FALSE
chr13_25497854,chr13,25497854,ATP8A2,25371974,26025851,TRUE,FALSE
chr13_25497910,chr13,25497910,ATP8A2,25371974,26025851,TRUE,FALSE
chr13_25497916,chr13,25497916,ATP8A2,25371974,26025851,TRUE,FALSE
chr13_25497918,chr13,25497918,ATP8A2,25371974,26025851,TRUE,FALSE
chr13_25497944,chr13,25497944,ATP8A2,25371974,26025851,TRUE,FALSE
chr13_25497956,chr13,25497956,ATP8A2,25371974,26025851,TRUE,FALSE
chr13_25498077,chr13,25498077,ATP8A2,25371974,26025851,TRUE,FALSE
chr13_25498084,chr13,25498084,ATP8A2,25371974,26025851,TRUE,FALSE
chr13_25498117,chr13,25498117,ATP8A2,25371974,26025851,TRUE,FALSE
chr13_25498595,chr13,25498595,ATP8A2,25371974,26025851,TRUE,FALSE
chr13_25498745,chr13,25498745,ATP8A2,25371974,26025851,TRUE,FALSE
chr13_25498751,chr13,25498751,ATP8A2,25371974,26025851,TRUE,FALSE
chr13_25498967,chr13,25498967,ATP8A2,25371974,26025851,TRUE,FALSE
chr13_25499007,chr13,25499007,ATP8A2,25371974,26025851,TRUE,FALSE
chr13_25499107,chr13,25499107,ATP8A2,25371974,26025851,TRUE,FALSE
chr13_25499355,chr13,25499355,ATP8A2,25371974,26025851,TRUE,FALSE
chr13_25499392,chr13,25499392,ATP8A2,25371974,26025851,TRUE,FALSE
chr13_25499431,chr13,25499431,ATP8A2,25371974,26025851,TRUE,FALSE
chr13_25499511,chr13,25499511,ATP8A2,25371974,26025851,TRUE,FALSE
chr13_25499517,chr13,25499517,ATP8A2,25371974,26025851,TRUE,FALSE
chr13_25499683,chr13,25499683,ATP8A2,25371974,26025851,TRUE,FALSE
chr13_25499865,chr13,25499865,ATP8A2,25371974,26025851,TRUE,FALSE
chr13_25499911,chr13,25499911,ATP8A2,25371974,26025851,TRUE,FALSE
chr13_25500047,chr13,25500047,ATP8A2,25371974,26025851,TRUE,FALSE
chr13_25500648,chr13,25500648,ATP8A2,25371974,26025851,TRUE,FALSE
chr13_25500673,chr13,25500673,ATP8A2,25371974,26025851,TRUE,FALSE
chr13_25500740,chr13,25500740,ATP8A2,25371974,26025851,TRUE,FALSE
chr13_25500856,chr13,25500856,ATP8A2,25371974,26025851,TRUE,FALSE
chr13_25500964,chr13,25500964,ATP8A2,25371974,26025851,TRUE,FALSE
chr13_25501059,chr13,25501059,ATP8A2,25371974,26025851,TRUE,FALSE
chr13_25501155,chr13,25501155,ATP8A2,25371974,26025851,TRUE,FALSE
chr13_25501164,chr13,25501164,ATP8A2,25371974,26025851,TRUE,FALSE
chr13_25501292,chr13,25501292,ATP8A2,25371974,26025851,TRUE,FALSE
chr13_25501336,chr13,25501336,ATP8A2,25371974,26025851,TRUE,FALSE
chr13_25501614,chr13,25501614,ATP8A2,25371974,26025851,TRUE,FALSE
chr13_25501761,chr13,25501761,ATP8A2,25371974,26025851,TRUE,FALSE
chr13_25501794,chr13,25501794,ATP8A2,25371974,26025851,TRUE,FALSE
chr13_25501911,chr13,25501911,ATP8A2,25371974,26025851,TRUE,FALSE
chr13_25501965,chr13,25501965,ATP8A2,25371974,26025851,TRUE,FALSE
chr13_25502058,chr13,25502058,ATP8A2,25371974,26025851,TRUE,FALSE
chr13_25502160,chr13,25502160,ATP8A2,25371974,26025851,TRUE,FALSE
chr13_25502303,chr13,25502303,ATP8A2,25371974,26025851,TRUE,FALSE
chr13_25502431,chr13,25502431,ATP8A2,25371974,26025851,TRUE,FALSE
chr13_25502439,chr13,25502439,ATP8A2,25371974,26025851,TRUE,FALSE
chr13_25502658,chr13,25502658,ATP8A2,25371974,26025851,TRUE,FALSE
chr13_25502686,chr13,25502686,ATP8A2,25371974,26025851,TRUE,FALSE
chr13_25502733,chr13,25502733,ATP8A2,25371974,26025851,TRUE,FALSE
chr13_25502738,chr13,25502738,ATP8A2,25371974,26025851,TRUE,FALSE
chr13_25502779,chr13,25502779,ATP8A2,25371974,26025851,TRUE,FALSE
chr13_25503014,chr13,25503014,ATP8A2,25371974,26025851,TRUE,FALSE
chr13_25503042,chr13,25503042,ATP8A2,25371974,26025851,TRUE,FALSE
chr13_25503067,chr13,25503067,ATP8A2,25371974,26025851,TRUE,FALSE
chr13_25503099,chr13,25503099,ATP8A2,25371974,26025851,TRUE,FALSE
chr13_25503130,chr13,25503130,ATP8A2,25371974,26025851,TRUE,FALSE
chr13_25503188,chr13,25503188,ATP8A2,25371974,26025851,TRUE,FALSE
chr13_25503237,chr13,25503237,ATP8A2,25371974,26025851,TRUE,FALSE
chr13_25503243,chr13,25503243,ATP8A2,25371974,26025851,TRUE,FALSE
chr13_25503301,chr13,25503301,ATP8A2,25371974,26025851,TRUE,FALSE
chr13_25503328,chr13,25503328,ATP8A2,25371974,26025851,TRUE,FALSE
chr13_25503378,chr13,25503378,ATP8A2,25371974,26025851,TRUE,FALSE
chr13_25503412,chr13,25503412,ATP8A2,25371974,26025851,TRUE,FALSE
chr13_25503463,chr13,25503463,ATP8A2,25371974,26025851,TRUE,FALSE
chr13_25503477,chr13,25503477,ATP8A2,25371974,26025851,TRUE,FALSE
chr13_25503741,chr13,25503741,ATP8A2,25371974,26025851,TRUE,FALSE
chr13_25503823,chr13,25503823,ATP8A2,25371974,26025851,TRUE,FALSE
chr13_25503859,chr13,25503859,ATP8A2,25371974,26025851,TRUE,FALSE
chr13_25504041,chr13,25504041,ATP8A2,25371974,26025851,TRUE,FALSE
chr13_25504195,chr13,25504195,ATP8A2,25371974,26025851,TRUE,FALSE
chr13_25504350,chr13,25504350,ATP8A2,25371974,26025851,TRUE,FALSE
chr13_25510426,chr13,25510426,ATP8A2,25371974,26025851,TRUE,FALSE
chr13_25510475,chr13,25510475,ATP8A2,25371974,26025851,TRUE,FALSE
chr13_25510659,chr13,25510659,ATP8A2,25371974,26025851,TRUE,FALSE
chr13_25511793,chr13,25511793,ATP8A2,25371974,26025851,TRUE,FALSE
chr13_25512295,chr13,25512295,ATP8A2,25371974,26025851,TRUE,FALSE
chr13_25513502,chr13,25513502,ATP8A2,25371974,26025851,TRUE,FALSE
chr13_25513518,chr13,25513518,ATP8A2,25371974,26025851,TRUE,FALSE
chr13_25513531,chr13,25513531,ATP8A2,25371974,26025851,TRUE,FALSE
chr13_25514172,chr13,25514172,ATP8A2,25371974,26025851,TRUE,FALSE
chr13_25514485,chr13,25514485,ATP8A2,25371974,26025851,TRUE,FALSE
chr13_25514647,chr13,25514647,ATP8A2,25371974,26025851,TRUE,FALSE
chr13_25514979,chr13,25514979,ATP8A2,25371974,26025851,TRUE,FALSE
chr13_25515052,chr13,25515052,ATP8A2,25371974,26025851,TRUE,FALSE
chr13_25515122,chr13,25515122,ATP8A2,25371974,26025851,TRUE,FALSE
chr13_25515155,chr13,25515155,ATP8A2,25371974,26025851,TRUE,FALSE
chr13_25515204,chr13,25515204,ATP8A2,25371974,26025851,TRUE,FALSE
chr13_25515431,chr13,25515431,ATP8A2,25371974,26025851,TRUE,FALSE
chr13_25515445,chr13,25515445,ATP8A2,25371974,26025851,TRUE,FALSE
chr13_25515520,chr13,25515520,ATP8A2,25371974,26025851,TRUE,FALSE
chr13_25515549,chr13,25515549,ATP8A2,25371974,26025851,TRUE,FALSE
chr13_25515934,chr13,25515934,ATP8A2,25371974,26025851,TRUE,FALSE
chr13_25516061,chr13,25516061,ATP8A2,25371974,26025851,TRUE,FALSE
chr13_25516149,chr13,25516149,ATP8A2,25371974,26025851,TRUE,FALSE
chr13_25516174,chr13,25516174,ATP8A2,25371974,26025851,TRUE,FALSE
chr13_25516267,chr13,25516267,ATP8A2,25371974,26025851,TRUE,FALSE
chr13_25516301,chr13,25516301,ATP8A2,25371974,26025851,TRUE,FALSE
chr13_25516350,chr13,25516350,ATP8A2,25371974,26025851,TRUE,FALSE
chr13_25516532,chr13,25516532,ATP8A2,25371974,26025851,TRUE,FALSE
chr13_25516545,chr13,25516545,ATP8A2,25371974,26025851,TRUE,FALSE
chr13_25516803,chr13,25516803,ATP8A2,25371974,26025851,TRUE,FALSE
chr13_25516866,chr13,25516866,ATP8A2,25371974,26025851,TRUE,FALSE
chr13_25516883,chr13,25516883,ATP8A2,25371974,26025851,TRUE,FALSE
chr13_25516941,chr13,25516941,ATP8A2,25371974,26025851,TRUE,FALSE
chr13_25517000,chr13,25517000,ATP8A2,25371974,26025851,TRUE,FALSE
chr13_25517032,chr13,25517032,ATP8A2,25371974,26025851,TRUE,FALSE
chr13_25517070,chr13,25517070,ATP8A2,25371974,26025851,TRUE,FALSE
chr13_25517184,chr13,25517184,ATP8A2,25371974,26025851,TRUE,FALSE
chr13_25518279,chr13,25518279,ATP8A2,25371974,26025851,TRUE,FALSE
chr13_25518352,chr13,25518352,ATP8A2,25371974,26025851,TRUE,FALSE
chr13_25518361,chr13,25518361,ATP8A2,25371974,26025851,TRUE,FALSE
chr13_25518399,chr13,25518399,ATP8A2,25371974,26025851,TRUE,FALSE
chr13_25518522,chr13,25518522,ATP8A2,25371974,26025851,TRUE,FALSE
chr13_25518603,chr13,25518603,ATP8A2,25371974,26025851,TRUE,FALSE
chr13_25518615,chr13,25518615,ATP8A2,25371974,26025851,TRUE,FALSE
chr13_25518652,chr13,25518652,ATP8A2,25371974,26025851,TRUE,FALSE
chr13_25518839,chr13,25518839,ATP8A2,25371974,26025851,TRUE,FALSE
chr13_25519009,chr13,25519009,ATP8A2,25371974,26025851,TRUE,FALSE
chr13_25519025,chr13,25519025,ATP8A2,25371974,26025851,TRUE,FALSE
chr13_25519060,chr13,25519060,ATP8A2,25371974,26025851,TRUE,FALSE
chr13_25519108,chr13,25519108,ATP8A2,25371974,26025851,TRUE,FALSE
chr13_25519128,chr13,25519128,ATP8A2,25371974,26025851,TRUE,FALSE
chr13_25519140,chr13,25519140,ATP8A2,25371974,26025851,TRUE,FALSE
chr13_25519176,chr13,25519176,ATP8A2,25371974,26025851,TRUE,FALSE
chr13_25519255,chr13,25519255,ATP8A2,25371974,26025851,TRUE,FALSE
chr13_25519351,chr13,25519351,ATP8A2,25371974,26025851,TRUE,FALSE
chr13_25519390,chr13,25519390,ATP8A2,25371974,26025851,TRUE,FALSE
chr13_25519427,chr13,25519427,ATP8A2,25371974,26025851,TRUE,FALSE
chr13_25519460,chr13,25519460,ATP8A2,25371974,26025851,TRUE,FALSE
chr13_25519551,chr13,25519551,ATP8A2,25371974,26025851,TRUE,FALSE
chr13_25519640,chr13,25519640,ATP8A2,25371974,26025851,TRUE,FALSE
chr13_25519753,chr13,25519753,ATP8A2,25371974,26025851,TRUE,FALSE
chr13_25519760,chr13,25519760,ATP8A2,25371974,26025851,TRUE,FALSE
chr13_25520052,chr13,25520052,ATP8A2,25371974,26025851,TRUE,FALSE
chr13_25520173,chr13,25520173,ATP8A2,25371974,26025851,TRUE,FALSE
chr13_25520663,chr13,25520663,ATP8A2,25371974,26025851,TRUE,FALSE
chr13_25520686,chr13,25520686,ATP8A2,25371974,26025851,TRUE,FALSE
chr13_25520750,chr13,25520750,ATP8A2,25371974,26025851,TRUE,FALSE
chr13_25520835,chr13,25520835,ATP8A2,25371974,26025851,TRUE,FALSE
chr13_25520849,chr13,25520849,ATP8A2,25371974,26025851,TRUE,FALSE
chr13_25520860,chr13,25520860,ATP8A2,25371974,26025851,TRUE,FALSE
chr13_25520908,chr13,25520908,ATP8A2,25371974,26025851,TRUE,FALSE
chr13_25521607,chr13,25521607,ATP8A2,25371974,26025851,TRUE,FALSE
chr13_25521656,chr13,25521656,ATP8A2,25371974,26025851,TRUE,FALSE
chr13_25521975,chr13,25521975,ATP8A2,25371974,26025851,TRUE,FALSE
chr13_25522216,chr13,25522216,ATP8A2,25371974,26025851,TRUE,FALSE
chr13_25522385,chr13,25522385,ATP8A2,25371974,26025851,TRUE,FALSE
chr13_25522845,chr13,25522845,ATP8A2,25371974,26025851,TRUE,FALSE
chr13_25523083,chr13,25523083,ATP8A2,25371974,26025851,TRUE,FALSE
chr13_25523236,chr13,25523236,ATP8A2,25371974,26025851,TRUE,FALSE
chr13_25523333,chr13,25523333,ATP8A2,25371974,26025851,TRUE,FALSE
chr13_25523389,chr13,25523389,ATP8A2,25371974,26025851,TRUE,FALSE
chr13_25523392,chr13,25523392,ATP8A2,25371974,26025851,TRUE,FALSE
chr13_25524617,chr13,25524617,ATP8A2,25371974,26025851,TRUE,FALSE
chr13_25524725,chr13,25524725,ATP8A2,25371974,26025851,TRUE,FALSE
chr13_25524947,chr13,25524947,ATP8A2,25371974,26025851,TRUE,FALSE
chr13_25525698,chr13,25525698,ATP8A2,25371974,26025851,TRUE,FALSE
chr13_25526314,chr13,25526314,ATP8A2,25371974,26025851,TRUE,FALSE
chr13_25526897,chr13,25526897,ATP8A2,25371974,26025851,TRUE,FALSE
chr13_25526954,chr13,25526954,ATP8A2,25371974,26025851,TRUE,FALSE
chr13_25527367,chr13,25527367,ATP8A2,25371974,26025851,TRUE,FALSE
chr13_25527420,chr13,25527420,ATP8A2,25371974,26025851,TRUE,FALSE
chr13_25527640,chr13,25527640,ATP8A2,25371974,26025851,TRUE,FALSE
chr13_25528392,chr13,25528392,ATP8A2,25371974,26025851,TRUE,FALSE
chr13_25528708,chr13,25528708,ATP8A2,25371974,26025851,TRUE,FALSE
chr13_25529347,chr13,25529347,ATP8A2,25371974,26025851,TRUE,FALSE
chr13_25529450,chr13,25529450,ATP8A2,25371974,26025851,TRUE,FALSE
chr13_25529671,chr13,25529671,ATP8A2,25371974,26025851,TRUE,FALSE
chr13_25529687,chr13,25529687,ATP8A2,25371974,26025851,TRUE,FALSE
chr13_25529824,chr13,25529824,ATP8A2,25371974,26025851,TRUE,FALSE
chr13_25530001,chr13,25530001,ATP8A2,25371974,26025851,TRUE,FALSE
chr13_25530014,chr13,25530014,ATP8A2,25371974,26025851,TRUE,FALSE
chr13_25530033,chr13,25530033,ATP8A2,25371974,26025851,TRUE,FALSE
chr13_25530408,chr13,25530408,ATP8A2,25371974,26025851,TRUE,FALSE
chr13_25530480,chr13,25530480,ATP8A2,25371974,26025851,TRUE,FALSE
chr13_25530484,chr13,25530484,ATP8A2,25371974,26025851,TRUE,FALSE
chr13_25530725,chr13,25530725,ATP8A2,25371974,26025851,TRUE,FALSE
chr13_25530996,chr13,25530996,ATP8A2,25371974,26025851,TRUE,FALSE
chr13_25531669,chr13,25531669,ATP8A2,25371974,26025851,TRUE,FALSE
chr13_25531708,chr13,25531708,ATP8A2,25371974,26025851,TRUE,FALSE
chr13_25531897,chr13,25531897,ATP8A2,25371974,26025851,TRUE,FALSE
chr13_25531935,chr13,25531935,ATP8A2,25371974,26025851,TRUE,FALSE
chr13_25532275,chr13,25532275,ATP8A2,25371974,26025851,TRUE,FALSE
chr13_25532827,chr13,25532827,ATP8A2,25371974,26025851,TRUE,FALSE
chr13_25532865,chr13,25532865,ATP8A2,25371974,26025851,TRUE,FALSE
chr13_25532957,chr13,25532957,ATP8A2,25371974,26025851,TRUE,FALSE
chr13_25533104,chr13,25533104,ATP8A2,25371974,26025851,TRUE,FALSE
chr13_25533361,chr13,25533361,ATP8A2,25371974,26025851,TRUE,FALSE
chr13_25533514,chr13,25533514,ATP8A2,25371974,26025851,TRUE,FALSE
chr13_25533527,chr13,25533527,ATP8A2,25371974,26025851,TRUE,FALSE
chr13_25533723,chr13,25533723,ATP8A2,25371974,26025851,TRUE,FALSE
chr13_25533779,chr13,25533779,ATP8A2,25371974,26025851,TRUE,FALSE
chr13_25533993,chr13,25533993,ATP8A2,25371974,26025851,TRUE,FALSE
chr13_25534123,chr13,25534123,ATP8A2,25371974,26025851,TRUE,FALSE
chr13_25534158,chr13,25534158,ATP8A2,25371974,26025851,TRUE,FALSE
chr13_25534188,chr13,25534188,ATP8A2,25371974,26025851,TRUE,FALSE
chr13_25534606,chr13,25534606,ATP8A2,25371974,26025851,TRUE,FALSE
chr13_25534661,chr13,25534661,ATP8A2,25371974,26025851,TRUE,FALSE
chr13_25534767,chr13,25534767,ATP8A2,25371974,26025851,TRUE,FALSE
chr13_25534812,chr13,25534812,ATP8A2,25371974,26025851,TRUE,FALSE
chr13_25534933,chr13,25534933,ATP8A2,25371974,26025851,TRUE,FALSE
chr13_25534964,chr13,25534964,ATP8A2,25371974,26025851,TRUE,FALSE
chr13_25534997,chr13,25534997,ATP8A2,25371974,26025851,TRUE,FALSE
chr13_25535121,chr13,25535121,ATP8A2,25371974,26025851,TRUE,FALSE
chr13_25535155,chr13,25535155,ATP8A2,25371974,26025851,TRUE,FALSE
chr13_25535314,chr13,25535314,ATP8A2,25371974,26025851,TRUE,FALSE
chr13_25535369,chr13,25535369,ATP8A2,25371974,26025851,TRUE,FALSE
chr13_25535539,chr13,25535539,ATP8A2,25371974,26025851,TRUE,FALSE
chr13_25535675,chr13,25535675,ATP8A2,25371974,26025851,TRUE,FALSE
chr13_25535685,chr13,25535685,ATP8A2,25371974,26025851,TRUE,FALSE
chr13_25535769,chr13,25535769,ATP8A2,25371974,26025851,TRUE,FALSE
chr13_25535801,chr13,25535801,ATP8A2,25371974,26025851,TRUE,FALSE
chr13_25536105,chr13,25536105,ATP8A2,25371974,26025851,TRUE,FALSE
chr13_25536134,chr13,25536134,ATP8A2,25371974,26025851,TRUE,FALSE
chr13_25536142,chr13,25536142,ATP8A2,25371974,26025851,TRUE,FALSE
chr13_25536175,chr13,25536175,ATP8A2,25371974,26025851,TRUE,FALSE
chr13_25536214,chr13,25536214,ATP8A2,25371974,26025851,TRUE,FALSE
chr13_25536272,chr13,25536272,ATP8A2,25371974,26025851,TRUE,FALSE
chr13_25536367,chr13,25536367,ATP8A2,25371974,26025851,TRUE,FALSE
chr13_25536395,chr13,25536395,ATP8A2,25371974,26025851,TRUE,FALSE
chr13_25536637,chr13,25536637,ATP8A2,25371974,26025851,TRUE,FALSE
chr13_25536760,chr13,25536760,ATP8A2,25371974,26025851,TRUE,FALSE
chr13_25536867,chr13,25536867,ATP8A2,25371974,26025851,TRUE,FALSE
chr13_25536907,chr13,25536907,ATP8A2,25371974,26025851,TRUE,FALSE
chr13_25536940,chr13,25536940,ATP8A2,25371974,26025851,TRUE,FALSE
chr13_25536948,chr13,25536948,ATP8A2,25371974,26025851,TRUE,FALSE
chr13_25536970,chr13,25536970,ATP8A2,25371974,26025851,TRUE,FALSE
chr13_25536992,chr13,25536992,ATP8A2,25371974,26025851,TRUE,FALSE
chr13_25537067,chr13,25537067,ATP8A2,25371974,26025851,TRUE,FALSE
chr13_25537097,chr13,25537097,ATP8A2,25371974,26025851,TRUE,FALSE
chr13_25537193,chr13,25537193,ATP8A2,25371974,26025851,TRUE,FALSE
chr13_25537329,chr13,25537329,ATP8A2,25371974,26025851,TRUE,FALSE
chr13_25537636,chr13,25537636,ATP8A2,25371974,26025851,TRUE,FALSE
chr13_25537642,chr13,25537642,ATP8A2,25371974,26025851,TRUE,FALSE
chr13_25537955,chr13,25537955,ATP8A2,25371974,26025851,TRUE,FALSE
chr13_25538014,chr13,25538014,ATP8A2,25371974,26025851,TRUE,FALSE
chr13_25538474,chr13,25538474,ATP8A2,25371974,26025851,TRUE,FALSE
chr13_25538491,chr13,25538491,ATP8A2,25371974,26025851,TRUE,FALSE
chr13_25538497,chr13,25538497,ATP8A2,25371974,26025851,TRUE,FALSE
chr13_25538775,chr13,25538775,ATP8A2,25371974,26025851,TRUE,FALSE
chr13_25538811,chr13,25538811,ATP8A2,25371974,26025851,TRUE,FALSE
chr13_25539016,chr13,25539016,ATP8A2,25371974,26025851,TRUE,FALSE
chr13_25539359,chr13,25539359,ATP8A2,25371974,26025851,TRUE,FALSE
chr13_25539392,chr13,25539392,ATP8A2,25371974,26025851,TRUE,FALSE
chr13_25539782,chr13,25539782,ATP8A2,25371974,26025851,TRUE,FALSE
chr13_25539830,chr13,25539830,ATP8A2,25371974,26025851,TRUE,FALSE
chr13_25540189,chr13,25540189,ATP8A2,25371974,26025851,TRUE,FALSE
chr13_25540369,chr13,25540369,ATP8A2,25371974,26025851,TRUE,FALSE
chr13_25540383,chr13,25540383,ATP8A2,25371974,26025851,TRUE,FALSE
chr13_25540558,chr13,25540558,ATP8A2,25371974,26025851,TRUE,FALSE
chr13_25540615,chr13,25540615,ATP8A2,25371974,26025851,TRUE,FALSE
chr13_25540662,chr13,25540662,ATP8A2,25371974,26025851,TRUE,FALSE
chr13_25540924,chr13,25540924,ATP8A2,25371974,26025851,TRUE,FALSE
chr13_25540930,chr13,25540930,ATP8A2,25371974,26025851,TRUE,FALSE
chr13_25540954,chr13,25540954,ATP8A2,25371974,26025851,TRUE,FALSE
chr13_25540964,chr13,25540964,ATP8A2,25371974,26025851,TRUE,FALSE
chr13_25540986,chr13,25540986,ATP8A2,25371974,26025851,TRUE,FALSE
chr13_25541084,chr13,25541084,ATP8A2,25371974,26025851,TRUE,FALSE
chr13_25541663,chr13,25541663,ATP8A2,25371974,26025851,TRUE,FALSE
chr13_25541737,chr13,25541737,ATP8A2,25371974,26025851,TRUE,FALSE
chr13_25541949,chr13,25541949,ATP8A2,25371974,26025851,TRUE,FALSE
chr13_25542000,chr13,25542000,ATP8A2,25371974,26025851,TRUE,FALSE
chr13_25542421,chr13,25542421,ATP8A2,25371974,26025851,TRUE,FALSE
chr13_25542666,chr13,25542666,ATP8A2,25371974,26025851,TRUE,FALSE
chr13_25543384,chr13,25543384,ATP8A2,25371974,26025851,TRUE,FALSE
chr13_25543595,chr13,25543595,ATP8A2,25371974,26025851,TRUE,FALSE
chr13_25543678,chr13,25543678,ATP8A2,25371974,26025851,TRUE,FALSE
chr13_25543805,chr13,25543805,ATP8A2,25371974,26025851,TRUE,FALSE
chr13_25543823,chr13,25543823,ATP8A2,25371974,26025851,TRUE,FALSE
chr13_25544128,chr13,25544128,ATP8A2,25371974,26025851,TRUE,FALSE
chr13_25544187,chr13,25544187,ATP8A2,25371974,26025851,TRUE,FALSE
chr13_25544339,chr13,25544339,ATP8A2,25371974,26025851,TRUE,FALSE
chr13_25544461,chr13,25544461,ATP8A2,25371974,26025851,TRUE,FALSE
chr13_25544474,chr13,25544474,ATP8A2,25371974,26025851,TRUE,FALSE
chr13_25544652,chr13,25544652,ATP8A2,25371974,26025851,TRUE,FALSE
chr13_25544762,chr13,25544762,ATP8A2,25371974,26025851,TRUE,FALSE
chr13_25544858,chr13,25544858,ATP8A2,25371974,26025851,TRUE,FALSE
chr13_25544892,chr13,25544892,ATP8A2,25371974,26025851,TRUE,FALSE
chr13_25545032,chr13,25545032,ATP8A2,25371974,26025851,TRUE,FALSE
chr13_25545037,chr13,25545037,ATP8A2,25371974,26025851,TRUE,FALSE
chr13_25545064,chr13,25545064,ATP8A2,25371974,26025851,TRUE,FALSE
chr13_25545196,chr13,25545196,ATP8A2,25371974,26025851,TRUE,FALSE
chr13_25545303,chr13,25545303,ATP8A2,25371974,26025851,TRUE,FALSE
chr13_25545370,chr13,25545370,ATP8A2,25371974,26025851,TRUE,FALSE
chr13_25545695,chr13,25545695,ATP8A2,25371974,26025851,TRUE,FALSE
chr13_25545697,chr13,25545697,ATP8A2,25371974,26025851,TRUE,FALSE
chr13_25545823,chr13,25545823,ATP8A2,25371974,26025851,TRUE,FALSE
chr13_25545872,chr13,25545872,ATP8A2,25371974,26025851,TRUE,FALSE
chr13_25546179,chr13,25546179,ATP8A2,25371974,26025851,TRUE,FALSE
chr13_25546501,chr13,25546501,ATP8A2,25371974,26025851,TRUE,FALSE
chr13_25546650,chr13,25546650,ATP8A2,25371974,26025851,TRUE,FALSE
chr13_25546851,chr13,25546851,ATP8A2,25371974,26025851,TRUE,FALSE
chr13_25546867,chr13,25546867,ATP8A2,25371974,26025851,TRUE,FALSE
chr13_25546900,chr13,25546900,ATP8A2,25371974,26025851,TRUE,FALSE
chr13_25546927,chr13,25546927,ATP8A2,25371974,26025851,TRUE,FALSE
chr13_25547073,chr13,25547073,ATP8A2,25371974,26025851,TRUE,FALSE
chr13_25547124,chr13,25547124,ATP8A2,25371974,26025851,TRUE,FALSE
chr13_25547129,chr13,25547129,ATP8A2,25371974,26025851,TRUE,FALSE
chr13_25547386,chr13,25547386,ATP8A2,25371974,26025851,TRUE,FALSE
chr13_25547411,chr13,25547411,ATP8A2,25371974,26025851,TRUE,FALSE
chr13_25547432,chr13,25547432,ATP8A2,25371974,26025851,TRUE,FALSE
chr13_25547701,chr13,25547701,ATP8A2,25371974,26025851,TRUE,FALSE
chr13_25547854,chr13,25547854,ATP8A2,25371974,26025851,TRUE,FALSE
chr13_25547951,chr13,25547951,ATP8A2,25371974,26025851,TRUE,FALSE
chr13_25547988,chr13,25547988,ATP8A2,25371974,26025851,TRUE,FALSE
chr13_25548086,chr13,25548086,ATP8A2,25371974,26025851,TRUE,FALSE
chr13_25548140,chr13,25548140,ATP8A2,25371974,26025851,TRUE,FALSE
chr13_25548182,chr13,25548182,ATP8A2,25371974,26025851,TRUE,FALSE
chr13_25548593,chr13,25548593,ATP8A2,25371974,26025851,TRUE,FALSE
chr13_25548617,chr13,25548617,ATP8A2,25371974,26025851,TRUE,FALSE
chr13_25548708,chr13,25548708,ATP8A2,25371974,26025851,TRUE,FALSE
chr13_25549171,chr13,25549171,ATP8A2,25371974,26025851,TRUE,FALSE
chr13_25549177,chr13,25549177,ATP8A2,25371974,26025851,TRUE,FALSE
chr13_25549181,chr13,25549181,ATP8A2,25371974,26025851,TRUE,FALSE
chr13_25549187,chr13,25549187,ATP8A2,25371974,26025851,TRUE,FALSE
chr13_25549230,chr13,25549230,ATP8A2,25371974,26025851,TRUE,FALSE
chr13_25549316,chr13,25549316,ATP8A2,25371974,26025851,TRUE,FALSE
chr13_25549383,chr13,25549383,ATP8A2,25371974,26025851,TRUE,FALSE
chr13_25549408,chr13,25549408,ATP8A2,25371974,26025851,TRUE,FALSE
chr13_25549443,chr13,25549443,ATP8A2,25371974,26025851,TRUE,FALSE
chr13_25549790,chr13,25549790,ATP8A2,25371974,26025851,TRUE,FALSE
chr13_25549986,chr13,25549986,ATP8A2,25371974,26025851,TRUE,FALSE
chr13_25550070,chr13,25550070,ATP8A2,25371974,26025851,TRUE,FALSE
chr13_25550102,chr13,25550102,ATP8A2,25371974,26025851,TRUE,FALSE
chr13_25550162,chr13,25550162,ATP8A2,25371974,26025851,TRUE,FALSE
chr13_25550166,chr13,25550166,ATP8A2,25371974,26025851,TRUE,FALSE
chr13_25550178,chr13,25550178,ATP8A2,25371974,26025851,TRUE,FALSE
chr13_25550205,chr13,25550205,ATP8A2,25371974,26025851,TRUE,FALSE
chr13_25550236,chr13,25550236,ATP8A2,25371974,26025851,TRUE,FALSE
chr13_25550330,chr13,25550330,ATP8A2,25371974,26025851,TRUE,FALSE
chr13_25550657,chr13,25550657,ATP8A2,25371974,26025851,TRUE,FALSE
chr13_25550934,chr13,25550934,ATP8A2,25371974,26025851,TRUE,FALSE
chr13_25551351,chr13,25551351,ATP8A2,25371974,26025851,TRUE,FALSE
chr13_25551388,chr13,25551388,ATP8A2,25371974,26025851,TRUE,FALSE
chr13_25551441,chr13,25551441,ATP8A2,25371974,26025851,TRUE,FALSE
chr13_25551444,chr13,25551444,ATP8A2,25371974,26025851,TRUE,FALSE
chr13_25551512,chr13,25551512,ATP8A2,25371974,26025851,TRUE,FALSE
chr13_25551844,chr13,25551844,ATP8A2,25371974,26025851,TRUE,FALSE
chr13_25552009,chr13,25552009,ATP8A2,25371974,26025851,TRUE,FALSE
chr13_25552025,chr13,25552025,ATP8A2,25371974,26025851,TRUE,FALSE
chr13_25552055,chr13,25552055,ATP8A2,25371974,26025851,TRUE,FALSE
chr13_25552175,chr13,25552175,ATP8A2,25371974,26025851,TRUE,FALSE
chr13_25552206,chr13,25552206,ATP8A2,25371974,26025851,TRUE,FALSE
chr13_25552238,chr13,25552238,ATP8A2,25371974,26025851,TRUE,FALSE
chr13_25552278,chr13,25552278,ATP8A2,25371974,26025851,TRUE,FALSE
chr13_25552331,chr13,25552331,ATP8A2,25371974,26025851,TRUE,FALSE
chr13_25552888,chr13,25552888,ATP8A2,25371974,26025851,TRUE,FALSE
chr13_25553405,chr13,25553405,ATP8A2,25371974,26025851,TRUE,FALSE
chr13_25553584,chr13,25553584,ATP8A2,25371974,26025851,TRUE,FALSE
chr13_25553589,chr13,25553589,ATP8A2,25371974,26025851,TRUE,FALSE
chr13_25553611,chr13,25553611,ATP8A2,25371974,26025851,TRUE,FALSE
chr13_25553633,chr13,25553633,ATP8A2,25371974,26025851,TRUE,FALSE
chr13_25553829,chr13,25553829,ATP8A2,25371974,26025851,TRUE,FALSE
chr13_25554199,chr13,25554199,ATP8A2,25371974,26025851,TRUE,FALSE
chr13_25554264,chr13,25554264,ATP8A2,25371974,26025851,TRUE,FALSE
chr13_25554427,chr13,25554427,ATP8A2,25371974,26025851,TRUE,FALSE
chr13_25554661,chr13,25554661,ATP8A2,25371974,26025851,TRUE,FALSE
chr13_25554779,chr13,25554779,ATP8A2,25371974,26025851,TRUE,FALSE
chr13_25554811,chr13,25554811,ATP8A2,25371974,26025851,TRUE,FALSE
chr13_25554851,chr13,25554851,ATP8A2,25371974,26025851,TRUE,FALSE
chr13_25555105,chr13,25555105,ATP8A2,25371974,26025851,TRUE,FALSE
chr13_25555233,chr13,25555233,ATP8A2,25371974,26025851,TRUE,FALSE
chr13_25555274,chr13,25555274,ATP8A2,25371974,26025851,TRUE,FALSE
chr13_25555375,chr13,25555375,ATP8A2,25371974,26025851,TRUE,FALSE
chr13_25555384,chr13,25555384,ATP8A2,25371974,26025851,TRUE,FALSE
chr13_25555424,chr13,25555424,ATP8A2,25371974,26025851,TRUE,FALSE
chr13_25555458,chr13,25555458,ATP8A2,25371974,26025851,TRUE,FALSE
chr13_25555467,chr13,25555467,ATP8A2,25371974,26025851,TRUE,FALSE
chr13_25555654,chr13,25555654,ATP8A2,25371974,26025851,TRUE,FALSE
chr13_25556523,chr13,25556523,ATP8A2,25371974,26025851,TRUE,FALSE
chr13_25556779,chr13,25556779,ATP8A2,25371974,26025851,TRUE,FALSE
chr13_25556818,chr13,25556818,ATP8A2,25371974,26025851,TRUE,FALSE
chr13_25556925,chr13,25556925,ATP8A2,25371974,26025851,TRUE,FALSE
chr13_25557001,chr13,25557001,ATP8A2,25371974,26025851,TRUE,FALSE
chr13_25557508,chr13,25557508,ATP8A2,25371974,26025851,TRUE,FALSE
chr13_25557966,chr13,25557966,ATP8A2,25371974,26025851,TRUE,FALSE
chr13_25558006,chr13,25558006,ATP8A2,25371974,26025851,TRUE,FALSE
chr13_25558148,chr13,25558148,ATP8A2,25371974,26025851,TRUE,FALSE
chr13_25558347,chr13,25558347,ATP8A2,25371974,26025851,TRUE,FALSE
chr13_25558581,chr13,25558581,ATP8A2,25371974,26025851,TRUE,FALSE
chr13_25558681,chr13,25558681,ATP8A2,25371974,26025851,TRUE,FALSE
chr13_25558759,chr13,25558759,ATP8A2,25371974,26025851,TRUE,FALSE
chr13_25559004,chr13,25559004,ATP8A2,25371974,26025851,TRUE,FALSE
chr13_25559047,chr13,25559047,ATP8A2,25371974,26025851,TRUE,FALSE
chr13_25559298,chr13,25559298,ATP8A2,25371974,26025851,TRUE,FALSE
chr13_25559330,chr13,25559330,ATP8A2,25371974,26025851,TRUE,FALSE
chr13_25559446,chr13,25559446,ATP8A2,25371974,26025851,TRUE,FALSE
chr13_25559480,chr13,25559480,ATP8A2,25371974,26025851,TRUE,FALSE
chr13_25559707,chr13,25559707,ATP8A2,25371974,26025851,TRUE,FALSE
chr13_25559747,chr13,25559747,ATP8A2,25371974,26025851,TRUE,FALSE
chr13_25559912,chr13,25559912,ATP8A2,25371974,26025851,TRUE,FALSE
chr13_25559968,chr13,25559968,ATP8A2,25371974,26025851,TRUE,FALSE
chr13_25560123,chr13,25560123,ATP8A2,25371974,26025851,TRUE,FALSE
chr13_25560486,chr13,25560486,ATP8A2,25371974,26025851,TRUE,FALSE
chr13_25560497,chr13,25560497,ATP8A2,25371974,26025851,TRUE,FALSE
chr13_25560568,chr13,25560568,ATP8A2,25371974,26025851,TRUE,FALSE
chr13_25560648,chr13,25560648,ATP8A2,25371974,26025851,TRUE,FALSE
chr13_25560868,chr13,25560868,ATP8A2,25371974,26025851,TRUE,FALSE
chr13_25560909,chr13,25560909,ATP8A2,25371974,26025851,TRUE,FALSE
chr13_25560917,chr13,25560917,ATP8A2,25371974,26025851,TRUE,FALSE
chr13_25560979,chr13,25560979,ATP8A2,25371974,26025851,TRUE,FALSE
chr13_25561031,chr13,25561031,ATP8A2,25371974,26025851,TRUE,FALSE
chr13_25561075,chr13,25561075,ATP8A2,25371974,26025851,TRUE,FALSE
chr13_25561086,chr13,25561086,ATP8A2,25371974,26025851,TRUE,FALSE
chr13_25561120,chr13,25561120,ATP8A2,25371974,26025851,TRUE,FALSE
chr13_25561136,chr13,25561136,ATP8A2,25371974,26025851,TRUE,FALSE
chr13_25561347,chr13,25561347,ATP8A2,25371974,26025851,TRUE,FALSE
chr13_25561421,chr13,25561421,ATP8A2,25371974,26025851,TRUE,FALSE
chr13_25561458,chr13,25561458,ATP8A2,25371974,26025851,TRUE,FALSE
chr13_25561491,chr13,25561491,ATP8A2,25371974,26025851,TRUE,FALSE
chr13_25561715,chr13,25561715,ATP8A2,25371974,26025851,TRUE,FALSE
chr13_25561894,chr13,25561894,ATP8A2,25371974,26025851,TRUE,FALSE
chr13_25561979,chr13,25561979,ATP8A2,25371974,26025851,TRUE,FALSE
chr13_25562067,chr13,25562067,ATP8A2,25371974,26025851,TRUE,FALSE
chr13_25562082,chr13,25562082,ATP8A2,25371974,26025851,TRUE,FALSE
chr13_25562109,chr13,25562109,ATP8A2,25371974,26025851,TRUE,FALSE
chr13_25562156,chr13,25562156,ATP8A2,25371974,26025851,TRUE,FALSE
chr13_25562194,chr13,25562194,ATP8A2,25371974,26025851,TRUE,FALSE
chr13_25562266,chr13,25562266,ATP8A2,25371974,26025851,TRUE,FALSE
chr13_25562398,chr13,25562398,ATP8A2,25371974,26025851,TRUE,FALSE
chr13_25562472,chr13,25562472,ATP8A2,25371974,26025851,TRUE,FALSE
chr13_25562841,chr13,25562841,ATP8A2,25371974,26025851,TRUE,FALSE
chr13_25563041,chr13,25563041,ATP8A2,25371974,26025851,TRUE,FALSE
chr13_25563109,chr13,25563109,ATP8A2,25371974,26025851,TRUE,FALSE
chr13_25563147,chr13,25563147,ATP8A2,25371974,26025851,TRUE,FALSE
chr13_25563222,chr13,25563222,ATP8A2,25371974,26025851,TRUE,FALSE
chr13_25563340,chr13,25563340,ATP8A2,25371974,26025851,TRUE,FALSE
chr13_25563357,chr13,25563357,ATP8A2,25371974,26025851,TRUE,FALSE
chr13_25563651,chr13,25563651,ATP8A2,25371974,26025851,TRUE,FALSE
chr13_25563749,chr13,25563749,ATP8A2,25371974,26025851,TRUE,FALSE
chr13_25563957,chr13,25563957,ATP8A2,25371974,26025851,TRUE,FALSE
chr13_25564026,chr13,25564026,ATP8A2,25371974,26025851,TRUE,FALSE
chr13_25564052,chr13,25564052,ATP8A2,25371974,26025851,TRUE,FALSE
chr13_25564072,chr13,25564072,ATP8A2,25371974,26025851,TRUE,FALSE
chr13_25564142,chr13,25564142,ATP8A2,25371974,26025851,TRUE,FALSE
chr13_25564200,chr13,25564200,ATP8A2,25371974,26025851,TRUE,FALSE
chr13_25564266,chr13,25564266,ATP8A2,25371974,26025851,TRUE,FALSE
chr13_25564550,chr13,25564550,ATP8A2,25371974,26025851,TRUE,FALSE
chr13_25564565,chr13,25564565,ATP8A2,25371974,26025851,TRUE,FALSE
chr13_25564617,chr13,25564617,ATP8A2,25371974,26025851,TRUE,FALSE
chr13_25564805,chr13,25564805,ATP8A2,25371974,26025851,TRUE,FALSE
chr13_25564892,chr13,25564892,ATP8A2,25371974,26025851,TRUE,FALSE
chr13_25564916,chr13,25564916,ATP8A2,25371974,26025851,TRUE,FALSE
chr13_25565059,chr13,25565059,ATP8A2,25371974,26025851,TRUE,FALSE
chr13_25565372,chr13,25565372,ATP8A2,25371974,26025851,TRUE,FALSE
chr13_25565444,chr13,25565444,ATP8A2,25371974,26025851,TRUE,FALSE
chr13_25566157,chr13,25566157,ATP8A2,25371974,26025851,TRUE,FALSE
chr13_25566354,chr13,25566354,ATP8A2,25371974,26025851,TRUE,FALSE
chr13_25566368,chr13,25566368,ATP8A2,25371974,26025851,TRUE,FALSE
chr13_25566560,chr13,25566560,ATP8A2,25371974,26025851,TRUE,FALSE
chr13_25566586,chr13,25566586,ATP8A2,25371974,26025851,TRUE,FALSE
chr13_25566608,chr13,25566608,ATP8A2,25371974,26025851,TRUE,FALSE
chr13_25566643,chr13,25566643,ATP8A2,25371974,26025851,TRUE,FALSE
chr13_25566806,chr13,25566806,ATP8A2,25371974,26025851,TRUE,FALSE
chr13_25567184,chr13,25567184,ATP8A2,25371974,26025851,TRUE,FALSE
chr13_25567211,chr13,25567211,ATP8A2,25371974,26025851,TRUE,FALSE
chr13_25567438,chr13,25567438,ATP8A2,25371974,26025851,TRUE,FALSE
chr13_25567628,chr13,25567628,ATP8A2,25371974,26025851,TRUE,FALSE
chr13_25567960,chr13,25567960,ATP8A2,25371974,26025851,TRUE,FALSE
chr13_25568444,chr13,25568444,ATP8A2,25371974,26025851,TRUE,FALSE
chr13_25568766,chr13,25568766,ATP8A2,25371974,26025851,TRUE,FALSE
chr13_25569092,chr13,25569092,ATP8A2,25371974,26025851,TRUE,FALSE
chr13_25569392,chr13,25569392,ATP8A2,25371974,26025851,TRUE,FALSE
chr13_25569926,chr13,25569926,ATP8A2,25371974,26025851,TRUE,FALSE
chr13_25570120,chr13,25570120,ATP8A2,25371974,26025851,TRUE,FALSE
chr13_25570215,chr13,25570215,ATP8A2,25371974,26025851,TRUE,FALSE
chr13_25570335,chr13,25570335,ATP8A2,25371974,26025851,TRUE,FALSE
chr13_25570362,chr13,25570362,ATP8A2,25371974,26025851,TRUE,FALSE
chr13_25570416,chr13,25570416,ATP8A2,25371974,26025851,TRUE,FALSE
chr13_25570424,chr13,25570424,ATP8A2,25371974,26025851,TRUE,FALSE
chr13_25570454,chr13,25570454,ATP8A2,25371974,26025851,TRUE,FALSE
chr13_25570502,chr13,25570502,ATP8A2,25371974,26025851,TRUE,FALSE
chr13_25570534,chr13,25570534,ATP8A2,25371974,26025851,TRUE,FALSE
chr13_25570573,chr13,25570573,ATP8A2,25371974,26025851,TRUE,FALSE
chr13_25570587,chr13,25570587,ATP8A2,25371974,26025851,TRUE,FALSE
chr13_25570611,chr13,25570611,ATP8A2,25371974,26025851,TRUE,FALSE
chr13_25570751,chr13,25570751,ATP8A2,25371974,26025851,TRUE,FALSE
chr13_25570808,chr13,25570808,ATP8A2,25371974,26025851,TRUE,FALSE
chr13_25570819,chr13,25570819,ATP8A2,25371974,26025851,TRUE,FALSE
chr13_25570887,chr13,25570887,ATP8A2,25371974,26025851,TRUE,FALSE
chr13_25570893,chr13,25570893,ATP8A2,25371974,26025851,TRUE,FALSE
chr13_25570961,chr13,25570961,ATP8A2,25371974,26025851,TRUE,FALSE
chr13_25570974,chr13,25570974,ATP8A2,25371974,26025851,TRUE,FALSE
chr13_25571030,chr13,25571030,ATP8A2,25371974,26025851,TRUE,FALSE
chr13_25571041,chr13,25571041,ATP8A2,25371974,26025851,TRUE,FALSE
chr13_25571096,chr13,25571096,ATP8A2,25371974,26025851,TRUE,FALSE
chr13_25571198,chr13,25571198,ATP8A2,25371974,26025851,TRUE,FALSE
chr13_25571352,chr13,25571352,ATP8A2,25371974,26025851,TRUE,FALSE
chr13_25571522,chr13,25571522,ATP8A2,25371974,26025851,TRUE,FALSE
chr13_25571691,chr13,25571691,ATP8A2,25371974,26025851,TRUE,FALSE
chr13_25571705,chr13,25571705,ATP8A2,25371974,26025851,TRUE,FALSE
chr13_25571852,chr13,25571852,ATP8A2,25371974,26025851,TRUE,FALSE
chr13_25571950,chr13,25571950,ATP8A2,25371974,26025851,TRUE,FALSE
chr13_25572116,chr13,25572116,ATP8A2,25371974,26025851,TRUE,FALSE
chr13_25572203,chr13,25572203,ATP8A2,25371974,26025851,TRUE,FALSE
chr13_25572258,chr13,25572258,ATP8A2,25371974,26025851,TRUE,FALSE
chr13_25572285,chr13,25572285,ATP8A2,25371974,26025851,TRUE,FALSE
chr13_25572295,chr13,25572295,ATP8A2,25371974,26025851,TRUE,FALSE
chr13_25572327,chr13,25572327,ATP8A2,25371974,26025851,TRUE,FALSE
chr13_25572385,chr13,25572385,ATP8A2,25371974,26025851,TRUE,FALSE
chr13_25572415,chr13,25572415,ATP8A2,25371974,26025851,TRUE,FALSE
chr13_25572761,chr13,25572761,ATP8A2,25371974,26025851,TRUE,FALSE
chr13_25572855,chr13,25572855,ATP8A2,25371974,26025851,TRUE,FALSE
chr13_25573106,chr13,25573106,ATP8A2,25371974,26025851,TRUE,FALSE
chr13_25573204,chr13,25573204,ATP8A2,25371974,26025851,TRUE,FALSE
chr13_25573284,chr13,25573284,ATP8A2,25371974,26025851,TRUE,FALSE
chr13_25573449,chr13,25573449,ATP8A2,25371974,26025851,TRUE,FALSE
chr13_25573608,chr13,25573608,ATP8A2,25371974,26025851,TRUE,FALSE
chr13_25573650,chr13,25573650,ATP8A2,25371974,26025851,TRUE,FALSE
chr13_25573787,chr13,25573787,ATP8A2,25371974,26025851,TRUE,FALSE
chr13_25573794,chr13,25573794,ATP8A2,25371974,26025851,TRUE,FALSE
chr13_25573914,chr13,25573914,ATP8A2,25371974,26025851,TRUE,FALSE
chr13_25574127,chr13,25574127,ATP8A2,25371974,26025851,TRUE,FALSE
chr13_25574204,chr13,25574204,ATP8A2,25371974,26025851,TRUE,FALSE
chr13_25574261,chr13,25574261,ATP8A2,25371974,26025851,TRUE,FALSE
chr13_25574411,chr13,25574411,ATP8A2,25371974,26025851,TRUE,FALSE
chr13_25574539,chr13,25574539,ATP8A2,25371974,26025851,TRUE,FALSE
chr13_25574616,chr13,25574616,ATP8A2,25371974,26025851,TRUE,FALSE
chr13_25574779,chr13,25574779,ATP8A2,25371974,26025851,TRUE,FALSE
chr13_25574876,chr13,25574876,ATP8A2,25371974,26025851,TRUE,FALSE
chr13_25575190,chr13,25575190,ATP8A2,25371974,26025851,TRUE,FALSE
chr13_25575309,chr13,25575309,ATP8A2,25371974,26025851,TRUE,FALSE
chr13_25575335,chr13,25575335,ATP8A2,25371974,26025851,TRUE,FALSE
chr13_25575726,chr13,25575726,ATP8A2,25371974,26025851,TRUE,FALSE
chr13_25575765,chr13,25575765,ATP8A2,25371974,26025851,TRUE,FALSE
chr13_25575779,chr13,25575779,ATP8A2,25371974,26025851,TRUE,FALSE
chr13_25575782,chr13,25575782,ATP8A2,25371974,26025851,TRUE,FALSE
chr13_25576069,chr13,25576069,ATP8A2,25371974,26025851,TRUE,FALSE
chr13_25576071,chr13,25576071,ATP8A2,25371974,26025851,TRUE,FALSE
chr13_25576107,chr13,25576107,ATP8A2,25371974,26025851,TRUE,FALSE
chr13_25576233,chr13,25576233,ATP8A2,25371974,26025851,TRUE,FALSE
chr13_25576388,chr13,25576388,ATP8A2,25371974,26025851,TRUE,FALSE
chr13_25576398,chr13,25576398,ATP8A2,25371974,26025851,TRUE,FALSE
chr13_25576460,chr13,25576460,ATP8A2,25371974,26025851,TRUE,FALSE
chr13_25576487,chr13,25576487,ATP8A2,25371974,26025851,TRUE,FALSE
chr13_25576509,chr13,25576509,ATP8A2,25371974,26025851,TRUE,FALSE
chr13_25576539,chr13,25576539,ATP8A2,25371974,26025851,TRUE,FALSE
chr13_25576562,chr13,25576562,ATP8A2,25371974,26025851,TRUE,FALSE
chr13_25576609,chr13,25576609,ATP8A2,25371974,26025851,TRUE,FALSE
chr13_25576835,chr13,25576835,ATP8A2,25371974,26025851,TRUE,FALSE
chr13_25577097,chr13,25577097,ATP8A2,25371974,26025851,TRUE,FALSE
chr13_25577112,chr13,25577112,ATP8A2,25371974,26025851,TRUE,FALSE
chr13_25577118,chr13,25577118,ATP8A2,25371974,26025851,TRUE,FALSE
chr13_25577155,chr13,25577155,ATP8A2,25371974,26025851,TRUE,FALSE
chr13_25577162,chr13,25577162,ATP8A2,25371974,26025851,TRUE,FALSE
chr13_25577167,chr13,25577167,ATP8A2,25371974,26025851,TRUE,FALSE
chr13_25577196,chr13,25577196,ATP8A2,25371974,26025851,TRUE,FALSE
chr13_25577359,chr13,25577359,ATP8A2,25371974,26025851,TRUE,FALSE
chr13_25577385,chr13,25577385,ATP8A2,25371974,26025851,TRUE,FALSE
chr13_25577766,chr13,25577766,ATP8A2,25371974,26025851,TRUE,FALSE
chr13_25577900,chr13,25577900,ATP8A2,25371974,26025851,TRUE,FALSE
chr13_25577965,chr13,25577965,ATP8A2,25371974,26025851,TRUE,FALSE
chr13_25578089,chr13,25578089,ATP8A2,25371974,26025851,TRUE,FALSE
chr13_25578156,chr13,25578156,ATP8A2,25371974,26025851,TRUE,FALSE
chr13_25578380,chr13,25578380,ATP8A2,25371974,26025851,TRUE,FALSE
chr13_25578420,chr13,25578420,ATP8A2,25371974,26025851,TRUE,FALSE
chr13_25578484,chr13,25578484,ATP8A2,25371974,26025851,TRUE,FALSE
chr13_25578490,chr13,25578490,ATP8A2,25371974,26025851,TRUE,FALSE
chr13_25578707,chr13,25578707,ATP8A2,25371974,26025851,TRUE,FALSE
chr13_25578894,chr13,25578894,ATP8A2,25371974,26025851,TRUE,FALSE
chr13_25579117,chr13,25579117,ATP8A2,25371974,26025851,TRUE,FALSE
chr13_25579313,chr13,25579313,ATP8A2,25371974,26025851,TRUE,FALSE
chr13_25579377,chr13,25579377,ATP8A2,25371974,26025851,TRUE,FALSE
chr13_25579549,chr13,25579549,ATP8A2,25371974,26025851,TRUE,FALSE
chr13_25579589,chr13,25579589,ATP8A2,25371974,26025851,TRUE,FALSE
chr13_25579591,chr13,25579591,ATP8A2,25371974,26025851,TRUE,FALSE
chr13_25579607,chr13,25579607,ATP8A2,25371974,26025851,TRUE,FALSE
chr13_25579767,chr13,25579767,ATP8A2,25371974,26025851,TRUE,FALSE
chr13_25579769,chr13,25579769,ATP8A2,25371974,26025851,TRUE,FALSE
chr13_25579813,chr13,25579813,ATP8A2,25371974,26025851,TRUE,FALSE
chr13_25579915,chr13,25579915,ATP8A2,25371974,26025851,TRUE,FALSE
chr13_25579932,chr13,25579932,ATP8A2,25371974,26025851,TRUE,FALSE
chr13_25579953,chr13,25579953,ATP8A2,25371974,26025851,TRUE,FALSE
chr13_25580071,chr13,25580071,ATP8A2,25371974,26025851,TRUE,FALSE
chr13_25580199,chr13,25580199,ATP8A2,25371974,26025851,TRUE,FALSE
chr13_25580245,chr13,25580245,ATP8A2,25371974,26025851,TRUE,FALSE
chr13_25580315,chr13,25580315,ATP8A2,25371974,26025851,TRUE,FALSE
chr13_25580350,chr13,25580350,ATP8A2,25371974,26025851,TRUE,FALSE
chr13_25581198,chr13,25581198,ATP8A2,25371974,26025851,TRUE,FALSE
chr13_25581242,chr13,25581242,ATP8A2,25371974,26025851,TRUE,FALSE
chr13_25581529,chr13,25581529,ATP8A2,25371974,26025851,TRUE,FALSE
chr13_25581732,chr13,25581732,ATP8A2,25371974,26025851,TRUE,FALSE
chr13_25581855,chr13,25581855,ATP8A2,25371974,26025851,TRUE,FALSE
chr13_25581884,chr13,25581884,ATP8A2,25371974,26025851,TRUE,FALSE
chr13_25581946,chr13,25581946,ATP8A2,25371974,26025851,TRUE,FALSE
chr13_25582291,chr13,25582291,ATP8A2,25371974,26025851,TRUE,FALSE
chr13_25582458,chr13,25582458,ATP8A2,25371974,26025851,TRUE,FALSE
chr13_25582474,chr13,25582474,ATP8A2,25371974,26025851,TRUE,FALSE
chr13_25582953,chr13,25582953,ATP8A2,25371974,26025851,TRUE,FALSE
chr13_25583452,chr13,25583452,ATP8A2,25371974,26025851,TRUE,FALSE
chr13_25583478,chr13,25583478,ATP8A2,25371974,26025851,TRUE,FALSE
chr13_25583577,chr13,25583577,ATP8A2,25371974,26025851,TRUE,FALSE
chr13_25583581,chr13,25583581,ATP8A2,25371974,26025851,TRUE,FALSE
chr13_25583598,chr13,25583598,ATP8A2,25371974,26025851,TRUE,FALSE
chr13_25583611,chr13,25583611,ATP8A2,25371974,26025851,TRUE,FALSE
chr13_25583810,chr13,25583810,ATP8A2,25371974,26025851,TRUE,FALSE
chr13_25583853,chr13,25583853,ATP8A2,25371974,26025851,TRUE,FALSE
chr13_25583875,chr13,25583875,ATP8A2,25371974,26025851,TRUE,FALSE
chr13_25583932,chr13,25583932,ATP8A2,25371974,26025851,TRUE,FALSE
chr13_25584160,chr13,25584160,ATP8A2,25371974,26025851,TRUE,FALSE
chr13_25584163,chr13,25584163,ATP8A2,25371974,26025851,TRUE,FALSE
chr13_25584178,chr13,25584178,ATP8A2,25371974,26025851,TRUE,FALSE
chr13_25584246,chr13,25584246,ATP8A2,25371974,26025851,TRUE,FALSE
chr13_25584284,chr13,25584284,ATP8A2,25371974,26025851,TRUE,FALSE
chr13_25584611,chr13,25584611,ATP8A2,25371974,26025851,TRUE,FALSE
chr13_25584767,chr13,25584767,ATP8A2,25371974,26025851,TRUE,FALSE
chr13_25584844,chr13,25584844,ATP8A2,25371974,26025851,TRUE,FALSE
chr13_25585233,chr13,25585233,ATP8A2,25371974,26025851,TRUE,FALSE
chr13_25585309,chr13,25585309,ATP8A2,25371974,26025851,TRUE,FALSE
chr13_25585344,chr13,25585344,ATP8A2,25371974,26025851,TRUE,FALSE
chr13_25585381,chr13,25585381,ATP8A2,25371974,26025851,TRUE,FALSE
chr13_25585749,chr13,25585749,ATP8A2,25371974,26025851,TRUE,FALSE
chr13_25586358,chr13,25586358,ATP8A2,25371974,26025851,TRUE,FALSE
chr13_25586371,chr13,25586371,ATP8A2,25371974,26025851,TRUE,FALSE
chr13_25586409,chr13,25586409,ATP8A2,25371974,26025851,TRUE,FALSE
chr13_25586459,chr13,25586459,ATP8A2,25371974,26025851,TRUE,FALSE
chr13_25586519,chr13,25586519,ATP8A2,25371974,26025851,TRUE,FALSE
chr13_25586665,chr13,25586665,ATP8A2,25371974,26025851,TRUE,FALSE
chr13_25587059,chr13,25587059,ATP8A2,25371974,26025851,TRUE,FALSE
chr13_25587269,chr13,25587269,ATP8A2,25371974,26025851,TRUE,FALSE
chr13_25587311,chr13,25587311,ATP8A2,25371974,26025851,TRUE,FALSE
chr13_25587537,chr13,25587537,ATP8A2,25371974,26025851,TRUE,FALSE
chr13_25588225,chr13,25588225,ATP8A2,25371974,26025851,TRUE,FALSE
chr13_25588263,chr13,25588263,ATP8A2,25371974,26025851,TRUE,FALSE
chr13_25588463,chr13,25588463,ATP8A2,25371974,26025851,TRUE,FALSE
chr13_25588745,chr13,25588745,ATP8A2,25371974,26025851,TRUE,FALSE
chr13_25588765,chr13,25588765,ATP8A2,25371974,26025851,TRUE,FALSE
chr13_25588768,chr13,25588768,ATP8A2,25371974,26025851,TRUE,FALSE
chr13_25588831,chr13,25588831,ATP8A2,25371974,26025851,TRUE,FALSE
chr13_25588855,chr13,25588855,ATP8A2,25371974,26025851,TRUE,FALSE
chr13_25588870,chr13,25588870,ATP8A2,25371974,26025851,TRUE,FALSE
chr13_25588912,chr13,25588912,ATP8A2,25371974,26025851,TRUE,FALSE
chr13_25589090,chr13,25589090,ATP8A2,25371974,26025851,TRUE,FALSE
chr13_25589347,chr13,25589347,ATP8A2,25371974,26025851,TRUE,FALSE
chr13_25589646,chr13,25589646,ATP8A2,25371974,26025851,TRUE,FALSE
chr13_25589656,chr13,25589656,ATP8A2,25371974,26025851,TRUE,FALSE
chr13_25590189,chr13,25590189,ATP8A2,25371974,26025851,TRUE,FALSE
chr13_25590204,chr13,25590204,ATP8A2,25371974,26025851,TRUE,FALSE
chr13_25590285,chr13,25590285,ATP8A2,25371974,26025851,TRUE,FALSE
chr13_25590373,chr13,25590373,ATP8A2,25371974,26025851,TRUE,FALSE
chr13_25590379,chr13,25590379,ATP8A2,25371974,26025851,TRUE,FALSE
chr13_25590444,chr13,25590444,ATP8A2,25371974,26025851,TRUE,FALSE
chr13_25590496,chr13,25590496,ATP8A2,25371974,26025851,TRUE,FALSE
chr13_25590729,chr13,25590729,ATP8A2,25371974,26025851,TRUE,FALSE
chr13_25590809,chr13,25590809,ATP8A2,25371974,26025851,TRUE,FALSE
chr13_25590872,chr13,25590872,ATP8A2,25371974,26025851,TRUE,FALSE
chr13_25590922,chr13,25590922,ATP8A2,25371974,26025851,TRUE,FALSE
chr13_25590945,chr13,25590945,ATP8A2,25371974,26025851,TRUE,FALSE
chr13_25591089,chr13,25591089,ATP8A2,25371974,26025851,TRUE,FALSE
chr13_25591384,chr13,25591384,ATP8A2,25371974,26025851,TRUE,FALSE
chr13_25591468,chr13,25591468,ATP8A2,25371974,26025851,TRUE,FALSE
chr13_25591488,chr13,25591488,ATP8A2,25371974,26025851,TRUE,FALSE
chr13_25591608,chr13,25591608,ATP8A2,25371974,26025851,TRUE,FALSE
chr13_25591649,chr13,25591649,ATP8A2,25371974,26025851,TRUE,FALSE
chr13_25591659,chr13,25591659,ATP8A2,25371974,26025851,TRUE,FALSE
chr13_25591731,chr13,25591731,ATP8A2,25371974,26025851,TRUE,FALSE
chr13_25591984,chr13,25591984,ATP8A2,25371974,26025851,TRUE,FALSE
chr13_25592513,chr13,25592513,ATP8A2,25371974,26025851,TRUE,FALSE
chr13_25592518,chr13,25592518,ATP8A2,25371974,26025851,TRUE,FALSE
chr13_25592815,chr13,25592815,ATP8A2,25371974,26025851,TRUE,FALSE
chr13_25593107,chr13,25593107,ATP8A2,25371974,26025851,TRUE,FALSE
chr13_25593140,chr13,25593140,ATP8A2,25371974,26025851,TRUE,FALSE
chr13_25593148,chr13,25593148,ATP8A2,25371974,26025851,TRUE,FALSE
chr13_25593371,chr13,25593371,ATP8A2,25371974,26025851,TRUE,FALSE
chr13_25593610,chr13,25593610,ATP8A2,25371974,26025851,TRUE,FALSE
chr13_25593703,chr13,25593703,ATP8A2,25371974,26025851,TRUE,FALSE
chr13_25594242,chr13,25594242,ATP8A2,25371974,26025851,TRUE,FALSE
chr13_25594340,chr13,25594340,ATP8A2,25371974,26025851,TRUE,FALSE
chr13_25594501,chr13,25594501,ATP8A2,25371974,26025851,TRUE,FALSE
chr13_25594527,chr13,25594527,ATP8A2,25371974,26025851,TRUE,FALSE
chr13_25594547,chr13,25594547,ATP8A2,25371974,26025851,TRUE,FALSE
chr13_25594602,chr13,25594602,ATP8A2,25371974,26025851,TRUE,FALSE
chr13_25594663,chr13,25594663,ATP8A2,25371974,26025851,TRUE,FALSE
chr13_25594951,chr13,25594951,ATP8A2,25371974,26025851,TRUE,FALSE
chr13_25595017,chr13,25595017,ATP8A2,25371974,26025851,TRUE,FALSE
chr13_25595176,chr13,25595176,ATP8A2,25371974,26025851,TRUE,FALSE
chr13_25595186,chr13,25595186,ATP8A2,25371974,26025851,TRUE,FALSE
chr13_25595382,chr13,25595382,ATP8A2,25371974,26025851,TRUE,FALSE
chr13_25595472,chr13,25595472,ATP8A2,25371974,26025851,TRUE,FALSE
chr13_25595609,chr13,25595609,ATP8A2,25371974,26025851,TRUE,FALSE
chr13_25595741,chr13,25595741,ATP8A2,25371974,26025851,TRUE,FALSE
chr13_25595948,chr13,25595948,ATP8A2,25371974,26025851,TRUE,FALSE
chr13_25596044,chr13,25596044,ATP8A2,25371974,26025851,TRUE,FALSE
chr13_25596465,chr13,25596465,ATP8A2,25371974,26025851,TRUE,FALSE
chr13_25596467,chr13,25596467,ATP8A2,25371974,26025851,TRUE,FALSE
chr13_25596614,chr13,25596614,ATP8A2,25371974,26025851,TRUE,FALSE
chr13_25596881,chr13,25596881,ATP8A2,25371974,26025851,TRUE,FALSE
chr13_25596897,chr13,25596897,ATP8A2,25371974,26025851,TRUE,FALSE
chr13_25596908,chr13,25596908,ATP8A2,25371974,26025851,TRUE,FALSE
chr13_25596928,chr13,25596928,ATP8A2,25371974,26025851,TRUE,FALSE
chr13_25597778,chr13,25597778,ATP8A2,25371974,26025851,TRUE,FALSE
chr13_25598085,chr13,25598085,ATP8A2,25371974,26025851,TRUE,FALSE
chr13_25598196,chr13,25598196,ATP8A2,25371974,26025851,TRUE,FALSE
chr13_25598326,chr13,25598326,ATP8A2,25371974,26025851,TRUE,FALSE
chr13_25598416,chr13,25598416,ATP8A2,25371974,26025851,TRUE,FALSE
chr13_25598483,chr13,25598483,ATP8A2,25371974,26025851,TRUE,FALSE
chr13_25598565,chr13,25598565,ATP8A2,25371974,26025851,TRUE,FALSE
chr13_25599379,chr13,25599379,ATP8A2,25371974,26025851,TRUE,FALSE
chr13_25599519,chr13,25599519,ATP8A2,25371974,26025851,TRUE,FALSE
chr13_25599741,chr13,25599741,ATP8A2,25371974,26025851,TRUE,FALSE
chr13_25599983,chr13,25599983,ATP8A2,25371974,26025851,TRUE,FALSE
chr13_25600238,chr13,25600238,ATP8A2,25371974,26025851,TRUE,FALSE
chr13_25600518,chr13,25600518,ATP8A2,25371974,26025851,TRUE,FALSE
chr13_25600537,chr13,25600537,ATP8A2,25371974,26025851,TRUE,FALSE
chr13_25600582,chr13,25600582,ATP8A2,25371974,26025851,TRUE,FALSE
chr13_25600636,chr13,25600636,ATP8A2,25371974,26025851,TRUE,FALSE
chr13_25600669,chr13,25600669,ATP8A2,25371974,26025851,TRUE,FALSE
chr13_25600854,chr13,25600854,ATP8A2,25371974,26025851,TRUE,FALSE
chr13_25600919,chr13,25600919,ATP8A2,25371974,26025851,TRUE,FALSE
chr13_25600935,chr13,25600935,ATP8A2,25371974,26025851,TRUE,FALSE
chr13_25600939,chr13,25600939,ATP8A2,25371974,26025851,TRUE,FALSE
chr13_25600983,chr13,25600983,ATP8A2,25371974,26025851,TRUE,FALSE
chr13_25601033,chr13,25601033,ATP8A2,25371974,26025851,TRUE,FALSE
chr13_25601148,chr13,25601148,ATP8A2,25371974,26025851,TRUE,FALSE
chr13_25601221,chr13,25601221,ATP8A2,25371974,26025851,TRUE,FALSE
chr13_25601299,chr13,25601299,ATP8A2,25371974,26025851,TRUE,FALSE
chr13_25601308,chr13,25601308,ATP8A2,25371974,26025851,TRUE,FALSE
chr13_25601497,chr13,25601497,ATP8A2,25371974,26025851,TRUE,FALSE
chr13_25601505,chr13,25601505,ATP8A2,25371974,26025851,TRUE,FALSE
chr13_25601525,chr13,25601525,ATP8A2,25371974,26025851,TRUE,FALSE
chr13_25601565,chr13,25601565,ATP8A2,25371974,26025851,TRUE,FALSE
chr13_25601609,chr13,25601609,ATP8A2,25371974,26025851,TRUE,FALSE
chr13_25601636,chr13,25601636,ATP8A2,25371974,26025851,TRUE,FALSE
chr13_25601692,chr13,25601692,ATP8A2,25371974,26025851,TRUE,FALSE
chr13_25601749,chr13,25601749,ATP8A2,25371974,26025851,TRUE,FALSE
chr13_25601761,chr13,25601761,ATP8A2,25371974,26025851,TRUE,FALSE
chr13_25601765,chr13,25601765,ATP8A2,25371974,26025851,TRUE,FALSE
chr13_25601874,chr13,25601874,ATP8A2,25371974,26025851,TRUE,FALSE
chr13_25602314,chr13,25602314,ATP8A2,25371974,26025851,TRUE,FALSE
chr13_25602385,chr13,25602385,ATP8A2,25371974,26025851,TRUE,FALSE
chr13_25602606,chr13,25602606,ATP8A2,25371974,26025851,TRUE,FALSE
chr13_25602842,chr13,25602842,ATP8A2,25371974,26025851,TRUE,FALSE
chr13_25603013,chr13,25603013,ATP8A2,25371974,26025851,TRUE,FALSE
chr13_25603020,chr13,25603020,ATP8A2,25371974,26025851,TRUE,FALSE
chr13_25603026,chr13,25603026,ATP8A2,25371974,26025851,TRUE,FALSE
chr13_25603215,chr13,25603215,ATP8A2,25371974,26025851,TRUE,FALSE
chr13_25603225,chr13,25603225,ATP8A2,25371974,26025851,TRUE,FALSE
chr13_25603267,chr13,25603267,ATP8A2,25371974,26025851,TRUE,FALSE
chr13_25603439,chr13,25603439,ATP8A2,25371974,26025851,TRUE,FALSE
chr13_25603737,chr13,25603737,ATP8A2,25371974,26025851,TRUE,FALSE
chr13_25604309,chr13,25604309,ATP8A2,25371974,26025851,TRUE,FALSE
chr13_25604876,chr13,25604876,ATP8A2,25371974,26025851,TRUE,FALSE
chr13_25605056,chr13,25605056,ATP8A2,25371974,26025851,TRUE,FALSE
chr13_25605168,chr13,25605168,ATP8A2,25371974,26025851,TRUE,FALSE
chr13_25605676,chr13,25605676,ATP8A2,25371974,26025851,TRUE,FALSE
chr13_25605723,chr13,25605723,ATP8A2,25371974,26025851,TRUE,FALSE
chr13_25605951,chr13,25605951,ATP8A2,25371974,26025851,TRUE,FALSE
chr13_25606060,chr13,25606060,ATP8A2,25371974,26025851,TRUE,FALSE
chr13_25606608,chr13,25606608,ATP8A2,25371974,26025851,TRUE,FALSE
chr13_25606940,chr13,25606940,ATP8A2,25371974,26025851,TRUE,FALSE
chr13_25607003,chr13,25607003,ATP8A2,25371974,26025851,TRUE,FALSE
chr13_25607020,chr13,25607020,ATP8A2,25371974,26025851,TRUE,FALSE
chr13_25607145,chr13,25607145,ATP8A2,25371974,26025851,TRUE,FALSE
chr13_25607219,chr13,25607219,ATP8A2,25371974,26025851,TRUE,FALSE
chr13_25607282,chr13,25607282,ATP8A2,25371974,26025851,TRUE,FALSE
chr13_25607288,chr13,25607288,ATP8A2,25371974,26025851,TRUE,FALSE
chr13_25607412,chr13,25607412,ATP8A2,25371974,26025851,TRUE,FALSE
chr13_25607470,chr13,25607470,ATP8A2,25371974,26025851,TRUE,FALSE
chr13_25607490,chr13,25607490,ATP8A2,25371974,26025851,TRUE,FALSE
chr13_25607510,chr13,25607510,ATP8A2,25371974,26025851,TRUE,FALSE
chr13_25607560,chr13,25607560,ATP8A2,25371974,26025851,TRUE,FALSE
chr13_25608036,chr13,25608036,ATP8A2,25371974,26025851,TRUE,FALSE
chr13_25608310,chr13,25608310,ATP8A2,25371974,26025851,TRUE,FALSE
chr13_25608523,chr13,25608523,ATP8A2,25371974,26025851,TRUE,FALSE
chr13_25609058,chr13,25609058,ATP8A2,25371974,26025851,TRUE,FALSE
chr13_25609429,chr13,25609429,ATP8A2,25371974,26025851,TRUE,FALSE
chr13_25610407,chr13,25610407,ATP8A2,25371974,26025851,TRUE,FALSE
chr13_25610512,chr13,25610512,ATP8A2,25371974,26025851,TRUE,FALSE
chr13_25610722,chr13,25610722,ATP8A2,25371974,26025851,TRUE,FALSE
chr13_25610756,chr13,25610756,ATP8A2,25371974,26025851,TRUE,FALSE
chr13_25610950,chr13,25610950,ATP8A2,25371974,26025851,TRUE,FALSE
chr13_25611327,chr13,25611327,ATP8A2,25371974,26025851,TRUE,FALSE
chr13_25611478,chr13,25611478,ATP8A2,25371974,26025851,TRUE,FALSE
chr13_25611834,chr13,25611834,ATP8A2,25371974,26025851,TRUE,FALSE
chr13_25611988,chr13,25611988,ATP8A2,25371974,26025851,TRUE,FALSE
chr13_25612251,chr13,25612251,ATP8A2,25371974,26025851,TRUE,FALSE
chr13_25612305,chr13,25612305,ATP8A2,25371974,26025851,TRUE,FALSE
chr13_25612742,chr13,25612742,ATP8A2,25371974,26025851,TRUE,FALSE
chr13_25613125,chr13,25613125,ATP8A2,25371974,26025851,TRUE,FALSE
chr13_25613402,chr13,25613402,ATP8A2,25371974,26025851,TRUE,FALSE
chr13_25614162,chr13,25614162,ATP8A2,25371974,26025851,TRUE,FALSE
chr13_25614182,chr13,25614182,ATP8A2,25371974,26025851,TRUE,FALSE
chr13_25614577,chr13,25614577,ATP8A2,25371974,26025851,TRUE,FALSE
chr13_25614715,chr13,25614715,ATP8A2,25371974,26025851,TRUE,FALSE
chr13_25615005,chr13,25615005,ATP8A2,25371974,26025851,TRUE,FALSE
chr13_25615098,chr13,25615098,ATP8A2,25371974,26025851,TRUE,FALSE
chr13_25615122,chr13,25615122,ATP8A2,25371974,26025851,TRUE,FALSE
chr13_25615211,chr13,25615211,ATP8A2,25371974,26025851,TRUE,FALSE
chr13_25615365,chr13,25615365,ATP8A2,25371974,26025851,TRUE,FALSE
chr13_25615388,chr13,25615388,ATP8A2,25371974,26025851,TRUE,FALSE
chr13_25615471,chr13,25615471,ATP8A2,25371974,26025851,TRUE,FALSE
chr13_25615556,chr13,25615556,ATP8A2,25371974,26025851,TRUE,FALSE
chr13_25615577,chr13,25615577,ATP8A2,25371974,26025851,TRUE,FALSE
chr13_25615907,chr13,25615907,ATP8A2,25371974,26025851,TRUE,FALSE
chr13_25616265,chr13,25616265,ATP8A2,25371974,26025851,TRUE,FALSE
chr13_25616400,chr13,25616400,ATP8A2,25371974,26025851,TRUE,FALSE
chr13_25616417,chr13,25616417,ATP8A2,25371974,26025851,TRUE,FALSE
chr13_25616480,chr13,25616480,ATP8A2,25371974,26025851,TRUE,FALSE
chr13_25616551,chr13,25616551,ATP8A2,25371974,26025851,TRUE,FALSE
chr13_25616578,chr13,25616578,ATP8A2,25371974,26025851,TRUE,FALSE
chr13_25616611,chr13,25616611,ATP8A2,25371974,26025851,TRUE,FALSE
chr13_25616896,chr13,25616896,ATP8A2,25371974,26025851,TRUE,FALSE
chr13_25617425,chr13,25617425,ATP8A2,25371974,26025851,TRUE,FALSE
chr13_25617570,chr13,25617570,ATP8A2,25371974,26025851,TRUE,FALSE
chr13_25617774,chr13,25617774,ATP8A2,25371974,26025851,TRUE,FALSE
chr13_25617844,chr13,25617844,ATP8A2,25371974,26025851,TRUE,FALSE
chr13_25617971,chr13,25617971,ATP8A2,25371974,26025851,TRUE,FALSE
chr13_25617985,chr13,25617985,ATP8A2,25371974,26025851,TRUE,FALSE
chr13_25618019,chr13,25618019,ATP8A2,25371974,26025851,TRUE,FALSE
chr13_25618181,chr13,25618181,ATP8A2,25371974,26025851,TRUE,FALSE
chr13_25618271,chr13,25618271,ATP8A2,25371974,26025851,TRUE,FALSE
chr13_25618285,chr13,25618285,ATP8A2,25371974,26025851,TRUE,FALSE
chr13_25618381,chr13,25618381,ATP8A2,25371974,26025851,TRUE,FALSE
chr13_25618399,chr13,25618399,ATP8A2,25371974,26025851,TRUE,FALSE
chr13_25618439,chr13,25618439,ATP8A2,25371974,26025851,TRUE,FALSE
chr13_25618457,chr13,25618457,ATP8A2,25371974,26025851,TRUE,FALSE
chr13_25618877,chr13,25618877,ATP8A2,25371974,26025851,TRUE,FALSE
chr13_25618967,chr13,25618967,ATP8A2,25371974,26025851,TRUE,FALSE
chr13_25619056,chr13,25619056,ATP8A2,25371974,26025851,TRUE,FALSE
chr13_25619119,chr13,25619119,ATP8A2,25371974,26025851,TRUE,FALSE
chr13_25619125,chr13,25619125,ATP8A2,25371974,26025851,TRUE,FALSE
chr13_25619490,chr13,25619490,ATP8A2,25371974,26025851,TRUE,FALSE
chr13_25619755,chr13,25619755,ATP8A2,25371974,26025851,TRUE,FALSE
chr13_25619875,chr13,25619875,ATP8A2,25371974,26025851,TRUE,FALSE
chr13_25619965,chr13,25619965,ATP8A2,25371974,26025851,TRUE,FALSE
chr13_25620178,chr13,25620178,ATP8A2,25371974,26025851,TRUE,FALSE
chr13_25620476,chr13,25620476,ATP8A2,25371974,26025851,TRUE,FALSE
chr13_25620768,chr13,25620768,ATP8A2,25371974,26025851,TRUE,FALSE
chr13_25621042,chr13,25621042,ATP8A2,25371974,26025851,TRUE,FALSE
chr13_25621260,chr13,25621260,ATP8A2,25371974,26025851,TRUE,FALSE
chr13_25621540,chr13,25621540,ATP8A2,25371974,26025851,TRUE,FALSE
chr13_25622577,chr13,25622577,ATP8A2,25371974,26025851,TRUE,FALSE
chr13_25623154,chr13,25623154,ATP8A2,25371974,26025851,TRUE,FALSE
chr13_25623163,chr13,25623163,ATP8A2,25371974,26025851,TRUE,FALSE
chr13_25623571,chr13,25623571,ATP8A2,25371974,26025851,TRUE,FALSE
chr13_25623764,chr13,25623764,ATP8A2,25371974,26025851,TRUE,FALSE
chr13_25624096,chr13,25624096,ATP8A2,25371974,26025851,TRUE,FALSE
chr13_25624165,chr13,25624165,ATP8A2,25371974,26025851,TRUE,FALSE
chr13_25625209,chr13,25625209,ATP8A2,25371974,26025851,TRUE,FALSE
chr13_25625392,chr13,25625392,ATP8A2,25371974,26025851,TRUE,FALSE
chr13_25625598,chr13,25625598,ATP8A2,25371974,26025851,TRUE,FALSE
chr13_25625644,chr13,25625644,ATP8A2,25371974,26025851,TRUE,FALSE
chr13_25625862,chr13,25625862,ATP8A2,25371974,26025851,TRUE,FALSE
chr13_25626098,chr13,25626098,ATP8A2,25371974,26025851,TRUE,FALSE
chr13_25626162,chr13,25626162,ATP8A2,25371974,26025851,TRUE,FALSE
chr13_25626605,chr13,25626605,ATP8A2,25371974,26025851,TRUE,FALSE
chr13_25626717,chr13,25626717,ATP8A2,25371974,26025851,TRUE,FALSE
chr13_25626719,chr13,25626719,ATP8A2,25371974,26025851,TRUE,FALSE
chr13_25626742,chr13,25626742,ATP8A2,25371974,26025851,TRUE,FALSE
chr13_25626839,chr13,25626839,ATP8A2,25371974,26025851,TRUE,FALSE
chr13_25626927,chr13,25626927,ATP8A2,25371974,26025851,TRUE,FALSE
chr13_25627013,chr13,25627013,ATP8A2,25371974,26025851,TRUE,FALSE
chr13_25627051,chr13,25627051,ATP8A2,25371974,26025851,TRUE,FALSE
chr13_25627197,chr13,25627197,ATP8A2,25371974,26025851,TRUE,FALSE
chr13_25627413,chr13,25627413,ATP8A2,25371974,26025851,TRUE,FALSE
chr13_25627549,chr13,25627549,ATP8A2,25371974,26025851,TRUE,FALSE
chr13_25627564,chr13,25627564,ATP8A2,25371974,26025851,TRUE,FALSE
chr13_25627729,chr13,25627729,ATP8A2,25371974,26025851,TRUE,FALSE
chr13_25628438,chr13,25628438,ATP8A2,25371974,26025851,TRUE,FALSE
chr13_25628474,chr13,25628474,ATP8A2,25371974,26025851,TRUE,FALSE
chr13_25628708,chr13,25628708,ATP8A2,25371974,26025851,TRUE,FALSE
chr13_25628881,chr13,25628881,ATP8A2,25371974,26025851,TRUE,FALSE
chr13_25629175,chr13,25629175,ATP8A2,25371974,26025851,TRUE,FALSE
chr13_25629439,chr13,25629439,ATP8A2,25371974,26025851,TRUE,FALSE
chr13_25629518,chr13,25629518,ATP8A2,25371974,26025851,TRUE,FALSE
chr13_25629620,chr13,25629620,ATP8A2,25371974,26025851,TRUE,FALSE
chr13_25629751,chr13,25629751,ATP8A2,25371974,26025851,TRUE,FALSE
chr13_25629754,chr13,25629754,ATP8A2,25371974,26025851,TRUE,FALSE
chr13_25629816,chr13,25629816,ATP8A2,25371974,26025851,TRUE,FALSE
chr13_25629947,chr13,25629947,ATP8A2,25371974,26025851,TRUE,FALSE
chr13_25630308,chr13,25630308,ATP8A2,25371974,26025851,TRUE,FALSE
chr13_25630336,chr13,25630336,ATP8A2,25371974,26025851,TRUE,FALSE
chr13_25630359,chr13,25630359,ATP8A2,25371974,26025851,TRUE,FALSE
chr13_25630417,chr13,25630417,ATP8A2,25371974,26025851,TRUE,FALSE
chr13_25630623,chr13,25630623,ATP8A2,25371974,26025851,TRUE,FALSE
chr13_25630747,chr13,25630747,ATP8A2,25371974,26025851,TRUE,FALSE
chr13_25630857,chr13,25630857,ATP8A2,25371974,26025851,TRUE,FALSE
chr13_25631261,chr13,25631261,ATP8A2,25371974,26025851,TRUE,FALSE
chr13_25631267,chr13,25631267,ATP8A2,25371974,26025851,TRUE,FALSE
chr13_25631284,chr13,25631284,ATP8A2,25371974,26025851,TRUE,FALSE
chr13_25631989,chr13,25631989,ATP8A2,25371974,26025851,TRUE,FALSE
chr13_25632006,chr13,25632006,ATP8A2,25371974,26025851,TRUE,FALSE
chr13_25632040,chr13,25632040,ATP8A2,25371974,26025851,TRUE,FALSE
chr13_25632265,chr13,25632265,ATP8A2,25371974,26025851,TRUE,FALSE
chr13_25632379,chr13,25632379,ATP8A2,25371974,26025851,TRUE,FALSE
chr13_25632468,chr13,25632468,ATP8A2,25371974,26025851,TRUE,FALSE
chr13_25632637,chr13,25632637,ATP8A2,25371974,26025851,TRUE,FALSE
chr13_25632648,chr13,25632648,ATP8A2,25371974,26025851,TRUE,FALSE
chr13_25632783,chr13,25632783,ATP8A2,25371974,26025851,TRUE,FALSE
chr13_25641360,chr13,25641360,ATP8A2,25371974,26025851,TRUE,FALSE
chr13_25642025,chr13,25642025,ATP8A2,25371974,26025851,TRUE,FALSE
chr13_25642573,chr13,25642573,ATP8A2,25371974,26025851,TRUE,FALSE
chr13_25642763,chr13,25642763,ATP8A2,25371974,26025851,TRUE,FALSE
chr13_25642776,chr13,25642776,ATP8A2,25371974,26025851,TRUE,FALSE
chr13_25642864,chr13,25642864,ATP8A2,25371974,26025851,TRUE,FALSE
chr13_25643118,chr13,25643118,ATP8A2,25371974,26025851,TRUE,FALSE
chr13_25643130,chr13,25643130,ATP8A2,25371974,26025851,TRUE,FALSE
chr13_25643581,chr13,25643581,ATP8A2,25371974,26025851,TRUE,FALSE
chr13_25643672,chr13,25643672,ATP8A2,25371974,26025851,TRUE,FALSE
chr13_25644307,chr13,25644307,ATP8A2,25371974,26025851,TRUE,FALSE
chr13_25644610,chr13,25644610,ATP8A2,25371974,26025851,TRUE,FALSE
chr13_25644880,chr13,25644880,ATP8A2,25371974,26025851,TRUE,FALSE
chr13_25644935,chr13,25644935,ATP8A2,25371974,26025851,TRUE,FALSE
chr13_25645075,chr13,25645075,ATP8A2,25371974,26025851,TRUE,FALSE
chr13_25645177,chr13,25645177,ATP8A2,25371974,26025851,TRUE,FALSE
chr13_25646416,chr13,25646416,ATP8A2,25371974,26025851,TRUE,FALSE
chr13_25646432,chr13,25646432,ATP8A2,25371974,26025851,TRUE,FALSE
chr13_25646437,chr13,25646437,ATP8A2,25371974,26025851,TRUE,FALSE
chr13_25646456,chr13,25646456,ATP8A2,25371974,26025851,TRUE,FALSE
chr13_25646528,chr13,25646528,ATP8A2,25371974,26025851,TRUE,FALSE
chr13_25646609,chr13,25646609,ATP8A2,25371974,26025851,TRUE,FALSE
chr13_25646847,chr13,25646847,ATP8A2,25371974,26025851,TRUE,FALSE
chr13_25646862,chr13,25646862,ATP8A2,25371974,26025851,TRUE,FALSE
chr13_25647074,chr13,25647074,ATP8A2,25371974,26025851,TRUE,FALSE
chr13_25647754,chr13,25647754,ATP8A2,25371974,26025851,TRUE,FALSE
chr13_25647846,chr13,25647846,ATP8A2,25371974,26025851,TRUE,FALSE
chr13_25647984,chr13,25647984,ATP8A2,25371974,26025851,TRUE,FALSE
chr13_25648055,chr13,25648055,ATP8A2,25371974,26025851,TRUE,FALSE
chr13_25648403,chr13,25648403,ATP8A2,25371974,26025851,TRUE,FALSE
chr13_25648431,chr13,25648431,ATP8A2,25371974,26025851,TRUE,FALSE
chr13_25648479,chr13,25648479,ATP8A2,25371974,26025851,TRUE,FALSE
chr13_25648620,chr13,25648620,ATP8A2,25371974,26025851,TRUE,FALSE
chr13_25648914,chr13,25648914,ATP8A2,25371974,26025851,TRUE,FALSE
chr13_25649095,chr13,25649095,ATP8A2,25371974,26025851,TRUE,FALSE
chr13_25649980,chr13,25649980,ATP8A2,25371974,26025851,TRUE,FALSE
chr13_25650062,chr13,25650062,ATP8A2,25371974,26025851,TRUE,FALSE
chr13_25650191,chr13,25650191,ATP8A2,25371974,26025851,TRUE,FALSE
chr13_25650264,chr13,25650264,ATP8A2,25371974,26025851,TRUE,FALSE
chr13_25650357,chr13,25650357,ATP8A2,25371974,26025851,TRUE,FALSE
chr13_25650523,chr13,25650523,ATP8A2,25371974,26025851,TRUE,FALSE
chr13_25650590,chr13,25650590,ATP8A2,25371974,26025851,TRUE,FALSE
chr13_25650710,chr13,25650710,ATP8A2,25371974,26025851,TRUE,FALSE
chr13_25651162,chr13,25651162,ATP8A2,25371974,26025851,TRUE,FALSE
chr13_25651170,chr13,25651170,ATP8A2,25371974,26025851,TRUE,FALSE
chr13_25651240,chr13,25651240,ATP8A2,25371974,26025851,TRUE,FALSE
chr13_25651303,chr13,25651303,ATP8A2,25371974,26025851,TRUE,FALSE
chr13_25651311,chr13,25651311,ATP8A2,25371974,26025851,TRUE,FALSE
chr13_25651335,chr13,25651335,ATP8A2,25371974,26025851,TRUE,FALSE
chr13_25651367,chr13,25651367,ATP8A2,25371974,26025851,TRUE,FALSE
chr13_25651399,chr13,25651399,ATP8A2,25371974,26025851,TRUE,FALSE
chr13_25651420,chr13,25651420,ATP8A2,25371974,26025851,TRUE,FALSE
chr13_25652026,chr13,25652026,ATP8A2,25371974,26025851,TRUE,FALSE
chr13_25652136,chr13,25652136,ATP8A2,25371974,26025851,TRUE,FALSE
chr13_25652287,chr13,25652287,ATP8A2,25371974,26025851,TRUE,FALSE
chr13_25652416,chr13,25652416,ATP8A2,25371974,26025851,TRUE,FALSE
chr13_25652505,chr13,25652505,ATP8A2,25371974,26025851,TRUE,FALSE
chr13_25652690,chr13,25652690,ATP8A2,25371974,26025851,TRUE,FALSE
chr13_25653068,chr13,25653068,ATP8A2,25371974,26025851,TRUE,FALSE
chr13_25653198,chr13,25653198,ATP8A2,25371974,26025851,TRUE,FALSE
chr13_25653297,chr13,25653297,ATP8A2,25371974,26025851,TRUE,FALSE
chr13_25653674,chr13,25653674,ATP8A2,25371974,26025851,TRUE,FALSE
chr13_25653932,chr13,25653932,ATP8A2,25371974,26025851,TRUE,FALSE
chr13_25654268,chr13,25654268,ATP8A2,25371974,26025851,TRUE,FALSE
chr13_25654330,chr13,25654330,ATP8A2,25371974,26025851,TRUE,FALSE
chr13_25654450,chr13,25654450,ATP8A2,25371974,26025851,TRUE,FALSE
chr13_25654486,chr13,25654486,ATP8A2,25371974,26025851,TRUE,FALSE
chr13_25654622,chr13,25654622,ATP8A2,25371974,26025851,TRUE,FALSE
chr13_25654732,chr13,25654732,ATP8A2,25371974,26025851,TRUE,FALSE
chr13_25654791,chr13,25654791,ATP8A2,25371974,26025851,TRUE,FALSE
chr13_25654971,chr13,25654971,ATP8A2,25371974,26025851,TRUE,FALSE
chr13_25655245,chr13,25655245,ATP8A2,25371974,26025851,TRUE,FALSE
chr13_25655316,chr13,25655316,ATP8A2,25371974,26025851,TRUE,FALSE
chr13_25655379,chr13,25655379,ATP8A2,25371974,26025851,TRUE,FALSE
chr13_25655386,chr13,25655386,ATP8A2,25371974,26025851,TRUE,FALSE
chr13_25655410,chr13,25655410,ATP8A2,25371974,26025851,TRUE,FALSE
chr13_25655438,chr13,25655438,ATP8A2,25371974,26025851,TRUE,FALSE
chr13_25655620,chr13,25655620,ATP8A2,25371974,26025851,TRUE,FALSE
chr13_25655753,chr13,25655753,ATP8A2,25371974,26025851,TRUE,FALSE
chr13_25655847,chr13,25655847,ATP8A2,25371974,26025851,TRUE,FALSE
chr13_25655874,chr13,25655874,ATP8A2,25371974,26025851,TRUE,FALSE
chr13_25655966,chr13,25655966,ATP8A2,25371974,26025851,TRUE,FALSE
chr13_25656090,chr13,25656090,ATP8A2,25371974,26025851,TRUE,FALSE
chr13_25656109,chr13,25656109,ATP8A2,25371974,26025851,TRUE,FALSE
chr13_25656180,chr13,25656180,ATP8A2,25371974,26025851,TRUE,FALSE
chr13_25656314,chr13,25656314,ATP8A2,25371974,26025851,TRUE,FALSE
chr13_25656361,chr13,25656361,ATP8A2,25371974,26025851,TRUE,FALSE
chr13_25656436,chr13,25656436,ATP8A2,25371974,26025851,TRUE,FALSE
chr13_25656524,chr13,25656524,ATP8A2,25371974,26025851,TRUE,FALSE
chr13_25656531,chr13,25656531,ATP8A2,25371974,26025851,TRUE,FALSE
chr13_25656552,chr13,25656552,ATP8A2,25371974,26025851,TRUE,FALSE
chr13_25656695,chr13,25656695,ATP8A2,25371974,26025851,TRUE,FALSE
chr13_25656818,chr13,25656818,ATP8A2,25371974,26025851,TRUE,FALSE
chr13_25656967,chr13,25656967,ATP8A2,25371974,26025851,TRUE,FALSE
chr13_25657039,chr13,25657039,ATP8A2,25371974,26025851,TRUE,FALSE
chr13_25657106,chr13,25657106,ATP8A2,25371974,26025851,TRUE,FALSE
chr13_25657378,chr13,25657378,ATP8A2,25371974,26025851,TRUE,FALSE
chr13_25657396,chr13,25657396,ATP8A2,25371974,26025851,TRUE,FALSE
chr13_25657800,chr13,25657800,ATP8A2,25371974,26025851,TRUE,FALSE
chr13_25657950,chr13,25657950,ATP8A2,25371974,26025851,TRUE,FALSE
chr13_25658107,chr13,25658107,ATP8A2,25371974,26025851,TRUE,FALSE
chr13_25658365,chr13,25658365,ATP8A2,25371974,26025851,TRUE,FALSE
chr13_25658378,chr13,25658378,ATP8A2,25371974,26025851,TRUE,FALSE
chr13_25658403,chr13,25658403,ATP8A2,25371974,26025851,TRUE,FALSE
chr13_25658435,chr13,25658435,ATP8A2,25371974,26025851,TRUE,FALSE
chr13_25658467,chr13,25658467,ATP8A2,25371974,26025851,TRUE,FALSE
chr13_25658495,chr13,25658495,ATP8A2,25371974,26025851,TRUE,FALSE
chr13_25658509,chr13,25658509,ATP8A2,25371974,26025851,TRUE,FALSE
chr13_25658593,chr13,25658593,ATP8A2,25371974,26025851,TRUE,FALSE
chr13_25661825,chr13,25661825,ATP8A2,25371974,26025851,TRUE,FALSE
chr13_25662212,chr13,25662212,ATP8A2,25371974,26025851,TRUE,FALSE
chr13_25662320,chr13,25662320,ATP8A2,25371974,26025851,TRUE,FALSE
chr13_25662331,chr13,25662331,ATP8A2,25371974,26025851,TRUE,FALSE
chr13_25662471,chr13,25662471,ATP8A2,25371974,26025851,TRUE,FALSE
chr13_25662751,chr13,25662751,ATP8A2,25371974,26025851,TRUE,FALSE
chr13_25663148,chr13,25663148,ATP8A2,25371974,26025851,TRUE,FALSE
chr13_25663219,chr13,25663219,ATP8A2,25371974,26025851,TRUE,FALSE
chr13_25663364,chr13,25663364,ATP8A2,25371974,26025851,TRUE,FALSE
chr13_25663493,chr13,25663493,ATP8A2,25371974,26025851,TRUE,FALSE
chr13_25663576,chr13,25663576,ATP8A2,25371974,26025851,TRUE,FALSE
chr13_25663598,chr13,25663598,ATP8A2,25371974,26025851,TRUE,FALSE
chr13_25663682,chr13,25663682,ATP8A2,25371974,26025851,TRUE,FALSE
chr13_25663926,chr13,25663926,ATP8A2,25371974,26025851,TRUE,FALSE
chr13_25663946,chr13,25663946,ATP8A2,25371974,26025851,TRUE,FALSE
chr13_25663974,chr13,25663974,ATP8A2,25371974,26025851,TRUE,FALSE
chr13_25664037,chr13,25664037,ATP8A2,25371974,26025851,TRUE,FALSE
chr13_25664081,chr13,25664081,ATP8A2,25371974,26025851,TRUE,FALSE
chr13_25664101,chr13,25664101,ATP8A2,25371974,26025851,TRUE,FALSE
chr13_25664389,chr13,25664389,ATP8A2,25371974,26025851,TRUE,FALSE
chr13_25664438,chr13,25664438,ATP8A2,25371974,26025851,TRUE,FALSE
chr13_25664473,chr13,25664473,ATP8A2,25371974,26025851,TRUE,FALSE
chr13_25664539,chr13,25664539,ATP8A2,25371974,26025851,TRUE,FALSE
chr13_25664834,chr13,25664834,ATP8A2,25371974,26025851,TRUE,FALSE
chr13_25664868,chr13,25664868,ATP8A2,25371974,26025851,TRUE,FALSE
chr13_25665013,chr13,25665013,ATP8A2,25371974,26025851,TRUE,FALSE
chr13_25665016,chr13,25665016,ATP8A2,25371974,26025851,TRUE,FALSE
chr13_25665115,chr13,25665115,ATP8A2,25371974,26025851,TRUE,FALSE
chr13_25665122,chr13,25665122,ATP8A2,25371974,26025851,TRUE,FALSE
chr13_25665132,chr13,25665132,ATP8A2,25371974,26025851,TRUE,FALSE
chr13_25665370,chr13,25665370,ATP8A2,25371974,26025851,TRUE,FALSE
chr13_25665795,chr13,25665795,ATP8A2,25371974,26025851,TRUE,FALSE
chr13_25665970,chr13,25665970,ATP8A2,25371974,26025851,TRUE,FALSE
chr13_25666129,chr13,25666129,ATP8A2,25371974,26025851,TRUE,FALSE
chr13_25666192,chr13,25666192,ATP8A2,25371974,26025851,TRUE,FALSE
chr13_25666519,chr13,25666519,ATP8A2,25371974,26025851,TRUE,FALSE
chr13_25666531,chr13,25666531,ATP8A2,25371974,26025851,TRUE,FALSE
chr13_25666535,chr13,25666535,ATP8A2,25371974,26025851,TRUE,FALSE
chr13_25667270,chr13,25667270,ATP8A2,25371974,26025851,TRUE,FALSE
chr13_25667347,chr13,25667347,ATP8A2,25371974,26025851,TRUE,FALSE
chr13_25667453,chr13,25667453,ATP8A2,25371974,26025851,TRUE,FALSE
chr13_25667617,chr13,25667617,ATP8A2,25371974,26025851,TRUE,FALSE
chr13_25668037,chr13,25668037,ATP8A2,25371974,26025851,TRUE,FALSE
chr13_25668886,chr13,25668886,ATP8A2,25371974,26025851,TRUE,FALSE
chr13_25669608,chr13,25669608,ATP8A2,25371974,26025851,TRUE,FALSE
chr13_25669768,chr13,25669768,ATP8A2,25371974,26025851,TRUE,FALSE
chr13_25670093,chr13,25670093,ATP8A2,25371974,26025851,TRUE,FALSE
chr13_25670357,chr13,25670357,ATP8A2,25371974,26025851,TRUE,FALSE
chr13_25670642,chr13,25670642,ATP8A2,25371974,26025851,TRUE,FALSE
chr13_25671032,chr13,25671032,ATP8A2,25371974,26025851,TRUE,FALSE
chr13_25671041,chr13,25671041,ATP8A2,25371974,26025851,TRUE,FALSE
chr13_25671064,chr13,25671064,ATP8A2,25371974,26025851,TRUE,FALSE
chr13_25671271,chr13,25671271,ATP8A2,25371974,26025851,TRUE,FALSE
chr13_25671416,chr13,25671416,ATP8A2,25371974,26025851,TRUE,FALSE
chr13_25671419,chr13,25671419,ATP8A2,25371974,26025851,TRUE,FALSE
chr13_25671480,chr13,25671480,ATP8A2,25371974,26025851,TRUE,FALSE
chr13_25671571,chr13,25671571,ATP8A2,25371974,26025851,TRUE,FALSE
chr13_25671584,chr13,25671584,ATP8A2,25371974,26025851,TRUE,FALSE
chr13_25671678,chr13,25671678,ATP8A2,25371974,26025851,TRUE,FALSE
chr13_25671786,chr13,25671786,ATP8A2,25371974,26025851,TRUE,FALSE
chr13_25671902,chr13,25671902,ATP8A2,25371974,26025851,TRUE,FALSE
chr13_25671928,chr13,25671928,ATP8A2,25371974,26025851,TRUE,FALSE
chr13_25671938,chr13,25671938,ATP8A2,25371974,26025851,TRUE,FALSE
chr13_25671941,chr13,25671941,ATP8A2,25371974,26025851,TRUE,FALSE
chr13_25671957,chr13,25671957,ATP8A2,25371974,26025851,TRUE,FALSE
chr13_25671965,chr13,25671965,ATP8A2,25371974,26025851,TRUE,FALSE
chr13_25672057,chr13,25672057,ATP8A2,25371974,26025851,TRUE,FALSE
chr13_25672082,chr13,25672082,ATP8A2,25371974,26025851,TRUE,FALSE
chr13_25672486,chr13,25672486,ATP8A2,25371974,26025851,TRUE,FALSE
chr13_25672650,chr13,25672650,ATP8A2,25371974,26025851,TRUE,FALSE
chr13_25672853,chr13,25672853,ATP8A2,25371974,26025851,TRUE,FALSE
chr13_25673062,chr13,25673062,ATP8A2,25371974,26025851,TRUE,FALSE
chr13_25673319,chr13,25673319,ATP8A2,25371974,26025851,TRUE,FALSE
chr13_25673599,chr13,25673599,ATP8A2,25371974,26025851,TRUE,FALSE
chr13_25673607,chr13,25673607,ATP8A2,25371974,26025851,TRUE,FALSE
chr13_25673695,chr13,25673695,ATP8A2,25371974,26025851,TRUE,FALSE
chr13_25673733,chr13,25673733,ATP8A2,25371974,26025851,TRUE,FALSE
chr13_25673933,chr13,25673933,ATP8A2,25371974,26025851,TRUE,FALSE
chr13_25673997,chr13,25673997,ATP8A2,25371974,26025851,TRUE,FALSE
chr13_25674066,chr13,25674066,ATP8A2,25371974,26025851,TRUE,FALSE
chr13_25674075,chr13,25674075,ATP8A2,25371974,26025851,TRUE,FALSE
chr13_25674154,chr13,25674154,ATP8A2,25371974,26025851,TRUE,FALSE
chr13_25674273,chr13,25674273,ATP8A2,25371974,26025851,TRUE,FALSE
chr13_25674397,chr13,25674397,ATP8A2,25371974,26025851,TRUE,FALSE
chr13_25674704,chr13,25674704,ATP8A2,25371974,26025851,TRUE,FALSE
chr13_25674722,chr13,25674722,ATP8A2,25371974,26025851,TRUE,FALSE
chr13_25674732,chr13,25674732,ATP8A2,25371974,26025851,TRUE,FALSE
chr13_25674874,chr13,25674874,ATP8A2,25371974,26025851,TRUE,FALSE
chr13_25674923,chr13,25674923,ATP8A2,25371974,26025851,TRUE,FALSE
chr13_25674968,chr13,25674968,ATP8A2,25371974,26025851,TRUE,FALSE
chr13_25675037,chr13,25675037,ATP8A2,25371974,26025851,TRUE,FALSE
chr13_25675246,chr13,25675246,ATP8A2,25371974,26025851,TRUE,FALSE
chr13_25675376,chr13,25675376,ATP8A2,25371974,26025851,TRUE,FALSE
chr13_25675379,chr13,25675379,ATP8A2,25371974,26025851,TRUE,FALSE
chr13_25676364,chr13,25676364,ATP8A2,25371974,26025851,TRUE,FALSE
chr13_25676483,chr13,25676483,ATP8A2,25371974,26025851,TRUE,FALSE
chr13_25676812,chr13,25676812,ATP8A2,25371974,26025851,TRUE,FALSE
chr13_25677300,chr13,25677300,ATP8A2,25371974,26025851,TRUE,FALSE
chr13_25677506,chr13,25677506,ATP8A2,25371974,26025851,TRUE,FALSE
chr13_25677671,chr13,25677671,ATP8A2,25371974,26025851,TRUE,FALSE
chr13_25677932,chr13,25677932,ATP8A2,25371974,26025851,TRUE,FALSE
chr13_25678072,chr13,25678072,ATP8A2,25371974,26025851,TRUE,FALSE
chr13_25678281,chr13,25678281,ATP8A2,25371974,26025851,TRUE,FALSE
chr13_25678377,chr13,25678377,ATP8A2,25371974,26025851,TRUE,FALSE
chr13_25678633,chr13,25678633,ATP8A2,25371974,26025851,TRUE,FALSE
chr13_25678760,chr13,25678760,ATP8A2,25371974,26025851,TRUE,FALSE
chr13_25679449,chr13,25679449,ATP8A2,25371974,26025851,TRUE,FALSE
chr13_25679490,chr13,25679490,ATP8A2,25371974,26025851,TRUE,FALSE
chr13_25680087,chr13,25680087,ATP8A2,25371974,26025851,TRUE,FALSE
chr13_25680119,chr13,25680119,ATP8A2,25371974,26025851,TRUE,FALSE
chr13_25680307,chr13,25680307,ATP8A2,25371974,26025851,TRUE,FALSE
chr13_25680721,chr13,25680721,ATP8A2,25371974,26025851,TRUE,FALSE
chr13_25680805,chr13,25680805,ATP8A2,25371974,26025851,TRUE,FALSE
chr13_25680859,chr13,25680859,ATP8A2,25371974,26025851,TRUE,FALSE
chr13_25681221,chr13,25681221,ATP8A2,25371974,26025851,TRUE,FALSE
chr13_25681345,chr13,25681345,ATP8A2,25371974,26025851,TRUE,FALSE
chr13_25681391,chr13,25681391,ATP8A2,25371974,26025851,TRUE,FALSE
chr13_25681533,chr13,25681533,ATP8A2,25371974,26025851,TRUE,FALSE
chr13_25681569,chr13,25681569,ATP8A2,25371974,26025851,TRUE,FALSE
chr13_25681586,chr13,25681586,ATP8A2,25371974,26025851,TRUE,FALSE
chr13_25681884,chr13,25681884,ATP8A2,25371974,26025851,TRUE,FALSE
chr13_25681954,chr13,25681954,ATP8A2,25371974,26025851,TRUE,FALSE
chr13_25681957,chr13,25681957,ATP8A2,25371974,26025851,TRUE,FALSE
chr13_25681964,chr13,25681964,ATP8A2,25371974,26025851,TRUE,FALSE
chr13_25681967,chr13,25681967,ATP8A2,25371974,26025851,TRUE,FALSE
chr13_25682029,chr13,25682029,ATP8A2,25371974,26025851,TRUE,FALSE
chr13_25682031,chr13,25682031,ATP8A2,25371974,26025851,TRUE,FALSE
chr13_25682209,chr13,25682209,ATP8A2,25371974,26025851,TRUE,FALSE
chr13_25682273,chr13,25682273,ATP8A2,25371974,26025851,TRUE,FALSE
chr13_25682278,chr13,25682278,ATP8A2,25371974,26025851,TRUE,FALSE
chr13_25682415,chr13,25682415,ATP8A2,25371974,26025851,TRUE,FALSE
chr13_25682498,chr13,25682498,ATP8A2,25371974,26025851,TRUE,FALSE
chr13_25682528,chr13,25682528,ATP8A2,25371974,26025851,TRUE,FALSE
chr13_25682543,chr13,25682543,ATP8A2,25371974,26025851,TRUE,FALSE
chr13_25682598,chr13,25682598,ATP8A2,25371974,26025851,TRUE,FALSE
chr13_25682627,chr13,25682627,ATP8A2,25371974,26025851,TRUE,FALSE
chr13_25682643,chr13,25682643,ATP8A2,25371974,26025851,TRUE,FALSE
chr13_25682778,chr13,25682778,ATP8A2,25371974,26025851,TRUE,FALSE
chr13_25683033,chr13,25683033,ATP8A2,25371974,26025851,TRUE,FALSE
chr13_25683204,chr13,25683204,ATP8A2,25371974,26025851,TRUE,FALSE
chr13_25683284,chr13,25683284,ATP8A2,25371974,26025851,TRUE,FALSE
chr13_25683380,chr13,25683380,ATP8A2,25371974,26025851,TRUE,FALSE
chr13_25683388,chr13,25683388,ATP8A2,25371974,26025851,TRUE,FALSE
chr13_25683519,chr13,25683519,ATP8A2,25371974,26025851,TRUE,FALSE
chr13_25683593,chr13,25683593,ATP8A2,25371974,26025851,TRUE,FALSE
chr13_25683597,chr13,25683597,ATP8A2,25371974,26025851,TRUE,FALSE
chr13_25683806,chr13,25683806,ATP8A2,25371974,26025851,TRUE,FALSE
chr13_25684084,chr13,25684084,ATP8A2,25371974,26025851,TRUE,FALSE
chr13_25684110,chr13,25684110,ATP8A2,25371974,26025851,TRUE,FALSE
chr13_25684158,chr13,25684158,ATP8A2,25371974,26025851,TRUE,FALSE
chr13_25684176,chr13,25684176,ATP8A2,25371974,26025851,TRUE,FALSE
chr13_25684289,chr13,25684289,ATP8A2,25371974,26025851,TRUE,FALSE
chr13_25684451,chr13,25684451,ATP8A2,25371974,26025851,TRUE,FALSE
chr13_25684464,chr13,25684464,ATP8A2,25371974,26025851,TRUE,FALSE
chr13_25684487,chr13,25684487,ATP8A2,25371974,26025851,TRUE,FALSE
chr13_25684493,chr13,25684493,ATP8A2,25371974,26025851,TRUE,FALSE
chr13_25684625,chr13,25684625,ATP8A2,25371974,26025851,TRUE,FALSE
chr13_25684638,chr13,25684638,ATP8A2,25371974,26025851,TRUE,FALSE
chr13_25684825,chr13,25684825,ATP8A2,25371974,26025851,TRUE,FALSE
chr13_25685099,chr13,25685099,ATP8A2,25371974,26025851,TRUE,FALSE
chr13_25685248,chr13,25685248,ATP8A2,25371974,26025851,TRUE,FALSE
chr13_25685341,chr13,25685341,ATP8A2,25371974,26025851,TRUE,FALSE
chr13_25685383,chr13,25685383,ATP8A2,25371974,26025851,TRUE,FALSE
chr13_25685499,chr13,25685499,ATP8A2,25371974,26025851,TRUE,FALSE
chr13_25686279,chr13,25686279,ATP8A2,25371974,26025851,TRUE,FALSE
chr13_25686285,chr13,25686285,ATP8A2,25371974,26025851,TRUE,FALSE
chr13_25686290,chr13,25686290,ATP8A2,25371974,26025851,TRUE,FALSE
chr13_25686504,chr13,25686504,ATP8A2,25371974,26025851,TRUE,FALSE
chr13_25686713,chr13,25686713,ATP8A2,25371974,26025851,TRUE,FALSE
chr13_25686791,chr13,25686791,ATP8A2,25371974,26025851,TRUE,FALSE
chr13_25686855,chr13,25686855,ATP8A2,25371974,26025851,TRUE,FALSE
chr13_25686878,chr13,25686878,ATP8A2,25371974,26025851,TRUE,FALSE
chr13_25686880,chr13,25686880,ATP8A2,25371974,26025851,TRUE,FALSE
chr13_25686980,chr13,25686980,ATP8A2,25371974,26025851,TRUE,FALSE
chr13_25687094,chr13,25687094,ATP8A2,25371974,26025851,TRUE,FALSE
chr13_25687125,chr13,25687125,ATP8A2,25371974,26025851,TRUE,FALSE
chr13_25687149,chr13,25687149,ATP8A2,25371974,26025851,TRUE,FALSE
chr13_25687360,chr13,25687360,ATP8A2,25371974,26025851,TRUE,FALSE
chr13_25687527,chr13,25687527,ATP8A2,25371974,26025851,TRUE,FALSE
chr13_25687554,chr13,25687554,ATP8A2,25371974,26025851,TRUE,FALSE
chr13_25687580,chr13,25687580,ATP8A2,25371974,26025851,TRUE,FALSE
chr13_25687607,chr13,25687607,ATP8A2,25371974,26025851,TRUE,FALSE
chr13_25687733,chr13,25687733,ATP8A2,25371974,26025851,TRUE,FALSE
chr13_25688025,chr13,25688025,ATP8A2,25371974,26025851,TRUE,FALSE
chr13_25688088,chr13,25688088,ATP8A2,25371974,26025851,TRUE,FALSE
chr13_25688142,chr13,25688142,ATP8A2,25371974,26025851,TRUE,FALSE
chr13_25688345,chr13,25688345,ATP8A2,25371974,26025851,TRUE,FALSE
chr13_25688362,chr13,25688362,ATP8A2,25371974,26025851,TRUE,FALSE
chr13_25688377,chr13,25688377,ATP8A2,25371974,26025851,TRUE,FALSE
chr13_25688388,chr13,25688388,ATP8A2,25371974,26025851,TRUE,FALSE
chr13_25688456,chr13,25688456,ATP8A2,25371974,26025851,TRUE,FALSE
chr13_25688535,chr13,25688535,ATP8A2,25371974,26025851,TRUE,FALSE
chr13_25688599,chr13,25688599,ATP8A2,25371974,26025851,TRUE,FALSE
chr13_25688696,chr13,25688696,ATP8A2,25371974,26025851,TRUE,FALSE
chr13_25688753,chr13,25688753,ATP8A2,25371974,26025851,TRUE,FALSE
chr13_25688805,chr13,25688805,ATP8A2,25371974,26025851,TRUE,FALSE
chr13_25689210,chr13,25689210,ATP8A2,25371974,26025851,TRUE,FALSE
chr13_25689275,chr13,25689275,ATP8A2,25371974,26025851,TRUE,FALSE
chr13_25689320,chr13,25689320,ATP8A2,25371974,26025851,TRUE,FALSE
chr13_25689418,chr13,25689418,ATP8A2,25371974,26025851,TRUE,FALSE
chr13_25689611,chr13,25689611,ATP8A2,25371974,26025851,TRUE,FALSE
chr13_25689763,chr13,25689763,ATP8A2,25371974,26025851,TRUE,FALSE
chr13_25690148,chr13,25690148,ATP8A2,25371974,26025851,TRUE,FALSE
chr13_25690512,chr13,25690512,ATP8A2,25371974,26025851,TRUE,FALSE
chr13_25690633,chr13,25690633,ATP8A2,25371974,26025851,TRUE,FALSE
chr13_25690869,chr13,25690869,ATP8A2,25371974,26025851,TRUE,FALSE
chr13_25691267,chr13,25691267,ATP8A2,25371974,26025851,TRUE,FALSE
chr13_25691316,chr13,25691316,ATP8A2,25371974,26025851,TRUE,FALSE
chr13_25691466,chr13,25691466,ATP8A2,25371974,26025851,TRUE,FALSE
chr13_25691838,chr13,25691838,ATP8A2,25371974,26025851,TRUE,FALSE
chr13_25691905,chr13,25691905,ATP8A2,25371974,26025851,TRUE,FALSE
chr13_25692071,chr13,25692071,ATP8A2,25371974,26025851,TRUE,FALSE
chr13_25692122,chr13,25692122,ATP8A2,25371974,26025851,TRUE,FALSE
chr13_25692149,chr13,25692149,ATP8A2,25371974,26025851,TRUE,FALSE
chr13_25692254,chr13,25692254,ATP8A2,25371974,26025851,TRUE,FALSE
chr13_25692403,chr13,25692403,ATP8A2,25371974,26025851,TRUE,FALSE
chr13_25692414,chr13,25692414,ATP8A2,25371974,26025851,TRUE,FALSE
chr13_25692422,chr13,25692422,ATP8A2,25371974,26025851,TRUE,FALSE
chr13_25692443,chr13,25692443,ATP8A2,25371974,26025851,TRUE,FALSE
chr13_25692637,chr13,25692637,ATP8A2,25371974,26025851,TRUE,FALSE
chr13_25692843,chr13,25692843,ATP8A2,25371974,26025851,TRUE,FALSE
chr13_25692881,chr13,25692881,ATP8A2,25371974,26025851,TRUE,FALSE
chr13_25693176,chr13,25693176,ATP8A2,25371974,26025851,TRUE,FALSE
chr13_25693293,chr13,25693293,ATP8A2,25371974,26025851,TRUE,FALSE
chr13_25693353,chr13,25693353,ATP8A2,25371974,26025851,TRUE,FALSE
chr13_25693432,chr13,25693432,ATP8A2,25371974,26025851,TRUE,FALSE
chr13_25693444,chr13,25693444,ATP8A2,25371974,26025851,TRUE,FALSE
chr13_25693752,chr13,25693752,ATP8A2,25371974,26025851,TRUE,FALSE
chr13_25693927,chr13,25693927,ATP8A2,25371974,26025851,TRUE,FALSE
chr13_25694009,chr13,25694009,ATP8A2,25371974,26025851,TRUE,FALSE
chr13_25694021,chr13,25694021,ATP8A2,25371974,26025851,TRUE,FALSE
chr13_25694307,chr13,25694307,ATP8A2,25371974,26025851,TRUE,FALSE
chr13_25694773,chr13,25694773,ATP8A2,25371974,26025851,TRUE,FALSE
chr13_25695179,chr13,25695179,ATP8A2,25371974,26025851,TRUE,FALSE
chr13_25695271,chr13,25695271,ATP8A2,25371974,26025851,TRUE,FALSE
chr13_25695281,chr13,25695281,ATP8A2,25371974,26025851,TRUE,FALSE
chr13_25695610,chr13,25695610,ATP8A2,25371974,26025851,TRUE,FALSE
chr13_25695613,chr13,25695613,ATP8A2,25371974,26025851,TRUE,FALSE
chr13_25695682,chr13,25695682,ATP8A2,25371974,26025851,TRUE,FALSE
chr13_25696099,chr13,25696099,ATP8A2,25371974,26025851,TRUE,FALSE
chr13_25696209,chr13,25696209,ATP8A2,25371974,26025851,TRUE,FALSE
chr13_25696295,chr13,25696295,ATP8A2,25371974,26025851,TRUE,FALSE
chr13_25696441,chr13,25696441,ATP8A2,25371974,26025851,TRUE,FALSE
chr13_25696517,chr13,25696517,ATP8A2,25371974,26025851,TRUE,FALSE
chr13_25696537,chr13,25696537,ATP8A2,25371974,26025851,TRUE,FALSE
chr13_25696543,chr13,25696543,ATP8A2,25371974,26025851,TRUE,FALSE
chr13_25697036,chr13,25697036,ATP8A2,25371974,26025851,TRUE,FALSE
chr13_25697046,chr13,25697046,ATP8A2,25371974,26025851,TRUE,FALSE
chr13_25697073,chr13,25697073,ATP8A2,25371974,26025851,TRUE,FALSE
chr13_25697302,chr13,25697302,ATP8A2,25371974,26025851,TRUE,FALSE
chr13_25697348,chr13,25697348,ATP8A2,25371974,26025851,TRUE,FALSE
chr13_25697426,chr13,25697426,ATP8A2,25371974,26025851,TRUE,FALSE
chr13_25697441,chr13,25697441,ATP8A2,25371974,26025851,TRUE,FALSE
chr13_25697477,chr13,25697477,ATP8A2,25371974,26025851,TRUE,FALSE
chr13_25697532,chr13,25697532,ATP8A2,25371974,26025851,TRUE,FALSE
chr13_25697560,chr13,25697560,ATP8A2,25371974,26025851,TRUE,FALSE
chr13_25697662,chr13,25697662,ATP8A2,25371974,26025851,TRUE,FALSE
chr13_25697678,chr13,25697678,ATP8A2,25371974,26025851,TRUE,FALSE
chr13_25698219,chr13,25698219,ATP8A2,25371974,26025851,TRUE,FALSE
chr13_25698302,chr13,25698302,ATP8A2,25371974,26025851,TRUE,FALSE
chr13_25698323,chr13,25698323,ATP8A2,25371974,26025851,TRUE,FALSE
chr13_25698485,chr13,25698485,ATP8A2,25371974,26025851,TRUE,FALSE
chr13_25698513,chr13,25698513,ATP8A2,25371974,26025851,TRUE,FALSE
chr13_25698523,chr13,25698523,ATP8A2,25371974,26025851,TRUE,FALSE
chr13_25698702,chr13,25698702,ATP8A2,25371974,26025851,TRUE,FALSE
chr13_25699238,chr13,25699238,ATP8A2,25371974,26025851,TRUE,FALSE
chr13_25699253,chr13,25699253,ATP8A2,25371974,26025851,TRUE,FALSE
chr13_25699293,chr13,25699293,ATP8A2,25371974,26025851,TRUE,FALSE
chr13_25699321,chr13,25699321,ATP8A2,25371974,26025851,TRUE,FALSE
chr13_25699330,chr13,25699330,ATP8A2,25371974,26025851,TRUE,FALSE
chr13_25699396,chr13,25699396,ATP8A2,25371974,26025851,TRUE,FALSE
chr13_25699725,chr13,25699725,ATP8A2,25371974,26025851,TRUE,FALSE
chr13_25699768,chr13,25699768,ATP8A2,25371974,26025851,TRUE,FALSE
chr13_25700252,chr13,25700252,ATP8A2,25371974,26025851,TRUE,FALSE
chr13_25700383,chr13,25700383,ATP8A2,25371974,26025851,TRUE,FALSE
chr13_25700431,chr13,25700431,ATP8A2,25371974,26025851,TRUE,FALSE
chr13_25700644,chr13,25700644,ATP8A2,25371974,26025851,TRUE,FALSE
chr13_25700689,chr13,25700689,ATP8A2,25371974,26025851,TRUE,FALSE
chr13_25700699,chr13,25700699,ATP8A2,25371974,26025851,TRUE,FALSE
chr13_25700714,chr13,25700714,ATP8A2,25371974,26025851,TRUE,FALSE
chr13_25700777,chr13,25700777,ATP8A2,25371974,26025851,TRUE,FALSE
chr13_25700868,chr13,25700868,ATP8A2,25371974,26025851,TRUE,FALSE
chr13_25700909,chr13,25700909,ATP8A2,25371974,26025851,TRUE,FALSE
chr13_25700957,chr13,25700957,ATP8A2,25371974,26025851,TRUE,FALSE
chr13_25701463,chr13,25701463,ATP8A2,25371974,26025851,TRUE,FALSE
chr13_25701558,chr13,25701558,ATP8A2,25371974,26025851,TRUE,FALSE
chr13_25701640,chr13,25701640,ATP8A2,25371974,26025851,TRUE,FALSE
chr13_25702407,chr13,25702407,ATP8A2,25371974,26025851,TRUE,FALSE
chr13_25702613,chr13,25702613,ATP8A2,25371974,26025851,TRUE,FALSE
chr13_25702949,chr13,25702949,ATP8A2,25371974,26025851,TRUE,FALSE
chr13_25702972,chr13,25702972,ATP8A2,25371974,26025851,TRUE,FALSE
chr13_25702995,chr13,25702995,ATP8A2,25371974,26025851,TRUE,FALSE
chr13_25703111,chr13,25703111,ATP8A2,25371974,26025851,TRUE,FALSE
chr13_25703140,chr13,25703140,ATP8A2,25371974,26025851,TRUE,FALSE
chr13_25703196,chr13,25703196,ATP8A2,25371974,26025851,TRUE,FALSE
chr13_25703224,chr13,25703224,ATP8A2,25371974,26025851,TRUE,FALSE
chr13_25703299,chr13,25703299,ATP8A2,25371974,26025851,TRUE,FALSE
chr13_25703329,chr13,25703329,ATP8A2,25371974,26025851,TRUE,FALSE
chr13_25703586,chr13,25703586,ATP8A2,25371974,26025851,TRUE,FALSE
chr13_25703774,chr13,25703774,ATP8A2,25371974,26025851,TRUE,FALSE
chr13_25704199,chr13,25704199,ATP8A2,25371974,26025851,TRUE,FALSE
chr13_25704286,chr13,25704286,ATP8A2,25371974,26025851,TRUE,FALSE
chr13_25704933,chr13,25704933,ATP8A2,25371974,26025851,TRUE,FALSE
chr13_25704961,chr13,25704961,ATP8A2,25371974,26025851,TRUE,FALSE
chr13_25705267,chr13,25705267,ATP8A2,25371974,26025851,TRUE,FALSE
chr13_25705315,chr13,25705315,ATP8A2,25371974,26025851,TRUE,FALSE
chr13_25705367,chr13,25705367,ATP8A2,25371974,26025851,TRUE,FALSE
chr13_25705401,chr13,25705401,ATP8A2,25371974,26025851,TRUE,FALSE
chr13_25705445,chr13,25705445,ATP8A2,25371974,26025851,TRUE,FALSE
chr13_25705447,chr13,25705447,ATP8A2,25371974,26025851,TRUE,FALSE
chr13_25705462,chr13,25705462,ATP8A2,25371974,26025851,TRUE,FALSE
chr13_25705608,chr13,25705608,ATP8A2,25371974,26025851,TRUE,FALSE
chr13_25705616,chr13,25705616,ATP8A2,25371974,26025851,TRUE,FALSE
chr13_25705816,chr13,25705816,ATP8A2,25371974,26025851,TRUE,FALSE
chr13_25706317,chr13,25706317,ATP8A2,25371974,26025851,TRUE,FALSE
chr13_25706504,chr13,25706504,ATP8A2,25371974,26025851,TRUE,FALSE
chr13_25706708,chr13,25706708,ATP8A2,25371974,26025851,TRUE,FALSE
chr13_25706770,chr13,25706770,ATP8A2,25371974,26025851,TRUE,FALSE
chr13_25706974,chr13,25706974,ATP8A2,25371974,26025851,TRUE,FALSE
chr13_25707129,chr13,25707129,ATP8A2,25371974,26025851,TRUE,FALSE
chr13_25707374,chr13,25707374,ATP8A2,25371974,26025851,TRUE,FALSE
chr13_25707459,chr13,25707459,ATP8A2,25371974,26025851,TRUE,FALSE
chr13_25707614,chr13,25707614,ATP8A2,25371974,26025851,TRUE,FALSE
chr13_25707952,chr13,25707952,ATP8A2,25371974,26025851,TRUE,FALSE
chr13_25708750,chr13,25708750,ATP8A2,25371974,26025851,TRUE,FALSE
chr13_25708934,chr13,25708934,ATP8A2,25371974,26025851,TRUE,FALSE
chr13_25709069,chr13,25709069,ATP8A2,25371974,26025851,TRUE,FALSE
chr13_25709150,chr13,25709150,ATP8A2,25371974,26025851,TRUE,FALSE
chr13_25709236,chr13,25709236,ATP8A2,25371974,26025851,TRUE,FALSE
chr13_25709618,chr13,25709618,ATP8A2,25371974,26025851,TRUE,FALSE
chr13_25709773,chr13,25709773,ATP8A2,25371974,26025851,TRUE,FALSE
chr13_25709997,chr13,25709997,ATP8A2,25371974,26025851,TRUE,FALSE
chr13_25710144,chr13,25710144,ATP8A2,25371974,26025851,TRUE,FALSE
chr13_25710394,chr13,25710394,ATP8A2,25371974,26025851,TRUE,FALSE
chr13_25710496,chr13,25710496,ATP8A2,25371974,26025851,TRUE,FALSE
chr13_25710864,chr13,25710864,ATP8A2,25371974,26025851,TRUE,FALSE
chr13_25710959,chr13,25710959,ATP8A2,25371974,26025851,TRUE,FALSE
chr13_25711043,chr13,25711043,ATP8A2,25371974,26025851,TRUE,FALSE
chr13_25711067,chr13,25711067,ATP8A2,25371974,26025851,TRUE,FALSE
chr13_25711090,chr13,25711090,ATP8A2,25371974,26025851,TRUE,FALSE
chr13_25711127,chr13,25711127,ATP8A2,25371974,26025851,TRUE,FALSE
chr13_25711212,chr13,25711212,ATP8A2,25371974,26025851,TRUE,FALSE
chr13_25711224,chr13,25711224,ATP8A2,25371974,26025851,TRUE,FALSE
chr13_25711256,chr13,25711256,ATP8A2,25371974,26025851,TRUE,FALSE
chr13_25711284,chr13,25711284,ATP8A2,25371974,26025851,TRUE,FALSE
chr13_25711294,chr13,25711294,ATP8A2,25371974,26025851,TRUE,FALSE
chr13_25711296,chr13,25711296,ATP8A2,25371974,26025851,TRUE,FALSE
chr13_25711480,chr13,25711480,ATP8A2,25371974,26025851,TRUE,FALSE
chr13_25711643,chr13,25711643,ATP8A2,25371974,26025851,TRUE,FALSE
chr13_25712431,chr13,25712431,ATP8A2,25371974,26025851,TRUE,FALSE
chr13_25712494,chr13,25712494,ATP8A2,25371974,26025851,TRUE,FALSE
chr13_25712637,chr13,25712637,ATP8A2,25371974,26025851,TRUE,FALSE
chr13_25712650,chr13,25712650,ATP8A2,25371974,26025851,TRUE,FALSE
chr13_25712794,chr13,25712794,ATP8A2,25371974,26025851,TRUE,FALSE
chr13_25712802,chr13,25712802,ATP8A2,25371974,26025851,TRUE,FALSE
chr13_25713133,chr13,25713133,ATP8A2,25371974,26025851,TRUE,FALSE
chr13_25713213,chr13,25713213,ATP8A2,25371974,26025851,TRUE,FALSE
chr13_25713272,chr13,25713272,ATP8A2,25371974,26025851,TRUE,FALSE
chr13_25713283,chr13,25713283,ATP8A2,25371974,26025851,TRUE,FALSE
chr13_25713483,chr13,25713483,ATP8A2,25371974,26025851,TRUE,FALSE
chr13_25713525,chr13,25713525,ATP8A2,25371974,26025851,TRUE,FALSE
chr13_25713624,chr13,25713624,ATP8A2,25371974,26025851,TRUE,FALSE
chr13_25713678,chr13,25713678,ATP8A2,25371974,26025851,TRUE,FALSE
chr13_25713743,chr13,25713743,ATP8A2,25371974,26025851,TRUE,FALSE
chr13_25713768,chr13,25713768,ATP8A2,25371974,26025851,TRUE,FALSE
chr13_25713825,chr13,25713825,ATP8A2,25371974,26025851,TRUE,FALSE
chr13_25713912,chr13,25713912,ATP8A2,25371974,26025851,TRUE,FALSE
chr13_25713986,chr13,25713986,ATP8A2,25371974,26025851,TRUE,FALSE
chr13_25714247,chr13,25714247,ATP8A2,25371974,26025851,TRUE,FALSE
chr13_25714593,chr13,25714593,ATP8A2,25371974,26025851,TRUE,FALSE
chr13_25714600,chr13,25714600,ATP8A2,25371974,26025851,TRUE,FALSE
chr13_25715214,chr13,25715214,ATP8A2,25371974,26025851,TRUE,FALSE
chr13_25715628,chr13,25715628,ATP8A2,25371974,26025851,TRUE,FALSE
chr13_25715707,chr13,25715707,ATP8A2,25371974,26025851,TRUE,FALSE
chr13_25716158,chr13,25716158,ATP8A2,25371974,26025851,TRUE,FALSE
chr13_25716660,chr13,25716660,ATP8A2,25371974,26025851,TRUE,FALSE
chr13_25716978,chr13,25716978,ATP8A2,25371974,26025851,TRUE,FALSE
chr13_25717148,chr13,25717148,ATP8A2,25371974,26025851,TRUE,FALSE
chr13_25717160,chr13,25717160,ATP8A2,25371974,26025851,TRUE,FALSE
chr13_25717709,chr13,25717709,ATP8A2,25371974,26025851,TRUE,FALSE
chr13_25717757,chr13,25717757,ATP8A2,25371974,26025851,TRUE,FALSE
chr13_25717894,chr13,25717894,ATP8A2,25371974,26025851,TRUE,FALSE
chr13_25717901,chr13,25717901,ATP8A2,25371974,26025851,TRUE,FALSE
chr13_25718147,chr13,25718147,ATP8A2,25371974,26025851,TRUE,FALSE
chr13_25718219,chr13,25718219,ATP8A2,25371974,26025851,TRUE,FALSE
chr13_25718256,chr13,25718256,ATP8A2,25371974,26025851,TRUE,FALSE
chr13_25718329,chr13,25718329,ATP8A2,25371974,26025851,TRUE,FALSE
chr13_25718375,chr13,25718375,ATP8A2,25371974,26025851,TRUE,FALSE
chr13_25718398,chr13,25718398,ATP8A2,25371974,26025851,TRUE,FALSE
chr13_25718441,chr13,25718441,ATP8A2,25371974,26025851,TRUE,FALSE
chr13_25718797,chr13,25718797,ATP8A2,25371974,26025851,TRUE,FALSE
chr13_25718833,chr13,25718833,ATP8A2,25371974,26025851,TRUE,FALSE
chr13_25718949,chr13,25718949,ATP8A2,25371974,26025851,TRUE,FALSE
chr13_25718990,chr13,25718990,ATP8A2,25371974,26025851,TRUE,FALSE
chr13_25719125,chr13,25719125,ATP8A2,25371974,26025851,TRUE,FALSE
chr13_25719130,chr13,25719130,ATP8A2,25371974,26025851,TRUE,FALSE
chr13_25719140,chr13,25719140,ATP8A2,25371974,26025851,TRUE,FALSE
chr13_25719824,chr13,25719824,ATP8A2,25371974,26025851,TRUE,FALSE
chr13_25719847,chr13,25719847,ATP8A2,25371974,26025851,TRUE,FALSE
chr13_25720078,chr13,25720078,ATP8A2,25371974,26025851,TRUE,FALSE
chr13_25720148,chr13,25720148,ATP8A2,25371974,26025851,TRUE,FALSE
chr13_25720206,chr13,25720206,ATP8A2,25371974,26025851,TRUE,FALSE
chr13_25720236,chr13,25720236,ATP8A2,25371974,26025851,TRUE,FALSE
chr13_25720352,chr13,25720352,ATP8A2,25371974,26025851,TRUE,FALSE
chr13_25720363,chr13,25720363,ATP8A2,25371974,26025851,TRUE,FALSE
chr13_25720404,chr13,25720404,ATP8A2,25371974,26025851,TRUE,FALSE
chr13_25720413,chr13,25720413,ATP8A2,25371974,26025851,TRUE,FALSE
chr13_25720453,chr13,25720453,ATP8A2,25371974,26025851,TRUE,FALSE
chr13_25720552,chr13,25720552,ATP8A2,25371974,26025851,TRUE,FALSE
chr13_25720580,chr13,25720580,ATP8A2,25371974,26025851,TRUE,FALSE
chr13_25720635,chr13,25720635,ATP8A2,25371974,26025851,TRUE,FALSE
chr13_25720656,chr13,25720656,ATP8A2,25371974,26025851,TRUE,FALSE
chr13_25720711,chr13,25720711,ATP8A2,25371974,26025851,TRUE,FALSE
chr13_25720803,chr13,25720803,ATP8A2,25371974,26025851,TRUE,FALSE
chr13_25720899,chr13,25720899,ATP8A2,25371974,26025851,TRUE,FALSE
chr13_25721040,chr13,25721040,ATP8A2,25371974,26025851,TRUE,FALSE
chr13_25721080,chr13,25721080,ATP8A2,25371974,26025851,TRUE,FALSE
chr13_25721541,chr13,25721541,ATP8A2,25371974,26025851,TRUE,FALSE
chr13_25721731,chr13,25721731,ATP8A2,25371974,26025851,TRUE,FALSE
chr13_25721907,chr13,25721907,ATP8A2,25371974,26025851,TRUE,FALSE
chr13_25722150,chr13,25722150,ATP8A2,25371974,26025851,TRUE,FALSE
chr13_25722199,chr13,25722199,ATP8A2,25371974,26025851,TRUE,FALSE
chr13_25722988,chr13,25722988,ATP8A2,25371974,26025851,TRUE,FALSE
chr13_25723347,chr13,25723347,ATP8A2,25371974,26025851,TRUE,FALSE
chr13_25723638,chr13,25723638,ATP8A2,25371974,26025851,TRUE,FALSE
chr13_25723766,chr13,25723766,ATP8A2,25371974,26025851,TRUE,FALSE
chr13_25723775,chr13,25723775,ATP8A2,25371974,26025851,TRUE,FALSE
chr13_25723810,chr13,25723810,ATP8A2,25371974,26025851,TRUE,FALSE
chr13_25723941,chr13,25723941,ATP8A2,25371974,26025851,TRUE,FALSE
chr13_25723970,chr13,25723970,ATP8A2,25371974,26025851,TRUE,FALSE
chr13_25724345,chr13,25724345,ATP8A2,25371974,26025851,TRUE,FALSE
chr13_25724904,chr13,25724904,ATP8A2,25371974,26025851,TRUE,FALSE
chr13_25725074,chr13,25725074,ATP8A2,25371974,26025851,TRUE,FALSE
chr13_25725258,chr13,25725258,ATP8A2,25371974,26025851,TRUE,FALSE
chr13_25725317,chr13,25725317,ATP8A2,25371974,26025851,TRUE,FALSE
chr13_25725485,chr13,25725485,ATP8A2,25371974,26025851,TRUE,FALSE
chr13_25725556,chr13,25725556,ATP8A2,25371974,26025851,TRUE,FALSE
chr13_25725666,chr13,25725666,ATP8A2,25371974,26025851,TRUE,FALSE
chr13_25725682,chr13,25725682,ATP8A2,25371974,26025851,TRUE,FALSE
chr13_25726044,chr13,25726044,ATP8A2,25371974,26025851,TRUE,FALSE
chr13_25726060,chr13,25726060,ATP8A2,25371974,26025851,TRUE,FALSE
chr13_25726082,chr13,25726082,ATP8A2,25371974,26025851,TRUE,FALSE
chr13_25726091,chr13,25726091,ATP8A2,25371974,26025851,TRUE,FALSE
chr13_25726340,chr13,25726340,ATP8A2,25371974,26025851,TRUE,FALSE
chr13_25726353,chr13,25726353,ATP8A2,25371974,26025851,TRUE,FALSE
chr13_25726516,chr13,25726516,ATP8A2,25371974,26025851,TRUE,FALSE
chr13_25726643,chr13,25726643,ATP8A2,25371974,26025851,TRUE,FALSE
chr13_25726994,chr13,25726994,ATP8A2,25371974,26025851,TRUE,FALSE
chr13_25727010,chr13,25727010,ATP8A2,25371974,26025851,TRUE,FALSE
chr13_25727044,chr13,25727044,ATP8A2,25371974,26025851,TRUE,FALSE
chr13_25727075,chr13,25727075,ATP8A2,25371974,26025851,TRUE,FALSE
chr13_25727102,chr13,25727102,ATP8A2,25371974,26025851,TRUE,FALSE
chr13_25727384,chr13,25727384,ATP8A2,25371974,26025851,TRUE,FALSE
chr13_25727424,chr13,25727424,ATP8A2,25371974,26025851,TRUE,FALSE
chr13_25727564,chr13,25727564,ATP8A2,25371974,26025851,TRUE,FALSE
chr13_25727693,chr13,25727693,ATP8A2,25371974,26025851,TRUE,FALSE
chr13_25727813,chr13,25727813,ATP8A2,25371974,26025851,TRUE,FALSE
chr13_25727849,chr13,25727849,ATP8A2,25371974,26025851,TRUE,FALSE
chr13_25727869,chr13,25727869,ATP8A2,25371974,26025851,TRUE,FALSE
chr13_25727964,chr13,25727964,ATP8A2,25371974,26025851,TRUE,FALSE
chr13_25727996,chr13,25727996,ATP8A2,25371974,26025851,TRUE,FALSE
chr13_25728024,chr13,25728024,ATP8A2,25371974,26025851,TRUE,FALSE
chr13_25728073,chr13,25728073,ATP8A2,25371974,26025851,TRUE,FALSE
chr13_25728129,chr13,25728129,ATP8A2,25371974,26025851,TRUE,FALSE
chr13_25737874,chr13,25737874,ATP8A2,25371974,26025851,TRUE,FALSE
chr13_25737885,chr13,25737885,ATP8A2,25371974,26025851,TRUE,FALSE
chr13_25737905,chr13,25737905,ATP8A2,25371974,26025851,TRUE,FALSE
chr13_25737963,chr13,25737963,ATP8A2,25371974,26025851,TRUE,FALSE
chr13_25738060,chr13,25738060,ATP8A2,25371974,26025851,TRUE,FALSE
chr13_25738063,chr13,25738063,ATP8A2,25371974,26025851,TRUE,FALSE
chr13_25738267,chr13,25738267,ATP8A2,25371974,26025851,TRUE,FALSE
chr13_25738523,chr13,25738523,ATP8A2,25371974,26025851,TRUE,FALSE
chr13_25738975,chr13,25738975,ATP8A2,25371974,26025851,TRUE,FALSE
chr13_25739018,chr13,25739018,ATP8A2,25371974,26025851,TRUE,FALSE
chr13_25739158,chr13,25739158,ATP8A2,25371974,26025851,TRUE,FALSE
chr13_25739233,chr13,25739233,ATP8A2,25371974,26025851,TRUE,FALSE
chr13_25739861,chr13,25739861,ATP8A2,25371974,26025851,TRUE,FALSE
chr13_25740035,chr13,25740035,ATP8A2,25371974,26025851,TRUE,FALSE
chr13_25740075,chr13,25740075,ATP8A2,25371974,26025851,TRUE,FALSE
chr13_25740080,chr13,25740080,ATP8A2,25371974,26025851,TRUE,FALSE
chr13_25740084,chr13,25740084,ATP8A2,25371974,26025851,TRUE,FALSE
chr13_25740105,chr13,25740105,ATP8A2,25371974,26025851,TRUE,FALSE
chr13_25740125,chr13,25740125,ATP8A2,25371974,26025851,TRUE,FALSE
chr13_25740169,chr13,25740169,ATP8A2,25371974,26025851,TRUE,FALSE
chr13_25740181,chr13,25740181,ATP8A2,25371974,26025851,TRUE,FALSE
chr13_25740442,chr13,25740442,ATP8A2,25371974,26025851,TRUE,FALSE
chr13_25740658,chr13,25740658,ATP8A2,25371974,26025851,TRUE,FALSE
chr13_25740879,chr13,25740879,ATP8A2,25371974,26025851,TRUE,FALSE
chr13_25740958,chr13,25740958,ATP8A2,25371974,26025851,TRUE,FALSE
chr13_25741005,chr13,25741005,ATP8A2,25371974,26025851,TRUE,FALSE
chr13_25741126,chr13,25741126,ATP8A2,25371974,26025851,TRUE,FALSE
chr13_25741364,chr13,25741364,ATP8A2,25371974,26025851,TRUE,FALSE
chr13_25741463,chr13,25741463,ATP8A2,25371974,26025851,TRUE,FALSE
chr13_25742030,chr13,25742030,ATP8A2,25371974,26025851,TRUE,FALSE
chr13_25742120,chr13,25742120,ATP8A2,25371974,26025851,TRUE,FALSE
chr13_25742156,chr13,25742156,ATP8A2,25371974,26025851,TRUE,FALSE
chr13_25742159,chr13,25742159,ATP8A2,25371974,26025851,TRUE,FALSE
chr13_25742282,chr13,25742282,ATP8A2,25371974,26025851,TRUE,FALSE
chr13_25742299,chr13,25742299,ATP8A2,25371974,26025851,TRUE,FALSE
chr13_25742832,chr13,25742832,ATP8A2,25371974,26025851,TRUE,FALSE
chr13_25743184,chr13,25743184,ATP8A2,25371974,26025851,TRUE,FALSE
chr13_25743214,chr13,25743214,ATP8A2,25371974,26025851,TRUE,FALSE
chr13_25743233,chr13,25743233,ATP8A2,25371974,26025851,TRUE,FALSE
chr13_25743272,chr13,25743272,ATP8A2,25371974,26025851,TRUE,FALSE
chr13_25743309,chr13,25743309,ATP8A2,25371974,26025851,TRUE,FALSE
chr13_25743349,chr13,25743349,ATP8A2,25371974,26025851,TRUE,FALSE
chr13_25743509,chr13,25743509,ATP8A2,25371974,26025851,TRUE,FALSE
chr13_25743518,chr13,25743518,ATP8A2,25371974,26025851,TRUE,FALSE
chr13_25743591,chr13,25743591,ATP8A2,25371974,26025851,TRUE,FALSE
chr13_25743656,chr13,25743656,ATP8A2,25371974,26025851,TRUE,FALSE
chr13_25743849,chr13,25743849,ATP8A2,25371974,26025851,TRUE,FALSE
chr13_25744139,chr13,25744139,ATP8A2,25371974,26025851,TRUE,FALSE
chr13_25744163,chr13,25744163,ATP8A2,25371974,26025851,TRUE,FALSE
chr13_25744262,chr13,25744262,ATP8A2,25371974,26025851,TRUE,FALSE
chr13_25744332,chr13,25744332,ATP8A2,25371974,26025851,TRUE,FALSE
chr13_25744344,chr13,25744344,ATP8A2,25371974,26025851,TRUE,FALSE
chr13_25744361,chr13,25744361,ATP8A2,25371974,26025851,TRUE,FALSE
chr13_25744429,chr13,25744429,ATP8A2,25371974,26025851,TRUE,FALSE
chr13_25744798,chr13,25744798,ATP8A2,25371974,26025851,TRUE,FALSE
chr13_25744855,chr13,25744855,ATP8A2,25371974,26025851,TRUE,FALSE
chr13_25744869,chr13,25744869,ATP8A2,25371974,26025851,TRUE,FALSE
chr13_25745003,chr13,25745003,ATP8A2,25371974,26025851,TRUE,FALSE
chr13_25745026,chr13,25745026,ATP8A2,25371974,26025851,TRUE,FALSE
chr13_25745044,chr13,25745044,ATP8A2,25371974,26025851,TRUE,FALSE
chr13_25745085,chr13,25745085,ATP8A2,25371974,26025851,TRUE,FALSE
chr13_25745097,chr13,25745097,ATP8A2,25371974,26025851,TRUE,FALSE
chr13_25745131,chr13,25745131,ATP8A2,25371974,26025851,TRUE,FALSE
chr13_25745189,chr13,25745189,ATP8A2,25371974,26025851,TRUE,FALSE
chr13_25745194,chr13,25745194,ATP8A2,25371974,26025851,TRUE,FALSE
chr13_25745257,chr13,25745257,ATP8A2,25371974,26025851,TRUE,FALSE
chr13_25745351,chr13,25745351,ATP8A2,25371974,26025851,TRUE,FALSE
chr13_25745365,chr13,25745365,ATP8A2,25371974,26025851,TRUE,FALSE
chr13_25745388,chr13,25745388,ATP8A2,25371974,26025851,TRUE,FALSE
chr13_25745472,chr13,25745472,ATP8A2,25371974,26025851,TRUE,FALSE
chr13_25746025,chr13,25746025,ATP8A2,25371974,26025851,TRUE,FALSE
chr13_25746241,chr13,25746241,ATP8A2,25371974,26025851,TRUE,FALSE
chr13_25746254,chr13,25746254,ATP8A2,25371974,26025851,TRUE,FALSE
chr13_25746403,chr13,25746403,ATP8A2,25371974,26025851,TRUE,FALSE
chr13_25746677,chr13,25746677,ATP8A2,25371974,26025851,TRUE,FALSE
chr13_25746681,chr13,25746681,ATP8A2,25371974,26025851,TRUE,FALSE
chr13_25746715,chr13,25746715,ATP8A2,25371974,26025851,TRUE,FALSE
chr13_25746909,chr13,25746909,ATP8A2,25371974,26025851,TRUE,FALSE
chr13_25747005,chr13,25747005,ATP8A2,25371974,26025851,TRUE,FALSE
chr13_25747241,chr13,25747241,ATP8A2,25371974,26025851,TRUE,FALSE
chr13_25747261,chr13,25747261,ATP8A2,25371974,26025851,TRUE,FALSE
chr13_25747291,chr13,25747291,ATP8A2,25371974,26025851,TRUE,FALSE
chr13_25747367,chr13,25747367,ATP8A2,25371974,26025851,TRUE,FALSE
chr13_25747429,chr13,25747429,ATP8A2,25371974,26025851,TRUE,FALSE
chr13_25747528,chr13,25747528,ATP8A2,25371974,26025851,TRUE,FALSE
chr13_25747577,chr13,25747577,ATP8A2,25371974,26025851,TRUE,FALSE
chr13_25747626,chr13,25747626,ATP8A2,25371974,26025851,TRUE,FALSE
chr13_25747643,chr13,25747643,ATP8A2,25371974,26025851,TRUE,FALSE
chr13_25747884,chr13,25747884,ATP8A2,25371974,26025851,TRUE,FALSE
chr13_25748220,chr13,25748220,ATP8A2,25371974,26025851,TRUE,FALSE
chr13_25748426,chr13,25748426,ATP8A2,25371974,26025851,TRUE,FALSE
chr13_25748512,chr13,25748512,ATP8A2,25371974,26025851,TRUE,FALSE
chr13_25748587,chr13,25748587,ATP8A2,25371974,26025851,TRUE,FALSE
chr13_25748589,chr13,25748589,ATP8A2,25371974,26025851,TRUE,FALSE
chr13_25748740,chr13,25748740,ATP8A2,25371974,26025851,TRUE,FALSE
chr13_25748748,chr13,25748748,ATP8A2,25371974,26025851,TRUE,FALSE
chr13_25748781,chr13,25748781,ATP8A2,25371974,26025851,TRUE,FALSE
chr13_25749120,chr13,25749120,ATP8A2,25371974,26025851,TRUE,FALSE
chr13_25749190,chr13,25749190,ATP8A2,25371974,26025851,TRUE,FALSE
chr13_25749384,chr13,25749384,ATP8A2,25371974,26025851,TRUE,FALSE
chr13_25749424,chr13,25749424,ATP8A2,25371974,26025851,TRUE,FALSE
chr13_25749453,chr13,25749453,ATP8A2,25371974,26025851,TRUE,FALSE
chr13_25749532,chr13,25749532,ATP8A2,25371974,26025851,TRUE,FALSE
chr13_25749549,chr13,25749549,ATP8A2,25371974,26025851,TRUE,FALSE
chr13_25749574,chr13,25749574,ATP8A2,25371974,26025851,TRUE,FALSE
chr13_25749701,chr13,25749701,ATP8A2,25371974,26025851,TRUE,FALSE
chr13_25749737,chr13,25749737,ATP8A2,25371974,26025851,TRUE,FALSE
chr13_25749897,chr13,25749897,ATP8A2,25371974,26025851,TRUE,FALSE
chr13_25750025,chr13,25750025,ATP8A2,25371974,26025851,TRUE,FALSE
chr13_25750071,chr13,25750071,ATP8A2,25371974,26025851,TRUE,FALSE
chr13_25750164,chr13,25750164,ATP8A2,25371974,26025851,TRUE,FALSE
chr13_25750200,chr13,25750200,ATP8A2,25371974,26025851,TRUE,FALSE
chr13_25750216,chr13,25750216,ATP8A2,25371974,26025851,TRUE,FALSE
chr13_25750274,chr13,25750274,ATP8A2,25371974,26025851,TRUE,FALSE
chr13_25750341,chr13,25750341,ATP8A2,25371974,26025851,TRUE,FALSE
chr13_25750513,chr13,25750513,ATP8A2,25371974,26025851,TRUE,FALSE
chr13_25750591,chr13,25750591,ATP8A2,25371974,26025851,TRUE,FALSE
chr13_25750601,chr13,25750601,ATP8A2,25371974,26025851,TRUE,FALSE
chr13_25750671,chr13,25750671,ATP8A2,25371974,26025851,TRUE,FALSE
chr13_25750703,chr13,25750703,ATP8A2,25371974,26025851,TRUE,FALSE
chr13_25750713,chr13,25750713,ATP8A2,25371974,26025851,TRUE,FALSE
chr13_25750739,chr13,25750739,ATP8A2,25371974,26025851,TRUE,FALSE
chr13_25750832,chr13,25750832,ATP8A2,25371974,26025851,TRUE,FALSE
chr13_25750998,chr13,25750998,ATP8A2,25371974,26025851,TRUE,FALSE
chr13_25751002,chr13,25751002,ATP8A2,25371974,26025851,TRUE,FALSE
chr13_25751189,chr13,25751189,ATP8A2,25371974,26025851,TRUE,FALSE
chr13_25751493,chr13,25751493,ATP8A2,25371974,26025851,TRUE,FALSE
chr13_25751539,chr13,25751539,ATP8A2,25371974,26025851,TRUE,FALSE
chr13_25751946,chr13,25751946,ATP8A2,25371974,26025851,TRUE,FALSE
chr13_25752091,chr13,25752091,ATP8A2,25371974,26025851,TRUE,FALSE
chr13_25752198,chr13,25752198,ATP8A2,25371974,26025851,TRUE,FALSE
chr13_25752375,chr13,25752375,ATP8A2,25371974,26025851,TRUE,FALSE
chr13_25752385,chr13,25752385,ATP8A2,25371974,26025851,TRUE,FALSE
chr13_25752406,chr13,25752406,ATP8A2,25371974,26025851,TRUE,FALSE
chr13_25752431,chr13,25752431,ATP8A2,25371974,26025851,TRUE,FALSE
chr13_25752436,chr13,25752436,ATP8A2,25371974,26025851,TRUE,FALSE
chr13_25752924,chr13,25752924,ATP8A2,25371974,26025851,TRUE,FALSE
chr13_25753025,chr13,25753025,ATP8A2,25371974,26025851,TRUE,FALSE
chr13_25753058,chr13,25753058,ATP8A2,25371974,26025851,TRUE,FALSE
chr13_25753142,chr13,25753142,ATP8A2,25371974,26025851,TRUE,FALSE
chr13_25753183,chr13,25753183,ATP8A2,25371974,26025851,TRUE,FALSE
chr13_25753223,chr13,25753223,ATP8A2,25371974,26025851,TRUE,FALSE
chr13_25753292,chr13,25753292,ATP8A2,25371974,26025851,TRUE,FALSE
chr13_25753490,chr13,25753490,ATP8A2,25371974,26025851,TRUE,FALSE
chr13_25753808,chr13,25753808,ATP8A2,25371974,26025851,TRUE,FALSE
chr13_25754015,chr13,25754015,ATP8A2,25371974,26025851,TRUE,FALSE
chr13_25754034,chr13,25754034,ATP8A2,25371974,26025851,TRUE,FALSE
chr13_25754074,chr13,25754074,ATP8A2,25371974,26025851,TRUE,FALSE
chr13_25754079,chr13,25754079,ATP8A2,25371974,26025851,TRUE,FALSE
chr13_25754262,chr13,25754262,ATP8A2,25371974,26025851,TRUE,FALSE
chr13_25754311,chr13,25754311,ATP8A2,25371974,26025851,TRUE,FALSE
chr13_25754335,chr13,25754335,ATP8A2,25371974,26025851,TRUE,FALSE
chr13_25755083,chr13,25755083,ATP8A2,25371974,26025851,TRUE,FALSE
chr13_25755124,chr13,25755124,ATP8A2,25371974,26025851,TRUE,FALSE
chr13_25755475,chr13,25755475,ATP8A2,25371974,26025851,TRUE,FALSE
chr13_25755628,chr13,25755628,ATP8A2,25371974,26025851,TRUE,FALSE
chr13_25755634,chr13,25755634,ATP8A2,25371974,26025851,TRUE,FALSE
chr13_25755775,chr13,25755775,ATP8A2,25371974,26025851,TRUE,FALSE
chr13_25755821,chr13,25755821,ATP8A2,25371974,26025851,TRUE,FALSE
chr13_25755902,chr13,25755902,ATP8A2,25371974,26025851,TRUE,FALSE
chr13_25755983,chr13,25755983,ATP8A2,25371974,26025851,TRUE,FALSE
chr13_25756267,chr13,25756267,ATP8A2,25371974,26025851,TRUE,FALSE
chr13_25756365,chr13,25756365,ATP8A2,25371974,26025851,TRUE,FALSE
chr13_25756465,chr13,25756465,ATP8A2,25371974,26025851,TRUE,FALSE
chr13_25756621,chr13,25756621,ATP8A2,25371974,26025851,TRUE,FALSE
chr13_25756728,chr13,25756728,ATP8A2,25371974,26025851,TRUE,FALSE
chr13_25756984,chr13,25756984,ATP8A2,25371974,26025851,TRUE,FALSE
chr13_25756991,chr13,25756991,ATP8A2,25371974,26025851,TRUE,FALSE
chr13_25756997,chr13,25756997,ATP8A2,25371974,26025851,TRUE,FALSE
chr13_25757042,chr13,25757042,ATP8A2,25371974,26025851,TRUE,FALSE
chr13_25757201,chr13,25757201,ATP8A2,25371974,26025851,TRUE,FALSE
chr13_25757279,chr13,25757279,ATP8A2,25371974,26025851,TRUE,FALSE
chr13_25757305,chr13,25757305,ATP8A2,25371974,26025851,TRUE,FALSE
chr13_25757494,chr13,25757494,ATP8A2,25371974,26025851,TRUE,FALSE
chr13_25757530,chr13,25757530,ATP8A2,25371974,26025851,TRUE,FALSE
chr13_25757609,chr13,25757609,ATP8A2,25371974,26025851,TRUE,FALSE
chr13_25757636,chr13,25757636,ATP8A2,25371974,26025851,TRUE,FALSE
chr13_25757836,chr13,25757836,ATP8A2,25371974,26025851,TRUE,FALSE
chr13_25758023,chr13,25758023,ATP8A2,25371974,26025851,TRUE,FALSE
chr13_25758680,chr13,25758680,ATP8A2,25371974,26025851,TRUE,FALSE
chr13_25758844,chr13,25758844,ATP8A2,25371974,26025851,TRUE,FALSE
chr13_25759325,chr13,25759325,ATP8A2,25371974,26025851,TRUE,FALSE
chr13_25759345,chr13,25759345,ATP8A2,25371974,26025851,TRUE,FALSE
chr13_25759359,chr13,25759359,ATP8A2,25371974,26025851,TRUE,FALSE
chr13_25759549,chr13,25759549,ATP8A2,25371974,26025851,TRUE,FALSE
chr13_25759769,chr13,25759769,ATP8A2,25371974,26025851,TRUE,FALSE
chr13_25759841,chr13,25759841,ATP8A2,25371974,26025851,TRUE,FALSE
chr13_25759951,chr13,25759951,ATP8A2,25371974,26025851,TRUE,FALSE
chr13_25759969,chr13,25759969,ATP8A2,25371974,26025851,TRUE,FALSE
chr13_25759978,chr13,25759978,ATP8A2,25371974,26025851,TRUE,FALSE
chr13_25760053,chr13,25760053,ATP8A2,25371974,26025851,TRUE,FALSE
chr13_25760147,chr13,25760147,ATP8A2,25371974,26025851,TRUE,FALSE
chr13_25760428,chr13,25760428,ATP8A2,25371974,26025851,TRUE,FALSE
chr13_25760504,chr13,25760504,ATP8A2,25371974,26025851,TRUE,FALSE
chr13_25761197,chr13,25761197,ATP8A2,25371974,26025851,TRUE,FALSE
chr13_25761245,chr13,25761245,ATP8A2,25371974,26025851,TRUE,FALSE
chr13_25761334,chr13,25761334,ATP8A2,25371974,26025851,TRUE,FALSE
chr13_25761521,chr13,25761521,ATP8A2,25371974,26025851,TRUE,FALSE
chr13_25761545,chr13,25761545,ATP8A2,25371974,26025851,TRUE,FALSE
chr13_25761557,chr13,25761557,ATP8A2,25371974,26025851,TRUE,FALSE
chr13_25762027,chr13,25762027,ATP8A2,25371974,26025851,TRUE,FALSE
chr13_25762200,chr13,25762200,ATP8A2,25371974,26025851,TRUE,FALSE
chr13_25762385,chr13,25762385,ATP8A2,25371974,26025851,TRUE,FALSE
chr13_25762613,chr13,25762613,ATP8A2,25371974,26025851,TRUE,FALSE
chr13_25762933,chr13,25762933,ATP8A2,25371974,26025851,TRUE,FALSE
chr13_25763027,chr13,25763027,ATP8A2,25371974,26025851,TRUE,FALSE
chr13_25763134,chr13,25763134,ATP8A2,25371974,26025851,TRUE,FALSE
chr13_25763184,chr13,25763184,ATP8A2,25371974,26025851,TRUE,FALSE
chr13_25763206,chr13,25763206,ATP8A2,25371974,26025851,TRUE,FALSE
chr13_25763258,chr13,25763258,ATP8A2,25371974,26025851,TRUE,FALSE
chr13_25763350,chr13,25763350,ATP8A2,25371974,26025851,TRUE,FALSE
chr13_25763406,chr13,25763406,ATP8A2,25371974,26025851,TRUE,FALSE
chr13_25763547,chr13,25763547,ATP8A2,25371974,26025851,TRUE,FALSE
chr13_25763731,chr13,25763731,ATP8A2,25371974,26025851,TRUE,FALSE
chr13_25763746,chr13,25763746,ATP8A2,25371974,26025851,TRUE,FALSE
chr13_25763771,chr13,25763771,ATP8A2,25371974,26025851,TRUE,FALSE
chr13_25764192,chr13,25764192,ATP8A2,25371974,26025851,TRUE,FALSE
chr13_25764228,chr13,25764228,ATP8A2,25371974,26025851,TRUE,FALSE
chr13_25764547,chr13,25764547,ATP8A2,25371974,26025851,TRUE,FALSE
chr13_25764557,chr13,25764557,ATP8A2,25371974,26025851,TRUE,FALSE
chr13_25764576,chr13,25764576,ATP8A2,25371974,26025851,TRUE,FALSE
chr13_25764644,chr13,25764644,ATP8A2,25371974,26025851,TRUE,FALSE
chr13_25764871,chr13,25764871,ATP8A2,25371974,26025851,TRUE,FALSE
chr13_25764910,chr13,25764910,ATP8A2,25371974,26025851,TRUE,FALSE
chr13_25765420,chr13,25765420,ATP8A2,25371974,26025851,TRUE,FALSE
chr13_25765622,chr13,25765622,ATP8A2,25371974,26025851,TRUE,FALSE
chr13_25765818,chr13,25765818,ATP8A2,25371974,26025851,TRUE,FALSE
chr13_25765867,chr13,25765867,ATP8A2,25371974,26025851,TRUE,FALSE
chr13_25766023,chr13,25766023,ATP8A2,25371974,26025851,TRUE,FALSE
chr13_25766040,chr13,25766040,ATP8A2,25371974,26025851,TRUE,FALSE
chr13_25766083,chr13,25766083,ATP8A2,25371974,26025851,TRUE,FALSE
chr13_25766479,chr13,25766479,ATP8A2,25371974,26025851,TRUE,FALSE
chr13_25766486,chr13,25766486,ATP8A2,25371974,26025851,TRUE,FALSE
chr13_25766494,chr13,25766494,ATP8A2,25371974,26025851,TRUE,FALSE
chr13_25766579,chr13,25766579,ATP8A2,25371974,26025851,TRUE,FALSE
chr13_25766584,chr13,25766584,ATP8A2,25371974,26025851,TRUE,FALSE
chr13_25766603,chr13,25766603,ATP8A2,25371974,26025851,TRUE,FALSE
chr13_25767218,chr13,25767218,ATP8A2,25371974,26025851,TRUE,FALSE
chr13_25767649,chr13,25767649,ATP8A2,25371974,26025851,TRUE,FALSE
chr13_25767670,chr13,25767670,ATP8A2,25371974,26025851,TRUE,FALSE
chr13_25767833,chr13,25767833,ATP8A2,25371974,26025851,TRUE,FALSE
chr13_25767986,chr13,25767986,ATP8A2,25371974,26025851,TRUE,FALSE
chr13_25768005,chr13,25768005,ATP8A2,25371974,26025851,TRUE,FALSE
chr13_25768074,chr13,25768074,ATP8A2,25371974,26025851,TRUE,FALSE
chr13_25768139,chr13,25768139,ATP8A2,25371974,26025851,TRUE,FALSE
chr13_25768209,chr13,25768209,ATP8A2,25371974,26025851,TRUE,FALSE
chr13_25768313,chr13,25768313,ATP8A2,25371974,26025851,TRUE,FALSE
chr13_25768340,chr13,25768340,ATP8A2,25371974,26025851,TRUE,FALSE
chr13_25768512,chr13,25768512,ATP8A2,25371974,26025851,TRUE,FALSE
chr13_25768709,chr13,25768709,ATP8A2,25371974,26025851,TRUE,FALSE
chr13_25768759,chr13,25768759,ATP8A2,25371974,26025851,TRUE,FALSE
chr13_25768767,chr13,25768767,ATP8A2,25371974,26025851,TRUE,FALSE
chr13_25768948,chr13,25768948,ATP8A2,25371974,26025851,TRUE,FALSE
chr13_25768975,chr13,25768975,ATP8A2,25371974,26025851,TRUE,FALSE
chr13_25769092,chr13,25769092,ATP8A2,25371974,26025851,TRUE,FALSE
chr13_25769112,chr13,25769112,ATP8A2,25371974,26025851,TRUE,FALSE
chr13_25769118,chr13,25769118,ATP8A2,25371974,26025851,TRUE,FALSE
chr13_25769124,chr13,25769124,ATP8A2,25371974,26025851,TRUE,FALSE
chr13_25769127,chr13,25769127,ATP8A2,25371974,26025851,TRUE,FALSE
chr13_25769133,chr13,25769133,ATP8A2,25371974,26025851,TRUE,FALSE
chr13_25769139,chr13,25769139,ATP8A2,25371974,26025851,TRUE,FALSE
chr13_25769160,chr13,25769160,ATP8A2,25371974,26025851,TRUE,FALSE
chr13_25769210,chr13,25769210,ATP8A2,25371974,26025851,TRUE,FALSE
chr13_25769217,chr13,25769217,ATP8A2,25371974,26025851,TRUE,FALSE
chr13_25769223,chr13,25769223,ATP8A2,25371974,26025851,TRUE,FALSE
chr13_25769244,chr13,25769244,ATP8A2,25371974,26025851,TRUE,FALSE
chr13_25769296,chr13,25769296,ATP8A2,25371974,26025851,TRUE,FALSE
chr13_25769363,chr13,25769363,ATP8A2,25371974,26025851,TRUE,FALSE
chr13_25769707,chr13,25769707,ATP8A2,25371974,26025851,TRUE,FALSE
chr13_25769775,chr13,25769775,ATP8A2,25371974,26025851,TRUE,FALSE
chr13_25769851,chr13,25769851,ATP8A2,25371974,26025851,TRUE,FALSE
chr13_25769863,chr13,25769863,ATP8A2,25371974,26025851,TRUE,FALSE
chr13_25769870,chr13,25769870,ATP8A2,25371974,26025851,TRUE,FALSE
chr13_25769936,chr13,25769936,ATP8A2,25371974,26025851,TRUE,FALSE
chr13_25769982,chr13,25769982,ATP8A2,25371974,26025851,TRUE,FALSE
chr13_25770051,chr13,25770051,ATP8A2,25371974,26025851,TRUE,FALSE
chr13_25770100,chr13,25770100,ATP8A2,25371974,26025851,TRUE,FALSE
chr13_25770261,chr13,25770261,ATP8A2,25371974,26025851,TRUE,FALSE
chr13_25770464,chr13,25770464,ATP8A2,25371974,26025851,TRUE,FALSE
chr13_25770572,chr13,25770572,ATP8A2,25371974,26025851,TRUE,FALSE
chr13_25770625,chr13,25770625,ATP8A2,25371974,26025851,TRUE,FALSE
chr13_25770664,chr13,25770664,ATP8A2,25371974,26025851,TRUE,FALSE
chr13_25770723,chr13,25770723,ATP8A2,25371974,26025851,TRUE,FALSE
chr13_25770757,chr13,25770757,ATP8A2,25371974,26025851,TRUE,FALSE
chr13_25770786,chr13,25770786,ATP8A2,25371974,26025851,TRUE,FALSE
chr13_25770819,chr13,25770819,ATP8A2,25371974,26025851,TRUE,FALSE
chr13_25770994,chr13,25770994,ATP8A2,25371974,26025851,TRUE,FALSE
chr13_25771192,chr13,25771192,ATP8A2,25371974,26025851,TRUE,FALSE
chr13_25771203,chr13,25771203,ATP8A2,25371974,26025851,TRUE,FALSE
chr13_25771261,chr13,25771261,ATP8A2,25371974,26025851,TRUE,FALSE
chr13_25771294,chr13,25771294,ATP8A2,25371974,26025851,TRUE,FALSE
chr13_25771615,chr13,25771615,ATP8A2,25371974,26025851,TRUE,FALSE
chr13_25771628,chr13,25771628,ATP8A2,25371974,26025851,TRUE,FALSE
chr13_25771741,chr13,25771741,ATP8A2,25371974,26025851,TRUE,FALSE
chr13_25771904,chr13,25771904,ATP8A2,25371974,26025851,TRUE,FALSE
chr13_25771954,chr13,25771954,ATP8A2,25371974,26025851,TRUE,FALSE
chr13_25772035,chr13,25772035,ATP8A2,25371974,26025851,TRUE,FALSE
chr13_25772391,chr13,25772391,ATP8A2,25371974,26025851,TRUE,FALSE
chr13_25772519,chr13,25772519,ATP8A2,25371974,26025851,TRUE,FALSE
chr13_25772524,chr13,25772524,ATP8A2,25371974,26025851,TRUE,FALSE
chr13_25772539,chr13,25772539,ATP8A2,25371974,26025851,TRUE,FALSE
chr13_25772545,chr13,25772545,ATP8A2,25371974,26025851,TRUE,FALSE
chr13_25772557,chr13,25772557,ATP8A2,25371974,26025851,TRUE,FALSE
chr13_25772559,chr13,25772559,ATP8A2,25371974,26025851,TRUE,FALSE
chr13_25772822,chr13,25772822,ATP8A2,25371974,26025851,TRUE,FALSE
chr13_25772839,chr13,25772839,ATP8A2,25371974,26025851,TRUE,FALSE
chr13_25772845,chr13,25772845,ATP8A2,25371974,26025851,TRUE,FALSE
chr13_25772916,chr13,25772916,ATP8A2,25371974,26025851,TRUE,FALSE
chr13_25772948,chr13,25772948,ATP8A2,25371974,26025851,TRUE,FALSE
chr13_25772951,chr13,25772951,ATP8A2,25371974,26025851,TRUE,FALSE
chr13_25772961,chr13,25772961,ATP8A2,25371974,26025851,TRUE,FALSE
chr13_25773006,chr13,25773006,ATP8A2,25371974,26025851,TRUE,FALSE
chr13_25773068,chr13,25773068,ATP8A2,25371974,26025851,TRUE,FALSE
chr13_25773300,chr13,25773300,ATP8A2,25371974,26025851,TRUE,FALSE
chr13_25773326,chr13,25773326,ATP8A2,25371974,26025851,TRUE,FALSE
chr13_25773375,chr13,25773375,ATP8A2,25371974,26025851,TRUE,FALSE
chr13_25773426,chr13,25773426,ATP8A2,25371974,26025851,TRUE,FALSE
chr13_25773472,chr13,25773472,ATP8A2,25371974,26025851,TRUE,FALSE
chr13_25773889,chr13,25773889,ATP8A2,25371974,26025851,TRUE,FALSE
chr13_25773926,chr13,25773926,ATP8A2,25371974,26025851,TRUE,FALSE
chr13_25774171,chr13,25774171,ATP8A2,25371974,26025851,TRUE,FALSE
chr13_25774475,chr13,25774475,ATP8A2,25371974,26025851,TRUE,FALSE
chr13_25774733,chr13,25774733,ATP8A2,25371974,26025851,TRUE,FALSE
chr13_25774900,chr13,25774900,ATP8A2,25371974,26025851,TRUE,FALSE
chr13_25774938,chr13,25774938,ATP8A2,25371974,26025851,TRUE,FALSE
chr13_25775124,chr13,25775124,ATP8A2,25371974,26025851,TRUE,FALSE
chr13_25775163,chr13,25775163,ATP8A2,25371974,26025851,TRUE,FALSE
chr13_25775191,chr13,25775191,ATP8A2,25371974,26025851,TRUE,FALSE
chr13_25775343,chr13,25775343,ATP8A2,25371974,26025851,TRUE,FALSE
chr13_25775460,chr13,25775460,ATP8A2,25371974,26025851,TRUE,FALSE
chr13_25775591,chr13,25775591,ATP8A2,25371974,26025851,TRUE,FALSE
chr13_25775707,chr13,25775707,ATP8A2,25371974,26025851,TRUE,FALSE
chr13_25776060,chr13,25776060,ATP8A2,25371974,26025851,TRUE,FALSE
chr13_25776125,chr13,25776125,ATP8A2,25371974,26025851,TRUE,FALSE
chr13_25776183,chr13,25776183,ATP8A2,25371974,26025851,TRUE,FALSE
chr13_25776191,chr13,25776191,ATP8A2,25371974,26025851,TRUE,FALSE
chr13_25776431,chr13,25776431,ATP8A2,25371974,26025851,TRUE,FALSE
chr13_25776675,chr13,25776675,ATP8A2,25371974,26025851,TRUE,FALSE
chr13_25776694,chr13,25776694,ATP8A2,25371974,26025851,TRUE,FALSE
chr13_25776713,chr13,25776713,ATP8A2,25371974,26025851,TRUE,FALSE
chr13_25776731,chr13,25776731,ATP8A2,25371974,26025851,TRUE,FALSE
chr13_25776763,chr13,25776763,ATP8A2,25371974,26025851,TRUE,FALSE
chr13_25776816,chr13,25776816,ATP8A2,25371974,26025851,TRUE,FALSE
chr13_25776833,chr13,25776833,ATP8A2,25371974,26025851,TRUE,FALSE
chr13_25776891,chr13,25776891,ATP8A2,25371974,26025851,TRUE,FALSE
chr13_25776922,chr13,25776922,ATP8A2,25371974,26025851,TRUE,FALSE
chr13_25777070,chr13,25777070,ATP8A2,25371974,26025851,TRUE,FALSE
chr13_25777218,chr13,25777218,ATP8A2,25371974,26025851,TRUE,FALSE
chr13_25777260,chr13,25777260,ATP8A2,25371974,26025851,TRUE,FALSE
chr13_25777325,chr13,25777325,ATP8A2,25371974,26025851,TRUE,FALSE
chr13_25777557,chr13,25777557,ATP8A2,25371974,26025851,TRUE,FALSE
chr13_25777916,chr13,25777916,ATP8A2,25371974,26025851,TRUE,FALSE
chr13_25778286,chr13,25778286,ATP8A2,25371974,26025851,TRUE,FALSE
chr13_25778356,chr13,25778356,ATP8A2,25371974,26025851,TRUE,FALSE
chr13_25778541,chr13,25778541,ATP8A2,25371974,26025851,TRUE,FALSE
chr13_25778568,chr13,25778568,ATP8A2,25371974,26025851,TRUE,FALSE
chr13_25778584,chr13,25778584,ATP8A2,25371974,26025851,TRUE,FALSE
chr13_25778600,chr13,25778600,ATP8A2,25371974,26025851,TRUE,FALSE
chr13_25778740,chr13,25778740,ATP8A2,25371974,26025851,TRUE,FALSE
chr13_25778745,chr13,25778745,ATP8A2,25371974,26025851,TRUE,FALSE
chr13_25778762,chr13,25778762,ATP8A2,25371974,26025851,TRUE,FALSE
chr13_25778950,chr13,25778950,ATP8A2,25371974,26025851,TRUE,FALSE
chr13_25779166,chr13,25779166,ATP8A2,25371974,26025851,TRUE,FALSE
chr13_25779213,chr13,25779213,ATP8A2,25371974,26025851,TRUE,FALSE
chr13_25779540,chr13,25779540,ATP8A2,25371974,26025851,TRUE,FALSE
chr13_25780158,chr13,25780158,ATP8A2,25371974,26025851,TRUE,FALSE
chr13_25780526,chr13,25780526,ATP8A2,25371974,26025851,TRUE,FALSE
chr13_25780732,chr13,25780732,ATP8A2,25371974,26025851,TRUE,FALSE
chr13_25780756,chr13,25780756,ATP8A2,25371974,26025851,TRUE,FALSE
chr13_25780820,chr13,25780820,ATP8A2,25371974,26025851,TRUE,FALSE
chr13_25780841,chr13,25780841,ATP8A2,25371974,26025851,TRUE,FALSE
chr13_25780852,chr13,25780852,ATP8A2,25371974,26025851,TRUE,FALSE
chr13_25780874,chr13,25780874,ATP8A2,25371974,26025851,TRUE,FALSE
chr13_25780892,chr13,25780892,ATP8A2,25371974,26025851,TRUE,FALSE
chr13_25780912,chr13,25780912,ATP8A2,25371974,26025851,TRUE,FALSE
chr13_25781179,chr13,25781179,ATP8A2,25371974,26025851,TRUE,FALSE
chr13_25781194,chr13,25781194,ATP8A2,25371974,26025851,TRUE,FALSE
chr13_25781210,chr13,25781210,ATP8A2,25371974,26025851,TRUE,FALSE
chr13_25781223,chr13,25781223,ATP8A2,25371974,26025851,TRUE,FALSE
chr13_25781263,chr13,25781263,ATP8A2,25371974,26025851,TRUE,FALSE
chr13_25781326,chr13,25781326,ATP8A2,25371974,26025851,TRUE,FALSE
chr13_25781574,chr13,25781574,ATP8A2,25371974,26025851,TRUE,FALSE
chr13_25781591,chr13,25781591,ATP8A2,25371974,26025851,TRUE,FALSE
chr13_25781691,chr13,25781691,ATP8A2,25371974,26025851,TRUE,FALSE
chr13_25781738,chr13,25781738,ATP8A2,25371974,26025851,TRUE,FALSE
chr13_25781743,chr13,25781743,ATP8A2,25371974,26025851,TRUE,FALSE
chr13_25781774,chr13,25781774,ATP8A2,25371974,26025851,TRUE,FALSE
chr13_25781789,chr13,25781789,ATP8A2,25371974,26025851,TRUE,FALSE
chr13_25781897,chr13,25781897,ATP8A2,25371974,26025851,TRUE,FALSE
chr13_25782161,chr13,25782161,ATP8A2,25371974,26025851,TRUE,FALSE
chr13_25782287,chr13,25782287,ATP8A2,25371974,26025851,TRUE,FALSE
chr13_25782762,chr13,25782762,ATP8A2,25371974,26025851,TRUE,FALSE
chr13_25782800,chr13,25782800,ATP8A2,25371974,26025851,TRUE,FALSE
chr13_25782808,chr13,25782808,ATP8A2,25371974,26025851,TRUE,FALSE
chr13_25782825,chr13,25782825,ATP8A2,25371974,26025851,TRUE,FALSE
chr13_25782886,chr13,25782886,ATP8A2,25371974,26025851,TRUE,FALSE
chr13_25782894,chr13,25782894,ATP8A2,25371974,26025851,TRUE,FALSE
chr13_25782960,chr13,25782960,ATP8A2,25371974,26025851,TRUE,FALSE
chr13_25783020,chr13,25783020,ATP8A2,25371974,26025851,TRUE,FALSE
chr13_25783140,chr13,25783140,ATP8A2,25371974,26025851,TRUE,FALSE
chr13_25783601,chr13,25783601,ATP8A2,25371974,26025851,TRUE,FALSE
chr13_25783638,chr13,25783638,ATP8A2,25371974,26025851,TRUE,FALSE
chr13_25783829,chr13,25783829,ATP8A2,25371974,26025851,TRUE,FALSE
chr13_25783846,chr13,25783846,ATP8A2,25371974,26025851,TRUE,FALSE
chr13_25783875,chr13,25783875,ATP8A2,25371974,26025851,TRUE,FALSE
chr13_25784289,chr13,25784289,ATP8A2,25371974,26025851,TRUE,FALSE
chr13_25784330,chr13,25784330,ATP8A2,25371974,26025851,TRUE,FALSE
chr13_25784405,chr13,25784405,ATP8A2,25371974,26025851,TRUE,FALSE
chr13_25784577,chr13,25784577,ATP8A2,25371974,26025851,TRUE,FALSE
chr13_25784711,chr13,25784711,ATP8A2,25371974,26025851,TRUE,FALSE
chr13_25784796,chr13,25784796,ATP8A2,25371974,26025851,TRUE,FALSE
chr13_25784798,chr13,25784798,ATP8A2,25371974,26025851,TRUE,FALSE
chr13_25784826,chr13,25784826,ATP8A2,25371974,26025851,TRUE,FALSE
chr13_25784868,chr13,25784868,ATP8A2,25371974,26025851,TRUE,FALSE
chr13_25784922,chr13,25784922,ATP8A2,25371974,26025851,TRUE,FALSE
chr13_25784926,chr13,25784926,ATP8A2,25371974,26025851,TRUE,FALSE
chr13_25785014,chr13,25785014,ATP8A2,25371974,26025851,TRUE,FALSE
chr13_25785030,chr13,25785030,ATP8A2,25371974,26025851,TRUE,FALSE
chr13_25785053,chr13,25785053,ATP8A2,25371974,26025851,TRUE,FALSE
chr13_25785256,chr13,25785256,ATP8A2,25371974,26025851,TRUE,FALSE
chr13_25785292,chr13,25785292,ATP8A2,25371974,26025851,TRUE,FALSE
chr13_25785610,chr13,25785610,ATP8A2,25371974,26025851,TRUE,FALSE
chr13_25785664,chr13,25785664,ATP8A2,25371974,26025851,TRUE,FALSE
chr13_25785863,chr13,25785863,ATP8A2,25371974,26025851,TRUE,FALSE
chr13_25785876,chr13,25785876,ATP8A2,25371974,26025851,TRUE,FALSE
chr13_25786019,chr13,25786019,ATP8A2,25371974,26025851,TRUE,FALSE
chr13_25786078,chr13,25786078,ATP8A2,25371974,26025851,TRUE,FALSE
chr13_25786219,chr13,25786219,ATP8A2,25371974,26025851,TRUE,FALSE
chr13_25786227,chr13,25786227,ATP8A2,25371974,26025851,TRUE,FALSE
chr13_25786243,chr13,25786243,ATP8A2,25371974,26025851,TRUE,FALSE
chr13_25786363,chr13,25786363,ATP8A2,25371974,26025851,TRUE,FALSE
chr13_25786514,chr13,25786514,ATP8A2,25371974,26025851,TRUE,FALSE
chr13_25786717,chr13,25786717,ATP8A2,25371974,26025851,TRUE,FALSE
chr13_25786916,chr13,25786916,ATP8A2,25371974,26025851,TRUE,FALSE
chr13_25786971,chr13,25786971,ATP8A2,25371974,26025851,TRUE,FALSE
chr13_25787072,chr13,25787072,ATP8A2,25371974,26025851,TRUE,FALSE
chr13_25787378,chr13,25787378,ATP8A2,25371974,26025851,TRUE,FALSE
chr13_25787606,chr13,25787606,ATP8A2,25371974,26025851,TRUE,FALSE
chr13_25787712,chr13,25787712,ATP8A2,25371974,26025851,TRUE,FALSE
chr13_25787738,chr13,25787738,ATP8A2,25371974,26025851,TRUE,FALSE
chr13_25787905,chr13,25787905,ATP8A2,25371974,26025851,TRUE,FALSE
chr13_25787918,chr13,25787918,ATP8A2,25371974,26025851,TRUE,FALSE
chr13_25788039,chr13,25788039,ATP8A2,25371974,26025851,TRUE,FALSE
chr13_25788075,chr13,25788075,ATP8A2,25371974,26025851,TRUE,FALSE
chr13_25788116,chr13,25788116,ATP8A2,25371974,26025851,TRUE,FALSE
chr13_25788254,chr13,25788254,ATP8A2,25371974,26025851,TRUE,FALSE
chr13_25788789,chr13,25788789,ATP8A2,25371974,26025851,TRUE,FALSE
chr13_25789059,chr13,25789059,ATP8A2,25371974,26025851,TRUE,FALSE
chr13_25789285,chr13,25789285,ATP8A2,25371974,26025851,TRUE,FALSE
chr13_25789562,chr13,25789562,ATP8A2,25371974,26025851,TRUE,FALSE
chr13_25789690,chr13,25789690,ATP8A2,25371974,26025851,TRUE,FALSE
chr13_25789792,chr13,25789792,ATP8A2,25371974,26025851,TRUE,FALSE
chr13_25790417,chr13,25790417,ATP8A2,25371974,26025851,TRUE,FALSE
chr13_25790609,chr13,25790609,ATP8A2,25371974,26025851,TRUE,FALSE
chr13_25790892,chr13,25790892,ATP8A2,25371974,26025851,TRUE,FALSE
chr13_25791215,chr13,25791215,ATP8A2,25371974,26025851,TRUE,FALSE
chr13_25791263,chr13,25791263,ATP8A2,25371974,26025851,TRUE,FALSE
chr13_25791520,chr13,25791520,ATP8A2,25371974,26025851,TRUE,FALSE
chr13_25791635,chr13,25791635,ATP8A2,25371974,26025851,TRUE,FALSE
chr13_25791804,chr13,25791804,ATP8A2,25371974,26025851,TRUE,FALSE
chr13_25791889,chr13,25791889,ATP8A2,25371974,26025851,TRUE,FALSE
chr13_25792072,chr13,25792072,ATP8A2,25371974,26025851,TRUE,FALSE
chr13_25792186,chr13,25792186,ATP8A2,25371974,26025851,TRUE,FALSE
chr13_25792335,chr13,25792335,ATP8A2,25371974,26025851,TRUE,FALSE
chr13_25792520,chr13,25792520,ATP8A2,25371974,26025851,TRUE,FALSE
chr13_25792704,chr13,25792704,ATP8A2,25371974,26025851,TRUE,FALSE
chr13_25792776,chr13,25792776,ATP8A2,25371974,26025851,TRUE,FALSE
chr13_25792856,chr13,25792856,ATP8A2,25371974,26025851,TRUE,FALSE
chr13_25793210,chr13,25793210,ATP8A2,25371974,26025851,TRUE,FALSE
chr13_25793474,chr13,25793474,ATP8A2,25371974,26025851,TRUE,FALSE
chr13_25793730,chr13,25793730,ATP8A2,25371974,26025851,TRUE,FALSE
chr13_25793768,chr13,25793768,ATP8A2,25371974,26025851,TRUE,FALSE
chr13_25793914,chr13,25793914,ATP8A2,25371974,26025851,TRUE,FALSE
chr13_25794011,chr13,25794011,ATP8A2,25371974,26025851,TRUE,FALSE
chr13_25794059,chr13,25794059,ATP8A2,25371974,26025851,TRUE,FALSE
chr13_25794230,chr13,25794230,ATP8A2,25371974,26025851,TRUE,FALSE
chr13_25794428,chr13,25794428,ATP8A2,25371974,26025851,TRUE,FALSE
chr13_25794590,chr13,25794590,ATP8A2,25371974,26025851,TRUE,FALSE
chr13_25794623,chr13,25794623,ATP8A2,25371974,26025851,TRUE,FALSE
chr13_25794806,chr13,25794806,ATP8A2,25371974,26025851,TRUE,FALSE
chr13_25794973,chr13,25794973,ATP8A2,25371974,26025851,TRUE,FALSE
chr13_25794989,chr13,25794989,ATP8A2,25371974,26025851,TRUE,FALSE
chr13_25795241,chr13,25795241,ATP8A2,25371974,26025851,TRUE,FALSE
chr13_25795410,chr13,25795410,ATP8A2,25371974,26025851,TRUE,FALSE
chr13_25795715,chr13,25795715,ATP8A2,25371974,26025851,TRUE,FALSE
chr13_25796012,chr13,25796012,ATP8A2,25371974,26025851,TRUE,FALSE
chr13_25796207,chr13,25796207,ATP8A2,25371974,26025851,TRUE,FALSE
chr13_25796238,chr13,25796238,ATP8A2,25371974,26025851,TRUE,FALSE
chr13_25796240,chr13,25796240,ATP8A2,25371974,26025851,TRUE,FALSE
chr13_25796244,chr13,25796244,ATP8A2,25371974,26025851,TRUE,FALSE
chr13_25796817,chr13,25796817,ATP8A2,25371974,26025851,TRUE,FALSE
chr13_25796993,chr13,25796993,ATP8A2,25371974,26025851,TRUE,FALSE
chr13_25797038,chr13,25797038,ATP8A2,25371974,26025851,TRUE,FALSE
chr13_25797160,chr13,25797160,ATP8A2,25371974,26025851,TRUE,FALSE
chr13_25797182,chr13,25797182,ATP8A2,25371974,26025851,TRUE,FALSE
chr13_25797222,chr13,25797222,ATP8A2,25371974,26025851,TRUE,FALSE
chr13_25797242,chr13,25797242,ATP8A2,25371974,26025851,TRUE,FALSE
chr13_25797350,chr13,25797350,ATP8A2,25371974,26025851,TRUE,FALSE
chr13_25797429,chr13,25797429,ATP8A2,25371974,26025851,TRUE,FALSE
chr13_25797500,chr13,25797500,ATP8A2,25371974,26025851,TRUE,FALSE
chr13_25797555,chr13,25797555,ATP8A2,25371974,26025851,TRUE,FALSE
chr13_25797590,chr13,25797590,ATP8A2,25371974,26025851,TRUE,FALSE
chr13_25797747,chr13,25797747,ATP8A2,25371974,26025851,TRUE,FALSE
chr13_25798336,chr13,25798336,ATP8A2,25371974,26025851,TRUE,FALSE
chr13_25799066,chr13,25799066,ATP8A2,25371974,26025851,TRUE,FALSE
chr13_25799360,chr13,25799360,ATP8A2,25371974,26025851,TRUE,FALSE
chr13_25799501,chr13,25799501,ATP8A2,25371974,26025851,TRUE,FALSE
chr13_25799514,chr13,25799514,ATP8A2,25371974,26025851,TRUE,FALSE
chr13_25799592,chr13,25799592,ATP8A2,25371974,26025851,TRUE,FALSE
chr13_25799655,chr13,25799655,ATP8A2,25371974,26025851,TRUE,FALSE
chr13_25799789,chr13,25799789,ATP8A2,25371974,26025851,TRUE,FALSE
chr13_25799990,chr13,25799990,ATP8A2,25371974,26025851,TRUE,FALSE
chr13_25800125,chr13,25800125,ATP8A2,25371974,26025851,TRUE,FALSE
chr13_25800153,chr13,25800153,ATP8A2,25371974,26025851,TRUE,FALSE
chr13_25800421,chr13,25800421,ATP8A2,25371974,26025851,TRUE,FALSE
chr13_25800693,chr13,25800693,ATP8A2,25371974,26025851,TRUE,FALSE
chr13_25800697,chr13,25800697,ATP8A2,25371974,26025851,TRUE,FALSE
chr13_25800700,chr13,25800700,ATP8A2,25371974,26025851,TRUE,FALSE
chr13_25800949,chr13,25800949,ATP8A2,25371974,26025851,TRUE,FALSE
chr13_25800971,chr13,25800971,ATP8A2,25371974,26025851,TRUE,FALSE
chr13_25800999,chr13,25800999,ATP8A2,25371974,26025851,TRUE,FALSE
chr13_25801015,chr13,25801015,ATP8A2,25371974,26025851,TRUE,FALSE
chr13_25801065,chr13,25801065,ATP8A2,25371974,26025851,TRUE,FALSE
chr13_25801102,chr13,25801102,ATP8A2,25371974,26025851,TRUE,FALSE
chr13_25801202,chr13,25801202,ATP8A2,25371974,26025851,TRUE,FALSE
chr13_25801216,chr13,25801216,ATP8A2,25371974,26025851,TRUE,FALSE
chr13_25801239,chr13,25801239,ATP8A2,25371974,26025851,TRUE,FALSE
chr13_25801297,chr13,25801297,ATP8A2,25371974,26025851,TRUE,FALSE
chr13_25801392,chr13,25801392,ATP8A2,25371974,26025851,TRUE,FALSE
chr13_25801403,chr13,25801403,ATP8A2,25371974,26025851,TRUE,FALSE
chr13_25801641,chr13,25801641,ATP8A2,25371974,26025851,TRUE,FALSE
chr13_25801943,chr13,25801943,ATP8A2,25371974,26025851,TRUE,FALSE
chr13_25801965,chr13,25801965,ATP8A2,25371974,26025851,TRUE,FALSE
chr13_25802013,chr13,25802013,ATP8A2,25371974,26025851,TRUE,FALSE
chr13_25802031,chr13,25802031,ATP8A2,25371974,26025851,TRUE,FALSE
chr13_25802108,chr13,25802108,ATP8A2,25371974,26025851,TRUE,FALSE
chr13_25802119,chr13,25802119,ATP8A2,25371974,26025851,TRUE,FALSE
chr13_25802346,chr13,25802346,ATP8A2,25371974,26025851,TRUE,FALSE
chr13_25802438,chr13,25802438,ATP8A2,25371974,26025851,TRUE,FALSE
chr13_25802740,chr13,25802740,ATP8A2,25371974,26025851,TRUE,FALSE
chr13_25802850,chr13,25802850,ATP8A2,25371974,26025851,TRUE,FALSE
chr13_25802888,chr13,25802888,ATP8A2,25371974,26025851,TRUE,FALSE
chr13_25803030,chr13,25803030,ATP8A2,25371974,26025851,TRUE,FALSE
chr13_25803089,chr13,25803089,ATP8A2,25371974,26025851,TRUE,FALSE
chr13_25803218,chr13,25803218,ATP8A2,25371974,26025851,TRUE,FALSE
chr13_25803324,chr13,25803324,ATP8A2,25371974,26025851,TRUE,FALSE
chr13_25803587,chr13,25803587,ATP8A2,25371974,26025851,TRUE,FALSE
chr13_25803591,chr13,25803591,ATP8A2,25371974,26025851,TRUE,FALSE
chr13_25803610,chr13,25803610,ATP8A2,25371974,26025851,TRUE,FALSE
chr13_25803767,chr13,25803767,ATP8A2,25371974,26025851,TRUE,FALSE
chr13_25803826,chr13,25803826,ATP8A2,25371974,26025851,TRUE,FALSE
chr13_25803905,chr13,25803905,ATP8A2,25371974,26025851,TRUE,FALSE
chr13_25804083,chr13,25804083,ATP8A2,25371974,26025851,TRUE,FALSE
chr13_25804153,chr13,25804153,ATP8A2,25371974,26025851,TRUE,FALSE
chr13_25804228,chr13,25804228,ATP8A2,25371974,26025851,TRUE,FALSE
chr13_25804363,chr13,25804363,ATP8A2,25371974,26025851,TRUE,FALSE
chr13_25804527,chr13,25804527,ATP8A2,25371974,26025851,TRUE,FALSE
chr13_25804724,chr13,25804724,ATP8A2,25371974,26025851,TRUE,FALSE
chr13_25804740,chr13,25804740,ATP8A2,25371974,26025851,TRUE,FALSE
chr13_25804781,chr13,25804781,ATP8A2,25371974,26025851,TRUE,FALSE
chr13_25804900,chr13,25804900,ATP8A2,25371974,26025851,TRUE,FALSE
chr13_25805064,chr13,25805064,ATP8A2,25371974,26025851,TRUE,FALSE
chr13_25805306,chr13,25805306,ATP8A2,25371974,26025851,TRUE,FALSE
chr13_25805319,chr13,25805319,ATP8A2,25371974,26025851,TRUE,FALSE
chr13_25805751,chr13,25805751,ATP8A2,25371974,26025851,TRUE,FALSE
chr13_25806104,chr13,25806104,ATP8A2,25371974,26025851,TRUE,FALSE
chr13_25806173,chr13,25806173,ATP8A2,25371974,26025851,TRUE,FALSE
chr13_25806260,chr13,25806260,ATP8A2,25371974,26025851,TRUE,FALSE
chr13_25806379,chr13,25806379,ATP8A2,25371974,26025851,TRUE,FALSE
chr13_25806528,chr13,25806528,ATP8A2,25371974,26025851,TRUE,FALSE
chr13_25806723,chr13,25806723,ATP8A2,25371974,26025851,TRUE,FALSE
chr13_25806962,chr13,25806962,ATP8A2,25371974,26025851,TRUE,FALSE
chr13_25807329,chr13,25807329,ATP8A2,25371974,26025851,TRUE,FALSE
chr13_25807796,chr13,25807796,ATP8A2,25371974,26025851,TRUE,FALSE
chr13_25808364,chr13,25808364,ATP8A2,25371974,26025851,TRUE,FALSE
chr13_25808414,chr13,25808414,ATP8A2,25371974,26025851,TRUE,FALSE
chr13_25808491,chr13,25808491,ATP8A2,25371974,26025851,TRUE,FALSE
chr13_25808547,chr13,25808547,ATP8A2,25371974,26025851,TRUE,FALSE
chr13_25809039,chr13,25809039,ATP8A2,25371974,26025851,TRUE,FALSE
chr13_25809201,chr13,25809201,ATP8A2,25371974,26025851,TRUE,FALSE
chr13_25809284,chr13,25809284,ATP8A2,25371974,26025851,TRUE,FALSE
chr13_25809447,chr13,25809447,ATP8A2,25371974,26025851,TRUE,FALSE
chr13_25809534,chr13,25809534,ATP8A2,25371974,26025851,TRUE,FALSE
chr13_25809716,chr13,25809716,ATP8A2,25371974,26025851,TRUE,FALSE
chr13_25809908,chr13,25809908,ATP8A2,25371974,26025851,TRUE,FALSE
chr13_25809935,chr13,25809935,ATP8A2,25371974,26025851,TRUE,FALSE
chr13_25810180,chr13,25810180,ATP8A2,25371974,26025851,TRUE,FALSE
chr13_25810304,chr13,25810304,ATP8A2,25371974,26025851,TRUE,FALSE
chr13_25810368,chr13,25810368,ATP8A2,25371974,26025851,TRUE,FALSE
chr13_25810770,chr13,25810770,ATP8A2,25371974,26025851,TRUE,FALSE
chr13_25810794,chr13,25810794,ATP8A2,25371974,26025851,TRUE,FALSE
chr13_25810952,chr13,25810952,ATP8A2,25371974,26025851,TRUE,FALSE
chr13_25811427,chr13,25811427,ATP8A2,25371974,26025851,TRUE,FALSE
chr13_25811436,chr13,25811436,ATP8A2,25371974,26025851,TRUE,FALSE
chr13_25811508,chr13,25811508,ATP8A2,25371974,26025851,TRUE,FALSE
chr13_25811576,chr13,25811576,ATP8A2,25371974,26025851,TRUE,FALSE
chr13_25811721,chr13,25811721,ATP8A2,25371974,26025851,TRUE,FALSE
chr13_25812740,chr13,25812740,ATP8A2,25371974,26025851,TRUE,FALSE
chr13_25812972,chr13,25812972,ATP8A2,25371974,26025851,TRUE,FALSE
chr13_25812995,chr13,25812995,ATP8A2,25371974,26025851,TRUE,FALSE
chr13_25813193,chr13,25813193,ATP8A2,25371974,26025851,TRUE,FALSE
chr13_25813537,chr13,25813537,ATP8A2,25371974,26025851,TRUE,FALSE
chr13_25813562,chr13,25813562,ATP8A2,25371974,26025851,TRUE,FALSE
chr13_25814050,chr13,25814050,ATP8A2,25371974,26025851,TRUE,FALSE
chr13_25814527,chr13,25814527,ATP8A2,25371974,26025851,TRUE,FALSE
chr13_25814606,chr13,25814606,ATP8A2,25371974,26025851,TRUE,FALSE
chr13_25814649,chr13,25814649,ATP8A2,25371974,26025851,TRUE,FALSE
chr13_25814815,chr13,25814815,ATP8A2,25371974,26025851,TRUE,FALSE
chr13_25814831,chr13,25814831,ATP8A2,25371974,26025851,TRUE,FALSE
chr13_25814888,chr13,25814888,ATP8A2,25371974,26025851,TRUE,FALSE
chr13_25814925,chr13,25814925,ATP8A2,25371974,26025851,TRUE,FALSE
chr13_25814982,chr13,25814982,ATP8A2,25371974,26025851,TRUE,FALSE
chr13_25815012,chr13,25815012,ATP8A2,25371974,26025851,TRUE,FALSE
chr13_25815075,chr13,25815075,ATP8A2,25371974,26025851,TRUE,FALSE
chr13_25815302,chr13,25815302,ATP8A2,25371974,26025851,TRUE,FALSE
chr13_25815637,chr13,25815637,ATP8A2,25371974,26025851,TRUE,FALSE
chr13_25816319,chr13,25816319,ATP8A2,25371974,26025851,TRUE,FALSE
chr13_25816436,chr13,25816436,ATP8A2,25371974,26025851,TRUE,FALSE
chr13_25816524,chr13,25816524,ATP8A2,25371974,26025851,TRUE,FALSE
chr13_25816580,chr13,25816580,ATP8A2,25371974,26025851,TRUE,FALSE
chr13_25816747,chr13,25816747,ATP8A2,25371974,26025851,TRUE,FALSE
chr13_25816771,chr13,25816771,ATP8A2,25371974,26025851,TRUE,FALSE
chr13_25817100,chr13,25817100,ATP8A2,25371974,26025851,TRUE,FALSE
chr13_25817240,chr13,25817240,ATP8A2,25371974,26025851,TRUE,FALSE
chr13_25817264,chr13,25817264,ATP8A2,25371974,26025851,TRUE,FALSE
chr13_25817332,chr13,25817332,ATP8A2,25371974,26025851,TRUE,FALSE
chr13_25817368,chr13,25817368,ATP8A2,25371974,26025851,TRUE,FALSE
chr13_25817437,chr13,25817437,ATP8A2,25371974,26025851,TRUE,FALSE
chr13_25817534,chr13,25817534,ATP8A2,25371974,26025851,TRUE,FALSE
chr13_25817552,chr13,25817552,ATP8A2,25371974,26025851,TRUE,FALSE
chr13_25817740,chr13,25817740,ATP8A2,25371974,26025851,TRUE,FALSE
chr13_25818461,chr13,25818461,ATP8A2,25371974,26025851,TRUE,FALSE
chr13_25818524,chr13,25818524,ATP8A2,25371974,26025851,TRUE,FALSE
chr13_25818820,chr13,25818820,ATP8A2,25371974,26025851,TRUE,FALSE
chr13_25818905,chr13,25818905,ATP8A2,25371974,26025851,TRUE,FALSE
chr13_25819328,chr13,25819328,ATP8A2,25371974,26025851,TRUE,FALSE
chr13_25819734,chr13,25819734,ATP8A2,25371974,26025851,TRUE,FALSE
chr13_25819920,chr13,25819920,ATP8A2,25371974,26025851,TRUE,FALSE
chr13_25820071,chr13,25820071,ATP8A2,25371974,26025851,TRUE,FALSE
chr13_25820085,chr13,25820085,ATP8A2,25371974,26025851,TRUE,FALSE
chr13_25820113,chr13,25820113,ATP8A2,25371974,26025851,TRUE,FALSE
chr13_25820127,chr13,25820127,ATP8A2,25371974,26025851,TRUE,FALSE
chr13_25820130,chr13,25820130,ATP8A2,25371974,26025851,TRUE,FALSE
chr13_25820140,chr13,25820140,ATP8A2,25371974,26025851,TRUE,FALSE
chr13_25820149,chr13,25820149,ATP8A2,25371974,26025851,TRUE,FALSE
chr13_25820154,chr13,25820154,ATP8A2,25371974,26025851,TRUE,FALSE
chr13_25820187,chr13,25820187,ATP8A2,25371974,26025851,TRUE,FALSE
chr13_25820534,chr13,25820534,ATP8A2,25371974,26025851,TRUE,FALSE
chr13_25820548,chr13,25820548,ATP8A2,25371974,26025851,TRUE,FALSE
chr13_25820577,chr13,25820577,ATP8A2,25371974,26025851,TRUE,FALSE
chr13_25820729,chr13,25820729,ATP8A2,25371974,26025851,TRUE,FALSE
chr13_25820770,chr13,25820770,ATP8A2,25371974,26025851,TRUE,FALSE
chr13_25820860,chr13,25820860,ATP8A2,25371974,26025851,TRUE,FALSE
chr13_25820981,chr13,25820981,ATP8A2,25371974,26025851,TRUE,FALSE
chr13_25821348,chr13,25821348,ATP8A2,25371974,26025851,TRUE,FALSE
chr13_25821368,chr13,25821368,ATP8A2,25371974,26025851,TRUE,FALSE
chr13_25821384,chr13,25821384,ATP8A2,25371974,26025851,TRUE,FALSE
chr13_25821648,chr13,25821648,ATP8A2,25371974,26025851,TRUE,FALSE
chr13_25822188,chr13,25822188,ATP8A2,25371974,26025851,TRUE,FALSE
chr13_25822373,chr13,25822373,ATP8A2,25371974,26025851,TRUE,FALSE
chr13_25823060,chr13,25823060,ATP8A2,25371974,26025851,TRUE,FALSE
chr13_25823447,chr13,25823447,ATP8A2,25371974,26025851,TRUE,FALSE
chr13_25824127,chr13,25824127,ATP8A2,25371974,26025851,TRUE,FALSE
chr13_25824383,chr13,25824383,ATP8A2,25371974,26025851,TRUE,FALSE
chr13_25824450,chr13,25824450,ATP8A2,25371974,26025851,TRUE,FALSE
chr13_25824454,chr13,25824454,ATP8A2,25371974,26025851,TRUE,FALSE
chr13_25824491,chr13,25824491,ATP8A2,25371974,26025851,TRUE,FALSE
chr13_25824970,chr13,25824970,ATP8A2,25371974,26025851,TRUE,FALSE
chr13_25825025,chr13,25825025,ATP8A2,25371974,26025851,TRUE,FALSE
chr13_25825854,chr13,25825854,ATP8A2,25371974,26025851,TRUE,FALSE
chr13_25825985,chr13,25825985,ATP8A2,25371974,26025851,TRUE,FALSE
chr13_25826429,chr13,25826429,ATP8A2,25371974,26025851,TRUE,FALSE
chr13_25826521,chr13,25826521,ATP8A2,25371974,26025851,TRUE,FALSE
chr13_25826651,chr13,25826651,ATP8A2,25371974,26025851,TRUE,FALSE
chr13_25826684,chr13,25826684,ATP8A2,25371974,26025851,TRUE,FALSE
chr13_25828954,chr13,25828954,ATP8A2,25371974,26025851,TRUE,FALSE
chr13_25829510,chr13,25829510,ATP8A2,25371974,26025851,TRUE,FALSE
chr13_25829534,chr13,25829534,ATP8A2,25371974,26025851,TRUE,FALSE
chr13_25830209,chr13,25830209,ATP8A2,25371974,26025851,TRUE,FALSE
chr13_25830299,chr13,25830299,ATP8A2,25371974,26025851,TRUE,FALSE
chr13_25830750,chr13,25830750,ATP8A2,25371974,26025851,TRUE,FALSE
chr13_25830832,chr13,25830832,ATP8A2,25371974,26025851,TRUE,FALSE
chr13_25830887,chr13,25830887,ATP8A2,25371974,26025851,TRUE,FALSE
chr13_25831102,chr13,25831102,ATP8A2,25371974,26025851,TRUE,FALSE
chr13_25831170,chr13,25831170,ATP8A2,25371974,26025851,TRUE,FALSE
chr13_25831194,chr13,25831194,ATP8A2,25371974,26025851,TRUE,FALSE
chr13_25831257,chr13,25831257,ATP8A2,25371974,26025851,TRUE,FALSE
chr13_25831307,chr13,25831307,ATP8A2,25371974,26025851,TRUE,FALSE
chr13_25831315,chr13,25831315,ATP8A2,25371974,26025851,TRUE,FALSE
chr13_25831359,chr13,25831359,ATP8A2,25371974,26025851,TRUE,FALSE
chr13_25831363,chr13,25831363,ATP8A2,25371974,26025851,TRUE,FALSE
chr13_25831369,chr13,25831369,ATP8A2,25371974,26025851,TRUE,FALSE
chr13_25831371,chr13,25831371,ATP8A2,25371974,26025851,TRUE,FALSE
chr13_25831375,chr13,25831375,ATP8A2,25371974,26025851,TRUE,FALSE
chr13_25831448,chr13,25831448,ATP8A2,25371974,26025851,TRUE,FALSE
chr13_25831459,chr13,25831459,ATP8A2,25371974,26025851,TRUE,FALSE
chr13_25831568,chr13,25831568,ATP8A2,25371974,26025851,TRUE,FALSE
chr13_25831592,chr13,25831592,ATP8A2,25371974,26025851,TRUE,FALSE
chr13_25831640,chr13,25831640,ATP8A2,25371974,26025851,TRUE,FALSE
chr13_25831703,chr13,25831703,ATP8A2,25371974,26025851,TRUE,FALSE
chr13_25831708,chr13,25831708,ATP8A2,25371974,26025851,TRUE,FALSE
chr13_25831767,chr13,25831767,ATP8A2,25371974,26025851,TRUE,FALSE
chr13_25831774,chr13,25831774,ATP8A2,25371974,26025851,TRUE,FALSE
chr13_25832000,chr13,25832000,ATP8A2,25371974,26025851,TRUE,FALSE
chr13_25832032,chr13,25832032,ATP8A2,25371974,26025851,TRUE,FALSE
chr13_25832064,chr13,25832064,ATP8A2,25371974,26025851,TRUE,FALSE
chr13_25832096,chr13,25832096,ATP8A2,25371974,26025851,TRUE,FALSE
chr13_25832129,chr13,25832129,ATP8A2,25371974,26025851,TRUE,FALSE
chr13_25832189,chr13,25832189,ATP8A2,25371974,26025851,TRUE,FALSE
chr13_25832217,chr13,25832217,ATP8A2,25371974,26025851,TRUE,FALSE
chr13_25832276,chr13,25832276,ATP8A2,25371974,26025851,TRUE,FALSE
chr13_25832400,chr13,25832400,ATP8A2,25371974,26025851,TRUE,FALSE
chr13_25832459,chr13,25832459,ATP8A2,25371974,26025851,TRUE,FALSE
chr13_25832626,chr13,25832626,ATP8A2,25371974,26025851,TRUE,FALSE
chr13_25832887,chr13,25832887,ATP8A2,25371974,26025851,TRUE,FALSE
chr13_25832983,chr13,25832983,ATP8A2,25371974,26025851,TRUE,FALSE
chr13_25833120,chr13,25833120,ATP8A2,25371974,26025851,TRUE,FALSE
chr13_25834284,chr13,25834284,ATP8A2,25371974,26025851,TRUE,FALSE
chr13_25834885,chr13,25834885,ATP8A2,25371974,26025851,TRUE,FALSE
chr13_25834954,chr13,25834954,ATP8A2,25371974,26025851,TRUE,FALSE
chr13_25834983,chr13,25834983,ATP8A2,25371974,26025851,TRUE,FALSE
chr13_25835136,chr13,25835136,ATP8A2,25371974,26025851,TRUE,FALSE
chr13_25835504,chr13,25835504,ATP8A2,25371974,26025851,TRUE,FALSE
chr13_25835516,chr13,25835516,ATP8A2,25371974,26025851,TRUE,FALSE
chr13_25835573,chr13,25835573,ATP8A2,25371974,26025851,TRUE,FALSE
chr13_25835828,chr13,25835828,ATP8A2,25371974,26025851,TRUE,FALSE
chr13_25835873,chr13,25835873,ATP8A2,25371974,26025851,TRUE,FALSE
chr13_25835902,chr13,25835902,ATP8A2,25371974,26025851,TRUE,FALSE
chr13_25835970,chr13,25835970,ATP8A2,25371974,26025851,TRUE,FALSE
chr13_25836296,chr13,25836296,ATP8A2,25371974,26025851,TRUE,FALSE
chr13_25836336,chr13,25836336,ATP8A2,25371974,26025851,TRUE,FALSE
chr13_25836415,chr13,25836415,ATP8A2,25371974,26025851,TRUE,FALSE
chr13_25836519,chr13,25836519,ATP8A2,25371974,26025851,TRUE,FALSE
chr13_25836558,chr13,25836558,ATP8A2,25371974,26025851,TRUE,FALSE
chr13_25836560,chr13,25836560,ATP8A2,25371974,26025851,TRUE,FALSE
chr13_25836624,chr13,25836624,ATP8A2,25371974,26025851,TRUE,FALSE
chr13_25836785,chr13,25836785,ATP8A2,25371974,26025851,TRUE,FALSE
chr13_25836812,chr13,25836812,ATP8A2,25371974,26025851,TRUE,FALSE
chr13_25836822,chr13,25836822,ATP8A2,25371974,26025851,TRUE,FALSE
chr13_25836885,chr13,25836885,ATP8A2,25371974,26025851,TRUE,FALSE
chr13_25836988,chr13,25836988,ATP8A2,25371974,26025851,TRUE,FALSE
chr13_25837114,chr13,25837114,ATP8A2,25371974,26025851,TRUE,FALSE
chr13_25837171,chr13,25837171,ATP8A2,25371974,26025851,TRUE,FALSE
chr13_25837179,chr13,25837179,ATP8A2,25371974,26025851,TRUE,FALSE
chr13_25837267,chr13,25837267,ATP8A2,25371974,26025851,TRUE,FALSE
chr13_25838179,chr13,25838179,ATP8A2,25371974,26025851,TRUE,FALSE
chr13_25838270,chr13,25838270,ATP8A2,25371974,26025851,TRUE,FALSE
chr13_25838316,chr13,25838316,ATP8A2,25371974,26025851,TRUE,FALSE
chr13_25838357,chr13,25838357,ATP8A2,25371974,26025851,TRUE,FALSE
chr13_25838380,chr13,25838380,ATP8A2,25371974,26025851,TRUE,FALSE
chr13_25838419,chr13,25838419,ATP8A2,25371974,26025851,TRUE,FALSE
chr13_25838764,chr13,25838764,ATP8A2,25371974,26025851,TRUE,FALSE
chr13_25838786,chr13,25838786,ATP8A2,25371974,26025851,TRUE,FALSE
chr13_25838819,chr13,25838819,ATP8A2,25371974,26025851,TRUE,FALSE
chr13_25838828,chr13,25838828,ATP8A2,25371974,26025851,TRUE,FALSE
chr13_25838872,chr13,25838872,ATP8A2,25371974,26025851,TRUE,FALSE
chr13_25838893,chr13,25838893,ATP8A2,25371974,26025851,TRUE,FALSE
chr13_25839126,chr13,25839126,ATP8A2,25371974,26025851,TRUE,FALSE
chr13_25839382,chr13,25839382,ATP8A2,25371974,26025851,TRUE,FALSE
chr13_25839439,chr13,25839439,ATP8A2,25371974,26025851,TRUE,FALSE
chr13_25839446,chr13,25839446,ATP8A2,25371974,26025851,TRUE,FALSE
chr13_25839450,chr13,25839450,ATP8A2,25371974,26025851,TRUE,FALSE
chr13_25839474,chr13,25839474,ATP8A2,25371974,26025851,TRUE,FALSE
chr13_25839503,chr13,25839503,ATP8A2,25371974,26025851,TRUE,FALSE
chr13_25839569,chr13,25839569,ATP8A2,25371974,26025851,TRUE,FALSE
chr13_25839669,chr13,25839669,ATP8A2,25371974,26025851,TRUE,FALSE
chr13_25839951,chr13,25839951,ATP8A2,25371974,26025851,TRUE,FALSE
chr13_25840178,chr13,25840178,ATP8A2,25371974,26025851,TRUE,FALSE
chr13_25840181,chr13,25840181,ATP8A2,25371974,26025851,TRUE,FALSE
chr13_25840212,chr13,25840212,ATP8A2,25371974,26025851,TRUE,FALSE
chr13_25840386,chr13,25840386,ATP8A2,25371974,26025851,TRUE,FALSE
chr13_25840508,chr13,25840508,ATP8A2,25371974,26025851,TRUE,FALSE
chr13_25840549,chr13,25840549,ATP8A2,25371974,26025851,TRUE,FALSE
chr13_25840723,chr13,25840723,ATP8A2,25371974,26025851,TRUE,FALSE
chr13_25841080,chr13,25841080,ATP8A2,25371974,26025851,TRUE,FALSE
chr13_25841115,chr13,25841115,ATP8A2,25371974,26025851,TRUE,FALSE
chr13_25841697,chr13,25841697,ATP8A2,25371974,26025851,TRUE,FALSE
chr13_25841975,chr13,25841975,ATP8A2,25371974,26025851,TRUE,FALSE
chr13_25842061,chr13,25842061,ATP8A2,25371974,26025851,TRUE,FALSE
chr13_25842400,chr13,25842400,ATP8A2,25371974,26025851,TRUE,FALSE
chr13_25842412,chr13,25842412,ATP8A2,25371974,26025851,TRUE,FALSE
chr13_25842469,chr13,25842469,ATP8A2,25371974,26025851,TRUE,FALSE
chr13_25842500,chr13,25842500,ATP8A2,25371974,26025851,TRUE,FALSE
chr13_25842586,chr13,25842586,ATP8A2,25371974,26025851,TRUE,FALSE
chr13_25842596,chr13,25842596,ATP8A2,25371974,26025851,TRUE,FALSE
chr13_25842626,chr13,25842626,ATP8A2,25371974,26025851,TRUE,FALSE
chr13_25842912,chr13,25842912,ATP8A2,25371974,26025851,TRUE,FALSE
chr13_25843313,chr13,25843313,ATP8A2,25371974,26025851,TRUE,FALSE
chr13_25843390,chr13,25843390,ATP8A2,25371974,26025851,TRUE,FALSE
chr13_25843466,chr13,25843466,ATP8A2,25371974,26025851,TRUE,FALSE
chr13_25843630,chr13,25843630,ATP8A2,25371974,26025851,TRUE,FALSE
chr13_25843827,chr13,25843827,ATP8A2,25371974,26025851,TRUE,FALSE
chr13_25843905,chr13,25843905,ATP8A2,25371974,26025851,TRUE,FALSE
chr13_25844037,chr13,25844037,ATP8A2,25371974,26025851,TRUE,FALSE
chr13_25844293,chr13,25844293,ATP8A2,25371974,26025851,TRUE,FALSE
chr13_25844299,chr13,25844299,ATP8A2,25371974,26025851,TRUE,FALSE
chr13_25844391,chr13,25844391,ATP8A2,25371974,26025851,TRUE,FALSE
chr13_25844450,chr13,25844450,ATP8A2,25371974,26025851,TRUE,FALSE
chr13_25844464,chr13,25844464,ATP8A2,25371974,26025851,TRUE,FALSE
chr13_25844480,chr13,25844480,ATP8A2,25371974,26025851,TRUE,FALSE
chr13_25844754,chr13,25844754,ATP8A2,25371974,26025851,TRUE,FALSE
chr13_25844954,chr13,25844954,ATP8A2,25371974,26025851,TRUE,FALSE
chr13_25845166,chr13,25845166,ATP8A2,25371974,26025851,TRUE,FALSE
chr13_25845184,chr13,25845184,ATP8A2,25371974,26025851,TRUE,FALSE
chr13_25845260,chr13,25845260,ATP8A2,25371974,26025851,TRUE,FALSE
chr13_25845285,chr13,25845285,ATP8A2,25371974,26025851,TRUE,FALSE
chr13_25845483,chr13,25845483,ATP8A2,25371974,26025851,TRUE,FALSE
chr13_25845503,chr13,25845503,ATP8A2,25371974,26025851,TRUE,FALSE
chr13_25845523,chr13,25845523,ATP8A2,25371974,26025851,TRUE,FALSE
chr13_25845550,chr13,25845550,ATP8A2,25371974,26025851,TRUE,FALSE
chr13_25845565,chr13,25845565,ATP8A2,25371974,26025851,TRUE,FALSE
chr13_25845788,chr13,25845788,ATP8A2,25371974,26025851,TRUE,FALSE
chr13_25845903,chr13,25845903,ATP8A2,25371974,26025851,TRUE,FALSE
chr13_25845941,chr13,25845941,ATP8A2,25371974,26025851,TRUE,FALSE
chr13_25846044,chr13,25846044,ATP8A2,25371974,26025851,TRUE,FALSE
chr13_25846123,chr13,25846123,ATP8A2,25371974,26025851,TRUE,FALSE
chr13_25846129,chr13,25846129,ATP8A2,25371974,26025851,TRUE,FALSE
chr13_25846162,chr13,25846162,ATP8A2,25371974,26025851,TRUE,FALSE
chr13_25846253,chr13,25846253,ATP8A2,25371974,26025851,TRUE,FALSE
chr13_25846434,chr13,25846434,ATP8A2,25371974,26025851,TRUE,FALSE
chr13_25846538,chr13,25846538,ATP8A2,25371974,26025851,TRUE,FALSE
chr13_25846877,chr13,25846877,ATP8A2,25371974,26025851,TRUE,FALSE
chr13_25847267,chr13,25847267,ATP8A2,25371974,26025851,TRUE,FALSE
chr13_25847343,chr13,25847343,ATP8A2,25371974,26025851,TRUE,FALSE
chr13_25847358,chr13,25847358,ATP8A2,25371974,26025851,TRUE,FALSE
chr13_25847507,chr13,25847507,ATP8A2,25371974,26025851,TRUE,FALSE
chr13_25847686,chr13,25847686,ATP8A2,25371974,26025851,TRUE,FALSE
chr13_25847756,chr13,25847756,ATP8A2,25371974,26025851,TRUE,FALSE
chr13_25847848,chr13,25847848,ATP8A2,25371974,26025851,TRUE,FALSE
chr13_25848084,chr13,25848084,ATP8A2,25371974,26025851,TRUE,FALSE
chr13_25848416,chr13,25848416,ATP8A2,25371974,26025851,TRUE,FALSE
chr13_25848470,chr13,25848470,ATP8A2,25371974,26025851,TRUE,FALSE
chr13_25848522,chr13,25848522,ATP8A2,25371974,26025851,TRUE,FALSE
chr13_25848774,chr13,25848774,ATP8A2,25371974,26025851,TRUE,FALSE
chr13_25848818,chr13,25848818,ATP8A2,25371974,26025851,TRUE,FALSE
chr13_25848898,chr13,25848898,ATP8A2,25371974,26025851,TRUE,FALSE
chr13_25848966,chr13,25848966,ATP8A2,25371974,26025851,TRUE,FALSE
chr13_25849018,chr13,25849018,ATP8A2,25371974,26025851,TRUE,FALSE
chr13_25849050,chr13,25849050,ATP8A2,25371974,26025851,TRUE,FALSE
chr13_25849318,chr13,25849318,ATP8A2,25371974,26025851,TRUE,FALSE
chr13_25849321,chr13,25849321,ATP8A2,25371974,26025851,TRUE,FALSE
chr13_25850145,chr13,25850145,ATP8A2,25371974,26025851,TRUE,FALSE
chr13_25850169,chr13,25850169,ATP8A2,25371974,26025851,TRUE,FALSE
chr13_25850180,chr13,25850180,ATP8A2,25371974,26025851,TRUE,FALSE
chr13_25850241,chr13,25850241,ATP8A2,25371974,26025851,TRUE,FALSE
chr13_25850371,chr13,25850371,ATP8A2,25371974,26025851,TRUE,FALSE
chr13_25850550,chr13,25850550,ATP8A2,25371974,26025851,TRUE,FALSE
chr13_25850600,chr13,25850600,ATP8A2,25371974,26025851,TRUE,FALSE
chr13_25850774,chr13,25850774,ATP8A2,25371974,26025851,TRUE,FALSE
chr13_25850896,chr13,25850896,ATP8A2,25371974,26025851,TRUE,FALSE
chr13_25851303,chr13,25851303,ATP8A2,25371974,26025851,TRUE,FALSE
chr13_25851310,chr13,25851310,ATP8A2,25371974,26025851,TRUE,FALSE
chr13_25851319,chr13,25851319,ATP8A2,25371974,26025851,TRUE,FALSE
chr13_25851352,chr13,25851352,ATP8A2,25371974,26025851,TRUE,FALSE
chr13_25851411,chr13,25851411,ATP8A2,25371974,26025851,TRUE,FALSE
chr13_25851475,chr13,25851475,ATP8A2,25371974,26025851,TRUE,FALSE
chr13_25851497,chr13,25851497,ATP8A2,25371974,26025851,TRUE,FALSE
chr13_25851537,chr13,25851537,ATP8A2,25371974,26025851,TRUE,FALSE
chr13_25851539,chr13,25851539,ATP8A2,25371974,26025851,TRUE,FALSE
chr13_25851803,chr13,25851803,ATP8A2,25371974,26025851,TRUE,FALSE
chr13_25851815,chr13,25851815,ATP8A2,25371974,26025851,TRUE,FALSE
chr13_25851949,chr13,25851949,ATP8A2,25371974,26025851,TRUE,FALSE
chr13_25852036,chr13,25852036,ATP8A2,25371974,26025851,TRUE,FALSE
chr13_25852052,chr13,25852052,ATP8A2,25371974,26025851,TRUE,FALSE
chr13_25852080,chr13,25852080,ATP8A2,25371974,26025851,TRUE,FALSE
chr13_25852278,chr13,25852278,ATP8A2,25371974,26025851,TRUE,FALSE
chr13_25852312,chr13,25852312,ATP8A2,25371974,26025851,TRUE,FALSE
chr13_25852361,chr13,25852361,ATP8A2,25371974,26025851,TRUE,FALSE
chr13_25852437,chr13,25852437,ATP8A2,25371974,26025851,TRUE,FALSE
chr13_25852452,chr13,25852452,ATP8A2,25371974,26025851,TRUE,FALSE
chr13_25852525,chr13,25852525,ATP8A2,25371974,26025851,TRUE,FALSE
chr13_25852742,chr13,25852742,ATP8A2,25371974,26025851,TRUE,FALSE
chr13_25852774,chr13,25852774,ATP8A2,25371974,26025851,TRUE,FALSE
chr13_25853123,chr13,25853123,ATP8A2,25371974,26025851,TRUE,FALSE
chr13_25853186,chr13,25853186,ATP8A2,25371974,26025851,TRUE,FALSE
chr13_25853217,chr13,25853217,ATP8A2,25371974,26025851,TRUE,FALSE
chr13_25853248,chr13,25853248,ATP8A2,25371974,26025851,TRUE,FALSE
chr13_25853284,chr13,25853284,ATP8A2,25371974,26025851,TRUE,FALSE
chr13_25854056,chr13,25854056,ATP8A2,25371974,26025851,TRUE,FALSE
chr13_25854154,chr13,25854154,ATP8A2,25371974,26025851,TRUE,FALSE
chr13_25854246,chr13,25854246,ATP8A2,25371974,26025851,TRUE,FALSE
chr13_25854744,chr13,25854744,ATP8A2,25371974,26025851,TRUE,FALSE
chr13_25854972,chr13,25854972,ATP8A2,25371974,26025851,TRUE,FALSE
chr13_25854978,chr13,25854978,ATP8A2,25371974,26025851,TRUE,FALSE
chr13_25855048,chr13,25855048,ATP8A2,25371974,26025851,TRUE,FALSE
chr13_25855079,chr13,25855079,ATP8A2,25371974,26025851,TRUE,FALSE
chr13_25855165,chr13,25855165,ATP8A2,25371974,26025851,TRUE,FALSE
chr13_25855229,chr13,25855229,ATP8A2,25371974,26025851,TRUE,FALSE
chr13_25855722,chr13,25855722,ATP8A2,25371974,26025851,TRUE,FALSE
chr13_25855762,chr13,25855762,ATP8A2,25371974,26025851,TRUE,FALSE
chr13_25855842,chr13,25855842,ATP8A2,25371974,26025851,TRUE,FALSE
chr13_25856244,chr13,25856244,ATP8A2,25371974,26025851,TRUE,FALSE
chr13_25856338,chr13,25856338,ATP8A2,25371974,26025851,TRUE,FALSE
chr13_25856873,chr13,25856873,ATP8A2,25371974,26025851,TRUE,FALSE
chr13_25857163,chr13,25857163,ATP8A2,25371974,26025851,TRUE,FALSE
chr13_25857271,chr13,25857271,ATP8A2,25371974,26025851,TRUE,FALSE
chr13_25857466,chr13,25857466,ATP8A2,25371974,26025851,TRUE,FALSE
chr13_25857520,chr13,25857520,ATP8A2,25371974,26025851,TRUE,FALSE
chr13_25857857,chr13,25857857,ATP8A2,25371974,26025851,TRUE,FALSE
chr13_25857860,chr13,25857860,ATP8A2,25371974,26025851,TRUE,FALSE
chr13_25857915,chr13,25857915,ATP8A2,25371974,26025851,TRUE,FALSE
chr13_25857992,chr13,25857992,ATP8A2,25371974,26025851,TRUE,FALSE
chr13_25858374,chr13,25858374,ATP8A2,25371974,26025851,TRUE,FALSE
chr13_25858403,chr13,25858403,ATP8A2,25371974,26025851,TRUE,FALSE
chr13_25858408,chr13,25858408,ATP8A2,25371974,26025851,TRUE,FALSE
chr13_25858416,chr13,25858416,ATP8A2,25371974,26025851,TRUE,FALSE
chr13_25858443,chr13,25858443,ATP8A2,25371974,26025851,TRUE,FALSE
chr13_25858452,chr13,25858452,ATP8A2,25371974,26025851,TRUE,FALSE
chr13_25858466,chr13,25858466,ATP8A2,25371974,26025851,TRUE,FALSE
chr13_25858523,chr13,25858523,ATP8A2,25371974,26025851,TRUE,FALSE
chr13_25858554,chr13,25858554,ATP8A2,25371974,26025851,TRUE,FALSE
chr13_25858747,chr13,25858747,ATP8A2,25371974,26025851,TRUE,FALSE
chr13_25858867,chr13,25858867,ATP8A2,25371974,26025851,TRUE,FALSE
chr13_25858932,chr13,25858932,ATP8A2,25371974,26025851,TRUE,FALSE
chr13_25858942,chr13,25858942,ATP8A2,25371974,26025851,TRUE,FALSE
chr13_25858975,chr13,25858975,ATP8A2,25371974,26025851,TRUE,FALSE
chr13_25859000,chr13,25859000,ATP8A2,25371974,26025851,TRUE,FALSE
chr13_25859071,chr13,25859071,ATP8A2,25371974,26025851,TRUE,FALSE
chr13_25859150,chr13,25859150,ATP8A2,25371974,26025851,TRUE,FALSE
chr13_25859180,chr13,25859180,ATP8A2,25371974,26025851,TRUE,FALSE
chr13_25859188,chr13,25859188,ATP8A2,25371974,26025851,TRUE,FALSE
chr13_25859338,chr13,25859338,ATP8A2,25371974,26025851,TRUE,FALSE
chr13_25859493,chr13,25859493,ATP8A2,25371974,26025851,TRUE,FALSE
chr13_25859647,chr13,25859647,ATP8A2,25371974,26025851,TRUE,FALSE
chr13_25859669,chr13,25859669,ATP8A2,25371974,26025851,TRUE,FALSE
chr13_25859961,chr13,25859961,ATP8A2,25371974,26025851,TRUE,FALSE
chr13_25860223,chr13,25860223,ATP8A2,25371974,26025851,TRUE,FALSE
chr13_25860426,chr13,25860426,ATP8A2,25371974,26025851,TRUE,FALSE
chr13_25860692,chr13,25860692,ATP8A2,25371974,26025851,TRUE,FALSE
chr13_25861054,chr13,25861054,ATP8A2,25371974,26025851,TRUE,FALSE
chr13_25861234,chr13,25861234,ATP8A2,25371974,26025851,TRUE,FALSE
chr13_25861241,chr13,25861241,ATP8A2,25371974,26025851,TRUE,FALSE
chr13_25861398,chr13,25861398,ATP8A2,25371974,26025851,TRUE,FALSE
chr13_25861642,chr13,25861642,ATP8A2,25371974,26025851,TRUE,FALSE
chr13_25861674,chr13,25861674,ATP8A2,25371974,26025851,TRUE,FALSE
chr13_25861803,chr13,25861803,ATP8A2,25371974,26025851,TRUE,FALSE
chr13_25861981,chr13,25861981,ATP8A2,25371974,26025851,TRUE,FALSE
chr13_25862022,chr13,25862022,ATP8A2,25371974,26025851,TRUE,FALSE
chr13_25862265,chr13,25862265,ATP8A2,25371974,26025851,TRUE,FALSE
chr13_25862362,chr13,25862362,ATP8A2,25371974,26025851,TRUE,FALSE
chr13_25862471,chr13,25862471,ATP8A2,25371974,26025851,TRUE,FALSE
chr13_25862653,chr13,25862653,ATP8A2,25371974,26025851,TRUE,FALSE
chr13_25863243,chr13,25863243,ATP8A2,25371974,26025851,TRUE,FALSE
chr13_25863248,chr13,25863248,ATP8A2,25371974,26025851,TRUE,FALSE
chr13_25863456,chr13,25863456,ATP8A2,25371974,26025851,TRUE,FALSE
chr13_25863465,chr13,25863465,ATP8A2,25371974,26025851,TRUE,FALSE
chr13_25863685,chr13,25863685,ATP8A2,25371974,26025851,TRUE,FALSE
chr13_25863753,chr13,25863753,ATP8A2,25371974,26025851,TRUE,FALSE
chr13_25863791,chr13,25863791,ATP8A2,25371974,26025851,TRUE,FALSE
chr13_25864069,chr13,25864069,ATP8A2,25371974,26025851,TRUE,FALSE
chr13_25864251,chr13,25864251,ATP8A2,25371974,26025851,TRUE,FALSE
chr13_25864257,chr13,25864257,ATP8A2,25371974,26025851,TRUE,FALSE
chr13_25864367,chr13,25864367,ATP8A2,25371974,26025851,TRUE,FALSE
chr13_25864402,chr13,25864402,ATP8A2,25371974,26025851,TRUE,FALSE
chr13_25864410,chr13,25864410,ATP8A2,25371974,26025851,TRUE,FALSE
chr13_25864461,chr13,25864461,ATP8A2,25371974,26025851,TRUE,FALSE
chr13_25864587,chr13,25864587,ATP8A2,25371974,26025851,TRUE,FALSE
chr13_25864736,chr13,25864736,ATP8A2,25371974,26025851,TRUE,FALSE
chr13_25864796,chr13,25864796,ATP8A2,25371974,26025851,TRUE,FALSE
chr13_25865196,chr13,25865196,ATP8A2,25371974,26025851,TRUE,FALSE
chr13_25865570,chr13,25865570,ATP8A2,25371974,26025851,TRUE,FALSE
chr13_25865815,chr13,25865815,ATP8A2,25371974,26025851,TRUE,FALSE
chr13_25865890,chr13,25865890,ATP8A2,25371974,26025851,TRUE,FALSE
chr13_25865924,chr13,25865924,ATP8A2,25371974,26025851,TRUE,FALSE
chr13_25866206,chr13,25866206,ATP8A2,25371974,26025851,TRUE,FALSE
chr13_25866246,chr13,25866246,ATP8A2,25371974,26025851,TRUE,FALSE
chr13_25866606,chr13,25866606,ATP8A2,25371974,26025851,TRUE,FALSE
chr13_25866917,chr13,25866917,ATP8A2,25371974,26025851,TRUE,FALSE
chr13_25866956,chr13,25866956,ATP8A2,25371974,26025851,TRUE,FALSE
chr13_25866969,chr13,25866969,ATP8A2,25371974,26025851,TRUE,FALSE
chr13_25867485,chr13,25867485,ATP8A2,25371974,26025851,TRUE,FALSE
chr13_25867500,chr13,25867500,ATP8A2,25371974,26025851,TRUE,FALSE
chr13_25867679,chr13,25867679,ATP8A2,25371974,26025851,TRUE,FALSE
chr13_25867740,chr13,25867740,ATP8A2,25371974,26025851,TRUE,FALSE
chr13_25868006,chr13,25868006,ATP8A2,25371974,26025851,TRUE,FALSE
chr13_25868027,chr13,25868027,ATP8A2,25371974,26025851,TRUE,FALSE
chr13_25868056,chr13,25868056,ATP8A2,25371974,26025851,TRUE,FALSE
chr13_25868074,chr13,25868074,ATP8A2,25371974,26025851,TRUE,FALSE
chr13_25868104,chr13,25868104,ATP8A2,25371974,26025851,TRUE,FALSE
chr13_25868149,chr13,25868149,ATP8A2,25371974,26025851,TRUE,FALSE
chr13_25869000,chr13,25869000,ATP8A2,25371974,26025851,TRUE,FALSE
chr13_25869017,chr13,25869017,ATP8A2,25371974,26025851,TRUE,FALSE
chr13_25869023,chr13,25869023,ATP8A2,25371974,26025851,TRUE,FALSE
chr13_25869025,chr13,25869025,ATP8A2,25371974,26025851,TRUE,FALSE
chr13_25869047,chr13,25869047,ATP8A2,25371974,26025851,TRUE,FALSE
chr13_25869055,chr13,25869055,ATP8A2,25371974,26025851,TRUE,FALSE
chr13_25869063,chr13,25869063,ATP8A2,25371974,26025851,TRUE,FALSE
chr13_25869356,chr13,25869356,ATP8A2,25371974,26025851,TRUE,FALSE
chr13_25869377,chr13,25869377,ATP8A2,25371974,26025851,TRUE,FALSE
chr13_25869430,chr13,25869430,ATP8A2,25371974,26025851,TRUE,FALSE
chr13_25869436,chr13,25869436,ATP8A2,25371974,26025851,TRUE,FALSE
chr13_25869552,chr13,25869552,ATP8A2,25371974,26025851,TRUE,FALSE
chr13_25869708,chr13,25869708,ATP8A2,25371974,26025851,TRUE,FALSE
chr13_25869728,chr13,25869728,ATP8A2,25371974,26025851,TRUE,FALSE
chr13_25869739,chr13,25869739,ATP8A2,25371974,26025851,TRUE,FALSE
chr13_25869744,chr13,25869744,ATP8A2,25371974,26025851,TRUE,FALSE
chr13_25869802,chr13,25869802,ATP8A2,25371974,26025851,TRUE,FALSE
chr13_25869884,chr13,25869884,ATP8A2,25371974,26025851,TRUE,FALSE
chr13_25869978,chr13,25869978,ATP8A2,25371974,26025851,TRUE,FALSE
chr13_25869996,chr13,25869996,ATP8A2,25371974,26025851,TRUE,FALSE
chr13_25870106,chr13,25870106,ATP8A2,25371974,26025851,TRUE,FALSE
chr13_25870150,chr13,25870150,ATP8A2,25371974,26025851,TRUE,FALSE
chr13_25870165,chr13,25870165,ATP8A2,25371974,26025851,TRUE,FALSE
chr13_25870168,chr13,25870168,ATP8A2,25371974,26025851,TRUE,FALSE
chr13_25870170,chr13,25870170,ATP8A2,25371974,26025851,TRUE,FALSE
chr13_25870172,chr13,25870172,ATP8A2,25371974,26025851,TRUE,FALSE
chr13_25870184,chr13,25870184,ATP8A2,25371974,26025851,TRUE,FALSE
chr13_25870243,chr13,25870243,ATP8A2,25371974,26025851,TRUE,FALSE
chr13_25870278,chr13,25870278,ATP8A2,25371974,26025851,TRUE,FALSE
chr13_25870306,chr13,25870306,ATP8A2,25371974,26025851,TRUE,FALSE
chr13_25870678,chr13,25870678,ATP8A2,25371974,26025851,TRUE,FALSE
chr13_25870779,chr13,25870779,ATP8A2,25371974,26025851,TRUE,FALSE
chr13_25870819,chr13,25870819,ATP8A2,25371974,26025851,TRUE,FALSE
chr13_25870960,chr13,25870960,ATP8A2,25371974,26025851,TRUE,FALSE
chr13_25871010,chr13,25871010,ATP8A2,25371974,26025851,TRUE,FALSE
chr13_25871092,chr13,25871092,ATP8A2,25371974,26025851,TRUE,FALSE
chr13_25871094,chr13,25871094,ATP8A2,25371974,26025851,TRUE,FALSE
chr13_25871261,chr13,25871261,ATP8A2,25371974,26025851,TRUE,FALSE
chr13_25871496,chr13,25871496,ATP8A2,25371974,26025851,TRUE,FALSE
chr13_25871520,chr13,25871520,ATP8A2,25371974,26025851,TRUE,FALSE
chr13_25871710,chr13,25871710,ATP8A2,25371974,26025851,TRUE,FALSE
chr13_25871814,chr13,25871814,ATP8A2,25371974,26025851,TRUE,FALSE
chr13_25871843,chr13,25871843,ATP8A2,25371974,26025851,TRUE,FALSE
chr13_25871848,chr13,25871848,ATP8A2,25371974,26025851,TRUE,FALSE
chr13_25872025,chr13,25872025,ATP8A2,25371974,26025851,TRUE,FALSE
chr13_25872036,chr13,25872036,ATP8A2,25371974,26025851,TRUE,FALSE
chr13_25872057,chr13,25872057,ATP8A2,25371974,26025851,TRUE,FALSE
chr13_25872067,chr13,25872067,ATP8A2,25371974,26025851,TRUE,FALSE
chr13_25872074,chr13,25872074,ATP8A2,25371974,26025851,TRUE,FALSE
chr13_25872146,chr13,25872146,ATP8A2,25371974,26025851,TRUE,FALSE
chr13_25872296,chr13,25872296,ATP8A2,25371974,26025851,TRUE,FALSE
chr13_25872312,chr13,25872312,ATP8A2,25371974,26025851,TRUE,FALSE
chr13_25872456,chr13,25872456,ATP8A2,25371974,26025851,TRUE,FALSE
chr13_25872595,chr13,25872595,ATP8A2,25371974,26025851,TRUE,FALSE
chr13_25872608,chr13,25872608,ATP8A2,25371974,26025851,TRUE,FALSE
chr13_25872654,chr13,25872654,ATP8A2,25371974,26025851,TRUE,FALSE
chr13_25872952,chr13,25872952,ATP8A2,25371974,26025851,TRUE,FALSE
chr13_25872975,chr13,25872975,ATP8A2,25371974,26025851,TRUE,FALSE
chr13_25873042,chr13,25873042,ATP8A2,25371974,26025851,TRUE,FALSE
chr13_25873392,chr13,25873392,ATP8A2,25371974,26025851,TRUE,FALSE
chr13_25873443,chr13,25873443,ATP8A2,25371974,26025851,TRUE,FALSE
chr13_25873669,chr13,25873669,ATP8A2,25371974,26025851,TRUE,FALSE
chr13_25873699,chr13,25873699,ATP8A2,25371974,26025851,TRUE,FALSE
chr13_25873724,chr13,25873724,ATP8A2,25371974,26025851,TRUE,FALSE
chr13_25873763,chr13,25873763,ATP8A2,25371974,26025851,TRUE,FALSE
chr13_25873783,chr13,25873783,ATP8A2,25371974,26025851,TRUE,FALSE
chr13_25873828,chr13,25873828,ATP8A2,25371974,26025851,TRUE,FALSE
chr13_25873906,chr13,25873906,ATP8A2,25371974,26025851,TRUE,FALSE
chr13_25873916,chr13,25873916,ATP8A2,25371974,26025851,TRUE,FALSE
chr13_25874010,chr13,25874010,ATP8A2,25371974,26025851,TRUE,FALSE
chr13_25874077,chr13,25874077,ATP8A2,25371974,26025851,TRUE,FALSE
chr13_25874185,chr13,25874185,ATP8A2,25371974,26025851,TRUE,FALSE
chr13_25874263,chr13,25874263,ATP8A2,25371974,26025851,TRUE,FALSE
chr13_25874278,chr13,25874278,ATP8A2,25371974,26025851,TRUE,FALSE
chr13_25874320,chr13,25874320,ATP8A2,25371974,26025851,TRUE,FALSE
chr13_25874346,chr13,25874346,ATP8A2,25371974,26025851,TRUE,FALSE
chr13_25874451,chr13,25874451,ATP8A2,25371974,26025851,TRUE,FALSE
chr13_25874593,chr13,25874593,ATP8A2,25371974,26025851,TRUE,FALSE
chr13_25874598,chr13,25874598,ATP8A2,25371974,26025851,TRUE,FALSE
chr13_25874654,chr13,25874654,ATP8A2,25371974,26025851,TRUE,FALSE
chr13_25874781,chr13,25874781,ATP8A2,25371974,26025851,TRUE,FALSE
chr13_25874821,chr13,25874821,ATP8A2,25371974,26025851,TRUE,FALSE
chr13_25875056,chr13,25875056,ATP8A2,25371974,26025851,TRUE,FALSE
chr13_25875086,chr13,25875086,ATP8A2,25371974,26025851,TRUE,FALSE
chr13_25875157,chr13,25875157,ATP8A2,25371974,26025851,TRUE,FALSE
chr13_25875170,chr13,25875170,ATP8A2,25371974,26025851,TRUE,FALSE
chr13_25875191,chr13,25875191,ATP8A2,25371974,26025851,TRUE,FALSE
chr13_25875268,chr13,25875268,ATP8A2,25371974,26025851,TRUE,FALSE
chr13_25875430,chr13,25875430,ATP8A2,25371974,26025851,TRUE,FALSE
chr13_25875754,chr13,25875754,ATP8A2,25371974,26025851,TRUE,FALSE
chr13_25875884,chr13,25875884,ATP8A2,25371974,26025851,TRUE,FALSE
chr13_25875898,chr13,25875898,ATP8A2,25371974,26025851,TRUE,FALSE
chr13_25876051,chr13,25876051,ATP8A2,25371974,26025851,TRUE,FALSE
chr13_25876090,chr13,25876090,ATP8A2,25371974,26025851,TRUE,FALSE
chr13_25876134,chr13,25876134,ATP8A2,25371974,26025851,TRUE,FALSE
chr13_25876200,chr13,25876200,ATP8A2,25371974,26025851,TRUE,FALSE
chr13_25876260,chr13,25876260,ATP8A2,25371974,26025851,TRUE,FALSE
chr13_25876450,chr13,25876450,ATP8A2,25371974,26025851,TRUE,FALSE
chr13_25876532,chr13,25876532,ATP8A2,25371974,26025851,TRUE,FALSE
chr13_25876568,chr13,25876568,ATP8A2,25371974,26025851,TRUE,FALSE
chr13_25876628,chr13,25876628,ATP8A2,25371974,26025851,TRUE,FALSE
chr13_25876743,chr13,25876743,ATP8A2,25371974,26025851,TRUE,FALSE
chr13_25876956,chr13,25876956,ATP8A2,25371974,26025851,TRUE,FALSE
chr13_25877364,chr13,25877364,ATP8A2,25371974,26025851,TRUE,FALSE
chr13_25877427,chr13,25877427,ATP8A2,25371974,26025851,TRUE,FALSE
chr13_25877502,chr13,25877502,ATP8A2,25371974,26025851,TRUE,FALSE
chr13_25877570,chr13,25877570,ATP8A2,25371974,26025851,TRUE,FALSE
chr13_25877587,chr13,25877587,ATP8A2,25371974,26025851,TRUE,FALSE
chr13_25878080,chr13,25878080,ATP8A2,25371974,26025851,TRUE,FALSE
chr13_25878124,chr13,25878124,ATP8A2,25371974,26025851,TRUE,FALSE
chr13_25878140,chr13,25878140,ATP8A2,25371974,26025851,TRUE,FALSE
chr13_25878219,chr13,25878219,ATP8A2,25371974,26025851,TRUE,FALSE
chr13_25878270,chr13,25878270,ATP8A2,25371974,26025851,TRUE,FALSE
chr13_25878406,chr13,25878406,ATP8A2,25371974,26025851,TRUE,FALSE
chr13_25878518,chr13,25878518,ATP8A2,25371974,26025851,TRUE,FALSE
chr13_25878730,chr13,25878730,ATP8A2,25371974,26025851,TRUE,FALSE
chr13_25878792,chr13,25878792,ATP8A2,25371974,26025851,TRUE,FALSE
chr13_25878828,chr13,25878828,ATP8A2,25371974,26025851,TRUE,FALSE
chr13_25878946,chr13,25878946,ATP8A2,25371974,26025851,TRUE,FALSE
chr13_25878982,chr13,25878982,ATP8A2,25371974,26025851,TRUE,FALSE
chr13_25879005,chr13,25879005,ATP8A2,25371974,26025851,TRUE,FALSE
chr13_25879066,chr13,25879066,ATP8A2,25371974,26025851,TRUE,FALSE
chr13_25879174,chr13,25879174,ATP8A2,25371974,26025851,TRUE,FALSE
chr13_25879227,chr13,25879227,ATP8A2,25371974,26025851,TRUE,FALSE
chr13_25879479,chr13,25879479,ATP8A2,25371974,26025851,TRUE,FALSE
chr13_25879525,chr13,25879525,ATP8A2,25371974,26025851,TRUE,FALSE
chr13_25879586,chr13,25879586,ATP8A2,25371974,26025851,TRUE,FALSE
chr13_25879643,chr13,25879643,ATP8A2,25371974,26025851,TRUE,FALSE
chr13_25879758,chr13,25879758,ATP8A2,25371974,26025851,TRUE,FALSE
chr13_25879900,chr13,25879900,ATP8A2,25371974,26025851,TRUE,FALSE
chr13_25879977,chr13,25879977,ATP8A2,25371974,26025851,TRUE,FALSE
chr13_25880067,chr13,25880067,ATP8A2,25371974,26025851,TRUE,FALSE
chr13_25880191,chr13,25880191,ATP8A2,25371974,26025851,TRUE,FALSE
chr13_25880255,chr13,25880255,ATP8A2,25371974,26025851,TRUE,FALSE
chr13_25880708,chr13,25880708,ATP8A2,25371974,26025851,TRUE,FALSE
chr13_25881058,chr13,25881058,ATP8A2,25371974,26025851,TRUE,FALSE
chr13_25881533,chr13,25881533,ATP8A2,25371974,26025851,TRUE,FALSE
chr13_25881566,chr13,25881566,ATP8A2,25371974,26025851,TRUE,FALSE
chr13_25881915,chr13,25881915,ATP8A2,25371974,26025851,TRUE,FALSE
chr13_25881955,chr13,25881955,ATP8A2,25371974,26025851,TRUE,FALSE
chr13_25882026,chr13,25882026,ATP8A2,25371974,26025851,TRUE,FALSE
chr13_25882084,chr13,25882084,ATP8A2,25371974,26025851,TRUE,FALSE
chr13_25882099,chr13,25882099,ATP8A2,25371974,26025851,TRUE,FALSE
chr13_25882112,chr13,25882112,ATP8A2,25371974,26025851,TRUE,FALSE
chr13_25882147,chr13,25882147,ATP8A2,25371974,26025851,TRUE,FALSE
chr13_25882162,chr13,25882162,ATP8A2,25371974,26025851,TRUE,FALSE
chr13_25882190,chr13,25882190,ATP8A2,25371974,26025851,TRUE,FALSE
chr13_25882201,chr13,25882201,ATP8A2,25371974,26025851,TRUE,FALSE
chr13_25882225,chr13,25882225,ATP8A2,25371974,26025851,TRUE,FALSE
chr13_25882370,chr13,25882370,ATP8A2,25371974,26025851,TRUE,FALSE
chr13_25882403,chr13,25882403,ATP8A2,25371974,26025851,TRUE,FALSE
chr13_25882452,chr13,25882452,ATP8A2,25371974,26025851,TRUE,FALSE
chr13_25882488,chr13,25882488,ATP8A2,25371974,26025851,TRUE,FALSE
chr13_25882661,chr13,25882661,ATP8A2,25371974,26025851,TRUE,FALSE
chr13_25882805,chr13,25882805,ATP8A2,25371974,26025851,TRUE,FALSE
chr13_25883242,chr13,25883242,ATP8A2,25371974,26025851,TRUE,FALSE
chr13_25883350,chr13,25883350,ATP8A2,25371974,26025851,TRUE,FALSE
chr13_25883515,chr13,25883515,ATP8A2,25371974,26025851,TRUE,FALSE
chr13_25883569,chr13,25883569,ATP8A2,25371974,26025851,TRUE,FALSE
chr13_25883579,chr13,25883579,ATP8A2,25371974,26025851,TRUE,FALSE
chr13_25883825,chr13,25883825,ATP8A2,25371974,26025851,TRUE,FALSE
chr13_25883879,chr13,25883879,ATP8A2,25371974,26025851,TRUE,FALSE
chr13_25884107,chr13,25884107,ATP8A2,25371974,26025851,TRUE,FALSE
chr13_25884340,chr13,25884340,ATP8A2,25371974,26025851,TRUE,FALSE
chr13_25884373,chr13,25884373,ATP8A2,25371974,26025851,TRUE,FALSE
chr13_25884428,chr13,25884428,ATP8A2,25371974,26025851,TRUE,FALSE
chr13_25884447,chr13,25884447,ATP8A2,25371974,26025851,TRUE,FALSE
chr13_25884449,chr13,25884449,ATP8A2,25371974,26025851,TRUE,FALSE
chr13_25884656,chr13,25884656,ATP8A2,25371974,26025851,TRUE,FALSE
chr13_25884732,chr13,25884732,ATP8A2,25371974,26025851,TRUE,FALSE
chr13_25884795,chr13,25884795,ATP8A2,25371974,26025851,TRUE,FALSE
chr13_25884835,chr13,25884835,ATP8A2,25371974,26025851,TRUE,FALSE
chr13_25884878,chr13,25884878,ATP8A2,25371974,26025851,TRUE,FALSE
chr13_25884912,chr13,25884912,ATP8A2,25371974,26025851,TRUE,FALSE
chr13_25885060,chr13,25885060,ATP8A2,25371974,26025851,TRUE,FALSE
chr13_25885099,chr13,25885099,ATP8A2,25371974,26025851,TRUE,FALSE
chr13_25885175,chr13,25885175,ATP8A2,25371974,26025851,TRUE,FALSE
chr13_25885198,chr13,25885198,ATP8A2,25371974,26025851,TRUE,FALSE
chr13_25885304,chr13,25885304,ATP8A2,25371974,26025851,TRUE,FALSE
chr13_25885332,chr13,25885332,ATP8A2,25371974,26025851,TRUE,FALSE
chr13_25885364,chr13,25885364,ATP8A2,25371974,26025851,TRUE,FALSE
chr13_25885402,chr13,25885402,ATP8A2,25371974,26025851,TRUE,FALSE
chr13_25885413,chr13,25885413,ATP8A2,25371974,26025851,TRUE,FALSE
chr13_25885503,chr13,25885503,ATP8A2,25371974,26025851,TRUE,FALSE
chr13_25885579,chr13,25885579,ATP8A2,25371974,26025851,TRUE,FALSE
chr13_25885588,chr13,25885588,ATP8A2,25371974,26025851,TRUE,FALSE
chr13_25885617,chr13,25885617,ATP8A2,25371974,26025851,TRUE,FALSE
chr13_25885845,chr13,25885845,ATP8A2,25371974,26025851,TRUE,FALSE
chr13_25885880,chr13,25885880,ATP8A2,25371974,26025851,TRUE,FALSE
chr13_25885967,chr13,25885967,ATP8A2,25371974,26025851,TRUE,FALSE
chr13_25886155,chr13,25886155,ATP8A2,25371974,26025851,TRUE,FALSE
chr13_25886268,chr13,25886268,ATP8A2,25371974,26025851,TRUE,FALSE
chr13_25886290,chr13,25886290,ATP8A2,25371974,26025851,TRUE,FALSE
chr13_25886360,chr13,25886360,ATP8A2,25371974,26025851,TRUE,FALSE
chr13_25886478,chr13,25886478,ATP8A2,25371974,26025851,TRUE,FALSE
chr13_25886555,chr13,25886555,ATP8A2,25371974,26025851,TRUE,FALSE
chr13_25886561,chr13,25886561,ATP8A2,25371974,26025851,TRUE,FALSE
chr13_25886594,chr13,25886594,ATP8A2,25371974,26025851,TRUE,FALSE
chr13_25886602,chr13,25886602,ATP8A2,25371974,26025851,TRUE,FALSE
chr13_25886622,chr13,25886622,ATP8A2,25371974,26025851,TRUE,FALSE
chr13_25886624,chr13,25886624,ATP8A2,25371974,26025851,TRUE,FALSE
chr13_25886630,chr13,25886630,ATP8A2,25371974,26025851,TRUE,FALSE
chr13_25886698,chr13,25886698,ATP8A2,25371974,26025851,TRUE,FALSE
chr13_25886724,chr13,25886724,ATP8A2,25371974,26025851,TRUE,FALSE
chr13_25886768,chr13,25886768,ATP8A2,25371974,26025851,TRUE,FALSE
chr13_25887091,chr13,25887091,ATP8A2,25371974,26025851,TRUE,FALSE
chr13_25887399,chr13,25887399,ATP8A2,25371974,26025851,TRUE,FALSE
chr13_25887401,chr13,25887401,ATP8A2,25371974,26025851,TRUE,FALSE
chr13_25887441,chr13,25887441,ATP8A2,25371974,26025851,TRUE,FALSE
chr13_25887483,chr13,25887483,ATP8A2,25371974,26025851,TRUE,FALSE
chr13_25887486,chr13,25887486,ATP8A2,25371974,26025851,TRUE,FALSE
chr13_25887499,chr13,25887499,ATP8A2,25371974,26025851,TRUE,FALSE
chr13_25887527,chr13,25887527,ATP8A2,25371974,26025851,TRUE,FALSE
chr13_25887571,chr13,25887571,ATP8A2,25371974,26025851,TRUE,FALSE
chr13_25887582,chr13,25887582,ATP8A2,25371974,26025851,TRUE,FALSE
chr13_25887587,chr13,25887587,ATP8A2,25371974,26025851,TRUE,FALSE
chr13_25887615,chr13,25887615,ATP8A2,25371974,26025851,TRUE,FALSE
chr13_25887627,chr13,25887627,ATP8A2,25371974,26025851,TRUE,FALSE
chr13_25888006,chr13,25888006,ATP8A2,25371974,26025851,TRUE,FALSE
chr13_25888078,chr13,25888078,ATP8A2,25371974,26025851,TRUE,FALSE
chr13_25888113,chr13,25888113,ATP8A2,25371974,26025851,TRUE,FALSE
chr13_25888179,chr13,25888179,ATP8A2,25371974,26025851,TRUE,FALSE
chr13_25888381,chr13,25888381,ATP8A2,25371974,26025851,TRUE,FALSE
chr13_25888419,chr13,25888419,ATP8A2,25371974,26025851,TRUE,FALSE
chr13_25888536,chr13,25888536,ATP8A2,25371974,26025851,TRUE,FALSE
chr13_25888582,chr13,25888582,ATP8A2,25371974,26025851,TRUE,FALSE
chr13_25888727,chr13,25888727,ATP8A2,25371974,26025851,TRUE,FALSE
chr13_25888790,chr13,25888790,ATP8A2,25371974,26025851,TRUE,FALSE
chr13_25888799,chr13,25888799,ATP8A2,25371974,26025851,TRUE,FALSE
chr13_25888823,chr13,25888823,ATP8A2,25371974,26025851,TRUE,FALSE
chr13_25888837,chr13,25888837,ATP8A2,25371974,26025851,TRUE,FALSE
chr13_25888845,chr13,25888845,ATP8A2,25371974,26025851,TRUE,FALSE
chr13_25888978,chr13,25888978,ATP8A2,25371974,26025851,TRUE,FALSE
chr13_25889107,chr13,25889107,ATP8A2,25371974,26025851,TRUE,FALSE
chr13_25889642,chr13,25889642,ATP8A2,25371974,26025851,TRUE,FALSE
chr13_25889884,chr13,25889884,ATP8A2,25371974,26025851,TRUE,FALSE
chr13_25889888,chr13,25889888,ATP8A2,25371974,26025851,TRUE,FALSE
chr13_25889890,chr13,25889890,ATP8A2,25371974,26025851,TRUE,FALSE
chr13_25889900,chr13,25889900,ATP8A2,25371974,26025851,TRUE,FALSE
chr13_25889931,chr13,25889931,ATP8A2,25371974,26025851,TRUE,FALSE
chr13_25889944,chr13,25889944,ATP8A2,25371974,26025851,TRUE,FALSE
chr13_25889958,chr13,25889958,ATP8A2,25371974,26025851,TRUE,FALSE
chr13_25890022,chr13,25890022,ATP8A2,25371974,26025851,TRUE,FALSE
chr13_25890032,chr13,25890032,ATP8A2,25371974,26025851,TRUE,FALSE
chr13_25890110,chr13,25890110,ATP8A2,25371974,26025851,TRUE,FALSE
chr13_25890116,chr13,25890116,ATP8A2,25371974,26025851,TRUE,FALSE
chr13_25890146,chr13,25890146,ATP8A2,25371974,26025851,TRUE,FALSE
chr13_25890148,chr13,25890148,ATP8A2,25371974,26025851,TRUE,FALSE
chr13_25890190,chr13,25890190,ATP8A2,25371974,26025851,TRUE,FALSE
chr13_25890362,chr13,25890362,ATP8A2,25371974,26025851,TRUE,FALSE
chr13_25890489,chr13,25890489,ATP8A2,25371974,26025851,TRUE,FALSE
chr13_25890512,chr13,25890512,ATP8A2,25371974,26025851,TRUE,FALSE
chr13_25890693,chr13,25890693,ATP8A2,25371974,26025851,TRUE,FALSE
chr13_25890926,chr13,25890926,ATP8A2,25371974,26025851,TRUE,FALSE
chr13_25891003,chr13,25891003,ATP8A2,25371974,26025851,TRUE,FALSE
chr13_25891060,chr13,25891060,ATP8A2,25371974,26025851,TRUE,FALSE
chr13_25891238,chr13,25891238,ATP8A2,25371974,26025851,TRUE,FALSE
chr13_25891245,chr13,25891245,ATP8A2,25371974,26025851,TRUE,FALSE
chr13_25891251,chr13,25891251,ATP8A2,25371974,26025851,TRUE,FALSE
chr13_25891255,chr13,25891255,ATP8A2,25371974,26025851,TRUE,FALSE
chr13_25891353,chr13,25891353,ATP8A2,25371974,26025851,TRUE,FALSE
chr13_25891361,chr13,25891361,ATP8A2,25371974,26025851,TRUE,FALSE
chr13_25891385,chr13,25891385,ATP8A2,25371974,26025851,TRUE,FALSE
chr13_25891391,chr13,25891391,ATP8A2,25371974,26025851,TRUE,FALSE
chr13_25891483,chr13,25891483,ATP8A2,25371974,26025851,TRUE,FALSE
chr13_25891511,chr13,25891511,ATP8A2,25371974,26025851,TRUE,FALSE
chr13_25891542,chr13,25891542,ATP8A2,25371974,26025851,TRUE,FALSE
chr13_25891605,chr13,25891605,ATP8A2,25371974,26025851,TRUE,FALSE
chr13_25891619,chr13,25891619,ATP8A2,25371974,26025851,TRUE,FALSE
chr13_25891728,chr13,25891728,ATP8A2,25371974,26025851,TRUE,FALSE
chr13_25891912,chr13,25891912,ATP8A2,25371974,26025851,TRUE,FALSE
chr13_25892047,chr13,25892047,ATP8A2,25371974,26025851,TRUE,FALSE
chr13_25892049,chr13,25892049,ATP8A2,25371974,26025851,TRUE,FALSE
chr13_25892100,chr13,25892100,ATP8A2,25371974,26025851,TRUE,FALSE
chr13_25892120,chr13,25892120,ATP8A2,25371974,26025851,TRUE,FALSE
chr13_25892124,chr13,25892124,ATP8A2,25371974,26025851,TRUE,FALSE
chr13_25892267,chr13,25892267,ATP8A2,25371974,26025851,TRUE,FALSE
chr13_25892737,chr13,25892737,ATP8A2,25371974,26025851,TRUE,FALSE
chr13_25892819,chr13,25892819,ATP8A2,25371974,26025851,TRUE,FALSE
chr13_25894630,chr13,25894630,ATP8A2,25371974,26025851,TRUE,FALSE
chr13_25895427,chr13,25895427,ATP8A2,25371974,26025851,TRUE,FALSE
chr13_25895776,chr13,25895776,ATP8A2,25371974,26025851,TRUE,FALSE
chr13_25895948,chr13,25895948,ATP8A2,25371974,26025851,TRUE,FALSE
chr13_25896499,chr13,25896499,ATP8A2,25371974,26025851,TRUE,FALSE
chr13_25896604,chr13,25896604,ATP8A2,25371974,26025851,TRUE,FALSE
chr13_25897289,chr13,25897289,ATP8A2,25371974,26025851,TRUE,FALSE
chr13_25897392,chr13,25897392,ATP8A2,25371974,26025851,TRUE,FALSE
chr13_25897546,chr13,25897546,ATP8A2,25371974,26025851,TRUE,FALSE
chr13_25897796,chr13,25897796,ATP8A2,25371974,26025851,TRUE,FALSE
chr13_25897827,chr13,25897827,ATP8A2,25371974,26025851,TRUE,FALSE
chr13_25897852,chr13,25897852,ATP8A2,25371974,26025851,TRUE,FALSE
chr13_25897868,chr13,25897868,ATP8A2,25371974,26025851,TRUE,FALSE
chr13_25897933,chr13,25897933,ATP8A2,25371974,26025851,TRUE,FALSE
chr13_25897996,chr13,25897996,ATP8A2,25371974,26025851,TRUE,FALSE
chr13_25898035,chr13,25898035,ATP8A2,25371974,26025851,TRUE,FALSE
chr13_25898339,chr13,25898339,ATP8A2,25371974,26025851,TRUE,FALSE
chr13_25898412,chr13,25898412,ATP8A2,25371974,26025851,TRUE,FALSE
chr13_25898429,chr13,25898429,ATP8A2,25371974,26025851,TRUE,FALSE
chr13_25898465,chr13,25898465,ATP8A2,25371974,26025851,TRUE,FALSE
chr13_25898492,chr13,25898492,ATP8A2,25371974,26025851,TRUE,FALSE
chr13_25898521,chr13,25898521,ATP8A2,25371974,26025851,TRUE,FALSE
chr13_25898527,chr13,25898527,ATP8A2,25371974,26025851,TRUE,FALSE
chr13_25898734,chr13,25898734,ATP8A2,25371974,26025851,TRUE,FALSE
chr13_25898751,chr13,25898751,ATP8A2,25371974,26025851,TRUE,FALSE
chr13_25898757,chr13,25898757,ATP8A2,25371974,26025851,TRUE,FALSE
chr13_25898798,chr13,25898798,ATP8A2,25371974,26025851,TRUE,FALSE
chr13_25898806,chr13,25898806,ATP8A2,25371974,26025851,TRUE,FALSE
chr13_25898824,chr13,25898824,ATP8A2,25371974,26025851,TRUE,FALSE
chr13_25898836,chr13,25898836,ATP8A2,25371974,26025851,TRUE,FALSE
chr13_25898882,chr13,25898882,ATP8A2,25371974,26025851,TRUE,FALSE
chr13_25898906,chr13,25898906,ATP8A2,25371974,26025851,TRUE,FALSE
chr13_25898971,chr13,25898971,ATP8A2,25371974,26025851,TRUE,FALSE
chr13_25898978,chr13,25898978,ATP8A2,25371974,26025851,TRUE,FALSE
chr13_25899012,chr13,25899012,ATP8A2,25371974,26025851,TRUE,FALSE
chr13_25899051,chr13,25899051,ATP8A2,25371974,26025851,TRUE,FALSE
chr13_25899106,chr13,25899106,ATP8A2,25371974,26025851,TRUE,FALSE
chr13_25899118,chr13,25899118,ATP8A2,25371974,26025851,TRUE,FALSE
chr13_25899435,chr13,25899435,ATP8A2,25371974,26025851,TRUE,FALSE
chr13_25899558,chr13,25899558,ATP8A2,25371974,26025851,TRUE,FALSE
chr13_25899602,chr13,25899602,ATP8A2,25371974,26025851,TRUE,FALSE
chr13_25899626,chr13,25899626,ATP8A2,25371974,26025851,TRUE,FALSE
chr13_25899734,chr13,25899734,ATP8A2,25371974,26025851,TRUE,FALSE
chr13_25899748,chr13,25899748,ATP8A2,25371974,26025851,TRUE,FALSE
chr13_25899986,chr13,25899986,ATP8A2,25371974,26025851,TRUE,FALSE
chr13_25900397,chr13,25900397,ATP8A2,25371974,26025851,TRUE,FALSE
chr13_25900413,chr13,25900413,ATP8A2,25371974,26025851,TRUE,FALSE
chr13_25900425,chr13,25900425,ATP8A2,25371974,26025851,TRUE,FALSE
chr13_25900459,chr13,25900459,ATP8A2,25371974,26025851,TRUE,FALSE
chr13_25900492,chr13,25900492,ATP8A2,25371974,26025851,TRUE,FALSE
chr13_25900622,chr13,25900622,ATP8A2,25371974,26025851,TRUE,FALSE
chr13_25900658,chr13,25900658,ATP8A2,25371974,26025851,TRUE,FALSE
chr13_25900818,chr13,25900818,ATP8A2,25371974,26025851,TRUE,FALSE
chr13_25900842,chr13,25900842,ATP8A2,25371974,26025851,TRUE,FALSE
chr13_25900888,chr13,25900888,ATP8A2,25371974,26025851,TRUE,FALSE
chr13_25900897,chr13,25900897,ATP8A2,25371974,26025851,TRUE,FALSE
chr13_25900981,chr13,25900981,ATP8A2,25371974,26025851,TRUE,FALSE
chr13_25901018,chr13,25901018,ATP8A2,25371974,26025851,TRUE,FALSE
chr13_25901160,chr13,25901160,ATP8A2,25371974,26025851,TRUE,FALSE
chr13_25901299,chr13,25901299,ATP8A2,25371974,26025851,TRUE,FALSE
chr13_25901323,chr13,25901323,ATP8A2,25371974,26025851,TRUE,FALSE
chr13_25901672,chr13,25901672,ATP8A2,25371974,26025851,TRUE,FALSE
chr13_25901739,chr13,25901739,ATP8A2,25371974,26025851,TRUE,FALSE
chr13_25901762,chr13,25901762,ATP8A2,25371974,26025851,TRUE,FALSE
chr13_25901898,chr13,25901898,ATP8A2,25371974,26025851,TRUE,FALSE
chr13_25901919,chr13,25901919,ATP8A2,25371974,26025851,TRUE,FALSE
chr13_25901937,chr13,25901937,ATP8A2,25371974,26025851,TRUE,FALSE
chr13_25902021,chr13,25902021,ATP8A2,25371974,26025851,TRUE,FALSE
chr13_25902185,chr13,25902185,ATP8A2,25371974,26025851,TRUE,FALSE
chr13_25902223,chr13,25902223,ATP8A2,25371974,26025851,TRUE,FALSE
chr13_25902246,chr13,25902246,ATP8A2,25371974,26025851,TRUE,FALSE
chr13_25902392,chr13,25902392,ATP8A2,25371974,26025851,TRUE,FALSE
chr13_25902630,chr13,25902630,ATP8A2,25371974,26025851,TRUE,FALSE
chr13_25902741,chr13,25902741,ATP8A2,25371974,26025851,TRUE,FALSE
chr13_25902760,chr13,25902760,ATP8A2,25371974,26025851,TRUE,FALSE
chr13_25902822,chr13,25902822,ATP8A2,25371974,26025851,TRUE,FALSE
chr13_25902853,chr13,25902853,ATP8A2,25371974,26025851,TRUE,FALSE
chr13_25902884,chr13,25902884,ATP8A2,25371974,26025851,TRUE,FALSE
chr13_25903025,chr13,25903025,ATP8A2,25371974,26025851,TRUE,FALSE
chr13_25903047,chr13,25903047,ATP8A2,25371974,26025851,TRUE,FALSE
chr13_25903075,chr13,25903075,ATP8A2,25371974,26025851,TRUE,FALSE
chr13_25903103,chr13,25903103,ATP8A2,25371974,26025851,TRUE,FALSE
chr13_25903111,chr13,25903111,ATP8A2,25371974,26025851,TRUE,FALSE
chr13_25903132,chr13,25903132,ATP8A2,25371974,26025851,TRUE,FALSE
chr13_25903154,chr13,25903154,ATP8A2,25371974,26025851,TRUE,FALSE
chr13_25903205,chr13,25903205,ATP8A2,25371974,26025851,TRUE,FALSE
chr13_25903287,chr13,25903287,ATP8A2,25371974,26025851,TRUE,FALSE
chr13_25903521,chr13,25903521,ATP8A2,25371974,26025851,TRUE,FALSE
chr13_25903626,chr13,25903626,ATP8A2,25371974,26025851,TRUE,FALSE
chr13_25903635,chr13,25903635,ATP8A2,25371974,26025851,TRUE,FALSE
chr13_25903708,chr13,25903708,ATP8A2,25371974,26025851,TRUE,FALSE
chr13_25903751,chr13,25903751,ATP8A2,25371974,26025851,TRUE,FALSE
chr13_25903757,chr13,25903757,ATP8A2,25371974,26025851,TRUE,FALSE
chr13_25904044,chr13,25904044,ATP8A2,25371974,26025851,TRUE,FALSE
chr13_25904141,chr13,25904141,ATP8A2,25371974,26025851,TRUE,FALSE
chr13_25904154,chr13,25904154,ATP8A2,25371974,26025851,TRUE,FALSE
chr13_25904216,chr13,25904216,ATP8A2,25371974,26025851,TRUE,FALSE
chr13_25904302,chr13,25904302,ATP8A2,25371974,26025851,TRUE,FALSE
chr13_25904331,chr13,25904331,ATP8A2,25371974,26025851,TRUE,FALSE
chr13_25904361,chr13,25904361,ATP8A2,25371974,26025851,TRUE,FALSE
chr13_25904390,chr13,25904390,ATP8A2,25371974,26025851,TRUE,FALSE
chr13_25904400,chr13,25904400,ATP8A2,25371974,26025851,TRUE,FALSE
chr13_25904448,chr13,25904448,ATP8A2,25371974,26025851,TRUE,FALSE
chr13_25904454,chr13,25904454,ATP8A2,25371974,26025851,TRUE,FALSE
chr13_25904479,chr13,25904479,ATP8A2,25371974,26025851,TRUE,FALSE
chr13_25904500,chr13,25904500,ATP8A2,25371974,26025851,TRUE,FALSE
chr13_25904523,chr13,25904523,ATP8A2,25371974,26025851,TRUE,FALSE
chr13_25904556,chr13,25904556,ATP8A2,25371974,26025851,TRUE,FALSE
chr13_25904846,chr13,25904846,ATP8A2,25371974,26025851,TRUE,FALSE
chr13_25904966,chr13,25904966,ATP8A2,25371974,26025851,TRUE,FALSE
chr13_25904995,chr13,25904995,ATP8A2,25371974,26025851,TRUE,FALSE
chr13_25905017,chr13,25905017,ATP8A2,25371974,26025851,TRUE,FALSE
chr13_25905028,chr13,25905028,ATP8A2,25371974,26025851,TRUE,FALSE
chr13_25905034,chr13,25905034,ATP8A2,25371974,26025851,TRUE,FALSE
chr13_25905039,chr13,25905039,ATP8A2,25371974,26025851,TRUE,FALSE
chr13_25905091,chr13,25905091,ATP8A2,25371974,26025851,TRUE,FALSE
chr13_25905122,chr13,25905122,ATP8A2,25371974,26025851,TRUE,FALSE
chr13_25905214,chr13,25905214,ATP8A2,25371974,26025851,TRUE,FALSE
chr13_25905308,chr13,25905308,ATP8A2,25371974,26025851,TRUE,FALSE
chr13_25905331,chr13,25905331,ATP8A2,25371974,26025851,TRUE,FALSE
chr13_25905371,chr13,25905371,ATP8A2,25371974,26025851,TRUE,FALSE
chr13_25905502,chr13,25905502,ATP8A2,25371974,26025851,TRUE,FALSE
chr13_25905519,chr13,25905519,ATP8A2,25371974,26025851,TRUE,FALSE
chr13_25905552,chr13,25905552,ATP8A2,25371974,26025851,TRUE,FALSE
chr13_25905561,chr13,25905561,ATP8A2,25371974,26025851,TRUE,FALSE
chr13_25905570,chr13,25905570,ATP8A2,25371974,26025851,TRUE,FALSE
chr13_25905595,chr13,25905595,ATP8A2,25371974,26025851,TRUE,FALSE
chr13_25905622,chr13,25905622,ATP8A2,25371974,26025851,TRUE,FALSE
chr13_25905684,chr13,25905684,ATP8A2,25371974,26025851,TRUE,FALSE
chr13_25905755,chr13,25905755,ATP8A2,25371974,26025851,TRUE,FALSE
chr13_25905833,chr13,25905833,ATP8A2,25371974,26025851,TRUE,FALSE
chr13_25905889,chr13,25905889,ATP8A2,25371974,26025851,TRUE,FALSE
chr13_25906485,chr13,25906485,ATP8A2,25371974,26025851,TRUE,FALSE
chr13_25906499,chr13,25906499,ATP8A2,25371974,26025851,TRUE,FALSE
chr13_25906566,chr13,25906566,ATP8A2,25371974,26025851,TRUE,FALSE
chr13_25906597,chr13,25906597,ATP8A2,25371974,26025851,TRUE,FALSE
chr13_25906808,chr13,25906808,ATP8A2,25371974,26025851,TRUE,FALSE
chr13_25906905,chr13,25906905,ATP8A2,25371974,26025851,TRUE,FALSE
chr13_25906967,chr13,25906967,ATP8A2,25371974,26025851,TRUE,FALSE
chr13_25907000,chr13,25907000,ATP8A2,25371974,26025851,TRUE,FALSE
chr13_25907004,chr13,25907004,ATP8A2,25371974,26025851,TRUE,FALSE
chr13_25907058,chr13,25907058,ATP8A2,25371974,26025851,TRUE,FALSE
chr13_25907087,chr13,25907087,ATP8A2,25371974,26025851,TRUE,FALSE
chr13_25907090,chr13,25907090,ATP8A2,25371974,26025851,TRUE,FALSE
chr13_25907123,chr13,25907123,ATP8A2,25371974,26025851,TRUE,FALSE
chr13_25907170,chr13,25907170,ATP8A2,25371974,26025851,TRUE,FALSE
chr13_25907193,chr13,25907193,ATP8A2,25371974,26025851,TRUE,FALSE
chr13_25907204,chr13,25907204,ATP8A2,25371974,26025851,TRUE,FALSE
chr13_25907206,chr13,25907206,ATP8A2,25371974,26025851,TRUE,FALSE
chr13_25907228,chr13,25907228,ATP8A2,25371974,26025851,TRUE,FALSE
chr13_25907236,chr13,25907236,ATP8A2,25371974,26025851,TRUE,FALSE
chr13_25907257,chr13,25907257,ATP8A2,25371974,26025851,TRUE,FALSE
chr13_25907308,chr13,25907308,ATP8A2,25371974,26025851,TRUE,FALSE
chr13_25907337,chr13,25907337,ATP8A2,25371974,26025851,TRUE,FALSE
chr13_25907429,chr13,25907429,ATP8A2,25371974,26025851,TRUE,FALSE
chr13_25907565,chr13,25907565,ATP8A2,25371974,26025851,TRUE,FALSE
chr13_25907587,chr13,25907587,ATP8A2,25371974,26025851,TRUE,FALSE
chr13_25907823,chr13,25907823,ATP8A2,25371974,26025851,TRUE,FALSE
chr13_25907919,chr13,25907919,ATP8A2,25371974,26025851,TRUE,FALSE
chr13_25908035,chr13,25908035,ATP8A2,25371974,26025851,TRUE,FALSE
chr13_25908112,chr13,25908112,ATP8A2,25371974,26025851,TRUE,FALSE
chr13_25908163,chr13,25908163,ATP8A2,25371974,26025851,TRUE,FALSE
chr13_25908181,chr13,25908181,ATP8A2,25371974,26025851,TRUE,FALSE
chr13_25908186,chr13,25908186,ATP8A2,25371974,26025851,TRUE,FALSE
chr13_25908248,chr13,25908248,ATP8A2,25371974,26025851,TRUE,FALSE
chr13_25908282,chr13,25908282,ATP8A2,25371974,26025851,TRUE,FALSE
chr13_25908431,chr13,25908431,ATP8A2,25371974,26025851,TRUE,FALSE
chr13_25908460,chr13,25908460,ATP8A2,25371974,26025851,TRUE,FALSE
chr13_25908518,chr13,25908518,ATP8A2,25371974,26025851,TRUE,FALSE
chr13_25908590,chr13,25908590,ATP8A2,25371974,26025851,TRUE,FALSE
chr13_25908850,chr13,25908850,ATP8A2,25371974,26025851,TRUE,FALSE
chr13_25908991,chr13,25908991,ATP8A2,25371974,26025851,TRUE,FALSE
chr13_25909280,chr13,25909280,ATP8A2,25371974,26025851,TRUE,FALSE
chr13_25909382,chr13,25909382,ATP8A2,25371974,26025851,TRUE,FALSE
chr13_25909499,chr13,25909499,ATP8A2,25371974,26025851,TRUE,FALSE
chr13_25909537,chr13,25909537,ATP8A2,25371974,26025851,TRUE,FALSE
chr13_25909566,chr13,25909566,ATP8A2,25371974,26025851,TRUE,FALSE
chr13_25909768,chr13,25909768,ATP8A2,25371974,26025851,TRUE,FALSE
chr13_25909798,chr13,25909798,ATP8A2,25371974,26025851,TRUE,FALSE
chr13_25909801,chr13,25909801,ATP8A2,25371974,26025851,TRUE,FALSE
chr13_25909820,chr13,25909820,ATP8A2,25371974,26025851,TRUE,FALSE
chr13_25910002,chr13,25910002,ATP8A2,25371974,26025851,TRUE,FALSE
chr13_25910031,chr13,25910031,ATP8A2,25371974,26025851,TRUE,FALSE
chr13_25910061,chr13,25910061,ATP8A2,25371974,26025851,TRUE,FALSE
chr13_25910063,chr13,25910063,ATP8A2,25371974,26025851,TRUE,FALSE
chr13_25910088,chr13,25910088,ATP8A2,25371974,26025851,TRUE,FALSE
chr13_25910353,chr13,25910353,ATP8A2,25371974,26025851,TRUE,FALSE
chr13_25910361,chr13,25910361,ATP8A2,25371974,26025851,TRUE,FALSE
chr13_25910373,chr13,25910373,ATP8A2,25371974,26025851,TRUE,FALSE
chr13_25910615,chr13,25910615,ATP8A2,25371974,26025851,TRUE,FALSE
chr13_25910697,chr13,25910697,ATP8A2,25371974,26025851,TRUE,FALSE
chr13_25910705,chr13,25910705,ATP8A2,25371974,26025851,TRUE,FALSE
chr13_25910739,chr13,25910739,ATP8A2,25371974,26025851,TRUE,FALSE
chr13_25910872,chr13,25910872,ATP8A2,25371974,26025851,TRUE,FALSE
chr13_25911432,chr13,25911432,ATP8A2,25371974,26025851,TRUE,FALSE
chr13_25911607,chr13,25911607,ATP8A2,25371974,26025851,TRUE,FALSE
chr13_25911663,chr13,25911663,ATP8A2,25371974,26025851,TRUE,FALSE
chr13_25911666,chr13,25911666,ATP8A2,25371974,26025851,TRUE,FALSE
chr13_25911723,chr13,25911723,ATP8A2,25371974,26025851,TRUE,FALSE
chr13_25911730,chr13,25911730,ATP8A2,25371974,26025851,TRUE,FALSE
chr13_25911837,chr13,25911837,ATP8A2,25371974,26025851,TRUE,FALSE
chr13_25912564,chr13,25912564,ATP8A2,25371974,26025851,TRUE,FALSE
chr13_25912621,chr13,25912621,ATP8A2,25371974,26025851,TRUE,FALSE
chr13_25912801,chr13,25912801,ATP8A2,25371974,26025851,TRUE,FALSE
chr13_25912813,chr13,25912813,ATP8A2,25371974,26025851,TRUE,FALSE
chr13_25912918,chr13,25912918,ATP8A2,25371974,26025851,TRUE,FALSE
chr13_25912958,chr13,25912958,ATP8A2,25371974,26025851,TRUE,FALSE
chr13_25913014,chr13,25913014,ATP8A2,25371974,26025851,TRUE,FALSE
chr13_25913075,chr13,25913075,ATP8A2,25371974,26025851,TRUE,FALSE
chr13_25913171,chr13,25913171,ATP8A2,25371974,26025851,TRUE,FALSE
chr13_25913251,chr13,25913251,ATP8A2,25371974,26025851,TRUE,FALSE
chr13_25913564,chr13,25913564,ATP8A2,25371974,26025851,TRUE,FALSE
chr13_25913666,chr13,25913666,ATP8A2,25371974,26025851,TRUE,FALSE
chr13_25914029,chr13,25914029,ATP8A2,25371974,26025851,TRUE,FALSE
chr13_25914673,chr13,25914673,ATP8A2,25371974,26025851,TRUE,FALSE
chr13_25914773,chr13,25914773,ATP8A2,25371974,26025851,TRUE,FALSE
chr13_25914805,chr13,25914805,ATP8A2,25371974,26025851,TRUE,FALSE
chr13_25914877,chr13,25914877,ATP8A2,25371974,26025851,TRUE,FALSE
chr13_25914896,chr13,25914896,ATP8A2,25371974,26025851,TRUE,FALSE
chr13_25914915,chr13,25914915,ATP8A2,25371974,26025851,TRUE,FALSE
chr13_25914975,chr13,25914975,ATP8A2,25371974,26025851,TRUE,FALSE
chr13_25915047,chr13,25915047,ATP8A2,25371974,26025851,TRUE,FALSE
chr13_25915222,chr13,25915222,ATP8A2,25371974,26025851,TRUE,FALSE
chr13_25915259,chr13,25915259,ATP8A2,25371974,26025851,TRUE,FALSE
chr13_25915471,chr13,25915471,ATP8A2,25371974,26025851,TRUE,FALSE
chr13_25915525,chr13,25915525,ATP8A2,25371974,26025851,TRUE,FALSE
chr13_25915619,chr13,25915619,ATP8A2,25371974,26025851,TRUE,FALSE
chr13_25915903,chr13,25915903,ATP8A2,25371974,26025851,TRUE,FALSE
chr13_25915975,chr13,25915975,ATP8A2,25371974,26025851,TRUE,FALSE
chr13_25916010,chr13,25916010,ATP8A2,25371974,26025851,TRUE,FALSE
chr13_25916106,chr13,25916106,ATP8A2,25371974,26025851,TRUE,FALSE
chr13_25916264,chr13,25916264,ATP8A2,25371974,26025851,TRUE,FALSE
chr13_25916305,chr13,25916305,ATP8A2,25371974,26025851,TRUE,FALSE
chr13_25916321,chr13,25916321,ATP8A2,25371974,26025851,TRUE,FALSE
chr13_25916345,chr13,25916345,ATP8A2,25371974,26025851,TRUE,FALSE
chr13_25916348,chr13,25916348,ATP8A2,25371974,26025851,TRUE,FALSE
chr13_25916421,chr13,25916421,ATP8A2,25371974,26025851,TRUE,FALSE
chr13_25916523,chr13,25916523,ATP8A2,25371974,26025851,TRUE,FALSE
chr13_25916539,chr13,25916539,ATP8A2,25371974,26025851,TRUE,FALSE
chr13_25916567,chr13,25916567,ATP8A2,25371974,26025851,TRUE,FALSE
chr13_25916569,chr13,25916569,ATP8A2,25371974,26025851,TRUE,FALSE
chr13_25916572,chr13,25916572,ATP8A2,25371974,26025851,TRUE,FALSE
chr13_25916604,chr13,25916604,ATP8A2,25371974,26025851,TRUE,FALSE
chr13_25916614,chr13,25916614,ATP8A2,25371974,26025851,TRUE,FALSE
chr13_25916672,chr13,25916672,ATP8A2,25371974,26025851,TRUE,FALSE
chr13_25917064,chr13,25917064,ATP8A2,25371974,26025851,TRUE,FALSE
chr13_25917105,chr13,25917105,ATP8A2,25371974,26025851,TRUE,FALSE
chr13_25917371,chr13,25917371,ATP8A2,25371974,26025851,TRUE,FALSE
chr13_25917848,chr13,25917848,ATP8A2,25371974,26025851,TRUE,FALSE
chr13_25918420,chr13,25918420,ATP8A2,25371974,26025851,TRUE,FALSE
chr13_25918469,chr13,25918469,ATP8A2,25371974,26025851,TRUE,FALSE
chr13_25918648,chr13,25918648,ATP8A2,25371974,26025851,TRUE,FALSE
chr13_25918769,chr13,25918769,ATP8A2,25371974,26025851,TRUE,FALSE
chr13_25919361,chr13,25919361,ATP8A2,25371974,26025851,TRUE,FALSE
chr13_25919440,chr13,25919440,ATP8A2,25371974,26025851,TRUE,FALSE
chr13_25919511,chr13,25919511,ATP8A2,25371974,26025851,TRUE,FALSE
chr13_25919523,chr13,25919523,ATP8A2,25371974,26025851,TRUE,FALSE
chr13_25919693,chr13,25919693,ATP8A2,25371974,26025851,TRUE,FALSE
chr13_25919820,chr13,25919820,ATP8A2,25371974,26025851,TRUE,FALSE
chr13_25919850,chr13,25919850,ATP8A2,25371974,26025851,TRUE,FALSE
chr13_25919881,chr13,25919881,ATP8A2,25371974,26025851,TRUE,FALSE
chr13_25919992,chr13,25919992,ATP8A2,25371974,26025851,TRUE,FALSE
chr13_25920007,chr13,25920007,ATP8A2,25371974,26025851,TRUE,FALSE
chr13_25920079,chr13,25920079,ATP8A2,25371974,26025851,TRUE,FALSE
chr13_25920086,chr13,25920086,ATP8A2,25371974,26025851,TRUE,FALSE
chr13_25920173,chr13,25920173,ATP8A2,25371974,26025851,TRUE,FALSE
chr13_25920231,chr13,25920231,ATP8A2,25371974,26025851,TRUE,FALSE
chr13_25920296,chr13,25920296,ATP8A2,25371974,26025851,TRUE,FALSE
chr13_25920537,chr13,25920537,ATP8A2,25371974,26025851,TRUE,FALSE
chr13_25920633,chr13,25920633,ATP8A2,25371974,26025851,TRUE,FALSE
chr13_25920842,chr13,25920842,ATP8A2,25371974,26025851,TRUE,FALSE
chr13_25920874,chr13,25920874,ATP8A2,25371974,26025851,TRUE,FALSE
chr13_25920942,chr13,25920942,ATP8A2,25371974,26025851,TRUE,FALSE
chr13_25920962,chr13,25920962,ATP8A2,25371974,26025851,TRUE,FALSE
chr13_25921002,chr13,25921002,ATP8A2,25371974,26025851,TRUE,FALSE
chr13_25921173,chr13,25921173,ATP8A2,25371974,26025851,TRUE,FALSE
chr13_25921345,chr13,25921345,ATP8A2,25371974,26025851,TRUE,FALSE
chr13_25921491,chr13,25921491,ATP8A2,25371974,26025851,TRUE,FALSE
chr13_25921554,chr13,25921554,ATP8A2,25371974,26025851,TRUE,FALSE
chr13_25921579,chr13,25921579,ATP8A2,25371974,26025851,TRUE,FALSE
chr13_25921674,chr13,25921674,ATP8A2,25371974,26025851,TRUE,FALSE
chr13_25921774,chr13,25921774,ATP8A2,25371974,26025851,TRUE,FALSE
chr13_25921821,chr13,25921821,ATP8A2,25371974,26025851,TRUE,FALSE
chr13_25921889,chr13,25921889,ATP8A2,25371974,26025851,TRUE,FALSE
chr13_25922111,chr13,25922111,ATP8A2,25371974,26025851,TRUE,FALSE
chr13_25922193,chr13,25922193,ATP8A2,25371974,26025851,TRUE,FALSE
chr13_25922410,chr13,25922410,ATP8A2,25371974,26025851,TRUE,FALSE
chr13_25922553,chr13,25922553,ATP8A2,25371974,26025851,TRUE,FALSE
chr13_25922612,chr13,25922612,ATP8A2,25371974,26025851,TRUE,FALSE
chr13_25922620,chr13,25922620,ATP8A2,25371974,26025851,TRUE,FALSE
chr13_25922630,chr13,25922630,ATP8A2,25371974,26025851,TRUE,FALSE
chr13_25922659,chr13,25922659,ATP8A2,25371974,26025851,TRUE,FALSE
chr13_25922665,chr13,25922665,ATP8A2,25371974,26025851,TRUE,FALSE
chr13_25922714,chr13,25922714,ATP8A2,25371974,26025851,TRUE,FALSE
chr13_25922997,chr13,25922997,ATP8A2,25371974,26025851,TRUE,FALSE
chr13_25923310,chr13,25923310,ATP8A2,25371974,26025851,TRUE,FALSE
chr13_25923347,chr13,25923347,ATP8A2,25371974,26025851,TRUE,FALSE
chr13_25923425,chr13,25923425,ATP8A2,25371974,26025851,TRUE,FALSE
chr13_25923488,chr13,25923488,ATP8A2,25371974,26025851,TRUE,FALSE
chr13_25923755,chr13,25923755,ATP8A2,25371974,26025851,TRUE,FALSE
chr13_25924121,chr13,25924121,ATP8A2,25371974,26025851,TRUE,FALSE
chr13_25924461,chr13,25924461,ATP8A2,25371974,26025851,TRUE,FALSE
chr13_25924465,chr13,25924465,ATP8A2,25371974,26025851,TRUE,FALSE
chr13_25924768,chr13,25924768,ATP8A2,25371974,26025851,TRUE,FALSE
chr13_25924898,chr13,25924898,ATP8A2,25371974,26025851,TRUE,FALSE
chr13_25924960,chr13,25924960,ATP8A2,25371974,26025851,TRUE,FALSE
chr13_25924974,chr13,25924974,ATP8A2,25371974,26025851,TRUE,FALSE
chr13_25925016,chr13,25925016,ATP8A2,25371974,26025851,TRUE,FALSE
chr13_25925259,chr13,25925259,ATP8A2,25371974,26025851,TRUE,FALSE
chr13_25925272,chr13,25925272,ATP8A2,25371974,26025851,TRUE,FALSE
chr13_25925330,chr13,25925330,ATP8A2,25371974,26025851,TRUE,FALSE
chr13_25925390,chr13,25925390,ATP8A2,25371974,26025851,TRUE,FALSE
chr13_25925406,chr13,25925406,ATP8A2,25371974,26025851,TRUE,FALSE
chr13_25925426,chr13,25925426,ATP8A2,25371974,26025851,TRUE,FALSE
chr13_25925450,chr13,25925450,ATP8A2,25371974,26025851,TRUE,FALSE
chr13_25925491,chr13,25925491,ATP8A2,25371974,26025851,TRUE,FALSE
chr13_25925514,chr13,25925514,ATP8A2,25371974,26025851,TRUE,FALSE
chr13_25925750,chr13,25925750,ATP8A2,25371974,26025851,TRUE,FALSE
chr13_25925796,chr13,25925796,ATP8A2,25371974,26025851,TRUE,FALSE
chr13_25925872,chr13,25925872,ATP8A2,25371974,26025851,TRUE,FALSE
chr13_25925874,chr13,25925874,ATP8A2,25371974,26025851,TRUE,FALSE
chr13_25925914,chr13,25925914,ATP8A2,25371974,26025851,TRUE,FALSE
chr13_25925977,chr13,25925977,ATP8A2,25371974,26025851,TRUE,FALSE
chr13_25926015,chr13,25926015,ATP8A2,25371974,26025851,TRUE,FALSE
chr13_25926293,chr13,25926293,ATP8A2,25371974,26025851,TRUE,FALSE
chr13_25926481,chr13,25926481,ATP8A2,25371974,26025851,TRUE,FALSE
chr13_25926714,chr13,25926714,ATP8A2,25371974,26025851,TRUE,FALSE
chr13_25926737,chr13,25926737,ATP8A2,25371974,26025851,TRUE,FALSE
chr13_25927013,chr13,25927013,ATP8A2,25371974,26025851,TRUE,FALSE
chr13_25927136,chr13,25927136,ATP8A2,25371974,26025851,TRUE,FALSE
chr13_25927169,chr13,25927169,ATP8A2,25371974,26025851,TRUE,FALSE
chr13_25927178,chr13,25927178,ATP8A2,25371974,26025851,TRUE,FALSE
chr13_25927181,chr13,25927181,ATP8A2,25371974,26025851,TRUE,FALSE
chr13_25927196,chr13,25927196,ATP8A2,25371974,26025851,TRUE,FALSE
chr13_25927214,chr13,25927214,ATP8A2,25371974,26025851,TRUE,FALSE
chr13_25927259,chr13,25927259,ATP8A2,25371974,26025851,TRUE,FALSE
chr13_25927474,chr13,25927474,ATP8A2,25371974,26025851,TRUE,FALSE
chr13_25927498,chr13,25927498,ATP8A2,25371974,26025851,TRUE,FALSE
chr13_25927553,chr13,25927553,ATP8A2,25371974,26025851,TRUE,FALSE
chr13_25927565,chr13,25927565,ATP8A2,25371974,26025851,TRUE,FALSE
chr13_25927596,chr13,25927596,ATP8A2,25371974,26025851,TRUE,FALSE
chr13_25927730,chr13,25927730,ATP8A2,25371974,26025851,TRUE,FALSE
chr13_25927831,chr13,25927831,ATP8A2,25371974,26025851,TRUE,FALSE
chr13_25927915,chr13,25927915,ATP8A2,25371974,26025851,TRUE,FALSE
chr13_25928118,chr13,25928118,ATP8A2,25371974,26025851,TRUE,FALSE
chr13_25928314,chr13,25928314,ATP8A2,25371974,26025851,TRUE,FALSE
chr13_25928341,chr13,25928341,ATP8A2,25371974,26025851,TRUE,FALSE
chr13_25928520,chr13,25928520,ATP8A2,25371974,26025851,TRUE,FALSE
chr13_25928528,chr13,25928528,ATP8A2,25371974,26025851,TRUE,FALSE
chr13_25928637,chr13,25928637,ATP8A2,25371974,26025851,TRUE,FALSE
chr13_25928648,chr13,25928648,ATP8A2,25371974,26025851,TRUE,FALSE
chr13_25928675,chr13,25928675,ATP8A2,25371974,26025851,TRUE,FALSE
chr13_25928849,chr13,25928849,ATP8A2,25371974,26025851,TRUE,FALSE
chr13_25928872,chr13,25928872,ATP8A2,25371974,26025851,TRUE,FALSE
chr13_25928878,chr13,25928878,ATP8A2,25371974,26025851,TRUE,FALSE
chr13_25928903,chr13,25928903,ATP8A2,25371974,26025851,TRUE,FALSE
chr13_25928916,chr13,25928916,ATP8A2,25371974,26025851,TRUE,FALSE
chr13_25928941,chr13,25928941,ATP8A2,25371974,26025851,TRUE,FALSE
chr13_25929058,chr13,25929058,ATP8A2,25371974,26025851,TRUE,FALSE
chr13_25929097,chr13,25929097,ATP8A2,25371974,26025851,TRUE,FALSE
chr13_25929175,chr13,25929175,ATP8A2,25371974,26025851,TRUE,FALSE
chr13_25929185,chr13,25929185,ATP8A2,25371974,26025851,TRUE,FALSE
chr13_25929232,chr13,25929232,ATP8A2,25371974,26025851,TRUE,FALSE
chr13_25929236,chr13,25929236,ATP8A2,25371974,26025851,TRUE,FALSE
chr13_25929245,chr13,25929245,ATP8A2,25371974,26025851,TRUE,FALSE
chr13_25929304,chr13,25929304,ATP8A2,25371974,26025851,TRUE,FALSE
chr13_25929374,chr13,25929374,ATP8A2,25371974,26025851,TRUE,FALSE
chr13_25929488,chr13,25929488,ATP8A2,25371974,26025851,TRUE,FALSE
chr13_25929576,chr13,25929576,ATP8A2,25371974,26025851,TRUE,FALSE
chr13_25929580,chr13,25929580,ATP8A2,25371974,26025851,TRUE,FALSE
chr13_25929624,chr13,25929624,ATP8A2,25371974,26025851,TRUE,FALSE
chr13_25929686,chr13,25929686,ATP8A2,25371974,26025851,TRUE,FALSE
chr13_25929721,chr13,25929721,ATP8A2,25371974,26025851,TRUE,FALSE
chr13_25929731,chr13,25929731,ATP8A2,25371974,26025851,TRUE,FALSE
chr13_25929810,chr13,25929810,ATP8A2,25371974,26025851,TRUE,FALSE
chr13_25929926,chr13,25929926,ATP8A2,25371974,26025851,TRUE,FALSE
chr13_25929930,chr13,25929930,ATP8A2,25371974,26025851,TRUE,FALSE
chr13_25929975,chr13,25929975,ATP8A2,25371974,26025851,TRUE,FALSE
chr13_25930009,chr13,25930009,ATP8A2,25371974,26025851,TRUE,FALSE
chr13_25930029,chr13,25930029,ATP8A2,25371974,26025851,TRUE,FALSE
chr13_25930051,chr13,25930051,ATP8A2,25371974,26025851,TRUE,FALSE
chr13_25930514,chr13,25930514,ATP8A2,25371974,26025851,TRUE,FALSE
chr13_25930607,chr13,25930607,ATP8A2,25371974,26025851,TRUE,FALSE
chr13_25930678,chr13,25930678,ATP8A2,25371974,26025851,TRUE,FALSE
chr13_25930843,chr13,25930843,ATP8A2,25371974,26025851,TRUE,FALSE
chr13_25930853,chr13,25930853,ATP8A2,25371974,26025851,TRUE,FALSE
chr13_25930898,chr13,25930898,ATP8A2,25371974,26025851,TRUE,FALSE
chr13_25930901,chr13,25930901,ATP8A2,25371974,26025851,TRUE,FALSE
chr13_25930913,chr13,25930913,ATP8A2,25371974,26025851,TRUE,FALSE
chr13_25931136,chr13,25931136,ATP8A2,25371974,26025851,TRUE,FALSE
chr13_25931141,chr13,25931141,ATP8A2,25371974,26025851,TRUE,FALSE
chr13_25931179,chr13,25931179,ATP8A2,25371974,26025851,TRUE,FALSE
chr13_25931207,chr13,25931207,ATP8A2,25371974,26025851,TRUE,FALSE
chr13_25931219,chr13,25931219,ATP8A2,25371974,26025851,TRUE,FALSE
chr13_25931290,chr13,25931290,ATP8A2,25371974,26025851,TRUE,FALSE
chr13_25931466,chr13,25931466,ATP8A2,25371974,26025851,TRUE,FALSE
chr13_25931530,chr13,25931530,ATP8A2,25371974,26025851,TRUE,FALSE
chr13_25931537,chr13,25931537,ATP8A2,25371974,26025851,TRUE,FALSE
chr13_25931604,chr13,25931604,ATP8A2,25371974,26025851,TRUE,FALSE
chr13_25931699,chr13,25931699,ATP8A2,25371974,26025851,TRUE,FALSE
chr13_25931708,chr13,25931708,ATP8A2,25371974,26025851,TRUE,FALSE
chr13_25931774,chr13,25931774,ATP8A2,25371974,26025851,TRUE,FALSE
chr13_25931812,chr13,25931812,ATP8A2,25371974,26025851,TRUE,FALSE
chr13_25931817,chr13,25931817,ATP8A2,25371974,26025851,TRUE,FALSE
chr13_25931821,chr13,25931821,ATP8A2,25371974,26025851,TRUE,FALSE
chr13_25931844,chr13,25931844,ATP8A2,25371974,26025851,TRUE,FALSE
chr13_25931876,chr13,25931876,ATP8A2,25371974,26025851,TRUE,FALSE
chr13_25931916,chr13,25931916,ATP8A2,25371974,26025851,TRUE,FALSE
chr13_25931948,chr13,25931948,ATP8A2,25371974,26025851,TRUE,FALSE
chr13_25931996,chr13,25931996,ATP8A2,25371974,26025851,TRUE,FALSE
chr13_25932004,chr13,25932004,ATP8A2,25371974,26025851,TRUE,FALSE
chr13_25932143,chr13,25932143,ATP8A2,25371974,26025851,TRUE,FALSE
chr13_25932166,chr13,25932166,ATP8A2,25371974,26025851,TRUE,FALSE
chr13_25932174,chr13,25932174,ATP8A2,25371974,26025851,TRUE,FALSE
chr13_25932309,chr13,25932309,ATP8A2,25371974,26025851,TRUE,FALSE
chr13_25932354,chr13,25932354,ATP8A2,25371974,26025851,TRUE,FALSE
chr13_25932364,chr13,25932364,ATP8A2,25371974,26025851,TRUE,FALSE
chr13_25932456,chr13,25932456,ATP8A2,25371974,26025851,TRUE,FALSE
chr13_25932816,chr13,25932816,ATP8A2,25371974,26025851,TRUE,FALSE
chr13_25932869,chr13,25932869,ATP8A2,25371974,26025851,TRUE,FALSE
chr13_25932907,chr13,25932907,ATP8A2,25371974,26025851,TRUE,FALSE
chr13_25932915,chr13,25932915,ATP8A2,25371974,26025851,TRUE,FALSE
chr13_25932932,chr13,25932932,ATP8A2,25371974,26025851,TRUE,FALSE
chr13_25933008,chr13,25933008,ATP8A2,25371974,26025851,TRUE,FALSE
chr13_25933090,chr13,25933090,ATP8A2,25371974,26025851,TRUE,FALSE
chr13_25933260,chr13,25933260,ATP8A2,25371974,26025851,TRUE,FALSE
chr13_25933362,chr13,25933362,ATP8A2,25371974,26025851,TRUE,FALSE
chr13_25933555,chr13,25933555,ATP8A2,25371974,26025851,TRUE,FALSE
chr13_25933761,chr13,25933761,ATP8A2,25371974,26025851,TRUE,FALSE
chr13_25934229,chr13,25934229,ATP8A2,25371974,26025851,TRUE,FALSE
chr13_25934338,chr13,25934338,ATP8A2,25371974,26025851,TRUE,FALSE
chr13_25934374,chr13,25934374,ATP8A2,25371974,26025851,TRUE,FALSE
chr13_25934416,chr13,25934416,ATP8A2,25371974,26025851,TRUE,FALSE
chr13_25934439,chr13,25934439,ATP8A2,25371974,26025851,TRUE,FALSE
chr13_25934486,chr13,25934486,ATP8A2,25371974,26025851,TRUE,FALSE
chr13_25934562,chr13,25934562,ATP8A2,25371974,26025851,TRUE,FALSE
chr13_25934687,chr13,25934687,ATP8A2,25371974,26025851,TRUE,FALSE
chr13_25934839,chr13,25934839,ATP8A2,25371974,26025851,TRUE,FALSE
chr13_25934869,chr13,25934869,ATP8A2,25371974,26025851,TRUE,FALSE
chr13_25934972,chr13,25934972,ATP8A2,25371974,26025851,TRUE,FALSE
chr13_25935260,chr13,25935260,ATP8A2,25371974,26025851,TRUE,FALSE
chr13_25935604,chr13,25935604,ATP8A2,25371974,26025851,TRUE,FALSE
chr13_25935673,chr13,25935673,ATP8A2,25371974,26025851,TRUE,FALSE
chr13_25935774,chr13,25935774,ATP8A2,25371974,26025851,TRUE,FALSE
chr13_25936270,chr13,25936270,ATP8A2,25371974,26025851,TRUE,FALSE
chr13_25936293,chr13,25936293,ATP8A2,25371974,26025851,TRUE,FALSE
chr13_25936345,chr13,25936345,ATP8A2,25371974,26025851,TRUE,FALSE
chr13_25936393,chr13,25936393,ATP8A2,25371974,26025851,TRUE,FALSE
chr13_25936455,chr13,25936455,ATP8A2,25371974,26025851,TRUE,FALSE
chr13_25936465,chr13,25936465,ATP8A2,25371974,26025851,TRUE,FALSE
chr13_25936618,chr13,25936618,ATP8A2,25371974,26025851,TRUE,FALSE
chr13_25936628,chr13,25936628,ATP8A2,25371974,26025851,TRUE,FALSE
chr13_25936669,chr13,25936669,ATP8A2,25371974,26025851,TRUE,FALSE
chr13_25936709,chr13,25936709,ATP8A2,25371974,26025851,TRUE,FALSE
chr13_25936875,chr13,25936875,ATP8A2,25371974,26025851,TRUE,FALSE
chr13_25936938,chr13,25936938,ATP8A2,25371974,26025851,TRUE,FALSE
chr13_25937066,chr13,25937066,ATP8A2,25371974,26025851,TRUE,FALSE
chr13_25937218,chr13,25937218,ATP8A2,25371974,26025851,TRUE,FALSE
chr13_25937536,chr13,25937536,ATP8A2,25371974,26025851,TRUE,FALSE
chr13_25937571,chr13,25937571,ATP8A2,25371974,26025851,TRUE,FALSE
chr13_25937577,chr13,25937577,ATP8A2,25371974,26025851,TRUE,FALSE
chr13_25937631,chr13,25937631,ATP8A2,25371974,26025851,TRUE,FALSE
chr13_25937665,chr13,25937665,ATP8A2,25371974,26025851,TRUE,FALSE
chr13_25937721,chr13,25937721,ATP8A2,25371974,26025851,TRUE,FALSE
chr13_25938087,chr13,25938087,ATP8A2,25371974,26025851,TRUE,FALSE
chr13_25938286,chr13,25938286,ATP8A2,25371974,26025851,TRUE,FALSE
chr13_25938290,chr13,25938290,ATP8A2,25371974,26025851,TRUE,FALSE
chr13_25938327,chr13,25938327,ATP8A2,25371974,26025851,TRUE,FALSE
chr13_25938337,chr13,25938337,ATP8A2,25371974,26025851,TRUE,FALSE
chr13_25938394,chr13,25938394,ATP8A2,25371974,26025851,TRUE,FALSE
chr13_25938452,chr13,25938452,ATP8A2,25371974,26025851,TRUE,FALSE
chr13_25938503,chr13,25938503,ATP8A2,25371974,26025851,TRUE,FALSE
chr13_25938598,chr13,25938598,ATP8A2,25371974,26025851,TRUE,FALSE
chr13_25938763,chr13,25938763,ATP8A2,25371974,26025851,TRUE,FALSE
chr13_25938772,chr13,25938772,ATP8A2,25371974,26025851,TRUE,FALSE
chr13_25938801,chr13,25938801,ATP8A2,25371974,26025851,TRUE,FALSE
chr13_25938945,chr13,25938945,ATP8A2,25371974,26025851,TRUE,FALSE
chr13_25938989,chr13,25938989,ATP8A2,25371974,26025851,TRUE,FALSE
chr13_25938999,chr13,25938999,ATP8A2,25371974,26025851,TRUE,FALSE
chr13_25939003,chr13,25939003,ATP8A2,25371974,26025851,TRUE,FALSE
chr13_25939039,chr13,25939039,ATP8A2,25371974,26025851,TRUE,FALSE
chr13_25939089,chr13,25939089,ATP8A2,25371974,26025851,TRUE,FALSE
chr13_25939134,chr13,25939134,ATP8A2,25371974,26025851,TRUE,FALSE
chr13_25939192,chr13,25939192,ATP8A2,25371974,26025851,TRUE,FALSE
chr13_25939267,chr13,25939267,ATP8A2,25371974,26025851,TRUE,FALSE
chr13_25939338,chr13,25939338,ATP8A2,25371974,26025851,TRUE,FALSE
chr13_25939426,chr13,25939426,ATP8A2,25371974,26025851,TRUE,FALSE
chr13_25939436,chr13,25939436,ATP8A2,25371974,26025851,TRUE,FALSE
chr13_25939494,chr13,25939494,ATP8A2,25371974,26025851,TRUE,FALSE
chr13_25939524,chr13,25939524,ATP8A2,25371974,26025851,TRUE,FALSE
chr13_25939554,chr13,25939554,ATP8A2,25371974,26025851,TRUE,FALSE
chr13_25939726,chr13,25939726,ATP8A2,25371974,26025851,TRUE,FALSE
chr13_25939734,chr13,25939734,ATP8A2,25371974,26025851,TRUE,FALSE
chr13_25939756,chr13,25939756,ATP8A2,25371974,26025851,TRUE,FALSE
chr13_25939836,chr13,25939836,ATP8A2,25371974,26025851,TRUE,FALSE
chr13_25939865,chr13,25939865,ATP8A2,25371974,26025851,TRUE,FALSE
chr13_25939969,chr13,25939969,ATP8A2,25371974,26025851,TRUE,FALSE
chr13_25939992,chr13,25939992,ATP8A2,25371974,26025851,TRUE,FALSE
chr13_25940012,chr13,25940012,ATP8A2,25371974,26025851,TRUE,FALSE
chr13_25940019,chr13,25940019,ATP8A2,25371974,26025851,TRUE,FALSE
chr13_25940024,chr13,25940024,ATP8A2,25371974,26025851,TRUE,FALSE
chr13_25940056,chr13,25940056,ATP8A2,25371974,26025851,TRUE,FALSE
chr13_25940062,chr13,25940062,ATP8A2,25371974,26025851,TRUE,FALSE
chr13_25940094,chr13,25940094,ATP8A2,25371974,26025851,TRUE,FALSE
chr13_25940101,chr13,25940101,ATP8A2,25371974,26025851,TRUE,FALSE
chr13_25940134,chr13,25940134,ATP8A2,25371974,26025851,TRUE,FALSE
chr13_25940184,chr13,25940184,ATP8A2,25371974,26025851,TRUE,FALSE
chr13_25940196,chr13,25940196,ATP8A2,25371974,26025851,TRUE,FALSE
chr13_25940232,chr13,25940232,ATP8A2,25371974,26025851,TRUE,FALSE
chr13_25940246,chr13,25940246,ATP8A2,25371974,26025851,TRUE,FALSE
chr13_25940255,chr13,25940255,ATP8A2,25371974,26025851,TRUE,FALSE
chr13_25940312,chr13,25940312,ATP8A2,25371974,26025851,TRUE,FALSE
chr13_25940346,chr13,25940346,ATP8A2,25371974,26025851,TRUE,FALSE
chr13_25940469,chr13,25940469,ATP8A2,25371974,26025851,TRUE,FALSE
chr13_25940681,chr13,25940681,ATP8A2,25371974,26025851,TRUE,FALSE
chr13_25940744,chr13,25940744,ATP8A2,25371974,26025851,TRUE,FALSE
chr13_25940830,chr13,25940830,ATP8A2,25371974,26025851,TRUE,FALSE
chr13_25940847,chr13,25940847,ATP8A2,25371974,26025851,TRUE,FALSE
chr13_25940857,chr13,25940857,ATP8A2,25371974,26025851,TRUE,FALSE
chr13_25940900,chr13,25940900,ATP8A2,25371974,26025851,TRUE,FALSE
chr13_25940951,chr13,25940951,ATP8A2,25371974,26025851,TRUE,FALSE
chr13_25940965,chr13,25940965,ATP8A2,25371974,26025851,TRUE,FALSE
chr13_25940980,chr13,25940980,ATP8A2,25371974,26025851,TRUE,FALSE
chr13_25941006,chr13,25941006,ATP8A2,25371974,26025851,TRUE,FALSE
chr13_25941080,chr13,25941080,ATP8A2,25371974,26025851,TRUE,FALSE
chr13_25941116,chr13,25941116,ATP8A2,25371974,26025851,TRUE,FALSE
chr13_25941130,chr13,25941130,ATP8A2,25371974,26025851,TRUE,FALSE
chr13_25941314,chr13,25941314,ATP8A2,25371974,26025851,TRUE,FALSE
chr13_25941472,chr13,25941472,ATP8A2,25371974,26025851,TRUE,FALSE
chr13_25941503,chr13,25941503,ATP8A2,25371974,26025851,TRUE,FALSE
chr13_25941537,chr13,25941537,ATP8A2,25371974,26025851,TRUE,FALSE
chr13_25941591,chr13,25941591,ATP8A2,25371974,26025851,TRUE,FALSE
chr13_25941903,chr13,25941903,ATP8A2,25371974,26025851,TRUE,FALSE
chr13_25941946,chr13,25941946,ATP8A2,25371974,26025851,TRUE,FALSE
chr13_25941985,chr13,25941985,ATP8A2,25371974,26025851,TRUE,FALSE
chr13_25942423,chr13,25942423,ATP8A2,25371974,26025851,TRUE,FALSE
chr13_25942452,chr13,25942452,ATP8A2,25371974,26025851,TRUE,FALSE
chr13_25942515,chr13,25942515,ATP8A2,25371974,26025851,TRUE,FALSE
chr13_25942525,chr13,25942525,ATP8A2,25371974,26025851,TRUE,FALSE
chr13_25942547,chr13,25942547,ATP8A2,25371974,26025851,TRUE,FALSE
chr13_25942569,chr13,25942569,ATP8A2,25371974,26025851,TRUE,FALSE
chr13_25942657,chr13,25942657,ATP8A2,25371974,26025851,TRUE,FALSE
chr13_25942668,chr13,25942668,ATP8A2,25371974,26025851,TRUE,FALSE
chr13_25942675,chr13,25942675,ATP8A2,25371974,26025851,TRUE,FALSE
chr13_25942683,chr13,25942683,ATP8A2,25371974,26025851,TRUE,FALSE
chr13_25942703,chr13,25942703,ATP8A2,25371974,26025851,TRUE,FALSE
chr13_25942713,chr13,25942713,ATP8A2,25371974,26025851,TRUE,FALSE
chr13_25942731,chr13,25942731,ATP8A2,25371974,26025851,TRUE,FALSE
chr13_25942911,chr13,25942911,ATP8A2,25371974,26025851,TRUE,FALSE
chr13_25943008,chr13,25943008,ATP8A2,25371974,26025851,TRUE,FALSE
chr13_25943090,chr13,25943090,ATP8A2,25371974,26025851,TRUE,FALSE
chr13_25943100,chr13,25943100,ATP8A2,25371974,26025851,TRUE,FALSE
chr13_25943217,chr13,25943217,ATP8A2,25371974,26025851,TRUE,FALSE
chr13_25943332,chr13,25943332,ATP8A2,25371974,26025851,TRUE,FALSE
chr13_25943590,chr13,25943590,ATP8A2,25371974,26025851,TRUE,FALSE
chr13_25943666,chr13,25943666,ATP8A2,25371974,26025851,TRUE,FALSE
chr13_25943692,chr13,25943692,ATP8A2,25371974,26025851,TRUE,FALSE
chr13_25943705,chr13,25943705,ATP8A2,25371974,26025851,TRUE,FALSE
chr13_25943761,chr13,25943761,ATP8A2,25371974,26025851,TRUE,FALSE
chr13_25943874,chr13,25943874,ATP8A2,25371974,26025851,TRUE,FALSE
chr13_25943962,chr13,25943962,ATP8A2,25371974,26025851,TRUE,FALSE
chr13_25944233,chr13,25944233,ATP8A2,25371974,26025851,TRUE,FALSE
chr13_25944244,chr13,25944244,ATP8A2,25371974,26025851,TRUE,FALSE
chr13_25944281,chr13,25944281,ATP8A2,25371974,26025851,TRUE,FALSE
chr13_25944335,chr13,25944335,ATP8A2,25371974,26025851,TRUE,FALSE
chr13_25944407,chr13,25944407,ATP8A2,25371974,26025851,TRUE,FALSE
chr13_25944431,chr13,25944431,ATP8A2,25371974,26025851,TRUE,FALSE
chr13_25944455,chr13,25944455,ATP8A2,25371974,26025851,TRUE,FALSE
chr13_25944492,chr13,25944492,ATP8A2,25371974,26025851,TRUE,FALSE
chr13_25944767,chr13,25944767,ATP8A2,25371974,26025851,TRUE,FALSE
chr13_25945096,chr13,25945096,ATP8A2,25371974,26025851,TRUE,FALSE
chr13_25945173,chr13,25945173,ATP8A2,25371974,26025851,TRUE,FALSE
chr13_25945242,chr13,25945242,ATP8A2,25371974,26025851,TRUE,FALSE
chr13_25945278,chr13,25945278,ATP8A2,25371974,26025851,TRUE,FALSE
chr13_25945384,chr13,25945384,ATP8A2,25371974,26025851,TRUE,FALSE
chr13_25945402,chr13,25945402,ATP8A2,25371974,26025851,TRUE,FALSE
chr13_25945744,chr13,25945744,ATP8A2,25371974,26025851,TRUE,FALSE
chr13_25945759,chr13,25945759,ATP8A2,25371974,26025851,TRUE,FALSE
chr13_25945784,chr13,25945784,ATP8A2,25371974,26025851,TRUE,FALSE
chr13_25945786,chr13,25945786,ATP8A2,25371974,26025851,TRUE,FALSE
chr13_25945809,chr13,25945809,ATP8A2,25371974,26025851,TRUE,FALSE
chr13_25945892,chr13,25945892,ATP8A2,25371974,26025851,TRUE,FALSE
chr13_25945916,chr13,25945916,ATP8A2,25371974,26025851,TRUE,FALSE
chr13_25946094,chr13,25946094,ATP8A2,25371974,26025851,TRUE,FALSE
chr13_25946122,chr13,25946122,ATP8A2,25371974,26025851,TRUE,FALSE
chr13_25946172,chr13,25946172,ATP8A2,25371974,26025851,TRUE,FALSE
chr13_25946186,chr13,25946186,ATP8A2,25371974,26025851,TRUE,FALSE
chr13_25946230,chr13,25946230,ATP8A2,25371974,26025851,TRUE,FALSE
chr13_25946272,chr13,25946272,ATP8A2,25371974,26025851,TRUE,FALSE
chr13_25946497,chr13,25946497,ATP8A2,25371974,26025851,TRUE,FALSE
chr13_25946500,chr13,25946500,ATP8A2,25371974,26025851,TRUE,FALSE
chr13_25946586,chr13,25946586,ATP8A2,25371974,26025851,TRUE,FALSE
chr13_25946592,chr13,25946592,ATP8A2,25371974,26025851,TRUE,FALSE
chr13_25946616,chr13,25946616,ATP8A2,25371974,26025851,TRUE,FALSE
chr13_25946638,chr13,25946638,ATP8A2,25371974,26025851,TRUE,FALSE
chr13_25946810,chr13,25946810,ATP8A2,25371974,26025851,TRUE,FALSE
chr13_25946904,chr13,25946904,ATP8A2,25371974,26025851,TRUE,FALSE
chr13_25946936,chr13,25946936,ATP8A2,25371974,26025851,TRUE,FALSE
chr13_25946944,chr13,25946944,ATP8A2,25371974,26025851,TRUE,FALSE
chr13_25946999,chr13,25946999,ATP8A2,25371974,26025851,TRUE,FALSE
chr13_25947027,chr13,25947027,ATP8A2,25371974,26025851,TRUE,FALSE
chr13_25947037,chr13,25947037,ATP8A2,25371974,26025851,TRUE,FALSE
chr13_25947043,chr13,25947043,ATP8A2,25371974,26025851,TRUE,FALSE
chr13_25947155,chr13,25947155,ATP8A2,25371974,26025851,TRUE,FALSE
chr13_25947193,chr13,25947193,ATP8A2,25371974,26025851,TRUE,FALSE
chr13_25947252,chr13,25947252,ATP8A2,25371974,26025851,TRUE,FALSE
chr13_25947287,chr13,25947287,ATP8A2,25371974,26025851,TRUE,FALSE
chr13_25947463,chr13,25947463,ATP8A2,25371974,26025851,TRUE,FALSE
chr13_25947734,chr13,25947734,ATP8A2,25371974,26025851,TRUE,FALSE
chr13_25947752,chr13,25947752,ATP8A2,25371974,26025851,TRUE,FALSE
chr13_25947779,chr13,25947779,ATP8A2,25371974,26025851,TRUE,FALSE
chr13_25947870,chr13,25947870,ATP8A2,25371974,26025851,TRUE,FALSE
chr13_25947883,chr13,25947883,ATP8A2,25371974,26025851,TRUE,FALSE
chr13_25947956,chr13,25947956,ATP8A2,25371974,26025851,TRUE,FALSE
chr13_25948216,chr13,25948216,ATP8A2,25371974,26025851,TRUE,FALSE
chr13_25948274,chr13,25948274,ATP8A2,25371974,26025851,TRUE,FALSE
chr13_25948316,chr13,25948316,ATP8A2,25371974,26025851,TRUE,FALSE
chr13_25948487,chr13,25948487,ATP8A2,25371974,26025851,TRUE,FALSE
chr13_25948518,chr13,25948518,ATP8A2,25371974,26025851,TRUE,FALSE
chr13_25948868,chr13,25948868,ATP8A2,25371974,26025851,TRUE,FALSE
chr13_25948904,chr13,25948904,ATP8A2,25371974,26025851,TRUE,FALSE
chr13_25949018,chr13,25949018,ATP8A2,25371974,26025851,TRUE,FALSE
chr13_25949132,chr13,25949132,ATP8A2,25371974,26025851,TRUE,FALSE
chr13_25949268,chr13,25949268,ATP8A2,25371974,26025851,TRUE,FALSE
chr13_25949337,chr13,25949337,ATP8A2,25371974,26025851,TRUE,FALSE
chr13_25949376,chr13,25949376,ATP8A2,25371974,26025851,TRUE,FALSE
chr13_25949378,chr13,25949378,ATP8A2,25371974,26025851,TRUE,FALSE
chr13_25949424,chr13,25949424,ATP8A2,25371974,26025851,TRUE,FALSE
chr13_25949453,chr13,25949453,ATP8A2,25371974,26025851,TRUE,FALSE
chr13_25949690,chr13,25949690,ATP8A2,25371974,26025851,TRUE,FALSE
chr13_25949723,chr13,25949723,ATP8A2,25371974,26025851,TRUE,FALSE
chr13_25949758,chr13,25949758,ATP8A2,25371974,26025851,TRUE,FALSE
chr13_25949830,chr13,25949830,ATP8A2,25371974,26025851,TRUE,FALSE
chr13_25949885,chr13,25949885,ATP8A2,25371974,26025851,TRUE,FALSE
chr13_25949956,chr13,25949956,ATP8A2,25371974,26025851,TRUE,FALSE
chr13_25950019,chr13,25950019,ATP8A2,25371974,26025851,TRUE,FALSE
chr13_25950089,chr13,25950089,ATP8A2,25371974,26025851,TRUE,FALSE
chr13_25950131,chr13,25950131,ATP8A2,25371974,26025851,TRUE,FALSE
chr13_25950171,chr13,25950171,ATP8A2,25371974,26025851,TRUE,FALSE
chr13_25950173,chr13,25950173,ATP8A2,25371974,26025851,TRUE,FALSE
chr13_25950186,chr13,25950186,ATP8A2,25371974,26025851,TRUE,FALSE
chr13_25950216,chr13,25950216,ATP8A2,25371974,26025851,TRUE,FALSE
chr13_25950221,chr13,25950221,ATP8A2,25371974,26025851,TRUE,FALSE
chr13_25950306,chr13,25950306,ATP8A2,25371974,26025851,TRUE,FALSE
chr13_25950803,chr13,25950803,ATP8A2,25371974,26025851,TRUE,FALSE
chr13_25950880,chr13,25950880,ATP8A2,25371974,26025851,TRUE,FALSE
chr13_25951014,chr13,25951014,ATP8A2,25371974,26025851,TRUE,FALSE
chr13_25951021,chr13,25951021,ATP8A2,25371974,26025851,TRUE,FALSE
chr13_25951162,chr13,25951162,ATP8A2,25371974,26025851,TRUE,FALSE
chr13_25951257,chr13,25951257,ATP8A2,25371974,26025851,TRUE,FALSE
chr13_25951281,chr13,25951281,ATP8A2,25371974,26025851,TRUE,FALSE
chr13_25951508,chr13,25951508,ATP8A2,25371974,26025851,TRUE,FALSE
chr13_25951910,chr13,25951910,ATP8A2,25371974,26025851,TRUE,FALSE
chr13_25952087,chr13,25952087,ATP8A2,25371974,26025851,TRUE,FALSE
chr13_25952244,chr13,25952244,ATP8A2,25371974,26025851,TRUE,FALSE
chr13_25952483,chr13,25952483,ATP8A2,25371974,26025851,TRUE,FALSE
chr13_25952525,chr13,25952525,ATP8A2,25371974,26025851,TRUE,FALSE
chr13_25952574,chr13,25952574,ATP8A2,25371974,26025851,TRUE,FALSE
chr13_25952611,chr13,25952611,ATP8A2,25371974,26025851,TRUE,FALSE
chr13_25952649,chr13,25952649,ATP8A2,25371974,26025851,TRUE,FALSE
chr13_25952651,chr13,25952651,ATP8A2,25371974,26025851,TRUE,FALSE
chr13_25952663,chr13,25952663,ATP8A2,25371974,26025851,TRUE,FALSE
chr13_25952923,chr13,25952923,ATP8A2,25371974,26025851,TRUE,FALSE
chr13_25952988,chr13,25952988,ATP8A2,25371974,26025851,TRUE,FALSE
chr13_25953180,chr13,25953180,ATP8A2,25371974,26025851,TRUE,FALSE
chr13_25953338,chr13,25953338,ATP8A2,25371974,26025851,TRUE,FALSE
chr13_25953391,chr13,25953391,ATP8A2,25371974,26025851,TRUE,FALSE
chr13_25953466,chr13,25953466,ATP8A2,25371974,26025851,TRUE,FALSE
chr13_25953566,chr13,25953566,ATP8A2,25371974,26025851,TRUE,FALSE
chr13_25953621,chr13,25953621,ATP8A2,25371974,26025851,TRUE,FALSE
chr13_25953696,chr13,25953696,ATP8A2,25371974,26025851,TRUE,FALSE
chr13_25953708,chr13,25953708,ATP8A2,25371974,26025851,TRUE,FALSE
chr13_25953723,chr13,25953723,ATP8A2,25371974,26025851,TRUE,FALSE
chr13_25953735,chr13,25953735,ATP8A2,25371974,26025851,TRUE,FALSE
chr13_25953773,chr13,25953773,ATP8A2,25371974,26025851,TRUE,FALSE
chr13_25953783,chr13,25953783,ATP8A2,25371974,26025851,TRUE,FALSE
chr13_25953817,chr13,25953817,ATP8A2,25371974,26025851,TRUE,FALSE
chr13_25953849,chr13,25953849,ATP8A2,25371974,26025851,TRUE,FALSE
chr13_25953877,chr13,25953877,ATP8A2,25371974,26025851,TRUE,FALSE
chr13_25953932,chr13,25953932,ATP8A2,25371974,26025851,TRUE,FALSE
chr13_25953942,chr13,25953942,ATP8A2,25371974,26025851,TRUE,FALSE
chr13_25954009,chr13,25954009,ATP8A2,25371974,26025851,TRUE,FALSE
chr13_25954076,chr13,25954076,ATP8A2,25371974,26025851,TRUE,FALSE
chr13_25954079,chr13,25954079,ATP8A2,25371974,26025851,TRUE,FALSE
chr13_25954157,chr13,25954157,ATP8A2,25371974,26025851,TRUE,FALSE
chr13_25954446,chr13,25954446,ATP8A2,25371974,26025851,TRUE,FALSE
chr13_25954459,chr13,25954459,ATP8A2,25371974,26025851,TRUE,FALSE
chr13_25954477,chr13,25954477,ATP8A2,25371974,26025851,TRUE,FALSE
chr13_25954628,chr13,25954628,ATP8A2,25371974,26025851,TRUE,FALSE
chr13_25954926,chr13,25954926,ATP8A2,25371974,26025851,TRUE,FALSE
chr13_25955004,chr13,25955004,ATP8A2,25371974,26025851,TRUE,FALSE
chr13_25955476,chr13,25955476,ATP8A2,25371974,26025851,TRUE,FALSE
chr13_25955668,chr13,25955668,ATP8A2,25371974,26025851,TRUE,FALSE
chr13_25955756,chr13,25955756,ATP8A2,25371974,26025851,TRUE,FALSE
chr13_25955893,chr13,25955893,ATP8A2,25371974,26025851,TRUE,FALSE
chr13_25955905,chr13,25955905,ATP8A2,25371974,26025851,TRUE,FALSE
chr13_25955973,chr13,25955973,ATP8A2,25371974,26025851,TRUE,FALSE
chr13_25956118,chr13,25956118,ATP8A2,25371974,26025851,TRUE,FALSE
chr13_25956246,chr13,25956246,ATP8A2,25371974,26025851,TRUE,FALSE
chr13_25956504,chr13,25956504,ATP8A2,25371974,26025851,TRUE,FALSE
chr13_25956567,chr13,25956567,ATP8A2,25371974,26025851,TRUE,FALSE
chr13_25957327,chr13,25957327,ATP8A2,25371974,26025851,TRUE,FALSE
chr13_25957500,chr13,25957500,ATP8A2,25371974,26025851,TRUE,FALSE
chr13_25957576,chr13,25957576,ATP8A2,25371974,26025851,TRUE,FALSE
chr13_25957648,chr13,25957648,ATP8A2,25371974,26025851,TRUE,FALSE
chr13_25958235,chr13,25958235,ATP8A2,25371974,26025851,TRUE,FALSE
chr13_25958342,chr13,25958342,ATP8A2,25371974,26025851,TRUE,FALSE
chr13_25958422,chr13,25958422,ATP8A2,25371974,26025851,TRUE,FALSE
chr13_25958451,chr13,25958451,ATP8A2,25371974,26025851,TRUE,FALSE
chr13_25958574,chr13,25958574,ATP8A2,25371974,26025851,TRUE,FALSE
chr13_25959337,chr13,25959337,ATP8A2,25371974,26025851,TRUE,FALSE
chr13_25959403,chr13,25959403,ATP8A2,25371974,26025851,TRUE,FALSE
chr13_25959472,chr13,25959472,ATP8A2,25371974,26025851,TRUE,FALSE
chr13_25959535,chr13,25959535,ATP8A2,25371974,26025851,TRUE,FALSE
chr13_25959681,chr13,25959681,ATP8A2,25371974,26025851,TRUE,FALSE
chr13_25959738,chr13,25959738,ATP8A2,25371974,26025851,TRUE,FALSE
chr13_25960166,chr13,25960166,ATP8A2,25371974,26025851,TRUE,FALSE
chr13_25960191,chr13,25960191,ATP8A2,25371974,26025851,TRUE,FALSE
chr13_25960225,chr13,25960225,ATP8A2,25371974,26025851,TRUE,FALSE
chr13_25960249,chr13,25960249,ATP8A2,25371974,26025851,TRUE,FALSE
chr13_25960276,chr13,25960276,ATP8A2,25371974,26025851,TRUE,FALSE
chr13_25960543,chr13,25960543,ATP8A2,25371974,26025851,TRUE,FALSE
chr13_25960632,chr13,25960632,ATP8A2,25371974,26025851,TRUE,FALSE
chr13_25960940,chr13,25960940,ATP8A2,25371974,26025851,TRUE,FALSE
chr13_25960975,chr13,25960975,ATP8A2,25371974,26025851,TRUE,FALSE
chr13_25961006,chr13,25961006,ATP8A2,25371974,26025851,TRUE,FALSE
chr13_25961016,chr13,25961016,ATP8A2,25371974,26025851,TRUE,FALSE
chr13_25961149,chr13,25961149,ATP8A2,25371974,26025851,TRUE,FALSE
chr13_25961180,chr13,25961180,ATP8A2,25371974,26025851,TRUE,FALSE
chr13_25961237,chr13,25961237,ATP8A2,25371974,26025851,TRUE,FALSE
chr13_25961312,chr13,25961312,ATP8A2,25371974,26025851,TRUE,FALSE
chr13_25961356,chr13,25961356,ATP8A2,25371974,26025851,TRUE,FALSE
chr13_25961417,chr13,25961417,ATP8A2,25371974,26025851,TRUE,FALSE
chr13_25961470,chr13,25961470,ATP8A2,25371974,26025851,TRUE,FALSE
chr13_25961595,chr13,25961595,ATP8A2,25371974,26025851,TRUE,FALSE
chr13_25961663,chr13,25961663,ATP8A2,25371974,26025851,TRUE,FALSE
chr13_25961682,chr13,25961682,ATP8A2,25371974,26025851,TRUE,FALSE
chr13_25961765,chr13,25961765,ATP8A2,25371974,26025851,TRUE,FALSE
chr13_25961892,chr13,25961892,ATP8A2,25371974,26025851,TRUE,FALSE
chr13_25961942,chr13,25961942,ATP8A2,25371974,26025851,TRUE,FALSE
chr13_25961978,chr13,25961978,ATP8A2,25371974,26025851,TRUE,FALSE
chr13_25962217,chr13,25962217,ATP8A2,25371974,26025851,TRUE,FALSE
chr13_25962499,chr13,25962499,ATP8A2,25371974,26025851,TRUE,FALSE
chr13_25962592,chr13,25962592,ATP8A2,25371974,26025851,TRUE,FALSE
chr13_25962644,chr13,25962644,ATP8A2,25371974,26025851,TRUE,FALSE
chr13_25962650,chr13,25962650,ATP8A2,25371974,26025851,TRUE,FALSE
chr13_25962758,chr13,25962758,ATP8A2,25371974,26025851,TRUE,FALSE
chr13_25962844,chr13,25962844,ATP8A2,25371974,26025851,TRUE,FALSE
chr13_25963121,chr13,25963121,ATP8A2,25371974,26025851,TRUE,FALSE
chr13_25963133,chr13,25963133,ATP8A2,25371974,26025851,TRUE,FALSE
chr13_25963161,chr13,25963161,ATP8A2,25371974,26025851,TRUE,FALSE
chr13_25963222,chr13,25963222,ATP8A2,25371974,26025851,TRUE,FALSE
chr13_25963254,chr13,25963254,ATP8A2,25371974,26025851,TRUE,FALSE
chr13_25963262,chr13,25963262,ATP8A2,25371974,26025851,TRUE,FALSE
chr13_25963308,chr13,25963308,ATP8A2,25371974,26025851,TRUE,FALSE
chr13_25963348,chr13,25963348,ATP8A2,25371974,26025851,TRUE,FALSE
chr13_25963372,chr13,25963372,ATP8A2,25371974,26025851,TRUE,FALSE
chr13_25963388,chr13,25963388,ATP8A2,25371974,26025851,TRUE,FALSE
chr13_25963792,chr13,25963792,ATP8A2,25371974,26025851,TRUE,FALSE
chr13_25964004,chr13,25964004,ATP8A2,25371974,26025851,TRUE,FALSE
chr13_25964026,chr13,25964026,ATP8A2,25371974,26025851,TRUE,FALSE
chr13_25964054,chr13,25964054,ATP8A2,25371974,26025851,TRUE,FALSE
chr13_25964077,chr13,25964077,ATP8A2,25371974,26025851,TRUE,FALSE
chr13_25964100,chr13,25964100,ATP8A2,25371974,26025851,TRUE,FALSE
chr13_25964122,chr13,25964122,ATP8A2,25371974,26025851,TRUE,FALSE
chr13_25964270,chr13,25964270,ATP8A2,25371974,26025851,TRUE,FALSE
chr13_25964381,chr13,25964381,ATP8A2,25371974,26025851,TRUE,FALSE
chr13_25964420,chr13,25964420,ATP8A2,25371974,26025851,TRUE,FALSE
chr13_25964450,chr13,25964450,ATP8A2,25371974,26025851,TRUE,FALSE
chr13_25964554,chr13,25964554,ATP8A2,25371974,26025851,TRUE,FALSE
chr13_25964609,chr13,25964609,ATP8A2,25371974,26025851,TRUE,FALSE
chr13_25964656,chr13,25964656,ATP8A2,25371974,26025851,TRUE,FALSE
chr13_25964761,chr13,25964761,ATP8A2,25371974,26025851,TRUE,FALSE
chr13_25964786,chr13,25964786,ATP8A2,25371974,26025851,TRUE,FALSE
chr13_25964925,chr13,25964925,ATP8A2,25371974,26025851,TRUE,FALSE
chr13_25964934,chr13,25964934,ATP8A2,25371974,26025851,TRUE,FALSE
chr13_25964968,chr13,25964968,ATP8A2,25371974,26025851,TRUE,FALSE
chr13_25965027,chr13,25965027,ATP8A2,25371974,26025851,TRUE,FALSE
chr13_25965107,chr13,25965107,ATP8A2,25371974,26025851,TRUE,FALSE
chr13_25965113,chr13,25965113,ATP8A2,25371974,26025851,TRUE,FALSE
chr13_25965287,chr13,25965287,ATP8A2,25371974,26025851,TRUE,FALSE
chr13_25965441,chr13,25965441,ATP8A2,25371974,26025851,TRUE,FALSE
chr13_25965594,chr13,25965594,ATP8A2,25371974,26025851,TRUE,FALSE
chr13_25965793,chr13,25965793,ATP8A2,25371974,26025851,TRUE,FALSE
chr13_25965933,chr13,25965933,ATP8A2,25371974,26025851,TRUE,FALSE
chr13_25966207,chr13,25966207,ATP8A2,25371974,26025851,TRUE,FALSE
chr13_25966301,chr13,25966301,ATP8A2,25371974,26025851,TRUE,FALSE
chr13_25966308,chr13,25966308,ATP8A2,25371974,26025851,TRUE,FALSE
chr13_25966451,chr13,25966451,ATP8A2,25371974,26025851,TRUE,FALSE
chr13_25966661,chr13,25966661,ATP8A2,25371974,26025851,TRUE,FALSE
chr13_25966684,chr13,25966684,ATP8A2,25371974,26025851,TRUE,FALSE
chr13_25967031,chr13,25967031,ATP8A2,25371974,26025851,TRUE,FALSE
chr13_25967044,chr13,25967044,ATP8A2,25371974,26025851,TRUE,FALSE
chr13_25967128,chr13,25967128,ATP8A2,25371974,26025851,TRUE,FALSE
chr13_25967146,chr13,25967146,ATP8A2,25371974,26025851,TRUE,FALSE
chr13_25967392,chr13,25967392,ATP8A2,25371974,26025851,TRUE,FALSE
chr13_25967400,chr13,25967400,ATP8A2,25371974,26025851,TRUE,FALSE
chr13_25967515,chr13,25967515,ATP8A2,25371974,26025851,TRUE,FALSE
chr13_25967617,chr13,25967617,ATP8A2,25371974,26025851,TRUE,FALSE
chr13_25967954,chr13,25967954,ATP8A2,25371974,26025851,TRUE,FALSE
chr13_25968029,chr13,25968029,ATP8A2,25371974,26025851,TRUE,FALSE
chr13_25968083,chr13,25968083,ATP8A2,25371974,26025851,TRUE,FALSE
chr13_25968112,chr13,25968112,ATP8A2,25371974,26025851,TRUE,FALSE
chr13_25968277,chr13,25968277,ATP8A2,25371974,26025851,TRUE,FALSE
chr13_25968314,chr13,25968314,ATP8A2,25371974,26025851,TRUE,FALSE
chr13_25968318,chr13,25968318,ATP8A2,25371974,26025851,TRUE,FALSE
chr13_25968325,chr13,25968325,ATP8A2,25371974,26025851,TRUE,FALSE
chr13_25968335,chr13,25968335,ATP8A2,25371974,26025851,TRUE,FALSE
chr13_25968367,chr13,25968367,ATP8A2,25371974,26025851,TRUE,FALSE
chr13_25968398,chr13,25968398,ATP8A2,25371974,26025851,TRUE,FALSE
chr13_25968457,chr13,25968457,ATP8A2,25371974,26025851,TRUE,FALSE
chr13_25968464,chr13,25968464,ATP8A2,25371974,26025851,TRUE,FALSE
chr13_25968507,chr13,25968507,ATP8A2,25371974,26025851,TRUE,FALSE
chr13_25968549,chr13,25968549,ATP8A2,25371974,26025851,TRUE,FALSE
chr13_25968636,chr13,25968636,ATP8A2,25371974,26025851,TRUE,FALSE
chr13_25968652,chr13,25968652,ATP8A2,25371974,26025851,TRUE,FALSE
chr13_25968660,chr13,25968660,ATP8A2,25371974,26025851,TRUE,FALSE
chr13_25968691,chr13,25968691,ATP8A2,25371974,26025851,TRUE,FALSE
chr13_25968701,chr13,25968701,ATP8A2,25371974,26025851,TRUE,FALSE
chr13_25968722,chr13,25968722,ATP8A2,25371974,26025851,TRUE,FALSE
chr13_25968773,chr13,25968773,ATP8A2,25371974,26025851,TRUE,FALSE
chr13_25968935,chr13,25968935,ATP8A2,25371974,26025851,TRUE,FALSE
chr13_25969186,chr13,25969186,ATP8A2,25371974,26025851,TRUE,FALSE
chr13_25969213,chr13,25969213,ATP8A2,25371974,26025851,TRUE,FALSE
chr13_25969864,chr13,25969864,ATP8A2,25371974,26025851,TRUE,FALSE
chr13_25969887,chr13,25969887,ATP8A2,25371974,26025851,TRUE,FALSE
chr13_25969889,chr13,25969889,ATP8A2,25371974,26025851,TRUE,FALSE
chr13_25969975,chr13,25969975,ATP8A2,25371974,26025851,TRUE,FALSE
chr13_25970096,chr13,25970096,ATP8A2,25371974,26025851,TRUE,FALSE
chr13_25970262,chr13,25970262,ATP8A2,25371974,26025851,TRUE,FALSE
chr13_25970539,chr13,25970539,ATP8A2,25371974,26025851,TRUE,FALSE
chr13_25970566,chr13,25970566,ATP8A2,25371974,26025851,TRUE,FALSE
chr13_25970659,chr13,25970659,ATP8A2,25371974,26025851,TRUE,FALSE
chr13_25970675,chr13,25970675,ATP8A2,25371974,26025851,TRUE,FALSE
chr13_25970756,chr13,25970756,ATP8A2,25371974,26025851,TRUE,FALSE
chr13_25970782,chr13,25970782,ATP8A2,25371974,26025851,TRUE,FALSE
chr13_25970925,chr13,25970925,ATP8A2,25371974,26025851,TRUE,FALSE
chr13_25970936,chr13,25970936,ATP8A2,25371974,26025851,TRUE,FALSE
chr13_25971025,chr13,25971025,ATP8A2,25371974,26025851,TRUE,FALSE
chr13_25971031,chr13,25971031,ATP8A2,25371974,26025851,TRUE,FALSE
chr13_25971033,chr13,25971033,ATP8A2,25371974,26025851,TRUE,FALSE
chr13_25971045,chr13,25971045,ATP8A2,25371974,26025851,TRUE,FALSE
chr13_25971065,chr13,25971065,ATP8A2,25371974,26025851,TRUE,FALSE
chr13_25971155,chr13,25971155,ATP8A2,25371974,26025851,TRUE,FALSE
chr13_25971253,chr13,25971253,ATP8A2,25371974,26025851,TRUE,FALSE
chr13_25971547,chr13,25971547,ATP8A2,25371974,26025851,TRUE,FALSE
chr13_25971627,chr13,25971627,ATP8A2,25371974,26025851,TRUE,FALSE
chr13_25971678,chr13,25971678,ATP8A2,25371974,26025851,TRUE,FALSE
chr13_25971685,chr13,25971685,ATP8A2,25371974,26025851,TRUE,FALSE
chr13_25971727,chr13,25971727,ATP8A2,25371974,26025851,TRUE,FALSE
chr13_25972505,chr13,25972505,ATP8A2,25371974,26025851,TRUE,FALSE
chr13_25972541,chr13,25972541,ATP8A2,25371974,26025851,TRUE,FALSE
chr13_25972624,chr13,25972624,ATP8A2,25371974,26025851,TRUE,FALSE
chr13_25972629,chr13,25972629,ATP8A2,25371974,26025851,TRUE,FALSE
chr13_25972657,chr13,25972657,ATP8A2,25371974,26025851,TRUE,FALSE
chr13_25973115,chr13,25973115,ATP8A2,25371974,26025851,TRUE,FALSE
chr13_25973190,chr13,25973190,ATP8A2,25371974,26025851,TRUE,FALSE
chr13_25973245,chr13,25973245,ATP8A2,25371974,26025851,TRUE,FALSE
chr13_25973253,chr13,25973253,ATP8A2,25371974,26025851,TRUE,FALSE
chr13_25973263,chr13,25973263,ATP8A2,25371974,26025851,TRUE,FALSE
chr13_25973290,chr13,25973290,ATP8A2,25371974,26025851,TRUE,FALSE
chr13_25973305,chr13,25973305,ATP8A2,25371974,26025851,TRUE,FALSE
chr13_25973319,chr13,25973319,ATP8A2,25371974,26025851,TRUE,FALSE
chr13_25973330,chr13,25973330,ATP8A2,25371974,26025851,TRUE,FALSE
chr13_25973369,chr13,25973369,ATP8A2,25371974,26025851,TRUE,FALSE
chr13_25973463,chr13,25973463,ATP8A2,25371974,26025851,TRUE,FALSE
chr13_25973546,chr13,25973546,ATP8A2,25371974,26025851,TRUE,FALSE
chr13_25973569,chr13,25973569,ATP8A2,25371974,26025851,TRUE,FALSE
chr13_25973600,chr13,25973600,ATP8A2,25371974,26025851,TRUE,FALSE
chr13_25973658,chr13,25973658,ATP8A2,25371974,26025851,TRUE,FALSE
chr13_25973754,chr13,25973754,ATP8A2,25371974,26025851,TRUE,FALSE
chr13_25973797,chr13,25973797,ATP8A2,25371974,26025851,TRUE,FALSE
chr13_25973816,chr13,25973816,ATP8A2,25371974,26025851,TRUE,FALSE
chr13_25973832,chr13,25973832,ATP8A2,25371974,26025851,TRUE,FALSE
chr13_25973853,chr13,25973853,ATP8A2,25371974,26025851,TRUE,FALSE
chr13_25974090,chr13,25974090,ATP8A2,25371974,26025851,TRUE,FALSE
chr13_25974100,chr13,25974100,ATP8A2,25371974,26025851,TRUE,FALSE
chr13_25974103,chr13,25974103,ATP8A2,25371974,26025851,TRUE,FALSE
chr13_25974197,chr13,25974197,ATP8A2,25371974,26025851,TRUE,FALSE
chr13_25974259,chr13,25974259,ATP8A2,25371974,26025851,TRUE,FALSE
chr13_25974358,chr13,25974358,ATP8A2,25371974,26025851,TRUE,FALSE
chr13_25974368,chr13,25974368,ATP8A2,25371974,26025851,TRUE,FALSE
chr13_25974371,chr13,25974371,ATP8A2,25371974,26025851,TRUE,FALSE
chr13_25974444,chr13,25974444,ATP8A2,25371974,26025851,TRUE,FALSE
chr13_25974452,chr13,25974452,ATP8A2,25371974,26025851,TRUE,FALSE
chr13_25974611,chr13,25974611,ATP8A2,25371974,26025851,TRUE,FALSE
chr13_25974654,chr13,25974654,ATP8A2,25371974,26025851,TRUE,FALSE
chr13_25974663,chr13,25974663,ATP8A2,25371974,26025851,TRUE,FALSE
chr13_25974701,chr13,25974701,ATP8A2,25371974,26025851,TRUE,FALSE
chr13_25974719,chr13,25974719,ATP8A2,25371974,26025851,TRUE,FALSE
chr13_25974748,chr13,25974748,ATP8A2,25371974,26025851,TRUE,FALSE
chr13_25974783,chr13,25974783,ATP8A2,25371974,26025851,TRUE,FALSE
chr13_25974805,chr13,25974805,ATP8A2,25371974,26025851,TRUE,FALSE
chr13_25974808,chr13,25974808,ATP8A2,25371974,26025851,TRUE,FALSE
chr13_25975005,chr13,25975005,ATP8A2,25371974,26025851,TRUE,FALSE
chr13_25975011,chr13,25975011,ATP8A2,25371974,26025851,TRUE,FALSE
chr13_25975045,chr13,25975045,ATP8A2,25371974,26025851,TRUE,FALSE
chr13_25975104,chr13,25975104,ATP8A2,25371974,26025851,TRUE,FALSE
chr13_25979040,chr13,25979040,ATP8A2,25371974,26025851,TRUE,FALSE
chr13_25979162,chr13,25979162,ATP8A2,25371974,26025851,TRUE,FALSE
chr13_25979401,chr13,25979401,ATP8A2,25371974,26025851,TRUE,FALSE
chr13_25979633,chr13,25979633,ATP8A2,25371974,26025851,TRUE,FALSE
chr13_25979652,chr13,25979652,ATP8A2,25371974,26025851,TRUE,FALSE
chr13_25979674,chr13,25979674,ATP8A2,25371974,26025851,TRUE,FALSE
chr13_25979698,chr13,25979698,ATP8A2,25371974,26025851,TRUE,FALSE
chr13_25979739,chr13,25979739,ATP8A2,25371974,26025851,TRUE,FALSE
chr13_25979801,chr13,25979801,ATP8A2,25371974,26025851,TRUE,FALSE
chr13_25979857,chr13,25979857,ATP8A2,25371974,26025851,TRUE,FALSE
chr13_25979948,chr13,25979948,ATP8A2,25371974,26025851,TRUE,FALSE
chr13_25980025,chr13,25980025,ATP8A2,25371974,26025851,TRUE,FALSE
chr13_25980052,chr13,25980052,ATP8A2,25371974,26025851,TRUE,FALSE
chr13_25980166,chr13,25980166,ATP8A2,25371974,26025851,TRUE,FALSE
chr13_25980196,chr13,25980196,ATP8A2,25371974,26025851,TRUE,FALSE
chr13_25980207,chr13,25980207,ATP8A2,25371974,26025851,TRUE,FALSE
chr13_25980418,chr13,25980418,ATP8A2,25371974,26025851,TRUE,FALSE
chr13_25980474,chr13,25980474,ATP8A2,25371974,26025851,TRUE,FALSE
chr13_25980733,chr13,25980733,ATP8A2,25371974,26025851,TRUE,FALSE
chr13_25980819,chr13,25980819,ATP8A2,25371974,26025851,TRUE,FALSE
chr13_25980830,chr13,25980830,ATP8A2,25371974,26025851,TRUE,FALSE
chr13_25981006,chr13,25981006,ATP8A2,25371974,26025851,TRUE,FALSE
chr13_25981033,chr13,25981033,ATP8A2,25371974,26025851,TRUE,FALSE
chr13_25981440,chr13,25981440,ATP8A2,25371974,26025851,TRUE,FALSE
chr13_25981627,chr13,25981627,ATP8A2,25371974,26025851,TRUE,FALSE
chr13_25982306,chr13,25982306,ATP8A2,25371974,26025851,TRUE,FALSE
chr13_25982364,chr13,25982364,ATP8A2,25371974,26025851,TRUE,FALSE
chr13_25982382,chr13,25982382,ATP8A2,25371974,26025851,TRUE,FALSE
chr13_25982409,chr13,25982409,ATP8A2,25371974,26025851,TRUE,FALSE
chr13_25982446,chr13,25982446,ATP8A2,25371974,26025851,TRUE,FALSE
chr13_25982673,chr13,25982673,ATP8A2,25371974,26025851,TRUE,FALSE
chr13_25983738,chr13,25983738,ATP8A2,25371974,26025851,TRUE,FALSE
chr13_25983915,chr13,25983915,ATP8A2,25371974,26025851,TRUE,FALSE
chr13_25983998,chr13,25983998,ATP8A2,25371974,26025851,TRUE,FALSE
chr13_25984053,chr13,25984053,ATP8A2,25371974,26025851,TRUE,FALSE
chr13_25984062,chr13,25984062,ATP8A2,25371974,26025851,TRUE,FALSE
chr13_25984107,chr13,25984107,ATP8A2,25371974,26025851,TRUE,FALSE
chr13_25984151,chr13,25984151,ATP8A2,25371974,26025851,TRUE,FALSE
chr13_25984191,chr13,25984191,ATP8A2,25371974,26025851,TRUE,FALSE
chr13_25984231,chr13,25984231,ATP8A2,25371974,26025851,TRUE,FALSE
chr13_25984383,chr13,25984383,ATP8A2,25371974,26025851,TRUE,FALSE
chr13_25984401,chr13,25984401,ATP8A2,25371974,26025851,TRUE,FALSE
chr13_25984419,chr13,25984419,ATP8A2,25371974,26025851,TRUE,FALSE
chr13_25984511,chr13,25984511,ATP8A2,25371974,26025851,TRUE,FALSE
chr13_25984518,chr13,25984518,ATP8A2,25371974,26025851,TRUE,FALSE
chr13_25984528,chr13,25984528,ATP8A2,25371974,26025851,TRUE,FALSE
chr13_25984576,chr13,25984576,ATP8A2,25371974,26025851,TRUE,FALSE
chr13_25984634,chr13,25984634,ATP8A2,25371974,26025851,TRUE,FALSE
chr13_25984732,chr13,25984732,ATP8A2,25371974,26025851,TRUE,FALSE
chr13_25984810,chr13,25984810,ATP8A2,25371974,26025851,TRUE,FALSE
chr13_25984824,chr13,25984824,ATP8A2,25371974,26025851,TRUE,FALSE
chr13_25984966,chr13,25984966,ATP8A2,25371974,26025851,TRUE,FALSE
chr13_25985031,chr13,25985031,ATP8A2,25371974,26025851,TRUE,FALSE
chr13_25985040,chr13,25985040,ATP8A2,25371974,26025851,TRUE,FALSE
chr13_25985048,chr13,25985048,ATP8A2,25371974,26025851,TRUE,FALSE
chr13_25985132,chr13,25985132,ATP8A2,25371974,26025851,TRUE,FALSE
chr13_25985139,chr13,25985139,ATP8A2,25371974,26025851,TRUE,FALSE
chr13_25985377,chr13,25985377,ATP8A2,25371974,26025851,TRUE,FALSE
chr13_25985464,chr13,25985464,ATP8A2,25371974,26025851,TRUE,FALSE
chr13_25985532,chr13,25985532,ATP8A2,25371974,26025851,TRUE,FALSE
chr13_25985537,chr13,25985537,ATP8A2,25371974,26025851,TRUE,FALSE
chr13_25985557,chr13,25985557,ATP8A2,25371974,26025851,TRUE,FALSE
chr13_25985642,chr13,25985642,ATP8A2,25371974,26025851,TRUE,FALSE
chr13_25985754,chr13,25985754,ATP8A2,25371974,26025851,TRUE,FALSE
chr13_25985983,chr13,25985983,ATP8A2,25371974,26025851,TRUE,FALSE
chr13_25986143,chr13,25986143,ATP8A2,25371974,26025851,TRUE,FALSE
chr13_25986383,chr13,25986383,ATP8A2,25371974,26025851,TRUE,FALSE
chr13_25986511,chr13,25986511,ATP8A2,25371974,26025851,TRUE,FALSE
chr13_25986616,chr13,25986616,ATP8A2,25371974,26025851,TRUE,FALSE
chr13_25986674,chr13,25986674,ATP8A2,25371974,26025851,TRUE,FALSE
chr13_25986723,chr13,25986723,ATP8A2,25371974,26025851,TRUE,FALSE
chr13_25987131,chr13,25987131,ATP8A2,25371974,26025851,TRUE,FALSE
chr13_25987157,chr13,25987157,ATP8A2,25371974,26025851,TRUE,FALSE
chr13_25987217,chr13,25987217,ATP8A2,25371974,26025851,TRUE,FALSE
chr13_25987577,chr13,25987577,ATP8A2,25371974,26025851,TRUE,FALSE
chr13_25987736,chr13,25987736,ATP8A2,25371974,26025851,TRUE,FALSE
chr13_25987908,chr13,25987908,ATP8A2,25371974,26025851,TRUE,FALSE
chr13_25988034,chr13,25988034,ATP8A2,25371974,26025851,TRUE,FALSE
chr13_25988052,chr13,25988052,ATP8A2,25371974,26025851,TRUE,FALSE
chr13_25988106,chr13,25988106,ATP8A2,25371974,26025851,TRUE,FALSE
chr13_25988212,chr13,25988212,ATP8A2,25371974,26025851,TRUE,FALSE
chr13_25988244,chr13,25988244,ATP8A2,25371974,26025851,TRUE,FALSE
chr13_25988264,chr13,25988264,ATP8A2,25371974,26025851,TRUE,FALSE
chr13_25988275,chr13,25988275,ATP8A2,25371974,26025851,TRUE,FALSE
chr13_25988281,chr13,25988281,ATP8A2,25371974,26025851,TRUE,FALSE
chr13_25988601,chr13,25988601,ATP8A2,25371974,26025851,TRUE,FALSE
chr13_25988812,chr13,25988812,ATP8A2,25371974,26025851,TRUE,FALSE
chr13_25988989,chr13,25988989,ATP8A2,25371974,26025851,TRUE,FALSE
chr13_25988994,chr13,25988994,ATP8A2,25371974,26025851,TRUE,FALSE
chr13_25989091,chr13,25989091,ATP8A2,25371974,26025851,TRUE,FALSE
chr13_25989268,chr13,25989268,ATP8A2,25371974,26025851,TRUE,FALSE
chr13_25989794,chr13,25989794,ATP8A2,25371974,26025851,TRUE,FALSE
chr13_25989818,chr13,25989818,ATP8A2,25371974,26025851,TRUE,FALSE
chr13_25990137,chr13,25990137,ATP8A2,25371974,26025851,TRUE,FALSE
chr13_25990145,chr13,25990145,ATP8A2,25371974,26025851,TRUE,FALSE
chr13_25990175,chr13,25990175,ATP8A2,25371974,26025851,TRUE,FALSE
chr13_25990350,chr13,25990350,ATP8A2,25371974,26025851,TRUE,FALSE
chr13_25990473,chr13,25990473,ATP8A2,25371974,26025851,TRUE,FALSE
chr13_25990610,chr13,25990610,ATP8A2,25371974,26025851,TRUE,FALSE
chr13_25990635,chr13,25990635,ATP8A2,25371974,26025851,TRUE,FALSE
chr13_25990852,chr13,25990852,ATP8A2,25371974,26025851,TRUE,FALSE
chr13_25990859,chr13,25990859,ATP8A2,25371974,26025851,TRUE,FALSE
chr13_25990927,chr13,25990927,ATP8A2,25371974,26025851,TRUE,FALSE
chr13_25990960,chr13,25990960,ATP8A2,25371974,26025851,TRUE,FALSE
chr13_25990971,chr13,25990971,ATP8A2,25371974,26025851,TRUE,FALSE
chr13_25990991,chr13,25990991,ATP8A2,25371974,26025851,TRUE,FALSE
chr13_25991070,chr13,25991070,ATP8A2,25371974,26025851,TRUE,FALSE
chr13_25991101,chr13,25991101,ATP8A2,25371974,26025851,TRUE,FALSE
chr13_25991145,chr13,25991145,ATP8A2,25371974,26025851,TRUE,FALSE
chr13_25991164,chr13,25991164,ATP8A2,25371974,26025851,TRUE,FALSE
chr13_25991325,chr13,25991325,ATP8A2,25371974,26025851,TRUE,FALSE
chr13_25991472,chr13,25991472,ATP8A2,25371974,26025851,TRUE,FALSE
chr13_25991561,chr13,25991561,ATP8A2,25371974,26025851,TRUE,FALSE
chr13_25991596,chr13,25991596,ATP8A2,25371974,26025851,TRUE,FALSE
chr13_25991723,chr13,25991723,ATP8A2,25371974,26025851,TRUE,FALSE
chr13_25991744,chr13,25991744,ATP8A2,25371974,26025851,TRUE,FALSE
chr13_25992365,chr13,25992365,ATP8A2,25371974,26025851,TRUE,FALSE
chr13_25993258,chr13,25993258,ATP8A2,25371974,26025851,TRUE,FALSE
chr13_25993834,chr13,25993834,ATP8A2,25371974,26025851,TRUE,FALSE
chr13_25993867,chr13,25993867,ATP8A2,25371974,26025851,TRUE,FALSE
chr13_25993933,chr13,25993933,ATP8A2,25371974,26025851,TRUE,FALSE
chr13_25994067,chr13,25994067,ATP8A2,25371974,26025851,TRUE,FALSE
chr13_25994094,chr13,25994094,ATP8A2,25371974,26025851,TRUE,FALSE
chr13_25995804,chr13,25995804,ATP8A2,25371974,26025851,TRUE,FALSE
chr13_25996582,chr13,25996582,ATP8A2,25371974,26025851,TRUE,FALSE
chr13_25996610,chr13,25996610,ATP8A2,25371974,26025851,TRUE,FALSE
chr13_25996620,chr13,25996620,ATP8A2,25371974,26025851,TRUE,FALSE
chr13_25996706,chr13,25996706,ATP8A2,25371974,26025851,TRUE,FALSE
chr13_25996760,chr13,25996760,ATP8A2,25371974,26025851,TRUE,FALSE
chr13_25996903,chr13,25996903,ATP8A2,25371974,26025851,TRUE,FALSE
chr13_25996935,chr13,25996935,ATP8A2,25371974,26025851,TRUE,FALSE
chr13_25997153,chr13,25997153,ATP8A2,25371974,26025851,TRUE,FALSE
chr13_25997325,chr13,25997325,ATP8A2,25371974,26025851,TRUE,FALSE
chr13_25997379,chr13,25997379,ATP8A2,25371974,26025851,TRUE,FALSE
chr13_25997525,chr13,25997525,ATP8A2,25371974,26025851,TRUE,FALSE
chr13_25997558,chr13,25997558,ATP8A2,25371974,26025851,TRUE,FALSE
chr13_25997682,chr13,25997682,ATP8A2,25371974,26025851,TRUE,FALSE
chr13_25997756,chr13,25997756,ATP8A2,25371974,26025851,TRUE,FALSE
chr13_25997805,chr13,25997805,ATP8A2,25371974,26025851,TRUE,FALSE
chr13_25997909,chr13,25997909,ATP8A2,25371974,26025851,TRUE,FALSE
chr13_25998061,chr13,25998061,ATP8A2,25371974,26025851,TRUE,FALSE
chr13_25998244,chr13,25998244,ATP8A2,25371974,26025851,TRUE,FALSE
chr13_25998591,chr13,25998591,ATP8A2,25371974,26025851,TRUE,FALSE
chr13_25998746,chr13,25998746,ATP8A2,25371974,26025851,TRUE,FALSE
chr13_25999029,chr13,25999029,ATP8A2,25371974,26025851,TRUE,FALSE
chr13_25999044,chr13,25999044,ATP8A2,25371974,26025851,TRUE,FALSE
chr13_25999096,chr13,25999096,ATP8A2,25371974,26025851,TRUE,FALSE
chr13_25999148,chr13,25999148,ATP8A2,25371974,26025851,TRUE,FALSE
chr13_25999216,chr13,25999216,ATP8A2,25371974,26025851,TRUE,FALSE
chr13_25999395,chr13,25999395,ATP8A2,25371974,26025851,TRUE,FALSE
chr13_25999559,chr13,25999559,ATP8A2,25371974,26025851,TRUE,FALSE
chr13_25999630,chr13,25999630,ATP8A2,25371974,26025851,TRUE,FALSE
chr13_25999633,chr13,25999633,ATP8A2,25371974,26025851,TRUE,FALSE
chr13_25999723,chr13,25999723,ATP8A2,25371974,26025851,TRUE,FALSE
chr13_25999854,chr13,25999854,ATP8A2,25371974,26025851,TRUE,FALSE
chr13_25999862,chr13,25999862,ATP8A2,25371974,26025851,TRUE,FALSE
chr13_25999913,chr13,25999913,ATP8A2,25371974,26025851,TRUE,FALSE
chr13_26000028,chr13,26000028,ATP8A2,25371974,26025851,TRUE,FALSE
chr13_26000301,chr13,26000301,ATP8A2,25371974,26025851,TRUE,FALSE
chr13_26000371,chr13,26000371,ATP8A2,25371974,26025851,TRUE,FALSE
chr13_26001016,chr13,26001016,ATP8A2,25371974,26025851,TRUE,FALSE
chr13_26001073,chr13,26001073,ATP8A2,25371974,26025851,TRUE,FALSE
chr13_26001301,chr13,26001301,ATP8A2,25371974,26025851,TRUE,FALSE
chr13_26001329,chr13,26001329,ATP8A2,25371974,26025851,TRUE,FALSE
chr13_26002497,chr13,26002497,ATP8A2,25371974,26025851,TRUE,FALSE
chr13_26002758,chr13,26002758,ATP8A2,25371974,26025851,TRUE,FALSE
chr13_26003326,chr13,26003326,ATP8A2,25371974,26025851,TRUE,FALSE
chr13_26003866,chr13,26003866,ATP8A2,25371974,26025851,TRUE,FALSE
chr13_26005323,chr13,26005323,ATP8A2,25371974,26025851,TRUE,FALSE
chr13_26006252,chr13,26006252,ATP8A2,25371974,26025851,TRUE,FALSE
chr13_26006394,chr13,26006394,ATP8A2,25371974,26025851,TRUE,FALSE
chr13_26006805,chr13,26006805,ATP8A2,25371974,26025851,TRUE,FALSE
chr13_26008524,chr13,26008524,ATP8A2,25371974,26025851,TRUE,FALSE
chr13_26008986,chr13,26008986,ATP8A2,25371974,26025851,TRUE,FALSE
chr13_26009095,chr13,26009095,ATP8A2,25371974,26025851,TRUE,FALSE
chr13_26009298,chr13,26009298,ATP8A2,25371974,26025851,TRUE,FALSE
chr13_26009347,chr13,26009347,ATP8A2,25371974,26025851,TRUE,FALSE
chr13_26009424,chr13,26009424,ATP8A2,25371974,26025851,TRUE,FALSE
chr13_26009428,chr13,26009428,ATP8A2,25371974,26025851,TRUE,FALSE
chr13_26009724,chr13,26009724,ATP8A2,25371974,26025851,TRUE,FALSE
chr13_26009840,chr13,26009840,ATP8A2,25371974,26025851,TRUE,FALSE
chr13_26009897,chr13,26009897,ATP8A2,25371974,26025851,TRUE,FALSE
chr13_26009980,chr13,26009980,ATP8A2,25371974,26025851,TRUE,FALSE
chr13_26010014,chr13,26010014,ATP8A2,25371974,26025851,TRUE,FALSE
chr13_26010022,chr13,26010022,ATP8A2,25371974,26025851,TRUE,FALSE
chr13_26010130,chr13,26010130,ATP8A2,25371974,26025851,TRUE,FALSE
chr13_26010141,chr13,26010141,ATP8A2,25371974,26025851,TRUE,FALSE
chr13_26010144,chr13,26010144,ATP8A2,25371974,26025851,TRUE,FALSE
chr13_26010554,chr13,26010554,ATP8A2,25371974,26025851,TRUE,FALSE
chr13_26010633,chr13,26010633,ATP8A2,25371974,26025851,TRUE,FALSE
chr13_26010667,chr13,26010667,ATP8A2,25371974,26025851,TRUE,FALSE
chr13_26010728,chr13,26010728,ATP8A2,25371974,26025851,TRUE,FALSE
chr13_26010765,chr13,26010765,ATP8A2,25371974,26025851,TRUE,FALSE
chr13_26010824,chr13,26010824,ATP8A2,25371974,26025851,TRUE,FALSE
chr13_26010983,chr13,26010983,ATP8A2,25371974,26025851,TRUE,FALSE
chr13_26011054,chr13,26011054,ATP8A2,25371974,26025851,TRUE,FALSE
chr13_26011058,chr13,26011058,ATP8A2,25371974,26025851,TRUE,FALSE
chr13_26011108,chr13,26011108,ATP8A2,25371974,26025851,TRUE,FALSE
chr13_26011120,chr13,26011120,ATP8A2,25371974,26025851,TRUE,FALSE
chr13_26011132,chr13,26011132,ATP8A2,25371974,26025851,TRUE,FALSE
chr13_26011167,chr13,26011167,ATP8A2,25371974,26025851,TRUE,FALSE
chr13_26011247,chr13,26011247,ATP8A2,25371974,26025851,TRUE,FALSE
chr13_26011275,chr13,26011275,ATP8A2,25371974,26025851,TRUE,FALSE
chr13_26011326,chr13,26011326,ATP8A2,25371974,26025851,TRUE,FALSE
chr13_26011563,chr13,26011563,ATP8A2,25371974,26025851,TRUE,FALSE
chr13_26011699,chr13,26011699,ATP8A2,25371974,26025851,TRUE,FALSE
chr13_26011867,chr13,26011867,ATP8A2,25371974,26025851,TRUE,FALSE
chr13_26011913,chr13,26011913,ATP8A2,25371974,26025851,TRUE,FALSE
chr13_26012050,chr13,26012050,ATP8A2,25371974,26025851,TRUE,FALSE
chr13_26012071,chr13,26012071,ATP8A2,25371974,26025851,TRUE,FALSE
chr13_26012116,chr13,26012116,ATP8A2,25371974,26025851,TRUE,FALSE
chr13_26012150,chr13,26012150,ATP8A2,25371974,26025851,TRUE,FALSE
chr13_26012152,chr13,26012152,ATP8A2,25371974,26025851,TRUE,FALSE
chr13_26012166,chr13,26012166,ATP8A2,25371974,26025851,TRUE,FALSE
chr13_26012199,chr13,26012199,ATP8A2,25371974,26025851,TRUE,FALSE
chr13_26012201,chr13,26012201,ATP8A2,25371974,26025851,TRUE,FALSE
chr13_26012215,chr13,26012215,ATP8A2,25371974,26025851,TRUE,FALSE
chr13_26012257,chr13,26012257,ATP8A2,25371974,26025851,TRUE,FALSE
chr13_26012263,chr13,26012263,ATP8A2,25371974,26025851,TRUE,FALSE
chr13_26012265,chr13,26012265,ATP8A2,25371974,26025851,TRUE,FALSE
chr13_26012276,chr13,26012276,ATP8A2,25371974,26025851,TRUE,FALSE
chr13_26012296,chr13,26012296,ATP8A2,25371974,26025851,TRUE,FALSE
chr13_26012307,chr13,26012307,ATP8A2,25371974,26025851,TRUE,FALSE
chr13_26012332,chr13,26012332,ATP8A2,25371974,26025851,TRUE,FALSE
chr13_26012335,chr13,26012335,ATP8A2,25371974,26025851,TRUE,FALSE
chr13_26012366,chr13,26012366,ATP8A2,25371974,26025851,TRUE,FALSE
chr13_26012393,chr13,26012393,ATP8A2,25371974,26025851,TRUE,FALSE
chr13_26012398,chr13,26012398,ATP8A2,25371974,26025851,TRUE,FALSE
chr13_26012414,chr13,26012414,ATP8A2,25371974,26025851,TRUE,FALSE
chr13_26012423,chr13,26012423,ATP8A2,25371974,26025851,TRUE,FALSE
chr13_26012426,chr13,26012426,ATP8A2,25371974,26025851,TRUE,FALSE
chr13_26012511,chr13,26012511,ATP8A2,25371974,26025851,TRUE,FALSE
chr13_26012513,chr13,26012513,ATP8A2,25371974,26025851,TRUE,FALSE
chr13_26012526,chr13,26012526,ATP8A2,25371974,26025851,TRUE,FALSE
chr13_26012837,chr13,26012837,ATP8A2,25371974,26025851,TRUE,FALSE
chr13_26012873,chr13,26012873,ATP8A2,25371974,26025851,TRUE,FALSE
chr13_26013262,chr13,26013262,ATP8A2,25371974,26025851,TRUE,FALSE
chr13_26013295,chr13,26013295,ATP8A2,25371974,26025851,TRUE,FALSE
chr13_26013349,chr13,26013349,ATP8A2,25371974,26025851,TRUE,FALSE
chr13_26013369,chr13,26013369,ATP8A2,25371974,26025851,TRUE,FALSE
chr13_26013396,chr13,26013396,ATP8A2,25371974,26025851,TRUE,FALSE
chr13_26013400,chr13,26013400,ATP8A2,25371974,26025851,TRUE,FALSE
chr13_26013402,chr13,26013402,ATP8A2,25371974,26025851,TRUE,FALSE
chr13_26013412,chr13,26013412,ATP8A2,25371974,26025851,TRUE,FALSE
chr13_26013433,chr13,26013433,ATP8A2,25371974,26025851,TRUE,FALSE
chr13_26013487,chr13,26013487,ATP8A2,25371974,26025851,TRUE,FALSE
chr13_26013503,chr13,26013503,ATP8A2,25371974,26025851,TRUE,FALSE
chr13_26013534,chr13,26013534,ATP8A2,25371974,26025851,TRUE,FALSE
chr13_26013539,chr13,26013539,ATP8A2,25371974,26025851,TRUE,FALSE
chr13_26013605,chr13,26013605,ATP8A2,25371974,26025851,TRUE,FALSE
chr13_26013617,chr13,26013617,ATP8A2,25371974,26025851,TRUE,FALSE
chr13_26013622,chr13,26013622,ATP8A2,25371974,26025851,TRUE,FALSE
chr13_26013661,chr13,26013661,ATP8A2,25371974,26025851,TRUE,FALSE
chr13_26013718,chr13,26013718,ATP8A2,25371974,26025851,TRUE,FALSE
chr13_26013889,chr13,26013889,ATP8A2,25371974,26025851,TRUE,FALSE
chr13_26014167,chr13,26014167,ATP8A2,25371974,26025851,TRUE,FALSE
chr13_26014494,chr13,26014494,ATP8A2,25371974,26025851,TRUE,FALSE
chr13_26014543,chr13,26014543,ATP8A2,25371974,26025851,TRUE,FALSE
chr13_26014975,chr13,26014975,ATP8A2,25371974,26025851,TRUE,FALSE
chr13_26015026,chr13,26015026,ATP8A2,25371974,26025851,TRUE,FALSE
chr13_26015051,chr13,26015051,ATP8A2,25371974,26025851,TRUE,FALSE
chr13_26015242,chr13,26015242,ATP8A2,25371974,26025851,TRUE,FALSE
chr13_26015271,chr13,26015271,ATP8A2,25371974,26025851,TRUE,FALSE
chr13_26015339,chr13,26015339,ATP8A2,25371974,26025851,TRUE,FALSE
chr13_26015639,chr13,26015639,ATP8A2,25371974,26025851,TRUE,FALSE
chr13_26015666,chr13,26015666,ATP8A2,25371974,26025851,TRUE,FALSE
chr13_26015696,chr13,26015696,ATP8A2,25371974,26025851,TRUE,FALSE
chr13_26015883,chr13,26015883,ATP8A2,25371974,26025851,TRUE,FALSE
chr13_26015892,chr13,26015892,ATP8A2,25371974,26025851,TRUE,FALSE
chr13_26015959,chr13,26015959,ATP8A2,25371974,26025851,TRUE,FALSE
chr13_26016050,chr13,26016050,ATP8A2,25371974,26025851,TRUE,FALSE
chr13_26016184,chr13,26016184,ATP8A2,25371974,26025851,TRUE,FALSE
chr13_26016208,chr13,26016208,ATP8A2,25371974,26025851,TRUE,FALSE
chr13_26016217,chr13,26016217,ATP8A2,25371974,26025851,TRUE,FALSE
chr13_26016367,chr13,26016367,ATP8A2,25371974,26025851,TRUE,FALSE
chr13_26016403,chr13,26016403,ATP8A2,25371974,26025851,TRUE,FALSE
chr13_26016487,chr13,26016487,ATP8A2,25371974,26025851,TRUE,FALSE
chr13_26016608,chr13,26016608,ATP8A2,25371974,26025851,TRUE,FALSE
chr13_26016730,chr13,26016730,ATP8A2,25371974,26025851,TRUE,FALSE
chr13_26016748,chr13,26016748,ATP8A2,25371974,26025851,TRUE,FALSE
chr13_26016766,chr13,26016766,ATP8A2,25371974,26025851,TRUE,FALSE
chr13_26016827,chr13,26016827,ATP8A2,25371974,26025851,TRUE,FALSE
chr13_26017070,chr13,26017070,ATP8A2,25371974,26025851,TRUE,FALSE
chr13_26017125,chr13,26017125,ATP8A2,25371974,26025851,TRUE,FALSE
chr13_26017212,chr13,26017212,ATP8A2,25371974,26025851,TRUE,FALSE
chr13_26017244,chr13,26017244,ATP8A2,25371974,26025851,TRUE,FALSE
chr13_26017311,chr13,26017311,ATP8A2,25371974,26025851,TRUE,FALSE
chr13_26017386,chr13,26017386,ATP8A2,25371974,26025851,TRUE,FALSE
chr13_26017436,chr13,26017436,ATP8A2,25371974,26025851,TRUE,FALSE
chr13_26017516,chr13,26017516,ATP8A2,25371974,26025851,TRUE,FALSE
chr13_26017567,chr13,26017567,ATP8A2,25371974,26025851,TRUE,FALSE
chr13_26017663,chr13,26017663,ATP8A2,25371974,26025851,TRUE,FALSE
chr13_26017783,chr13,26017783,ATP8A2,25371974,26025851,TRUE,FALSE
chr13_26018049,chr13,26018049,ATP8A2,25371974,26025851,TRUE,FALSE
chr13_26018248,chr13,26018248,ATP8A2,25371974,26025851,TRUE,FALSE
chr13_26018332,chr13,26018332,ATP8A2,25371974,26025851,TRUE,FALSE
chr13_26018448,chr13,26018448,ATP8A2,25371974,26025851,TRUE,FALSE
chr13_26018510,chr13,26018510,ATP8A2,25371974,26025851,TRUE,FALSE
chr13_26019222,chr13,26019222,ATP8A2,25371974,26025851,TRUE,FALSE
chr13_26019257,chr13,26019257,ATP8A2,25371974,26025851,TRUE,FALSE
chr13_26019351,chr13,26019351,ATP8A2,25371974,26025851,TRUE,FALSE
chr13_26019353,chr13,26019353,ATP8A2,25371974,26025851,TRUE,FALSE
chr13_26019375,chr13,26019375,ATP8A2,25371974,26025851,TRUE,FALSE
chr13_26019428,chr13,26019428,ATP8A2,25371974,26025851,TRUE,FALSE
chr13_26019568,chr13,26019568,ATP8A2,25371974,26025851,TRUE,FALSE
chr13_26019614,chr13,26019614,ATP8A2,25371974,26025851,TRUE,FALSE
chr13_26019706,chr13,26019706,ATP8A2,25371974,26025851,TRUE,FALSE
chr13_26019710,chr13,26019710,ATP8A2,25371974,26025851,TRUE,FALSE
chr13_26019715,chr13,26019715,ATP8A2,25371974,26025851,TRUE,FALSE
chr13_26019785,chr13,26019785,ATP8A2,25371974,26025851,TRUE,FALSE
chr13_26019795,chr13,26019795,ATP8A2,25371974,26025851,TRUE,FALSE
chr13_26019799,chr13,26019799,ATP8A2,25371974,26025851,TRUE,FALSE
chr13_26019916,chr13,26019916,ATP8A2,25371974,26025851,TRUE,FALSE
chr13_26019944,chr13,26019944,ATP8A2,25371974,26025851,TRUE,FALSE
chr13_26020070,chr13,26020070,ATP8A2,25371974,26025851,TRUE,FALSE
chr13_26020194,chr13,26020194,ATP8A2,25371974,26025851,TRUE,FALSE
chr13_26020228,chr13,26020228,ATP8A2,25371974,26025851,TRUE,FALSE
chr13_26020345,chr13,26020345,ATP8A2,25371974,26025851,TRUE,FALSE
chr13_26020421,chr13,26020421,ATP8A2,25371974,26025851,TRUE,FALSE
chr13_26020534,chr13,26020534,ATP8A2,25371974,26025851,TRUE,FALSE
chr13_26020642,chr13,26020642,ATP8A2,25371974,26025851,TRUE,FALSE
chr13_26020656,chr13,26020656,ATP8A2,25371974,26025851,TRUE,FALSE
chr13_26020659,chr13,26020659,ATP8A2,25371974,26025851,TRUE,FALSE
chr13_26020669,chr13,26020669,ATP8A2,25371974,26025851,TRUE,FALSE
chr13_26020722,chr13,26020722,ATP8A2,25371974,26025851,TRUE,FALSE
chr13_26020726,chr13,26020726,ATP8A2,25371974,26025851,TRUE,FALSE
chr13_26020748,chr13,26020748,ATP8A2,25371974,26025851,TRUE,FALSE
chr13_26020750,chr13,26020750,ATP8A2,25371974,26025851,TRUE,FALSE
chr13_26020788,chr13,26020788,ATP8A2,25371974,26025851,TRUE,FALSE
chr13_26020808,chr13,26020808,ATP8A2,25371974,26025851,TRUE,FALSE
chr13_26020817,chr13,26020817,ATP8A2,25371974,26025851,TRUE,FALSE
chr13_26027329,chr13,26027329,ATP8A2,25371974,26025851,FALSE,FALSE
chr13_26027349,chr13,26027349,ATP8A2,25371974,26025851,FALSE,FALSE
chr13_26027484,chr13,26027484,ATP8A2,25371974,26025851,FALSE,FALSE
chr13_26027486,chr13,26027486,ATP8A2,25371974,26025851,FALSE,FALSE
chr13_26027533,chr13,26027533,ATP8A2,25371974,26025851,FALSE,FALSE
chr13_26027613,chr13,26027613,ATP8A2,25371974,26025851,FALSE,FALSE
chr13_26027661,chr13,26027661,ATP8A2,25371974,26025851,FALSE,FALSE
chr13_26027865,chr13,26027865,ATP8A2,25371974,26025851,FALSE,FALSE
chr13_26028008,chr13,26028008,ATP8A2,25371974,26025851,FALSE,FALSE
chr13_26028018,chr13,26028018,ATP8A2,25371974,26025851,FALSE,FALSE
chr13_26028032,chr13,26028032,ATP8A2,25371974,26025851,FALSE,FALSE
chr13_26028264,chr13,26028264,ATP8A2,25371974,26025851,FALSE,FALSE
chr13_26028391,chr13,26028391,ATP8A2,25371974,26025851,FALSE,FALSE
chr13_26028436,chr13,26028436,ATP8A2,25371974,26025851,FALSE,FALSE
chr13_26028447,chr13,26028447,ATP8A2,25371974,26025851,FALSE,FALSE
chr13_26028452,chr13,26028452,ATP8A2,25371974,26025851,FALSE,FALSE
chr13_26028490,chr13,26028490,ATP8A2,25371974,26025851,FALSE,FALSE
chr13_26028496,chr13,26028496,ATP8A2,25371974,26025851,FALSE,FALSE
chr13_26028557,chr13,26028557,ATP8A2,25371974,26025851,FALSE,FALSE
chr13_26028658,chr13,26028658,ATP8A2,25371974,26025851,FALSE,FALSE
chr13_26028744,chr13,26028744,ATP8A2,25371974,26025851,FALSE,FALSE
chr13_26028784,chr13,26028784,ATP8A2,25371974,26025851,FALSE,FALSE
chr13_26028786,chr13,26028786,ATP8A2,25371974,26025851,FALSE,FALSE
chr13_26028808,chr13,26028808,ATP8A2,25371974,26025851,FALSE,FALSE
chr13_26028824,chr13,26028824,ATP8A2,25371974,26025851,FALSE,FALSE
chr13_26028844,chr13,26028844,ATP8A2,25371974,26025851,FALSE,FALSE
chr13_26028864,chr13,26028864,ATP8A2,25371974,26025851,FALSE,FALSE
chr13_26028919,chr13,26028919,ATP8A2,25371974,26025851,FALSE,FALSE
chr13_26028932,chr13,26028932,ATP8A2,25371974,26025851,FALSE,FALSE
chr13_26029231,chr13,26029231,ATP8A2,25371974,26025851,FALSE,FALSE
chr13_26029378,chr13,26029378,ATP8A2,25371974,26025851,FALSE,FALSE
chr13_26029490,chr13,26029490,ATP8A2,25371974,26025851,FALSE,FALSE
chr13_26029743,chr13,26029743,ATP8A2,25371974,26025851,FALSE,FALSE
chr13_26029755,chr13,26029755,ATP8A2,25371974,26025851,FALSE,FALSE
chr13_26029775,chr13,26029775,ATP8A2,25371974,26025851,FALSE,FALSE
chr13_26029814,chr13,26029814,ATP8A2,25371974,26025851,FALSE,FALSE
chr13_26030332,chr13,26030332,ATP8A2,25371974,26025851,FALSE,FALSE
chr13_26030502,chr13,26030502,ATP8A2,25371974,26025851,FALSE,FALSE
chr13_26030644,chr13,26030644,ATP8A2,25371974,26025851,FALSE,FALSE
chr13_26030665,chr13,26030665,ATP8A2,25371974,26025851,FALSE,FALSE
chr13_26030779,chr13,26030779,ATP8A2,25371974,26025851,FALSE,FALSE
chr6_56051717,chr6,56051717,COL21A1,56056590,56394094,FALSE,FALSE
chr6_56052547,chr6,56052547,COL21A1,56056590,56394094,FALSE,FALSE
chr6_56052567,chr6,56052567,COL21A1,56056590,56394094,FALSE,FALSE
chr6_56052600,chr6,56052600,COL21A1,56056590,56394094,FALSE,FALSE
chr6_56052693,chr6,56052693,COL21A1,56056590,56394094,FALSE,FALSE
chr6_56052708,chr6,56052708,COL21A1,56056590,56394094,FALSE,FALSE
chr6_56052732,chr6,56052732,COL21A1,56056590,56394094,FALSE,FALSE
chr6_56052835,chr6,56052835,COL21A1,56056590,56394094,FALSE,FALSE
chr6_56052877,chr6,56052877,COL21A1,56056590,56394094,FALSE,FALSE
chr6_56053279,chr6,56053279,COL21A1,56056590,56394094,FALSE,FALSE
chr6_56053357,chr6,56053357,COL21A1,56056590,56394094,FALSE,FALSE
chr6_56053574,chr6,56053574,COL21A1,56056590,56394094,FALSE,FALSE
chr6_56053580,chr6,56053580,COL21A1,56056590,56394094,FALSE,FALSE
chr6_56053680,chr6,56053680,COL21A1,56056590,56394094,FALSE,FALSE
chr6_56053937,chr6,56053937,COL21A1,56056590,56394094,FALSE,FALSE
chr6_56053944,chr6,56053944,COL21A1,56056590,56394094,FALSE,FALSE
chr6_56054126,chr6,56054126,COL21A1,56056590,56394094,FALSE,FALSE
chr6_56054322,chr6,56054322,COL21A1,56056590,56394094,FALSE,FALSE
chr6_56054334,chr6,56054334,COL21A1,56056590,56394094,FALSE,FALSE
chr6_56054493,chr6,56054493,COL21A1,56056590,56394094,FALSE,FALSE
chr6_56054532,chr6,56054532,COL21A1,56056590,56394094,FALSE,FALSE
chr6_56054549,chr6,56054549,COL21A1,56056590,56394094,FALSE,FALSE
chr6_56054668,chr6,56054668,COL21A1,56056590,56394094,FALSE,FALSE
chr6_56054673,chr6,56054673,COL21A1,56056590,56394094,FALSE,FALSE
chr6_56054730,chr6,56054730,COL21A1,56056590,56394094,FALSE,FALSE
chr6_56054849,chr6,56054849,COL21A1,56056590,56394094,FALSE,FALSE
chr6_56054888,chr6,56054888,COL21A1,56056590,56394094,FALSE,FALSE
chr6_56055104,chr6,56055104,COL21A1,56056590,56394094,FALSE,FALSE
chr6_56055121,chr6,56055121,COL21A1,56056590,56394094,FALSE,FALSE
chr6_56055193,chr6,56055193,COL21A1,56056590,56394094,FALSE,FALSE
chr6_56055212,chr6,56055212,COL21A1,56056590,56394094,FALSE,FALSE
chr6_56055283,chr6,56055283,COL21A1,56056590,56394094,FALSE,FALSE
chr6_56055633,chr6,56055633,COL21A1,56056590,56394094,FALSE,FALSE
chr6_56055656,chr6,56055656,COL21A1,56056590,56394094,FALSE,FALSE
chr6_56055937,chr6,56055937,COL21A1,56056590,56394094,FALSE,FALSE
chr6_56056043,chr6,56056043,COL21A1,56056590,56394094,FALSE,FALSE
chr6_56056103,chr6,56056103,COL21A1,56056590,56394094,FALSE,FALSE
chr6_56056355,chr6,56056355,COL21A1,56056590,56394094,FALSE,FALSE
chr6_56056895,chr6,56056895,COL21A1,56056590,56394094,TRUE,FALSE
chr6_56057549,chr6,56057549,COL21A1,56056590,56394094,TRUE,FALSE
chr6_56057681,chr6,56057681,COL21A1,56056590,56394094,TRUE,FALSE
chr6_56057722,chr6,56057722,COL21A1,56056590,56394094,TRUE,FALSE
chr6_56057867,chr6,56057867,COL21A1,56056590,56394094,TRUE,FALSE
chr6_56058210,chr6,56058210,COL21A1,56056590,56394094,TRUE,FALSE
chr6_56058239,chr6,56058239,COL21A1,56056590,56394094,TRUE,FALSE
chr6_56058737,chr6,56058737,COL21A1,56056590,56394094,TRUE,FALSE
chr6_56058833,chr6,56058833,COL21A1,56056590,56394094,TRUE,FALSE
chr6_56059896,chr6,56059896,COL21A1,56056590,56394094,TRUE,FALSE
chr6_56059936,chr6,56059936,COL21A1,56056590,56394094,TRUE,FALSE
chr6_56060041,chr6,56060041,COL21A1,56056590,56394094,TRUE,FALSE
chr6_56060121,chr6,56060121,COL21A1,56056590,56394094,TRUE,FALSE
chr6_56060145,chr6,56060145,COL21A1,56056590,56394094,TRUE,FALSE
chr6_56060314,chr6,56060314,COL21A1,56056590,56394094,TRUE,FALSE
chr6_56060395,chr6,56060395,COL21A1,56056590,56394094,TRUE,FALSE
chr6_56060767,chr6,56060767,COL21A1,56056590,56394094,TRUE,FALSE
chr6_56060890,chr6,56060890,COL21A1,56056590,56394094,TRUE,FALSE
chr6_56060956,chr6,56060956,COL21A1,56056590,56394094,TRUE,FALSE
chr6_56061009,chr6,56061009,COL21A1,56056590,56394094,TRUE,FALSE
chr6_56061107,chr6,56061107,COL21A1,56056590,56394094,TRUE,FALSE
chr6_56061168,chr6,56061168,COL21A1,56056590,56394094,TRUE,FALSE
chr6_56061291,chr6,56061291,COL21A1,56056590,56394094,TRUE,FALSE
chr6_56061363,chr6,56061363,COL21A1,56056590,56394094,TRUE,FALSE
chr6_56061544,chr6,56061544,COL21A1,56056590,56394094,TRUE,FALSE
chr6_56061606,chr6,56061606,COL21A1,56056590,56394094,TRUE,FALSE
chr6_56062787,chr6,56062787,COL21A1,56056590,56394094,TRUE,FALSE
chr6_56062963,chr6,56062963,COL21A1,56056590,56394094,TRUE,FALSE
chr6_56063658,chr6,56063658,COL21A1,56056590,56394094,TRUE,FALSE
chr6_56063977,chr6,56063977,COL21A1,56056590,56394094,TRUE,FALSE
chr6_56064335,chr6,56064335,COL21A1,56056590,56394094,TRUE,FALSE
chr6_56065230,chr6,56065230,COL21A1,56056590,56394094,TRUE,FALSE
chr6_56065280,chr6,56065280,COL21A1,56056590,56394094,TRUE,FALSE
chr6_56066003,chr6,56066003,COL21A1,56056590,56394094,TRUE,FALSE
chr6_56066032,chr6,56066032,COL21A1,56056590,56394094,TRUE,FALSE
chr6_56066037,chr6,56066037,COL21A1,56056590,56394094,TRUE,FALSE
chr6_56066234,chr6,56066234,COL21A1,56056590,56394094,TRUE,FALSE
chr6_56066388,chr6,56066388,COL21A1,56056590,56394094,TRUE,FALSE
chr6_56067427,chr6,56067427,COL21A1,56056590,56394094,TRUE,FALSE
chr6_56067937,chr6,56067937,COL21A1,56056590,56394094,TRUE,FALSE
chr6_56067971,chr6,56067971,COL21A1,56056590,56394094,TRUE,FALSE
chr6_56068084,chr6,56068084,COL21A1,56056590,56394094,TRUE,FALSE
chr6_56068328,chr6,56068328,COL21A1,56056590,56394094,TRUE,FALSE
chr6_56068669,chr6,56068669,COL21A1,56056590,56394094,TRUE,FALSE
chr6_56068917,chr6,56068917,COL21A1,56056590,56394094,TRUE,FALSE
chr6_56069018,chr6,56069018,COL21A1,56056590,56394094,TRUE,FALSE
chr6_56069063,chr6,56069063,COL21A1,56056590,56394094,TRUE,FALSE
chr6_56069100,chr6,56069100,COL21A1,56056590,56394094,TRUE,FALSE
chr6_56069401,chr6,56069401,COL21A1,56056590,56394094,TRUE,FALSE
chr6_56070149,chr6,56070149,COL21A1,56056590,56394094,TRUE,FALSE
chr6_56070164,chr6,56070164,COL21A1,56056590,56394094,TRUE,FALSE
chr6_56070911,chr6,56070911,COL21A1,56056590,56394094,TRUE,FALSE
chr6_56071136,chr6,56071136,COL21A1,56056590,56394094,TRUE,FALSE
chr6_56071777,chr6,56071777,COL21A1,56056590,56394094,TRUE,FALSE
chr6_56071884,chr6,56071884,COL21A1,56056590,56394094,TRUE,FALSE
chr6_56072064,chr6,56072064,COL21A1,56056590,56394094,TRUE,FALSE
chr6_56072154,chr6,56072154,COL21A1,56056590,56394094,TRUE,FALSE
chr6_56072268,chr6,56072268,COL21A1,56056590,56394094,TRUE,FALSE
chr6_56072320,chr6,56072320,COL21A1,56056590,56394094,TRUE,FALSE
chr6_56072472,chr6,56072472,COL21A1,56056590,56394094,TRUE,FALSE
chr6_56072557,chr6,56072557,COL21A1,56056590,56394094,TRUE,FALSE
chr6_56073040,chr6,56073040,COL21A1,56056590,56394094,TRUE,FALSE
chr6_56073639,chr6,56073639,COL21A1,56056590,56394094,TRUE,FALSE
chr6_56074241,chr6,56074241,COL21A1,56056590,56394094,TRUE,FALSE
chr6_56074748,chr6,56074748,COL21A1,56056590,56394094,TRUE,FALSE
chr6_56075405,chr6,56075405,COL21A1,56056590,56394094,TRUE,FALSE
chr6_56075936,chr6,56075936,COL21A1,56056590,56394094,TRUE,FALSE
chr6_56077400,chr6,56077400,COL21A1,56056590,56394094,TRUE,FALSE
chr6_56077548,chr6,56077548,COL21A1,56056590,56394094,TRUE,FALSE
chr6_56077945,chr6,56077945,COL21A1,56056590,56394094,TRUE,FALSE
chr6_56078164,chr6,56078164,COL21A1,56056590,56394094,TRUE,FALSE
chr6_56078663,chr6,56078663,COL21A1,56056590,56394094,TRUE,FALSE
chr6_56078866,chr6,56078866,COL21A1,56056590,56394094,TRUE,FALSE
chr6_56079089,chr6,56079089,COL21A1,56056590,56394094,TRUE,FALSE
chr6_56079143,chr6,56079143,COL21A1,56056590,56394094,TRUE,FALSE
chr6_56079195,chr6,56079195,COL21A1,56056590,56394094,TRUE,FALSE
chr6_56079299,chr6,56079299,COL21A1,56056590,56394094,TRUE,FALSE
chr6_56079316,chr6,56079316,COL21A1,56056590,56394094,TRUE,FALSE
chr6_56079514,chr6,56079514,COL21A1,56056590,56394094,TRUE,FALSE
chr6_56080150,chr6,56080150,COL21A1,56056590,56394094,TRUE,FALSE
chr6_56080216,chr6,56080216,COL21A1,56056590,56394094,TRUE,FALSE
chr6_56081028,chr6,56081028,COL21A1,56056590,56394094,TRUE,FALSE
chr6_56081206,chr6,56081206,COL21A1,56056590,56394094,TRUE,FALSE
chr6_56081351,chr6,56081351,COL21A1,56056590,56394094,TRUE,FALSE
chr6_56081357,chr6,56081357,COL21A1,56056590,56394094,TRUE,FALSE
chr6_56081641,chr6,56081641,COL21A1,56056590,56394094,TRUE,FALSE
chr6_56081767,chr6,56081767,COL21A1,56056590,56394094,TRUE,FALSE
chr6_56082080,chr6,56082080,COL21A1,56056590,56394094,TRUE,FALSE
chr6_56082149,chr6,56082149,COL21A1,56056590,56394094,TRUE,FALSE
chr6_56082167,chr6,56082167,COL21A1,56056590,56394094,TRUE,FALSE
chr6_56082644,chr6,56082644,COL21A1,56056590,56394094,TRUE,FALSE
chr6_56083186,chr6,56083186,COL21A1,56056590,56394094,TRUE,FALSE
chr6_56084748,chr6,56084748,COL21A1,56056590,56394094,TRUE,FALSE
chr6_56084790,chr6,56084790,COL21A1,56056590,56394094,TRUE,FALSE
chr6_56085058,chr6,56085058,COL21A1,56056590,56394094,TRUE,FALSE
chr6_56085430,chr6,56085430,COL21A1,56056590,56394094,TRUE,FALSE
chr6_56086084,chr6,56086084,COL21A1,56056590,56394094,TRUE,FALSE
chr6_56086260,chr6,56086260,COL21A1,56056590,56394094,TRUE,FALSE
chr6_56086335,chr6,56086335,COL21A1,56056590,56394094,TRUE,FALSE
chr6_56086424,chr6,56086424,COL21A1,56056590,56394094,TRUE,FALSE
chr6_56086686,chr6,56086686,COL21A1,56056590,56394094,TRUE,FALSE
chr6_56086729,chr6,56086729,COL21A1,56056590,56394094,TRUE,FALSE
chr6_56086833,chr6,56086833,COL21A1,56056590,56394094,TRUE,FALSE
chr6_56086866,chr6,56086866,COL21A1,56056590,56394094,TRUE,FALSE
chr6_56087029,chr6,56087029,COL21A1,56056590,56394094,TRUE,FALSE
chr6_56087246,chr6,56087246,COL21A1,56056590,56394094,TRUE,FALSE
chr6_56088085,chr6,56088085,COL21A1,56056590,56394094,TRUE,FALSE
chr6_56088129,chr6,56088129,COL21A1,56056590,56394094,TRUE,FALSE
chr6_56088192,chr6,56088192,COL21A1,56056590,56394094,TRUE,FALSE
chr6_56088288,chr6,56088288,COL21A1,56056590,56394094,TRUE,FALSE
chr6_56088320,chr6,56088320,COL21A1,56056590,56394094,TRUE,FALSE
chr6_56088771,chr6,56088771,COL21A1,56056590,56394094,TRUE,FALSE
chr6_56088871,chr6,56088871,COL21A1,56056590,56394094,TRUE,FALSE
chr6_56088984,chr6,56088984,COL21A1,56056590,56394094,TRUE,FALSE
chr6_56089032,chr6,56089032,COL21A1,56056590,56394094,TRUE,FALSE
chr6_56089084,chr6,56089084,COL21A1,56056590,56394094,TRUE,FALSE
chr6_56089509,chr6,56089509,COL21A1,56056590,56394094,TRUE,FALSE
chr6_56089909,chr6,56089909,COL21A1,56056590,56394094,TRUE,FALSE
chr6_56089967,chr6,56089967,COL21A1,56056590,56394094,TRUE,FALSE
chr6_56089979,chr6,56089979,COL21A1,56056590,56394094,TRUE,FALSE
chr6_56090016,chr6,56090016,COL21A1,56056590,56394094,TRUE,FALSE
chr6_56090109,chr6,56090109,COL21A1,56056590,56394094,TRUE,FALSE
chr6_56090111,chr6,56090111,COL21A1,56056590,56394094,TRUE,FALSE
chr6_56090193,chr6,56090193,COL21A1,56056590,56394094,TRUE,FALSE
chr6_56090235,chr6,56090235,COL21A1,56056590,56394094,TRUE,FALSE
chr6_56090282,chr6,56090282,COL21A1,56056590,56394094,TRUE,FALSE
chr6_56090881,chr6,56090881,COL21A1,56056590,56394094,TRUE,FALSE
chr6_56091215,chr6,56091215,COL21A1,56056590,56394094,TRUE,FALSE
chr6_56091517,chr6,56091517,COL21A1,56056590,56394094,TRUE,FALSE
chr6_56091811,chr6,56091811,COL21A1,56056590,56394094,TRUE,FALSE
chr6_56091870,chr6,56091870,COL21A1,56056590,56394094,TRUE,FALSE
chr6_56092303,chr6,56092303,COL21A1,56056590,56394094,TRUE,FALSE
chr6_56092332,chr6,56092332,COL21A1,56056590,56394094,TRUE,FALSE
chr6_56092361,chr6,56092361,COL21A1,56056590,56394094,TRUE,FALSE
chr6_56093194,chr6,56093194,COL21A1,56056590,56394094,TRUE,FALSE
chr6_56093349,chr6,56093349,COL21A1,56056590,56394094,TRUE,FALSE
chr6_56093529,chr6,56093529,COL21A1,56056590,56394094,TRUE,FALSE
chr6_56093714,chr6,56093714,COL21A1,56056590,56394094,TRUE,FALSE
chr6_56094195,chr6,56094195,COL21A1,56056590,56394094,TRUE,FALSE
chr6_56094812,chr6,56094812,COL21A1,56056590,56394094,TRUE,FALSE
chr6_56095620,chr6,56095620,COL21A1,56056590,56394094,TRUE,FALSE
chr6_56095971,chr6,56095971,COL21A1,56056590,56394094,TRUE,FALSE
chr6_56095991,chr6,56095991,COL21A1,56056590,56394094,TRUE,FALSE
chr6_56096003,chr6,56096003,COL21A1,56056590,56394094,TRUE,FALSE
chr6_56096180,chr6,56096180,COL21A1,56056590,56394094,TRUE,FALSE
chr6_56097327,chr6,56097327,COL21A1,56056590,56394094,TRUE,FALSE
chr6_56098905,chr6,56098905,COL21A1,56056590,56394094,TRUE,FALSE
chr6_56099079,chr6,56099079,COL21A1,56056590,56394094,TRUE,FALSE
chr6_56099126,chr6,56099126,COL21A1,56056590,56394094,TRUE,FALSE
chr6_56099158,chr6,56099158,COL21A1,56056590,56394094,TRUE,FALSE
chr6_56099482,chr6,56099482,COL21A1,56056590,56394094,TRUE,FALSE
chr6_56099487,chr6,56099487,COL21A1,56056590,56394094,TRUE,FALSE
chr6_56099515,chr6,56099515,COL21A1,56056590,56394094,TRUE,FALSE
chr6_56101179,chr6,56101179,COL21A1,56056590,56394094,TRUE,FALSE
chr6_56101420,chr6,56101420,COL21A1,56056590,56394094,TRUE,FALSE
chr6_56101482,chr6,56101482,COL21A1,56056590,56394094,TRUE,FALSE
chr6_56101499,chr6,56101499,COL21A1,56056590,56394094,TRUE,FALSE
chr6_56102011,chr6,56102011,COL21A1,56056590,56394094,TRUE,FALSE
chr6_56102129,chr6,56102129,COL21A1,56056590,56394094,TRUE,FALSE
chr6_56102519,chr6,56102519,COL21A1,56056590,56394094,TRUE,FALSE
chr6_56103621,chr6,56103621,COL21A1,56056590,56394094,TRUE,FALSE
chr6_56103797,chr6,56103797,COL21A1,56056590,56394094,TRUE,FALSE
chr6_56104319,chr6,56104319,COL21A1,56056590,56394094,TRUE,FALSE
chr6_56104626,chr6,56104626,COL21A1,56056590,56394094,TRUE,FALSE
chr6_56104730,chr6,56104730,COL21A1,56056590,56394094,TRUE,FALSE
chr6_56105057,chr6,56105057,COL21A1,56056590,56394094,TRUE,FALSE
chr6_56105154,chr6,56105154,COL21A1,56056590,56394094,TRUE,FALSE
chr6_56105215,chr6,56105215,COL21A1,56056590,56394094,TRUE,FALSE
chr6_56105393,chr6,56105393,COL21A1,56056590,56394094,TRUE,FALSE
chr6_56105816,chr6,56105816,COL21A1,56056590,56394094,TRUE,FALSE
chr6_56106008,chr6,56106008,COL21A1,56056590,56394094,TRUE,FALSE
chr6_56106025,chr6,56106025,COL21A1,56056590,56394094,TRUE,FALSE
chr6_56106419,chr6,56106419,COL21A1,56056590,56394094,TRUE,FALSE
chr6_56106817,chr6,56106817,COL21A1,56056590,56394094,TRUE,FALSE
chr6_56106825,chr6,56106825,COL21A1,56056590,56394094,TRUE,FALSE
chr6_56106847,chr6,56106847,COL21A1,56056590,56394094,TRUE,FALSE
chr6_56106855,chr6,56106855,COL21A1,56056590,56394094,TRUE,FALSE
chr6_56106872,chr6,56106872,COL21A1,56056590,56394094,TRUE,FALSE
chr6_56106879,chr6,56106879,COL21A1,56056590,56394094,TRUE,FALSE
chr6_56106887,chr6,56106887,COL21A1,56056590,56394094,TRUE,FALSE
chr6_56106931,chr6,56106931,COL21A1,56056590,56394094,TRUE,FALSE
chr6_56106935,chr6,56106935,COL21A1,56056590,56394094,TRUE,FALSE
chr6_56106943,chr6,56106943,COL21A1,56056590,56394094,TRUE,FALSE
chr6_56106977,chr6,56106977,COL21A1,56056590,56394094,TRUE,FALSE
chr6_56106988,chr6,56106988,COL21A1,56056590,56394094,TRUE,FALSE
chr6_56107008,chr6,56107008,COL21A1,56056590,56394094,TRUE,FALSE
chr6_56107038,chr6,56107038,COL21A1,56056590,56394094,TRUE,FALSE
chr6_56107045,chr6,56107045,COL21A1,56056590,56394094,TRUE,FALSE
chr6_56107066,chr6,56107066,COL21A1,56056590,56394094,TRUE,FALSE
chr6_56107076,chr6,56107076,COL21A1,56056590,56394094,TRUE,FALSE
chr6_56107078,chr6,56107078,COL21A1,56056590,56394094,TRUE,FALSE
chr6_56107082,chr6,56107082,COL21A1,56056590,56394094,TRUE,FALSE
chr6_56107193,chr6,56107193,COL21A1,56056590,56394094,TRUE,FALSE
chr6_56107248,chr6,56107248,COL21A1,56056590,56394094,TRUE,FALSE
chr6_56107316,chr6,56107316,COL21A1,56056590,56394094,TRUE,FALSE
chr6_56107804,chr6,56107804,COL21A1,56056590,56394094,TRUE,FALSE
chr6_56108063,chr6,56108063,COL21A1,56056590,56394094,TRUE,FALSE
chr6_56108087,chr6,56108087,COL21A1,56056590,56394094,TRUE,FALSE
chr6_56108231,chr6,56108231,COL21A1,56056590,56394094,TRUE,FALSE
chr6_56108414,chr6,56108414,COL21A1,56056590,56394094,TRUE,FALSE
chr6_56108450,chr6,56108450,COL21A1,56056590,56394094,TRUE,FALSE
chr6_56108585,chr6,56108585,COL21A1,56056590,56394094,TRUE,FALSE
chr6_56108640,chr6,56108640,COL21A1,56056590,56394094,TRUE,FALSE
chr6_56110027,chr6,56110027,COL21A1,56056590,56394094,TRUE,FALSE
chr6_56111828,chr6,56111828,COL21A1,56056590,56394094,TRUE,FALSE
chr6_56112068,chr6,56112068,COL21A1,56056590,56394094,TRUE,FALSE
chr6_56112333,chr6,56112333,COL21A1,56056590,56394094,TRUE,FALSE
chr6_56112496,chr6,56112496,COL21A1,56056590,56394094,TRUE,FALSE
chr6_56112706,chr6,56112706,COL21A1,56056590,56394094,TRUE,FALSE
chr6_56112714,chr6,56112714,COL21A1,56056590,56394094,TRUE,FALSE
chr6_56112745,chr6,56112745,COL21A1,56056590,56394094,TRUE,FALSE
chr6_56112753,chr6,56112753,COL21A1,56056590,56394094,TRUE,FALSE
chr6_56112770,chr6,56112770,COL21A1,56056590,56394094,TRUE,FALSE
chr6_56112787,chr6,56112787,COL21A1,56056590,56394094,TRUE,FALSE
chr6_56112846,chr6,56112846,COL21A1,56056590,56394094,TRUE,FALSE
chr6_56112930,chr6,56112930,COL21A1,56056590,56394094,TRUE,FALSE
chr6_56112972,chr6,56112972,COL21A1,56056590,56394094,TRUE,FALSE
chr6_56112975,chr6,56112975,COL21A1,56056590,56394094,TRUE,FALSE
chr6_56113081,chr6,56113081,COL21A1,56056590,56394094,TRUE,FALSE
chr6_56113560,chr6,56113560,COL21A1,56056590,56394094,TRUE,FALSE
chr6_56113569,chr6,56113569,COL21A1,56056590,56394094,TRUE,FALSE
chr6_56113732,chr6,56113732,COL21A1,56056590,56394094,TRUE,FALSE
chr6_56113782,chr6,56113782,COL21A1,56056590,56394094,TRUE,FALSE
chr6_56113908,chr6,56113908,COL21A1,56056590,56394094,TRUE,FALSE
chr6_56114011,chr6,56114011,COL21A1,56056590,56394094,TRUE,FALSE
chr6_56114508,chr6,56114508,COL21A1,56056590,56394094,TRUE,FALSE
chr6_56115044,chr6,56115044,COL21A1,56056590,56394094,TRUE,FALSE
chr6_56115200,chr6,56115200,COL21A1,56056590,56394094,TRUE,FALSE
chr6_56115217,chr6,56115217,COL21A1,56056590,56394094,TRUE,FALSE
chr6_56115234,chr6,56115234,COL21A1,56056590,56394094,TRUE,FALSE
chr6_56116273,chr6,56116273,COL21A1,56056590,56394094,TRUE,FALSE
chr6_56116649,chr6,56116649,COL21A1,56056590,56394094,TRUE,FALSE
chr6_56117582,chr6,56117582,COL21A1,56056590,56394094,TRUE,FALSE
chr6_56117662,chr6,56117662,COL21A1,56056590,56394094,TRUE,FALSE
chr6_56117742,chr6,56117742,COL21A1,56056590,56394094,TRUE,FALSE
chr6_56118194,chr6,56118194,COL21A1,56056590,56394094,TRUE,FALSE
chr6_56118751,chr6,56118751,COL21A1,56056590,56394094,TRUE,FALSE
chr6_56119645,chr6,56119645,COL21A1,56056590,56394094,TRUE,FALSE
chr6_56119789,chr6,56119789,COL21A1,56056590,56394094,TRUE,FALSE
chr6_56120138,chr6,56120138,COL21A1,56056590,56394094,TRUE,FALSE
chr6_56120521,chr6,56120521,COL21A1,56056590,56394094,TRUE,FALSE
chr6_56120576,chr6,56120576,COL21A1,56056590,56394094,TRUE,FALSE
chr6_56120594,chr6,56120594,COL21A1,56056590,56394094,TRUE,FALSE
chr6_56120617,chr6,56120617,COL21A1,56056590,56394094,TRUE,FALSE
chr6_56120650,chr6,56120650,COL21A1,56056590,56394094,TRUE,FALSE
chr6_56122258,chr6,56122258,COL21A1,56056590,56394094,TRUE,FALSE
chr6_56122306,chr6,56122306,COL21A1,56056590,56394094,TRUE,FALSE
chr6_56122363,chr6,56122363,COL21A1,56056590,56394094,TRUE,FALSE
chr6_56122373,chr6,56122373,COL21A1,56056590,56394094,TRUE,FALSE
chr6_56122398,chr6,56122398,COL21A1,56056590,56394094,TRUE,FALSE
chr6_56122457,chr6,56122457,COL21A1,56056590,56394094,TRUE,FALSE
chr6_56122872,chr6,56122872,COL21A1,56056590,56394094,TRUE,FALSE
chr6_56123326,chr6,56123326,COL21A1,56056590,56394094,TRUE,FALSE
chr6_56123463,chr6,56123463,COL21A1,56056590,56394094,TRUE,FALSE
chr6_56123923,chr6,56123923,COL21A1,56056590,56394094,TRUE,FALSE
chr6_56124070,chr6,56124070,COL21A1,56056590,56394094,TRUE,FALSE
chr6_56124299,chr6,56124299,COL21A1,56056590,56394094,TRUE,FALSE
chr6_56124664,chr6,56124664,COL21A1,56056590,56394094,TRUE,FALSE
chr6_56124711,chr6,56124711,COL21A1,56056590,56394094,TRUE,FALSE
chr6_56124727,chr6,56124727,COL21A1,56056590,56394094,TRUE,FALSE
chr6_56124734,chr6,56124734,COL21A1,56056590,56394094,TRUE,FALSE
chr6_56124742,chr6,56124742,COL21A1,56056590,56394094,TRUE,FALSE
chr6_56124766,chr6,56124766,COL21A1,56056590,56394094,TRUE,FALSE
chr6_56124786,chr6,56124786,COL21A1,56056590,56394094,TRUE,FALSE
chr6_56124835,chr6,56124835,COL21A1,56056590,56394094,TRUE,FALSE
chr6_56124846,chr6,56124846,COL21A1,56056590,56394094,TRUE,FALSE
chr6_56124866,chr6,56124866,COL21A1,56056590,56394094,TRUE,FALSE
chr6_56124880,chr6,56124880,COL21A1,56056590,56394094,TRUE,FALSE
chr6_56124934,chr6,56124934,COL21A1,56056590,56394094,TRUE,FALSE
chr6_56124936,chr6,56124936,COL21A1,56056590,56394094,TRUE,FALSE
chr6_56124940,chr6,56124940,COL21A1,56056590,56394094,TRUE,FALSE
chr6_56124956,chr6,56124956,COL21A1,56056590,56394094,TRUE,FALSE
chr6_56125043,chr6,56125043,COL21A1,56056590,56394094,TRUE,FALSE
chr6_56125061,chr6,56125061,COL21A1,56056590,56394094,TRUE,FALSE
chr6_56125081,chr6,56125081,COL21A1,56056590,56394094,TRUE,FALSE
chr6_56125106,chr6,56125106,COL21A1,56056590,56394094,TRUE,FALSE
chr6_56125177,chr6,56125177,COL21A1,56056590,56394094,TRUE,FALSE
chr6_56125240,chr6,56125240,COL21A1,56056590,56394094,TRUE,FALSE
chr6_56125270,chr6,56125270,COL21A1,56056590,56394094,TRUE,FALSE
chr6_56125298,chr6,56125298,COL21A1,56056590,56394094,TRUE,FALSE
chr6_56125308,chr6,56125308,COL21A1,56056590,56394094,TRUE,FALSE
chr6_56125310,chr6,56125310,COL21A1,56056590,56394094,TRUE,FALSE
chr6_56125314,chr6,56125314,COL21A1,56056590,56394094,TRUE,FALSE
chr6_56126142,chr6,56126142,COL21A1,56056590,56394094,TRUE,FALSE
chr6_56126675,chr6,56126675,COL21A1,56056590,56394094,TRUE,FALSE
chr6_56127338,chr6,56127338,COL21A1,56056590,56394094,TRUE,FALSE
chr6_56127556,chr6,56127556,COL21A1,56056590,56394094,TRUE,FALSE
chr6_56127649,chr6,56127649,COL21A1,56056590,56394094,TRUE,FALSE
chr6_56127701,chr6,56127701,COL21A1,56056590,56394094,TRUE,FALSE
chr6_56127948,chr6,56127948,COL21A1,56056590,56394094,TRUE,FALSE
chr6_56128441,chr6,56128441,COL21A1,56056590,56394094,TRUE,FALSE
chr6_56128577,chr6,56128577,COL21A1,56056590,56394094,TRUE,FALSE
chr6_56128593,chr6,56128593,COL21A1,56056590,56394094,TRUE,FALSE
chr6_56128617,chr6,56128617,COL21A1,56056590,56394094,TRUE,FALSE
chr6_56128685,chr6,56128685,COL21A1,56056590,56394094,TRUE,FALSE
chr6_56128693,chr6,56128693,COL21A1,56056590,56394094,TRUE,FALSE
chr6_56128721,chr6,56128721,COL21A1,56056590,56394094,TRUE,FALSE
chr6_56128723,chr6,56128723,COL21A1,56056590,56394094,TRUE,FALSE
chr6_56128906,chr6,56128906,COL21A1,56056590,56394094,TRUE,FALSE
chr6_56129044,chr6,56129044,COL21A1,56056590,56394094,TRUE,FALSE
chr6_56129057,chr6,56129057,COL21A1,56056590,56394094,TRUE,FALSE
chr6_56129199,chr6,56129199,COL21A1,56056590,56394094,TRUE,FALSE
chr6_56129787,chr6,56129787,COL21A1,56056590,56394094,TRUE,FALSE
chr6_56130668,chr6,56130668,COL21A1,56056590,56394094,TRUE,FALSE
chr6_56130784,chr6,56130784,COL21A1,56056590,56394094,TRUE,FALSE
chr6_56131363,chr6,56131363,COL21A1,56056590,56394094,TRUE,FALSE
chr6_56131777,chr6,56131777,COL21A1,56056590,56394094,TRUE,FALSE
chr6_56132768,chr6,56132768,COL21A1,56056590,56394094,TRUE,FALSE
chr6_56132779,chr6,56132779,COL21A1,56056590,56394094,TRUE,FALSE
chr6_56132835,chr6,56132835,COL21A1,56056590,56394094,TRUE,FALSE
chr6_56133537,chr6,56133537,COL21A1,56056590,56394094,TRUE,FALSE
chr6_56133736,chr6,56133736,COL21A1,56056590,56394094,TRUE,FALSE
chr6_56134092,chr6,56134092,COL21A1,56056590,56394094,TRUE,FALSE
chr6_56134155,chr6,56134155,COL21A1,56056590,56394094,TRUE,FALSE
chr6_56134296,chr6,56134296,COL21A1,56056590,56394094,TRUE,FALSE
chr6_56134674,chr6,56134674,COL21A1,56056590,56394094,TRUE,FALSE
chr6_56134738,chr6,56134738,COL21A1,56056590,56394094,TRUE,FALSE
chr6_56134751,chr6,56134751,COL21A1,56056590,56394094,TRUE,FALSE
chr6_56135356,chr6,56135356,COL21A1,56056590,56394094,TRUE,FALSE
chr6_56135596,chr6,56135596,COL21A1,56056590,56394094,TRUE,FALSE
chr6_56135755,chr6,56135755,COL21A1,56056590,56394094,TRUE,FALSE
chr6_56135971,chr6,56135971,COL21A1,56056590,56394094,TRUE,FALSE
chr6_56136592,chr6,56136592,COL21A1,56056590,56394094,TRUE,FALSE
chr6_56136895,chr6,56136895,COL21A1,56056590,56394094,TRUE,FALSE
chr6_56136899,chr6,56136899,COL21A1,56056590,56394094,TRUE,FALSE
chr6_56137332,chr6,56137332,COL21A1,56056590,56394094,TRUE,FALSE
chr6_56137369,chr6,56137369,COL21A1,56056590,56394094,TRUE,FALSE
chr6_56137617,chr6,56137617,COL21A1,56056590,56394094,TRUE,FALSE
chr6_56138163,chr6,56138163,COL21A1,56056590,56394094,TRUE,FALSE
chr6_56139019,chr6,56139019,COL21A1,56056590,56394094,TRUE,FALSE
chr6_56139062,chr6,56139062,COL21A1,56056590,56394094,TRUE,FALSE
chr6_56139754,chr6,56139754,COL21A1,56056590,56394094,TRUE,FALSE
chr6_56139822,chr6,56139822,COL21A1,56056590,56394094,TRUE,FALSE
chr6_56140523,chr6,56140523,COL21A1,56056590,56394094,TRUE,FALSE
chr6_56140714,chr6,56140714,COL21A1,56056590,56394094,TRUE,FALSE
chr6_56141323,chr6,56141323,COL21A1,56056590,56394094,TRUE,FALSE
chr6_56141409,chr6,56141409,COL21A1,56056590,56394094,TRUE,FALSE
chr6_56141697,chr6,56141697,COL21A1,56056590,56394094,TRUE,FALSE
chr6_56141798,chr6,56141798,COL21A1,56056590,56394094,TRUE,FALSE
chr6_56141831,chr6,56141831,COL21A1,56056590,56394094,TRUE,FALSE
chr6_56142046,chr6,56142046,COL21A1,56056590,56394094,TRUE,FALSE
chr6_56143269,chr6,56143269,COL21A1,56056590,56394094,TRUE,FALSE
chr6_56143301,chr6,56143301,COL21A1,56056590,56394094,TRUE,FALSE
chr6_56143345,chr6,56143345,COL21A1,56056590,56394094,TRUE,FALSE
chr6_56143451,chr6,56143451,COL21A1,56056590,56394094,TRUE,FALSE
chr6_56143479,chr6,56143479,COL21A1,56056590,56394094,TRUE,FALSE
chr6_56143495,chr6,56143495,COL21A1,56056590,56394094,TRUE,FALSE
chr6_56143731,chr6,56143731,COL21A1,56056590,56394094,TRUE,FALSE
chr6_56143891,chr6,56143891,COL21A1,56056590,56394094,TRUE,FALSE
chr6_56143961,chr6,56143961,COL21A1,56056590,56394094,TRUE,FALSE
chr6_56144320,chr6,56144320,COL21A1,56056590,56394094,TRUE,FALSE
chr6_56144633,chr6,56144633,COL21A1,56056590,56394094,TRUE,FALSE
chr6_56144666,chr6,56144666,COL21A1,56056590,56394094,TRUE,FALSE
chr6_56144803,chr6,56144803,COL21A1,56056590,56394094,TRUE,FALSE
chr6_56145007,chr6,56145007,COL21A1,56056590,56394094,TRUE,FALSE
chr6_56145670,chr6,56145670,COL21A1,56056590,56394094,TRUE,FALSE
chr6_56146297,chr6,56146297,COL21A1,56056590,56394094,TRUE,FALSE
chr6_56146766,chr6,56146766,COL21A1,56056590,56394094,TRUE,FALSE
chr6_56146785,chr6,56146785,COL21A1,56056590,56394094,TRUE,FALSE
chr6_56147210,chr6,56147210,COL21A1,56056590,56394094,TRUE,FALSE
chr6_56147526,chr6,56147526,COL21A1,56056590,56394094,TRUE,FALSE
chr6_56147600,chr6,56147600,COL21A1,56056590,56394094,TRUE,FALSE
chr6_56147958,chr6,56147958,COL21A1,56056590,56394094,TRUE,FALSE
chr6_56148187,chr6,56148187,COL21A1,56056590,56394094,TRUE,FALSE
chr6_56148759,chr6,56148759,COL21A1,56056590,56394094,TRUE,FALSE
chr6_56148913,chr6,56148913,COL21A1,56056590,56394094,TRUE,FALSE
chr6_56149262,chr6,56149262,COL21A1,56056590,56394094,TRUE,FALSE
chr6_56149855,chr6,56149855,COL21A1,56056590,56394094,TRUE,FALSE
chr6_56149928,chr6,56149928,COL21A1,56056590,56394094,TRUE,FALSE
chr6_56150102,chr6,56150102,COL21A1,56056590,56394094,TRUE,FALSE
chr6_56150257,chr6,56150257,COL21A1,56056590,56394094,TRUE,FALSE
chr6_56150284,chr6,56150284,COL21A1,56056590,56394094,TRUE,FALSE
chr6_56150289,chr6,56150289,COL21A1,56056590,56394094,TRUE,FALSE
chr6_56150293,chr6,56150293,COL21A1,56056590,56394094,TRUE,FALSE
chr6_56150300,chr6,56150300,COL21A1,56056590,56394094,TRUE,FALSE
chr6_56150314,chr6,56150314,COL21A1,56056590,56394094,TRUE,FALSE
chr6_56150334,chr6,56150334,COL21A1,56056590,56394094,TRUE,FALSE
chr6_56150449,chr6,56150449,COL21A1,56056590,56394094,TRUE,FALSE
chr6_56150466,chr6,56150466,COL21A1,56056590,56394094,TRUE,FALSE
chr6_56150472,chr6,56150472,COL21A1,56056590,56394094,TRUE,FALSE
chr6_56150474,chr6,56150474,COL21A1,56056590,56394094,TRUE,FALSE
chr6_56150496,chr6,56150496,COL21A1,56056590,56394094,TRUE,FALSE
chr6_56150504,chr6,56150504,COL21A1,56056590,56394094,TRUE,FALSE
chr6_56150588,chr6,56150588,COL21A1,56056590,56394094,TRUE,FALSE
chr6_56150941,chr6,56150941,COL21A1,56056590,56394094,TRUE,FALSE
chr6_56150945,chr6,56150945,COL21A1,56056590,56394094,TRUE,FALSE
chr6_56150951,chr6,56150951,COL21A1,56056590,56394094,TRUE,FALSE
chr6_56151157,chr6,56151157,COL21A1,56056590,56394094,TRUE,FALSE
chr6_56151174,chr6,56151174,COL21A1,56056590,56394094,TRUE,FALSE
chr6_56151180,chr6,56151180,COL21A1,56056590,56394094,TRUE,FALSE
chr6_56151184,chr6,56151184,COL21A1,56056590,56394094,TRUE,FALSE
chr6_56151204,chr6,56151204,COL21A1,56056590,56394094,TRUE,FALSE
chr6_56151894,chr6,56151894,COL21A1,56056590,56394094,TRUE,FALSE
chr6_56151946,chr6,56151946,COL21A1,56056590,56394094,TRUE,FALSE
chr6_56152216,chr6,56152216,COL21A1,56056590,56394094,TRUE,FALSE
chr6_56152985,chr6,56152985,COL21A1,56056590,56394094,TRUE,FALSE
chr6_56153140,chr6,56153140,COL21A1,56056590,56394094,TRUE,FALSE
chr6_56153362,chr6,56153362,COL21A1,56056590,56394094,TRUE,FALSE
chr6_56154579,chr6,56154579,COL21A1,56056590,56394094,TRUE,FALSE
chr6_56155470,chr6,56155470,COL21A1,56056590,56394094,TRUE,FALSE
chr6_56155681,chr6,56155681,COL21A1,56056590,56394094,TRUE,FALSE
chr6_56155688,chr6,56155688,COL21A1,56056590,56394094,TRUE,FALSE
chr6_56155882,chr6,56155882,COL21A1,56056590,56394094,TRUE,FALSE
chr6_56155917,chr6,56155917,COL21A1,56056590,56394094,TRUE,FALSE
chr6_56156737,chr6,56156737,COL21A1,56056590,56394094,TRUE,FALSE
chr6_56156859,chr6,56156859,COL21A1,56056590,56394094,TRUE,FALSE
chr6_56157247,chr6,56157247,COL21A1,56056590,56394094,TRUE,FALSE
chr6_56157373,chr6,56157373,COL21A1,56056590,56394094,TRUE,FALSE
chr6_56157379,chr6,56157379,COL21A1,56056590,56394094,TRUE,FALSE
chr6_56157435,chr6,56157435,COL21A1,56056590,56394094,TRUE,FALSE
chr6_56157618,chr6,56157618,COL21A1,56056590,56394094,TRUE,FALSE
chr6_56157989,chr6,56157989,COL21A1,56056590,56394094,TRUE,FALSE
chr6_56158138,chr6,56158138,COL21A1,56056590,56394094,TRUE,FALSE
chr6_56158185,chr6,56158185,COL21A1,56056590,56394094,TRUE,FALSE
chr6_56158241,chr6,56158241,COL21A1,56056590,56394094,TRUE,FALSE
chr6_56158865,chr6,56158865,COL21A1,56056590,56394094,TRUE,FALSE
chr6_56158909,chr6,56158909,COL21A1,56056590,56394094,TRUE,FALSE
chr6_56159355,chr6,56159355,COL21A1,56056590,56394094,TRUE,FALSE
chr6_56159368,chr6,56159368,COL21A1,56056590,56394094,TRUE,FALSE
chr6_56159423,chr6,56159423,COL21A1,56056590,56394094,TRUE,FALSE
chr6_56159481,chr6,56159481,COL21A1,56056590,56394094,TRUE,FALSE
chr6_56159529,chr6,56159529,COL21A1,56056590,56394094,TRUE,FALSE
chr6_56159836,chr6,56159836,COL21A1,56056590,56394094,TRUE,FALSE
chr6_56160094,chr6,56160094,COL21A1,56056590,56394094,TRUE,FALSE
chr6_56160278,chr6,56160278,COL21A1,56056590,56394094,TRUE,FALSE
chr6_56160286,chr6,56160286,COL21A1,56056590,56394094,TRUE,FALSE
chr6_56160878,chr6,56160878,COL21A1,56056590,56394094,TRUE,FALSE
chr6_56160881,chr6,56160881,COL21A1,56056590,56394094,TRUE,FALSE
chr6_56160912,chr6,56160912,COL21A1,56056590,56394094,TRUE,FALSE
chr6_56160973,chr6,56160973,COL21A1,56056590,56394094,TRUE,FALSE
chr6_56161299,chr6,56161299,COL21A1,56056590,56394094,TRUE,FALSE
chr6_56161388,chr6,56161388,COL21A1,56056590,56394094,TRUE,FALSE
chr6_56161441,chr6,56161441,COL21A1,56056590,56394094,TRUE,FALSE
chr6_56161454,chr6,56161454,COL21A1,56056590,56394094,TRUE,FALSE
chr6_56161456,chr6,56161456,COL21A1,56056590,56394094,TRUE,FALSE
chr6_56161637,chr6,56161637,COL21A1,56056590,56394094,TRUE,FALSE
chr6_56161915,chr6,56161915,COL21A1,56056590,56394094,TRUE,FALSE
chr6_56161921,chr6,56161921,COL21A1,56056590,56394094,TRUE,FALSE
chr6_56161988,chr6,56161988,COL21A1,56056590,56394094,TRUE,FALSE
chr6_56162311,chr6,56162311,COL21A1,56056590,56394094,TRUE,FALSE
chr6_56162480,chr6,56162480,COL21A1,56056590,56394094,TRUE,FALSE
chr6_56162880,chr6,56162880,COL21A1,56056590,56394094,TRUE,FALSE
chr6_56163139,chr6,56163139,COL21A1,56056590,56394094,TRUE,FALSE
chr6_56163173,chr6,56163173,COL21A1,56056590,56394094,TRUE,FALSE
chr6_56163203,chr6,56163203,COL21A1,56056590,56394094,TRUE,FALSE
chr6_56163438,chr6,56163438,COL21A1,56056590,56394094,TRUE,FALSE
chr6_56163448,chr6,56163448,COL21A1,56056590,56394094,TRUE,FALSE
chr6_56163481,chr6,56163481,COL21A1,56056590,56394094,TRUE,FALSE
chr6_56163485,chr6,56163485,COL21A1,56056590,56394094,TRUE,FALSE
chr6_56163492,chr6,56163492,COL21A1,56056590,56394094,TRUE,FALSE
chr6_56163506,chr6,56163506,COL21A1,56056590,56394094,TRUE,FALSE
chr6_56163511,chr6,56163511,COL21A1,56056590,56394094,TRUE,FALSE
chr6_56163526,chr6,56163526,COL21A1,56056590,56394094,TRUE,FALSE
chr6_56163537,chr6,56163537,COL21A1,56056590,56394094,TRUE,FALSE
chr6_56163565,chr6,56163565,COL21A1,56056590,56394094,TRUE,FALSE
chr6_56163569,chr6,56163569,COL21A1,56056590,56394094,TRUE,FALSE
chr6_56163581,chr6,56163581,COL21A1,56056590,56394094,TRUE,FALSE
chr6_56163601,chr6,56163601,COL21A1,56056590,56394094,TRUE,FALSE
chr6_56163623,chr6,56163623,COL21A1,56056590,56394094,TRUE,FALSE
chr6_56163633,chr6,56163633,COL21A1,56056590,56394094,TRUE,FALSE
chr6_56163640,chr6,56163640,COL21A1,56056590,56394094,TRUE,FALSE
chr6_56163665,chr6,56163665,COL21A1,56056590,56394094,TRUE,FALSE
chr6_56163685,chr6,56163685,COL21A1,56056590,56394094,TRUE,FALSE
chr6_56163701,chr6,56163701,COL21A1,56056590,56394094,TRUE,FALSE
chr6_56163783,chr6,56163783,COL21A1,56056590,56394094,TRUE,FALSE
chr6_56163799,chr6,56163799,COL21A1,56056590,56394094,TRUE,FALSE
chr6_56163814,chr6,56163814,COL21A1,56056590,56394094,TRUE,FALSE
chr6_56163879,chr6,56163879,COL21A1,56056590,56394094,TRUE,FALSE
chr6_56164450,chr6,56164450,COL21A1,56056590,56394094,TRUE,FALSE
chr6_56164567,chr6,56164567,COL21A1,56056590,56394094,TRUE,FALSE
chr6_56165954,chr6,56165954,COL21A1,56056590,56394094,TRUE,FALSE
chr6_56166027,chr6,56166027,COL21A1,56056590,56394094,TRUE,FALSE
chr6_56166350,chr6,56166350,COL21A1,56056590,56394094,TRUE,FALSE
chr6_56166377,chr6,56166377,COL21A1,56056590,56394094,TRUE,FALSE
chr6_56166389,chr6,56166389,COL21A1,56056590,56394094,TRUE,FALSE
chr6_56166423,chr6,56166423,COL21A1,56056590,56394094,TRUE,FALSE
chr6_56166426,chr6,56166426,COL21A1,56056590,56394094,TRUE,FALSE
chr6_56166437,chr6,56166437,COL21A1,56056590,56394094,TRUE,FALSE
chr6_56166449,chr6,56166449,COL21A1,56056590,56394094,TRUE,FALSE
chr6_56166580,chr6,56166580,COL21A1,56056590,56394094,TRUE,FALSE
chr6_56166582,chr6,56166582,COL21A1,56056590,56394094,TRUE,FALSE
chr6_56166599,chr6,56166599,COL21A1,56056590,56394094,TRUE,FALSE
chr6_56166934,chr6,56166934,COL21A1,56056590,56394094,TRUE,FALSE
chr6_56166964,chr6,56166964,COL21A1,56056590,56394094,TRUE,FALSE
chr6_56167207,chr6,56167207,COL21A1,56056590,56394094,TRUE,FALSE
chr6_56167280,chr6,56167280,COL21A1,56056590,56394094,TRUE,FALSE
chr6_56167379,chr6,56167379,COL21A1,56056590,56394094,TRUE,FALSE
chr6_56167499,chr6,56167499,COL21A1,56056590,56394094,TRUE,FALSE
chr6_56168266,chr6,56168266,COL21A1,56056590,56394094,TRUE,FALSE
chr6_56168295,chr6,56168295,COL21A1,56056590,56394094,TRUE,FALSE
chr6_56168976,chr6,56168976,COL21A1,56056590,56394094,TRUE,FALSE
chr6_56169038,chr6,56169038,COL21A1,56056590,56394094,TRUE,FALSE
chr6_56169643,chr6,56169643,COL21A1,56056590,56394094,TRUE,FALSE
chr6_56170262,chr6,56170262,COL21A1,56056590,56394094,TRUE,FALSE
chr6_56170696,chr6,56170696,COL21A1,56056590,56394094,TRUE,FALSE
chr6_56171092,chr6,56171092,COL21A1,56056590,56394094,TRUE,FALSE
chr6_56171110,chr6,56171110,COL21A1,56056590,56394094,TRUE,FALSE
chr6_56171737,chr6,56171737,COL21A1,56056590,56394094,TRUE,FALSE
chr6_56172060,chr6,56172060,COL21A1,56056590,56394094,TRUE,FALSE
chr6_56172165,chr6,56172165,COL21A1,56056590,56394094,TRUE,FALSE
chr6_56172237,chr6,56172237,COL21A1,56056590,56394094,TRUE,FALSE
chr6_56173704,chr6,56173704,COL21A1,56056590,56394094,TRUE,FALSE
chr6_56174129,chr6,56174129,COL21A1,56056590,56394094,TRUE,FALSE
chr6_56174298,chr6,56174298,COL21A1,56056590,56394094,TRUE,FALSE
chr6_56174528,chr6,56174528,COL21A1,56056590,56394094,TRUE,FALSE
chr6_56174941,chr6,56174941,COL21A1,56056590,56394094,TRUE,FALSE
chr6_56175753,chr6,56175753,COL21A1,56056590,56394094,TRUE,FALSE
chr6_56176022,chr6,56176022,COL21A1,56056590,56394094,TRUE,FALSE
chr6_56176025,chr6,56176025,COL21A1,56056590,56394094,TRUE,FALSE
chr6_56176064,chr6,56176064,COL21A1,56056590,56394094,TRUE,FALSE
chr6_56176208,chr6,56176208,COL21A1,56056590,56394094,TRUE,FALSE
chr6_56177519,chr6,56177519,COL21A1,56056590,56394094,TRUE,FALSE
chr6_56177521,chr6,56177521,COL21A1,56056590,56394094,TRUE,FALSE
chr6_56177531,chr6,56177531,COL21A1,56056590,56394094,TRUE,FALSE
chr6_56177564,chr6,56177564,COL21A1,56056590,56394094,TRUE,FALSE
chr6_56177568,chr6,56177568,COL21A1,56056590,56394094,TRUE,FALSE
chr6_56177610,chr6,56177610,COL21A1,56056590,56394094,TRUE,FALSE
chr6_56177620,chr6,56177620,COL21A1,56056590,56394094,TRUE,FALSE
chr6_56177651,chr6,56177651,COL21A1,56056590,56394094,TRUE,FALSE
chr6_56177655,chr6,56177655,COL21A1,56056590,56394094,TRUE,FALSE
chr6_56177684,chr6,56177684,COL21A1,56056590,56394094,TRUE,FALSE
chr6_56177716,chr6,56177716,COL21A1,56056590,56394094,TRUE,FALSE
chr6_56177723,chr6,56177723,COL21A1,56056590,56394094,TRUE,FALSE
chr6_56177778,chr6,56177778,COL21A1,56056590,56394094,TRUE,FALSE
chr6_56177816,chr6,56177816,COL21A1,56056590,56394094,TRUE,FALSE
chr6_56177934,chr6,56177934,COL21A1,56056590,56394094,TRUE,FALSE
chr6_56178865,chr6,56178865,COL21A1,56056590,56394094,TRUE,FALSE
chr6_56179220,chr6,56179220,COL21A1,56056590,56394094,TRUE,FALSE
chr6_56179657,chr6,56179657,COL21A1,56056590,56394094,TRUE,FALSE
chr6_56179686,chr6,56179686,COL21A1,56056590,56394094,TRUE,FALSE
chr6_56179767,chr6,56179767,COL21A1,56056590,56394094,TRUE,FALSE
chr6_56179789,chr6,56179789,COL21A1,56056590,56394094,TRUE,FALSE
chr6_56179820,chr6,56179820,COL21A1,56056590,56394094,TRUE,FALSE
chr6_56179845,chr6,56179845,COL21A1,56056590,56394094,TRUE,FALSE
chr6_56179849,chr6,56179849,COL21A1,56056590,56394094,TRUE,FALSE
chr6_56179915,chr6,56179915,COL21A1,56056590,56394094,TRUE,FALSE
chr6_56179944,chr6,56179944,COL21A1,56056590,56394094,TRUE,FALSE
chr6_56180005,chr6,56180005,COL21A1,56056590,56394094,TRUE,FALSE
chr6_56180113,chr6,56180113,COL21A1,56056590,56394094,TRUE,FALSE
chr6_56180123,chr6,56180123,COL21A1,56056590,56394094,TRUE,FALSE
chr6_56180273,chr6,56180273,COL21A1,56056590,56394094,TRUE,FALSE
chr6_56180846,chr6,56180846,COL21A1,56056590,56394094,TRUE,FALSE
chr6_56180887,chr6,56180887,COL21A1,56056590,56394094,TRUE,FALSE
chr6_56181016,chr6,56181016,COL21A1,56056590,56394094,TRUE,FALSE
chr6_56181238,chr6,56181238,COL21A1,56056590,56394094,TRUE,FALSE
chr6_56181419,chr6,56181419,COL21A1,56056590,56394094,TRUE,FALSE
chr6_56181821,chr6,56181821,COL21A1,56056590,56394094,TRUE,FALSE
chr6_56182630,chr6,56182630,COL21A1,56056590,56394094,TRUE,FALSE
chr6_56182948,chr6,56182948,COL21A1,56056590,56394094,TRUE,FALSE
chr6_56183015,chr6,56183015,COL21A1,56056590,56394094,TRUE,FALSE
chr6_56183545,chr6,56183545,COL21A1,56056590,56394094,TRUE,FALSE
chr6_56183816,chr6,56183816,COL21A1,56056590,56394094,TRUE,FALSE
chr6_56183920,chr6,56183920,COL21A1,56056590,56394094,TRUE,FALSE
chr6_56184146,chr6,56184146,COL21A1,56056590,56394094,TRUE,FALSE
chr6_56184170,chr6,56184170,COL21A1,56056590,56394094,TRUE,FALSE
chr6_56184199,chr6,56184199,COL21A1,56056590,56394094,TRUE,FALSE
chr6_56184757,chr6,56184757,COL21A1,56056590,56394094,TRUE,FALSE
chr6_56184783,chr6,56184783,COL21A1,56056590,56394094,TRUE,FALSE
chr6_56185413,chr6,56185413,COL21A1,56056590,56394094,TRUE,FALSE
chr6_56185714,chr6,56185714,COL21A1,56056590,56394094,TRUE,FALSE
chr6_56185724,chr6,56185724,COL21A1,56056590,56394094,TRUE,FALSE
chr6_56185726,chr6,56185726,COL21A1,56056590,56394094,TRUE,FALSE
chr6_56185730,chr6,56185730,COL21A1,56056590,56394094,TRUE,FALSE
chr6_56186381,chr6,56186381,COL21A1,56056590,56394094,TRUE,FALSE
chr6_56186581,chr6,56186581,COL21A1,56056590,56394094,TRUE,FALSE
chr6_56186758,chr6,56186758,COL21A1,56056590,56394094,TRUE,FALSE
chr6_56187104,chr6,56187104,COL21A1,56056590,56394094,TRUE,FALSE
chr6_56187121,chr6,56187121,COL21A1,56056590,56394094,TRUE,FALSE
chr6_56187314,chr6,56187314,COL21A1,56056590,56394094,TRUE,FALSE
chr6_56187518,chr6,56187518,COL21A1,56056590,56394094,TRUE,FALSE
chr6_56187544,chr6,56187544,COL21A1,56056590,56394094,TRUE,FALSE
chr6_56188481,chr6,56188481,COL21A1,56056590,56394094,TRUE,FALSE
chr6_56188587,chr6,56188587,COL21A1,56056590,56394094,TRUE,FALSE
chr6_56188622,chr6,56188622,COL21A1,56056590,56394094,TRUE,FALSE
chr6_56188626,chr6,56188626,COL21A1,56056590,56394094,TRUE,FALSE
chr6_56188643,chr6,56188643,COL21A1,56056590,56394094,TRUE,FALSE
chr6_56188658,chr6,56188658,COL21A1,56056590,56394094,TRUE,FALSE
chr6_56188675,chr6,56188675,COL21A1,56056590,56394094,TRUE,FALSE
chr6_56188702,chr6,56188702,COL21A1,56056590,56394094,TRUE,FALSE
chr6_56188936,chr6,56188936,COL21A1,56056590,56394094,TRUE,FALSE
chr6_56189104,chr6,56189104,COL21A1,56056590,56394094,TRUE,FALSE
chr6_56189122,chr6,56189122,COL21A1,56056590,56394094,TRUE,FALSE
chr6_56189303,chr6,56189303,COL21A1,56056590,56394094,TRUE,FALSE
chr6_56190036,chr6,56190036,COL21A1,56056590,56394094,TRUE,FALSE
chr6_56190318,chr6,56190318,COL21A1,56056590,56394094,TRUE,FALSE
chr6_56190379,chr6,56190379,COL21A1,56056590,56394094,TRUE,FALSE
chr6_56190674,chr6,56190674,COL21A1,56056590,56394094,TRUE,FALSE
chr6_56190677,chr6,56190677,COL21A1,56056590,56394094,TRUE,FALSE
chr6_56190708,chr6,56190708,COL21A1,56056590,56394094,TRUE,FALSE
chr6_56190949,chr6,56190949,COL21A1,56056590,56394094,TRUE,FALSE
chr6_56191039,chr6,56191039,COL21A1,56056590,56394094,TRUE,FALSE
chr6_56191159,chr6,56191159,COL21A1,56056590,56394094,TRUE,FALSE
chr6_56191339,chr6,56191339,COL21A1,56056590,56394094,TRUE,FALSE
chr6_56191368,chr6,56191368,COL21A1,56056590,56394094,TRUE,FALSE
chr6_56191448,chr6,56191448,COL21A1,56056590,56394094,TRUE,FALSE
chr6_56191535,chr6,56191535,COL21A1,56056590,56394094,TRUE,FALSE
chr6_56191751,chr6,56191751,COL21A1,56056590,56394094,TRUE,FALSE
chr6_56191956,chr6,56191956,COL21A1,56056590,56394094,TRUE,FALSE
chr6_56192174,chr6,56192174,COL21A1,56056590,56394094,TRUE,FALSE
chr6_56192182,chr6,56192182,COL21A1,56056590,56394094,TRUE,FALSE
chr6_56192519,chr6,56192519,COL21A1,56056590,56394094,TRUE,FALSE
chr6_56192866,chr6,56192866,COL21A1,56056590,56394094,TRUE,FALSE
chr6_56193005,chr6,56193005,COL21A1,56056590,56394094,TRUE,FALSE
chr6_56193082,chr6,56193082,COL21A1,56056590,56394094,TRUE,FALSE
chr6_56193857,chr6,56193857,COL21A1,56056590,56394094,TRUE,FALSE
chr6_56193879,chr6,56193879,COL21A1,56056590,56394094,TRUE,FALSE
chr6_56193899,chr6,56193899,COL21A1,56056590,56394094,TRUE,FALSE
chr6_56193903,chr6,56193903,COL21A1,56056590,56394094,TRUE,FALSE
chr6_56194016,chr6,56194016,COL21A1,56056590,56394094,TRUE,FALSE
chr6_56194655,chr6,56194655,COL21A1,56056590,56394094,TRUE,FALSE
chr6_56194929,chr6,56194929,COL21A1,56056590,56394094,TRUE,FALSE
chr6_56195076,chr6,56195076,COL21A1,56056590,56394094,TRUE,FALSE
chr6_56195226,chr6,56195226,COL21A1,56056590,56394094,TRUE,FALSE
chr6_56196120,chr6,56196120,COL21A1,56056590,56394094,TRUE,FALSE
chr6_56197077,chr6,56197077,COL21A1,56056590,56394094,TRUE,FALSE
chr6_56197297,chr6,56197297,COL21A1,56056590,56394094,TRUE,FALSE
chr6_56197675,chr6,56197675,COL21A1,56056590,56394094,TRUE,FALSE
chr6_56197707,chr6,56197707,COL21A1,56056590,56394094,TRUE,FALSE
chr6_56197934,chr6,56197934,COL21A1,56056590,56394094,TRUE,FALSE
chr6_56198002,chr6,56198002,COL21A1,56056590,56394094,TRUE,FALSE
chr6_56198118,chr6,56198118,COL21A1,56056590,56394094,TRUE,FALSE
chr6_56199793,chr6,56199793,COL21A1,56056590,56394094,TRUE,FALSE
chr6_56200257,chr6,56200257,COL21A1,56056590,56394094,TRUE,FALSE
chr6_56200352,chr6,56200352,COL21A1,56056590,56394094,TRUE,FALSE
chr6_56200873,chr6,56200873,COL21A1,56056590,56394094,TRUE,FALSE
chr6_56201542,chr6,56201542,COL21A1,56056590,56394094,TRUE,FALSE
chr6_56201622,chr6,56201622,COL21A1,56056590,56394094,TRUE,FALSE
chr6_56204126,chr6,56204126,COL21A1,56056590,56394094,TRUE,FALSE
chr6_56204137,chr6,56204137,COL21A1,56056590,56394094,TRUE,FALSE
chr6_56204160,chr6,56204160,COL21A1,56056590,56394094,TRUE,FALSE
chr6_56204190,chr6,56204190,COL21A1,56056590,56394094,TRUE,FALSE
chr6_56204197,chr6,56204197,COL21A1,56056590,56394094,TRUE,FALSE
chr6_56204812,chr6,56204812,COL21A1,56056590,56394094,TRUE,FALSE
chr6_56205319,chr6,56205319,COL21A1,56056590,56394094,TRUE,FALSE
chr6_56205328,chr6,56205328,COL21A1,56056590,56394094,TRUE,FALSE
chr6_56205360,chr6,56205360,COL21A1,56056590,56394094,TRUE,FALSE
chr6_56205681,chr6,56205681,COL21A1,56056590,56394094,TRUE,FALSE
chr6_56205753,chr6,56205753,COL21A1,56056590,56394094,TRUE,FALSE
chr6_56205857,chr6,56205857,COL21A1,56056590,56394094,TRUE,FALSE
chr6_56206079,chr6,56206079,COL21A1,56056590,56394094,TRUE,FALSE
chr6_56207246,chr6,56207246,COL21A1,56056590,56394094,TRUE,FALSE
chr6_56207331,chr6,56207331,COL21A1,56056590,56394094,TRUE,FALSE
chr6_56207494,chr6,56207494,COL21A1,56056590,56394094,TRUE,FALSE
chr6_56207589,chr6,56207589,COL21A1,56056590,56394094,TRUE,FALSE
chr6_56207909,chr6,56207909,COL21A1,56056590,56394094,TRUE,FALSE
chr6_56207967,chr6,56207967,COL21A1,56056590,56394094,TRUE,FALSE
chr6_56208018,chr6,56208018,COL21A1,56056590,56394094,TRUE,FALSE
chr6_56208578,chr6,56208578,COL21A1,56056590,56394094,TRUE,FALSE
chr6_56208694,chr6,56208694,COL21A1,56056590,56394094,TRUE,FALSE
chr6_56208835,chr6,56208835,COL21A1,56056590,56394094,TRUE,FALSE
chr6_56208838,chr6,56208838,COL21A1,56056590,56394094,TRUE,FALSE
chr6_56209465,chr6,56209465,COL21A1,56056590,56394094,TRUE,FALSE
chr6_56209499,chr6,56209499,COL21A1,56056590,56394094,TRUE,FALSE
chr6_56209605,chr6,56209605,COL21A1,56056590,56394094,TRUE,FALSE
chr6_56209662,chr6,56209662,COL21A1,56056590,56394094,TRUE,FALSE
chr6_56209719,chr6,56209719,COL21A1,56056590,56394094,TRUE,FALSE
chr6_56209839,chr6,56209839,COL21A1,56056590,56394094,TRUE,FALSE
chr6_56210025,chr6,56210025,COL21A1,56056590,56394094,TRUE,FALSE
chr6_56210161,chr6,56210161,COL21A1,56056590,56394094,TRUE,FALSE
chr6_56210220,chr6,56210220,COL21A1,56056590,56394094,TRUE,FALSE
chr6_56210324,chr6,56210324,COL21A1,56056590,56394094,TRUE,FALSE
chr6_56211526,chr6,56211526,COL21A1,56056590,56394094,TRUE,FALSE
chr6_56211664,chr6,56211664,COL21A1,56056590,56394094,TRUE,FALSE
chr6_56211722,chr6,56211722,COL21A1,56056590,56394094,TRUE,FALSE
chr6_56211978,chr6,56211978,COL21A1,56056590,56394094,TRUE,FALSE
chr6_56212332,chr6,56212332,COL21A1,56056590,56394094,TRUE,FALSE
chr6_56212443,chr6,56212443,COL21A1,56056590,56394094,TRUE,FALSE
chr6_56212463,chr6,56212463,COL21A1,56056590,56394094,TRUE,FALSE
chr6_56212698,chr6,56212698,COL21A1,56056590,56394094,TRUE,FALSE
chr6_56213702,chr6,56213702,COL21A1,56056590,56394094,TRUE,FALSE
chr6_56213804,chr6,56213804,COL21A1,56056590,56394094,TRUE,FALSE
chr6_56214971,chr6,56214971,COL21A1,56056590,56394094,TRUE,FALSE
chr6_56215063,chr6,56215063,COL21A1,56056590,56394094,TRUE,FALSE
chr6_56215152,chr6,56215152,COL21A1,56056590,56394094,TRUE,FALSE
chr6_56215200,chr6,56215200,COL21A1,56056590,56394094,TRUE,FALSE
chr6_56215521,chr6,56215521,COL21A1,56056590,56394094,TRUE,FALSE
chr6_56215791,chr6,56215791,COL21A1,56056590,56394094,TRUE,FALSE
chr6_56216217,chr6,56216217,COL21A1,56056590,56394094,TRUE,FALSE
chr6_56216247,chr6,56216247,COL21A1,56056590,56394094,TRUE,FALSE
chr6_56216435,chr6,56216435,COL21A1,56056590,56394094,TRUE,FALSE
chr6_56216651,chr6,56216651,COL21A1,56056590,56394094,TRUE,FALSE
chr6_56217640,chr6,56217640,COL21A1,56056590,56394094,TRUE,FALSE
chr6_56218695,chr6,56218695,COL21A1,56056590,56394094,TRUE,FALSE
chr6_56218708,chr6,56218708,COL21A1,56056590,56394094,TRUE,FALSE
chr6_56218759,chr6,56218759,COL21A1,56056590,56394094,TRUE,FALSE
chr6_56218967,chr6,56218967,COL21A1,56056590,56394094,TRUE,FALSE
chr6_56219048,chr6,56219048,COL21A1,56056590,56394094,TRUE,FALSE
chr6_56219098,chr6,56219098,COL21A1,56056590,56394094,TRUE,FALSE
chr6_56219148,chr6,56219148,COL21A1,56056590,56394094,TRUE,FALSE
chr6_56219245,chr6,56219245,COL21A1,56056590,56394094,TRUE,FALSE
chr6_56219270,chr6,56219270,COL21A1,56056590,56394094,TRUE,FALSE
chr6_56219311,chr6,56219311,COL21A1,56056590,56394094,TRUE,FALSE
chr6_56219496,chr6,56219496,COL21A1,56056590,56394094,TRUE,FALSE
chr6_56219543,chr6,56219543,COL21A1,56056590,56394094,TRUE,FALSE
chr6_56219548,chr6,56219548,COL21A1,56056590,56394094,TRUE,FALSE
chr6_56219672,chr6,56219672,COL21A1,56056590,56394094,TRUE,FALSE
chr6_56219705,chr6,56219705,COL21A1,56056590,56394094,TRUE,FALSE
chr6_56220598,chr6,56220598,COL21A1,56056590,56394094,TRUE,FALSE
chr6_56220617,chr6,56220617,COL21A1,56056590,56394094,TRUE,FALSE
chr6_56220638,chr6,56220638,COL21A1,56056590,56394094,TRUE,FALSE
chr6_56221444,chr6,56221444,COL21A1,56056590,56394094,TRUE,FALSE
chr6_56221450,chr6,56221450,COL21A1,56056590,56394094,TRUE,FALSE
chr6_56221535,chr6,56221535,COL21A1,56056590,56394094,TRUE,FALSE
chr6_56221588,chr6,56221588,COL21A1,56056590,56394094,TRUE,FALSE
chr6_56221894,chr6,56221894,COL21A1,56056590,56394094,TRUE,FALSE
chr6_56222038,chr6,56222038,COL21A1,56056590,56394094,TRUE,FALSE
chr6_56222043,chr6,56222043,COL21A1,56056590,56394094,TRUE,FALSE
chr6_56222070,chr6,56222070,COL21A1,56056590,56394094,TRUE,FALSE
chr6_56222129,chr6,56222129,COL21A1,56056590,56394094,TRUE,FALSE
chr6_56222165,chr6,56222165,COL21A1,56056590,56394094,TRUE,FALSE
chr6_56222221,chr6,56222221,COL21A1,56056590,56394094,TRUE,FALSE
chr6_56222227,chr6,56222227,COL21A1,56056590,56394094,TRUE,FALSE
chr6_56222268,chr6,56222268,COL21A1,56056590,56394094,TRUE,FALSE
chr6_56223115,chr6,56223115,COL21A1,56056590,56394094,TRUE,FALSE
chr6_56224174,chr6,56224174,COL21A1,56056590,56394094,TRUE,FALSE
chr6_56224414,chr6,56224414,COL21A1,56056590,56394094,TRUE,FALSE
chr6_56224590,chr6,56224590,COL21A1,56056590,56394094,TRUE,FALSE
chr6_56224676,chr6,56224676,COL21A1,56056590,56394094,TRUE,FALSE
chr6_56224689,chr6,56224689,COL21A1,56056590,56394094,TRUE,FALSE
chr6_56225757,chr6,56225757,COL21A1,56056590,56394094,TRUE,FALSE
chr6_56226194,chr6,56226194,COL21A1,56056590,56394094,TRUE,FALSE
chr6_56226333,chr6,56226333,COL21A1,56056590,56394094,TRUE,FALSE
chr6_56226832,chr6,56226832,COL21A1,56056590,56394094,TRUE,FALSE
chr6_56226937,chr6,56226937,COL21A1,56056590,56394094,TRUE,FALSE
chr6_56226978,chr6,56226978,COL21A1,56056590,56394094,TRUE,FALSE
chr6_56227028,chr6,56227028,COL21A1,56056590,56394094,TRUE,FALSE
chr6_56227122,chr6,56227122,COL21A1,56056590,56394094,TRUE,FALSE
chr6_56228044,chr6,56228044,COL21A1,56056590,56394094,TRUE,FALSE
chr6_56228362,chr6,56228362,COL21A1,56056590,56394094,TRUE,FALSE
chr6_56228433,chr6,56228433,COL21A1,56056590,56394094,TRUE,FALSE
chr6_56228701,chr6,56228701,COL21A1,56056590,56394094,TRUE,FALSE
chr6_56229455,chr6,56229455,COL21A1,56056590,56394094,TRUE,FALSE
chr6_56229500,chr6,56229500,COL21A1,56056590,56394094,TRUE,FALSE
chr6_56229601,chr6,56229601,COL21A1,56056590,56394094,TRUE,FALSE
chr6_56229764,chr6,56229764,COL21A1,56056590,56394094,TRUE,FALSE
chr6_56229795,chr6,56229795,COL21A1,56056590,56394094,TRUE,FALSE
chr6_56229945,chr6,56229945,COL21A1,56056590,56394094,TRUE,FALSE
chr6_56230083,chr6,56230083,COL21A1,56056590,56394094,TRUE,FALSE
chr6_56230315,chr6,56230315,COL21A1,56056590,56394094,TRUE,FALSE
chr6_56230779,chr6,56230779,COL21A1,56056590,56394094,TRUE,FALSE
chr6_56231217,chr6,56231217,COL21A1,56056590,56394094,TRUE,TRUE
chr6_56231257,chr6,56231257,COL21A1,56056590,56394094,TRUE,FALSE
chr6_56231345,chr6,56231345,COL21A1,56056590,56394094,TRUE,TRUE
chr6_56231400,chr6,56231400,COL21A1,56056590,56394094,TRUE,FALSE
chr6_56231774,chr6,56231774,COL21A1,56056590,56394094,TRUE,FALSE
chr6_56231814,chr6,56231814,COL21A1,56056590,56394094,TRUE,FALSE
chr6_56232558,chr6,56232558,COL21A1,56056590,56394094,TRUE,FALSE
chr6_56232619,chr6,56232619,COL21A1,56056590,56394094,TRUE,FALSE
chr6_56233280,chr6,56233280,COL21A1,56056590,56394094,TRUE,FALSE
chr6_56233657,chr6,56233657,COL21A1,56056590,56394094,TRUE,FALSE
chr6_56233958,chr6,56233958,COL21A1,56056590,56394094,TRUE,FALSE
chr6_56234574,chr6,56234574,COL21A1,56056590,56394094,TRUE,FALSE
chr6_56234720,chr6,56234720,COL21A1,56056590,56394094,TRUE,FALSE
chr6_56234965,chr6,56234965,COL21A1,56056590,56394094,TRUE,FALSE
chr6_56234999,chr6,56234999,COL21A1,56056590,56394094,TRUE,FALSE
chr6_56235573,chr6,56235573,COL21A1,56056590,56394094,TRUE,FALSE
chr6_56236064,chr6,56236064,COL21A1,56056590,56394094,TRUE,FALSE
chr6_56236476,chr6,56236476,COL21A1,56056590,56394094,TRUE,FALSE
chr6_56236879,chr6,56236879,COL21A1,56056590,56394094,TRUE,FALSE
chr6_56237133,chr6,56237133,COL21A1,56056590,56394094,TRUE,FALSE
chr6_56237515,chr6,56237515,COL21A1,56056590,56394094,TRUE,FALSE
chr6_56237686,chr6,56237686,COL21A1,56056590,56394094,TRUE,FALSE
chr6_56238416,chr6,56238416,COL21A1,56056590,56394094,TRUE,FALSE
chr6_56238506,chr6,56238506,COL21A1,56056590,56394094,TRUE,FALSE
chr6_56239806,chr6,56239806,COL21A1,56056590,56394094,TRUE,FALSE
chr6_56240341,chr6,56240341,COL21A1,56056590,56394094,TRUE,FALSE
chr6_56240896,chr6,56240896,COL21A1,56056590,56394094,TRUE,FALSE
chr6_56240927,chr6,56240927,COL21A1,56056590,56394094,TRUE,FALSE
chr6_56241167,chr6,56241167,COL21A1,56056590,56394094,TRUE,FALSE
chr6_56241179,chr6,56241179,COL21A1,56056590,56394094,TRUE,FALSE
chr6_56241334,chr6,56241334,COL21A1,56056590,56394094,TRUE,FALSE
chr6_56241607,chr6,56241607,COL21A1,56056590,56394094,TRUE,FALSE
chr6_56241757,chr6,56241757,COL21A1,56056590,56394094,TRUE,FALSE
chr6_56242174,chr6,56242174,COL21A1,56056590,56394094,TRUE,FALSE
chr6_56242382,chr6,56242382,COL21A1,56056590,56394094,TRUE,FALSE
chr6_56242915,chr6,56242915,COL21A1,56056590,56394094,TRUE,FALSE
chr6_56243090,chr6,56243090,COL21A1,56056590,56394094,TRUE,FALSE
chr6_56243890,chr6,56243890,COL21A1,56056590,56394094,TRUE,FALSE
chr6_56244010,chr6,56244010,COL21A1,56056590,56394094,TRUE,FALSE
chr6_56244647,chr6,56244647,COL21A1,56056590,56394094,TRUE,FALSE
chr6_56244777,chr6,56244777,COL21A1,56056590,56394094,TRUE,FALSE
chr6_56245251,chr6,56245251,COL21A1,56056590,56394094,TRUE,FALSE
chr6_56245645,chr6,56245645,COL21A1,56056590,56394094,TRUE,FALSE
chr6_56245679,chr6,56245679,COL21A1,56056590,56394094,TRUE,FALSE
chr6_56245938,chr6,56245938,COL21A1,56056590,56394094,TRUE,FALSE
chr6_56246419,chr6,56246419,COL21A1,56056590,56394094,TRUE,FALSE
chr6_56246706,chr6,56246706,COL21A1,56056590,56394094,TRUE,FALSE
chr6_56246765,chr6,56246765,COL21A1,56056590,56394094,TRUE,FALSE
chr6_56246784,chr6,56246784,COL21A1,56056590,56394094,TRUE,FALSE
chr6_56246802,chr6,56246802,COL21A1,56056590,56394094,TRUE,FALSE
chr6_56246818,chr6,56246818,COL21A1,56056590,56394094,TRUE,FALSE
chr6_56246922,chr6,56246922,COL21A1,56056590,56394094,TRUE,FALSE
chr6_56246940,chr6,56246940,COL21A1,56056590,56394094,TRUE,FALSE
chr6_56246965,chr6,56246965,COL21A1,56056590,56394094,TRUE,FALSE
chr6_56247014,chr6,56247014,COL21A1,56056590,56394094,TRUE,FALSE
chr6_56247016,chr6,56247016,COL21A1,56056590,56394094,TRUE,FALSE
chr6_56247023,chr6,56247023,COL21A1,56056590,56394094,TRUE,FALSE
chr6_56247028,chr6,56247028,COL21A1,56056590,56394094,TRUE,FALSE
chr6_56247036,chr6,56247036,COL21A1,56056590,56394094,TRUE,FALSE
chr6_56247100,chr6,56247100,COL21A1,56056590,56394094,TRUE,FALSE
chr6_56247104,chr6,56247104,COL21A1,56056590,56394094,TRUE,FALSE
chr6_56247110,chr6,56247110,COL21A1,56056590,56394094,TRUE,FALSE
chr6_56247226,chr6,56247226,COL21A1,56056590,56394094,TRUE,FALSE
chr6_56247228,chr6,56247228,COL21A1,56056590,56394094,TRUE,FALSE
chr6_56247238,chr6,56247238,COL21A1,56056590,56394094,TRUE,FALSE
chr6_56247262,chr6,56247262,COL21A1,56056590,56394094,TRUE,FALSE
chr6_56247339,chr6,56247339,COL21A1,56056590,56394094,TRUE,FALSE
chr6_56247358,chr6,56247358,COL21A1,56056590,56394094,TRUE,FALSE
chr6_56247391,chr6,56247391,COL21A1,56056590,56394094,TRUE,FALSE
chr6_56247406,chr6,56247406,COL21A1,56056590,56394094,TRUE,FALSE
chr6_56247418,chr6,56247418,COL21A1,56056590,56394094,TRUE,FALSE
chr6_56247437,chr6,56247437,COL21A1,56056590,56394094,TRUE,FALSE
chr6_56247480,chr6,56247480,COL21A1,56056590,56394094,TRUE,FALSE
chr6_56247493,chr6,56247493,COL21A1,56056590,56394094,TRUE,FALSE
chr6_56247501,chr6,56247501,COL21A1,56056590,56394094,TRUE,FALSE
chr6_56247517,chr6,56247517,COL21A1,56056590,56394094,TRUE,FALSE
chr6_56247521,chr6,56247521,COL21A1,56056590,56394094,TRUE,FALSE
chr6_56247528,chr6,56247528,COL21A1,56056590,56394094,TRUE,FALSE
chr6_56247542,chr6,56247542,COL21A1,56056590,56394094,TRUE,FALSE
chr6_56247574,chr6,56247574,COL21A1,56056590,56394094,TRUE,FALSE
chr6_56247594,chr6,56247594,COL21A1,56056590,56394094,TRUE,FALSE
chr6_56247601,chr6,56247601,COL21A1,56056590,56394094,TRUE,FALSE
chr6_56247615,chr6,56247615,COL21A1,56056590,56394094,TRUE,FALSE
chr6_56247617,chr6,56247617,COL21A1,56056590,56394094,TRUE,FALSE
chr6_56247628,chr6,56247628,COL21A1,56056590,56394094,TRUE,FALSE
chr6_56247645,chr6,56247645,COL21A1,56056590,56394094,TRUE,FALSE
chr6_56247700,chr6,56247700,COL21A1,56056590,56394094,TRUE,FALSE
chr6_56247750,chr6,56247750,COL21A1,56056590,56394094,TRUE,FALSE
chr6_56247767,chr6,56247767,COL21A1,56056590,56394094,TRUE,FALSE
chr6_56247792,chr6,56247792,COL21A1,56056590,56394094,TRUE,FALSE
chr6_56247794,chr6,56247794,COL21A1,56056590,56394094,TRUE,FALSE
chr6_56249793,chr6,56249793,COL21A1,56056590,56394094,TRUE,FALSE
chr6_56249807,chr6,56249807,COL21A1,56056590,56394094,TRUE,FALSE
chr6_56250092,chr6,56250092,COL21A1,56056590,56394094,TRUE,FALSE
chr6_56250427,chr6,56250427,COL21A1,56056590,56394094,TRUE,FALSE
chr6_56251415,chr6,56251415,COL21A1,56056590,56394094,TRUE,FALSE
chr6_56251925,chr6,56251925,COL21A1,56056590,56394094,TRUE,FALSE
chr6_56252357,chr6,56252357,COL21A1,56056590,56394094,TRUE,FALSE
chr6_56252403,chr6,56252403,COL21A1,56056590,56394094,TRUE,FALSE
chr6_56252890,chr6,56252890,COL21A1,56056590,56394094,TRUE,FALSE
chr6_56252969,chr6,56252969,COL21A1,56056590,56394094,TRUE,FALSE
chr6_56253656,chr6,56253656,COL21A1,56056590,56394094,TRUE,FALSE
chr6_56253688,chr6,56253688,COL21A1,56056590,56394094,TRUE,FALSE
chr6_56253916,chr6,56253916,COL21A1,56056590,56394094,TRUE,FALSE
chr6_56254256,chr6,56254256,COL21A1,56056590,56394094,TRUE,FALSE
chr6_56254327,chr6,56254327,COL21A1,56056590,56394094,TRUE,FALSE
chr6_56254632,chr6,56254632,COL21A1,56056590,56394094,TRUE,FALSE
chr6_56254770,chr6,56254770,COL21A1,56056590,56394094,TRUE,FALSE
chr6_56255161,chr6,56255161,COL21A1,56056590,56394094,TRUE,FALSE
chr6_56255213,chr6,56255213,COL21A1,56056590,56394094,TRUE,FALSE
chr6_56255417,chr6,56255417,COL21A1,56056590,56394094,TRUE,FALSE
chr6_56255807,chr6,56255807,COL21A1,56056590,56394094,TRUE,FALSE
chr6_56255855,chr6,56255855,COL21A1,56056590,56394094,TRUE,FALSE
chr6_56255861,chr6,56255861,COL21A1,56056590,56394094,TRUE,FALSE
chr6_56255881,chr6,56255881,COL21A1,56056590,56394094,TRUE,FALSE
chr6_56256097,chr6,56256097,COL21A1,56056590,56394094,TRUE,FALSE
chr6_56256151,chr6,56256151,COL21A1,56056590,56394094,TRUE,FALSE
chr6_56256488,chr6,56256488,COL21A1,56056590,56394094,TRUE,FALSE
chr6_56256503,chr6,56256503,COL21A1,56056590,56394094,TRUE,FALSE
chr6_56256557,chr6,56256557,COL21A1,56056590,56394094,TRUE,FALSE
chr6_56256768,chr6,56256768,COL21A1,56056590,56394094,TRUE,FALSE
chr6_56257848,chr6,56257848,COL21A1,56056590,56394094,TRUE,FALSE
chr6_56258433,chr6,56258433,COL21A1,56056590,56394094,TRUE,FALSE
chr6_56258517,chr6,56258517,COL21A1,56056590,56394094,TRUE,FALSE
chr6_56258827,chr6,56258827,COL21A1,56056590,56394094,TRUE,FALSE
chr6_56259370,chr6,56259370,COL21A1,56056590,56394094,TRUE,FALSE
chr6_56259939,chr6,56259939,COL21A1,56056590,56394094,TRUE,FALSE
chr6_56260321,chr6,56260321,COL21A1,56056590,56394094,TRUE,FALSE
chr6_56260394,chr6,56260394,COL21A1,56056590,56394094,TRUE,FALSE
chr6_56260434,chr6,56260434,COL21A1,56056590,56394094,TRUE,FALSE
chr6_56261129,chr6,56261129,COL21A1,56056590,56394094,TRUE,FALSE
chr6_56261221,chr6,56261221,COL21A1,56056590,56394094,TRUE,FALSE
chr6_56261269,chr6,56261269,COL21A1,56056590,56394094,TRUE,FALSE
chr6_56261444,chr6,56261444,COL21A1,56056590,56394094,TRUE,FALSE
chr6_56261549,chr6,56261549,COL21A1,56056590,56394094,TRUE,FALSE
chr6_56262092,chr6,56262092,COL21A1,56056590,56394094,TRUE,FALSE
chr6_56262962,chr6,56262962,COL21A1,56056590,56394094,TRUE,FALSE
chr6_56263086,chr6,56263086,COL21A1,56056590,56394094,TRUE,FALSE
chr6_56263163,chr6,56263163,COL21A1,56056590,56394094,TRUE,FALSE
chr6_56263504,chr6,56263504,COL21A1,56056590,56394094,TRUE,FALSE
chr6_56263622,chr6,56263622,COL21A1,56056590,56394094,TRUE,FALSE
chr6_56263837,chr6,56263837,COL21A1,56056590,56394094,TRUE,FALSE
chr6_56264100,chr6,56264100,COL21A1,56056590,56394094,TRUE,FALSE
chr6_56264618,chr6,56264618,COL21A1,56056590,56394094,TRUE,FALSE
chr6_56264703,chr6,56264703,COL21A1,56056590,56394094,TRUE,FALSE
chr6_56264859,chr6,56264859,COL21A1,56056590,56394094,TRUE,FALSE
chr6_56265150,chr6,56265150,COL21A1,56056590,56394094,TRUE,FALSE
chr6_56265455,chr6,56265455,COL21A1,56056590,56394094,TRUE,FALSE
chr6_56265941,chr6,56265941,COL21A1,56056590,56394094,TRUE,FALSE
chr6_56266185,chr6,56266185,COL21A1,56056590,56394094,TRUE,FALSE
chr6_56266286,chr6,56266286,COL21A1,56056590,56394094,TRUE,FALSE
chr6_56266944,chr6,56266944,COL21A1,56056590,56394094,TRUE,FALSE
chr6_56267555,chr6,56267555,COL21A1,56056590,56394094,TRUE,FALSE
chr6_56267578,chr6,56267578,COL21A1,56056590,56394094,TRUE,FALSE
chr6_56267628,chr6,56267628,COL21A1,56056590,56394094,TRUE,FALSE
chr6_56267671,chr6,56267671,COL21A1,56056590,56394094,TRUE,FALSE
chr6_56268084,chr6,56268084,COL21A1,56056590,56394094,TRUE,FALSE
chr6_56268110,chr6,56268110,COL21A1,56056590,56394094,TRUE,FALSE
chr6_56268195,chr6,56268195,COL21A1,56056590,56394094,TRUE,FALSE
chr6_56268294,chr6,56268294,COL21A1,56056590,56394094,TRUE,FALSE
chr6_56268323,chr6,56268323,COL21A1,56056590,56394094,TRUE,FALSE
chr6_56269373,chr6,56269373,COL21A1,56056590,56394094,TRUE,FALSE
chr6_56269377,chr6,56269377,COL21A1,56056590,56394094,TRUE,FALSE
chr6_56269955,chr6,56269955,COL21A1,56056590,56394094,TRUE,FALSE
chr6_56270231,chr6,56270231,COL21A1,56056590,56394094,TRUE,FALSE
chr6_56270250,chr6,56270250,COL21A1,56056590,56394094,TRUE,FALSE
chr6_56270396,chr6,56270396,COL21A1,56056590,56394094,TRUE,FALSE
chr6_56270672,chr6,56270672,COL21A1,56056590,56394094,TRUE,FALSE
chr6_56271086,chr6,56271086,COL21A1,56056590,56394094,TRUE,FALSE
chr6_56271520,chr6,56271520,COL21A1,56056590,56394094,TRUE,FALSE
chr6_56271935,chr6,56271935,COL21A1,56056590,56394094,TRUE,FALSE
chr6_56272417,chr6,56272417,COL21A1,56056590,56394094,TRUE,FALSE
chr6_56272443,chr6,56272443,COL21A1,56056590,56394094,TRUE,FALSE
chr6_56273276,chr6,56273276,COL21A1,56056590,56394094,TRUE,FALSE
chr6_56273614,chr6,56273614,COL21A1,56056590,56394094,TRUE,FALSE
chr6_56273957,chr6,56273957,COL21A1,56056590,56394094,TRUE,FALSE
chr6_56275435,chr6,56275435,COL21A1,56056590,56394094,TRUE,FALSE
chr6_56275483,chr6,56275483,COL21A1,56056590,56394094,TRUE,FALSE
chr6_56275535,chr6,56275535,COL21A1,56056590,56394094,TRUE,FALSE
chr6_56275793,chr6,56275793,COL21A1,56056590,56394094,TRUE,FALSE
chr6_56276146,chr6,56276146,COL21A1,56056590,56394094,TRUE,FALSE
chr6_56276240,chr6,56276240,COL21A1,56056590,56394094,TRUE,FALSE
chr6_56276649,chr6,56276649,COL21A1,56056590,56394094,TRUE,FALSE
chr6_56276715,chr6,56276715,COL21A1,56056590,56394094,TRUE,FALSE
chr6_56276839,chr6,56276839,COL21A1,56056590,56394094,TRUE,FALSE
chr6_56276847,chr6,56276847,COL21A1,56056590,56394094,TRUE,FALSE
chr6_56276869,chr6,56276869,COL21A1,56056590,56394094,TRUE,FALSE
chr6_56276871,chr6,56276871,COL21A1,56056590,56394094,TRUE,FALSE
chr6_56276900,chr6,56276900,COL21A1,56056590,56394094,TRUE,FALSE
chr6_56276908,chr6,56276908,COL21A1,56056590,56394094,TRUE,FALSE
chr6_56276932,chr6,56276932,COL21A1,56056590,56394094,TRUE,FALSE
chr6_56276952,chr6,56276952,COL21A1,56056590,56394094,TRUE,FALSE
chr6_56276959,chr6,56276959,COL21A1,56056590,56394094,TRUE,FALSE
chr6_56276964,chr6,56276964,COL21A1,56056590,56394094,TRUE,FALSE
chr6_56277062,chr6,56277062,COL21A1,56056590,56394094,TRUE,FALSE
chr6_56277066,chr6,56277066,COL21A1,56056590,56394094,TRUE,FALSE
chr6_56277071,chr6,56277071,COL21A1,56056590,56394094,TRUE,FALSE
chr6_56277119,chr6,56277119,COL21A1,56056590,56394094,TRUE,FALSE
chr6_56277251,chr6,56277251,COL21A1,56056590,56394094,TRUE,FALSE
chr6_56278155,chr6,56278155,COL21A1,56056590,56394094,TRUE,FALSE
chr6_56278219,chr6,56278219,COL21A1,56056590,56394094,TRUE,FALSE
chr6_56278417,chr6,56278417,COL21A1,56056590,56394094,TRUE,FALSE
chr6_56278744,chr6,56278744,COL21A1,56056590,56394094,TRUE,FALSE
chr6_56280054,chr6,56280054,COL21A1,56056590,56394094,TRUE,FALSE
chr6_56280332,chr6,56280332,COL21A1,56056590,56394094,TRUE,FALSE
chr6_56280360,chr6,56280360,COL21A1,56056590,56394094,TRUE,FALSE
chr6_56280469,chr6,56280469,COL21A1,56056590,56394094,TRUE,FALSE
chr6_56280542,chr6,56280542,COL21A1,56056590,56394094,TRUE,FALSE
chr6_56280715,chr6,56280715,COL21A1,56056590,56394094,TRUE,FALSE
chr6_56280750,chr6,56280750,COL21A1,56056590,56394094,TRUE,FALSE
chr6_56280866,chr6,56280866,COL21A1,56056590,56394094,TRUE,FALSE
chr6_56280983,chr6,56280983,COL21A1,56056590,56394094,TRUE,FALSE
chr6_56280998,chr6,56280998,COL21A1,56056590,56394094,TRUE,FALSE
chr6_56281381,chr6,56281381,COL21A1,56056590,56394094,TRUE,FALSE
chr6_56281778,chr6,56281778,COL21A1,56056590,56394094,TRUE,FALSE
chr6_56281992,chr6,56281992,COL21A1,56056590,56394094,TRUE,FALSE
chr6_56282050,chr6,56282050,COL21A1,56056590,56394094,TRUE,FALSE
chr6_56283443,chr6,56283443,COL21A1,56056590,56394094,TRUE,FALSE
chr6_56283624,chr6,56283624,COL21A1,56056590,56394094,TRUE,FALSE
chr6_56283697,chr6,56283697,COL21A1,56056590,56394094,TRUE,FALSE
chr6_56283712,chr6,56283712,COL21A1,56056590,56394094,TRUE,FALSE
chr6_56284121,chr6,56284121,COL21A1,56056590,56394094,TRUE,FALSE
chr6_56284196,chr6,56284196,COL21A1,56056590,56394094,TRUE,FALSE
chr6_56284252,chr6,56284252,COL21A1,56056590,56394094,TRUE,FALSE
chr6_56284277,chr6,56284277,COL21A1,56056590,56394094,TRUE,FALSE
chr6_56284398,chr6,56284398,COL21A1,56056590,56394094,TRUE,FALSE
chr6_56284608,chr6,56284608,COL21A1,56056590,56394094,TRUE,FALSE
chr6_56285602,chr6,56285602,COL21A1,56056590,56394094,TRUE,FALSE
chr6_56285985,chr6,56285985,COL21A1,56056590,56394094,TRUE,FALSE
chr6_56286260,chr6,56286260,COL21A1,56056590,56394094,TRUE,FALSE
chr6_56286356,chr6,56286356,COL21A1,56056590,56394094,TRUE,FALSE
chr6_56286519,chr6,56286519,COL21A1,56056590,56394094,TRUE,FALSE
chr6_56286573,chr6,56286573,COL21A1,56056590,56394094,TRUE,FALSE
chr6_56286630,chr6,56286630,COL21A1,56056590,56394094,TRUE,FALSE
chr6_56287291,chr6,56287291,COL21A1,56056590,56394094,TRUE,FALSE
chr6_56287646,chr6,56287646,COL21A1,56056590,56394094,TRUE,FALSE
chr6_56287796,chr6,56287796,COL21A1,56056590,56394094,TRUE,FALSE
chr6_56288036,chr6,56288036,COL21A1,56056590,56394094,TRUE,FALSE
chr6_56288144,chr6,56288144,COL21A1,56056590,56394094,TRUE,FALSE
chr6_56288410,chr6,56288410,COL21A1,56056590,56394094,TRUE,FALSE
chr6_56288693,chr6,56288693,COL21A1,56056590,56394094,TRUE,FALSE
chr6_56288747,chr6,56288747,COL21A1,56056590,56394094,TRUE,FALSE
chr6_56289249,chr6,56289249,COL21A1,56056590,56394094,TRUE,FALSE
chr6_56289298,chr6,56289298,COL21A1,56056590,56394094,TRUE,FALSE
chr6_56289446,chr6,56289446,COL21A1,56056590,56394094,TRUE,FALSE
chr6_56289880,chr6,56289880,COL21A1,56056590,56394094,TRUE,FALSE
chr6_56289985,chr6,56289985,COL21A1,56056590,56394094,TRUE,FALSE
chr6_56290002,chr6,56290002,COL21A1,56056590,56394094,TRUE,FALSE
chr6_56290117,chr6,56290117,COL21A1,56056590,56394094,TRUE,FALSE
chr6_56290360,chr6,56290360,COL21A1,56056590,56394094,TRUE,FALSE
chr6_56290522,chr6,56290522,COL21A1,56056590,56394094,TRUE,FALSE
chr6_56290568,chr6,56290568,COL21A1,56056590,56394094,TRUE,FALSE
chr6_56290585,chr6,56290585,COL21A1,56056590,56394094,TRUE,FALSE
chr6_56290611,chr6,56290611,COL21A1,56056590,56394094,TRUE,FALSE
chr6_56290616,chr6,56290616,COL21A1,56056590,56394094,TRUE,FALSE
chr6_56290735,chr6,56290735,COL21A1,56056590,56394094,TRUE,FALSE
chr6_56290746,chr6,56290746,COL21A1,56056590,56394094,TRUE,FALSE
chr6_56290779,chr6,56290779,COL21A1,56056590,56394094,TRUE,FALSE
chr6_56290791,chr6,56290791,COL21A1,56056590,56394094,TRUE,FALSE
chr6_56290795,chr6,56290795,COL21A1,56056590,56394094,TRUE,FALSE
chr6_56290939,chr6,56290939,COL21A1,56056590,56394094,TRUE,FALSE
chr6_56291008,chr6,56291008,COL21A1,56056590,56394094,TRUE,FALSE
chr6_56291023,chr6,56291023,COL21A1,56056590,56394094,TRUE,FALSE
chr6_56291400,chr6,56291400,COL21A1,56056590,56394094,TRUE,FALSE
chr6_56291455,chr6,56291455,COL21A1,56056590,56394094,TRUE,FALSE
chr6_56291562,chr6,56291562,COL21A1,56056590,56394094,TRUE,FALSE
chr6_56291567,chr6,56291567,COL21A1,56056590,56394094,TRUE,FALSE
chr6_56291665,chr6,56291665,COL21A1,56056590,56394094,TRUE,FALSE
chr6_56291820,chr6,56291820,COL21A1,56056590,56394094,TRUE,FALSE
chr6_56291896,chr6,56291896,COL21A1,56056590,56394094,TRUE,FALSE
chr6_56291966,chr6,56291966,COL21A1,56056590,56394094,TRUE,FALSE
chr6_56291984,chr6,56291984,COL21A1,56056590,56394094,TRUE,FALSE
chr6_56292041,chr6,56292041,COL21A1,56056590,56394094,TRUE,FALSE
chr6_56292093,chr6,56292093,COL21A1,56056590,56394094,TRUE,FALSE
chr6_56292098,chr6,56292098,COL21A1,56056590,56394094,TRUE,FALSE
chr6_56292148,chr6,56292148,COL21A1,56056590,56394094,TRUE,FALSE
chr6_56292327,chr6,56292327,COL21A1,56056590,56394094,TRUE,FALSE
chr6_56293133,chr6,56293133,COL21A1,56056590,56394094,TRUE,FALSE
chr6_56293196,chr6,56293196,COL21A1,56056590,56394094,TRUE,FALSE
chr6_56293942,chr6,56293942,COL21A1,56056590,56394094,TRUE,FALSE
chr6_56293948,chr6,56293948,COL21A1,56056590,56394094,TRUE,FALSE
chr6_56294016,chr6,56294016,COL21A1,56056590,56394094,TRUE,FALSE
chr6_56294349,chr6,56294349,COL21A1,56056590,56394094,TRUE,FALSE
chr6_56294575,chr6,56294575,COL21A1,56056590,56394094,TRUE,FALSE
chr6_56294587,chr6,56294587,COL21A1,56056590,56394094,TRUE,FALSE
chr6_56294749,chr6,56294749,COL21A1,56056590,56394094,TRUE,FALSE
chr6_56295075,chr6,56295075,COL21A1,56056590,56394094,TRUE,FALSE
chr6_56295236,chr6,56295236,COL21A1,56056590,56394094,TRUE,FALSE
chr6_56296487,chr6,56296487,COL21A1,56056590,56394094,TRUE,FALSE
chr6_56296568,chr6,56296568,COL21A1,56056590,56394094,TRUE,FALSE
chr6_56297210,chr6,56297210,COL21A1,56056590,56394094,TRUE,FALSE
chr6_56297873,chr6,56297873,COL21A1,56056590,56394094,TRUE,FALSE
chr6_56298093,chr6,56298093,COL21A1,56056590,56394094,TRUE,FALSE
chr6_56298165,chr6,56298165,COL21A1,56056590,56394094,TRUE,FALSE
chr6_56298194,chr6,56298194,COL21A1,56056590,56394094,TRUE,FALSE
chr6_56298347,chr6,56298347,COL21A1,56056590,56394094,TRUE,FALSE
chr6_56298783,chr6,56298783,COL21A1,56056590,56394094,TRUE,FALSE
chr6_56299169,chr6,56299169,COL21A1,56056590,56394094,TRUE,FALSE
chr6_56299882,chr6,56299882,COL21A1,56056590,56394094,TRUE,FALSE
chr6_56299905,chr6,56299905,COL21A1,56056590,56394094,TRUE,FALSE
chr6_56300136,chr6,56300136,COL21A1,56056590,56394094,TRUE,FALSE
chr6_56300940,chr6,56300940,COL21A1,56056590,56394094,TRUE,FALSE
chr6_56301145,chr6,56301145,COL21A1,56056590,56394094,TRUE,FALSE
chr6_56301757,chr6,56301757,COL21A1,56056590,56394094,TRUE,FALSE
chr6_56301816,chr6,56301816,COL21A1,56056590,56394094,TRUE,FALSE
chr6_56302414,chr6,56302414,COL21A1,56056590,56394094,TRUE,FALSE
chr6_56303161,chr6,56303161,COL21A1,56056590,56394094,TRUE,FALSE
chr6_56303338,chr6,56303338,COL21A1,56056590,56394094,TRUE,FALSE
chr6_56303994,chr6,56303994,COL21A1,56056590,56394094,TRUE,FALSE
chr6_56304031,chr6,56304031,COL21A1,56056590,56394094,TRUE,FALSE
chr6_56304112,chr6,56304112,COL21A1,56056590,56394094,TRUE,FALSE
chr6_56304126,chr6,56304126,COL21A1,56056590,56394094,TRUE,FALSE
chr6_56304160,chr6,56304160,COL21A1,56056590,56394094,TRUE,FALSE
chr6_56304445,chr6,56304445,COL21A1,56056590,56394094,TRUE,FALSE
chr6_56304517,chr6,56304517,COL21A1,56056590,56394094,TRUE,FALSE
chr6_56304982,chr6,56304982,COL21A1,56056590,56394094,TRUE,FALSE
chr6_56305635,chr6,56305635,COL21A1,56056590,56394094,TRUE,FALSE
chr6_56306548,chr6,56306548,COL21A1,56056590,56394094,TRUE,FALSE
chr6_56306559,chr6,56306559,COL21A1,56056590,56394094,TRUE,FALSE
chr6_56307071,chr6,56307071,COL21A1,56056590,56394094,TRUE,FALSE
chr6_56307105,chr6,56307105,COL21A1,56056590,56394094,TRUE,FALSE
chr6_56307109,chr6,56307109,COL21A1,56056590,56394094,TRUE,FALSE
chr6_56307198,chr6,56307198,COL21A1,56056590,56394094,TRUE,FALSE
chr6_56307444,chr6,56307444,COL21A1,56056590,56394094,TRUE,FALSE
chr6_56307505,chr6,56307505,COL21A1,56056590,56394094,TRUE,FALSE
chr6_56307528,chr6,56307528,COL21A1,56056590,56394094,TRUE,FALSE
chr6_56307564,chr6,56307564,COL21A1,56056590,56394094,TRUE,FALSE
chr6_56307599,chr6,56307599,COL21A1,56056590,56394094,TRUE,FALSE
chr6_56307614,chr6,56307614,COL21A1,56056590,56394094,TRUE,FALSE
chr6_56307688,chr6,56307688,COL21A1,56056590,56394094,TRUE,FALSE
chr6_56307737,chr6,56307737,COL21A1,56056590,56394094,TRUE,FALSE
chr6_56307744,chr6,56307744,COL21A1,56056590,56394094,TRUE,FALSE
chr6_56307768,chr6,56307768,COL21A1,56056590,56394094,TRUE,FALSE
chr6_56307799,chr6,56307799,COL21A1,56056590,56394094,TRUE,FALSE
chr6_56307808,chr6,56307808,COL21A1,56056590,56394094,TRUE,FALSE
chr6_56307811,chr6,56307811,COL21A1,56056590,56394094,TRUE,FALSE
chr6_56307850,chr6,56307850,COL21A1,56056590,56394094,TRUE,FALSE
chr6_56308097,chr6,56308097,COL21A1,56056590,56394094,TRUE,FALSE
chr6_56308126,chr6,56308126,COL21A1,56056590,56394094,TRUE,FALSE
chr6_56308510,chr6,56308510,COL21A1,56056590,56394094,TRUE,FALSE
chr6_56308606,chr6,56308606,COL21A1,56056590,56394094,TRUE,FALSE
chr6_56308719,chr6,56308719,COL21A1,56056590,56394094,TRUE,FALSE
chr6_56309063,chr6,56309063,COL21A1,56056590,56394094,TRUE,FALSE
chr6_56309082,chr6,56309082,COL21A1,56056590,56394094,TRUE,FALSE
chr6_56309135,chr6,56309135,COL21A1,56056590,56394094,TRUE,FALSE
chr6_56309144,chr6,56309144,COL21A1,56056590,56394094,TRUE,FALSE
chr6_56309273,chr6,56309273,COL21A1,56056590,56394094,TRUE,FALSE
chr6_56309327,chr6,56309327,COL21A1,56056590,56394094,TRUE,FALSE
chr6_56309414,chr6,56309414,COL21A1,56056590,56394094,TRUE,FALSE
chr6_56309683,chr6,56309683,COL21A1,56056590,56394094,TRUE,FALSE
chr6_56309890,chr6,56309890,COL21A1,56056590,56394094,TRUE,FALSE
chr6_56310168,chr6,56310168,COL21A1,56056590,56394094,TRUE,FALSE
chr6_56310187,chr6,56310187,COL21A1,56056590,56394094,TRUE,FALSE
chr6_56310327,chr6,56310327,COL21A1,56056590,56394094,TRUE,FALSE
chr6_56311022,chr6,56311022,COL21A1,56056590,56394094,TRUE,FALSE
chr6_56311357,chr6,56311357,COL21A1,56056590,56394094,TRUE,FALSE
chr6_56311373,chr6,56311373,COL21A1,56056590,56394094,TRUE,FALSE
chr6_56311495,chr6,56311495,COL21A1,56056590,56394094,TRUE,FALSE
chr6_56311943,chr6,56311943,COL21A1,56056590,56394094,TRUE,FALSE
chr6_56312049,chr6,56312049,COL21A1,56056590,56394094,TRUE,FALSE
chr6_56312133,chr6,56312133,COL21A1,56056590,56394094,TRUE,FALSE
chr6_56312241,chr6,56312241,COL21A1,56056590,56394094,TRUE,FALSE
chr6_56312696,chr6,56312696,COL21A1,56056590,56394094,TRUE,FALSE
chr6_56312796,chr6,56312796,COL21A1,56056590,56394094,TRUE,FALSE
chr6_56312985,chr6,56312985,COL21A1,56056590,56394094,TRUE,FALSE
chr6_56313003,chr6,56313003,COL21A1,56056590,56394094,TRUE,FALSE
chr6_56313068,chr6,56313068,COL21A1,56056590,56394094,TRUE,FALSE
chr6_56313578,chr6,56313578,COL21A1,56056590,56394094,TRUE,FALSE
chr6_56313915,chr6,56313915,COL21A1,56056590,56394094,TRUE,FALSE
chr6_56314131,chr6,56314131,COL21A1,56056590,56394094,TRUE,FALSE
chr6_56314262,chr6,56314262,COL21A1,56056590,56394094,TRUE,FALSE
chr6_56314272,chr6,56314272,COL21A1,56056590,56394094,TRUE,FALSE
chr6_56314539,chr6,56314539,COL21A1,56056590,56394094,TRUE,FALSE
chr6_56314743,chr6,56314743,COL21A1,56056590,56394094,TRUE,FALSE
chr6_56314836,chr6,56314836,COL21A1,56056590,56394094,TRUE,FALSE
chr6_56314987,chr6,56314987,COL21A1,56056590,56394094,TRUE,FALSE
chr6_56314993,chr6,56314993,COL21A1,56056590,56394094,TRUE,FALSE
chr6_56315028,chr6,56315028,COL21A1,56056590,56394094,TRUE,FALSE
chr6_56315262,chr6,56315262,COL21A1,56056590,56394094,TRUE,FALSE
chr6_56315295,chr6,56315295,COL21A1,56056590,56394094,TRUE,FALSE
chr6_56315361,chr6,56315361,COL21A1,56056590,56394094,TRUE,FALSE
chr6_56315383,chr6,56315383,COL21A1,56056590,56394094,TRUE,FALSE
chr6_56315459,chr6,56315459,COL21A1,56056590,56394094,TRUE,FALSE
chr6_56315532,chr6,56315532,COL21A1,56056590,56394094,TRUE,FALSE
chr6_56316614,chr6,56316614,COL21A1,56056590,56394094,TRUE,FALSE
chr6_56317088,chr6,56317088,COL21A1,56056590,56394094,TRUE,FALSE
chr6_56317165,chr6,56317165,COL21A1,56056590,56394094,TRUE,FALSE
chr6_56318043,chr6,56318043,COL21A1,56056590,56394094,TRUE,FALSE
chr6_56319088,chr6,56319088,COL21A1,56056590,56394094,TRUE,FALSE
chr6_56319128,chr6,56319128,COL21A1,56056590,56394094,TRUE,FALSE
chr6_56319360,chr6,56319360,COL21A1,56056590,56394094,TRUE,FALSE
chr6_56319633,chr6,56319633,COL21A1,56056590,56394094,TRUE,FALSE
chr6_56319817,chr6,56319817,COL21A1,56056590,56394094,TRUE,FALSE
chr6_56320173,chr6,56320173,COL21A1,56056590,56394094,TRUE,FALSE
chr6_56320236,chr6,56320236,COL21A1,56056590,56394094,TRUE,FALSE
chr6_56321168,chr6,56321168,COL21A1,56056590,56394094,TRUE,FALSE
chr6_56321603,chr6,56321603,COL21A1,56056590,56394094,TRUE,FALSE
chr6_56321644,chr6,56321644,COL21A1,56056590,56394094,TRUE,FALSE
chr6_56321729,chr6,56321729,COL21A1,56056590,56394094,TRUE,FALSE
chr6_56321778,chr6,56321778,COL21A1,56056590,56394094,TRUE,FALSE
chr6_56321827,chr6,56321827,COL21A1,56056590,56394094,TRUE,FALSE
chr6_56321848,chr6,56321848,COL21A1,56056590,56394094,TRUE,FALSE
chr6_56321931,chr6,56321931,COL21A1,56056590,56394094,TRUE,FALSE
chr6_56321941,chr6,56321941,COL21A1,56056590,56394094,TRUE,FALSE
chr6_56322159,chr6,56322159,COL21A1,56056590,56394094,TRUE,FALSE
chr6_56323039,chr6,56323039,COL21A1,56056590,56394094,TRUE,FALSE
chr6_56323086,chr6,56323086,COL21A1,56056590,56394094,TRUE,FALSE
chr6_56323482,chr6,56323482,COL21A1,56056590,56394094,TRUE,FALSE
chr6_56323623,chr6,56323623,COL21A1,56056590,56394094,TRUE,FALSE
chr6_56323932,chr6,56323932,COL21A1,56056590,56394094,TRUE,FALSE
chr6_56324492,chr6,56324492,COL21A1,56056590,56394094,TRUE,FALSE
chr6_56324550,chr6,56324550,COL21A1,56056590,56394094,TRUE,FALSE
chr6_56324715,chr6,56324715,COL21A1,56056590,56394094,TRUE,FALSE
chr6_56324804,chr6,56324804,COL21A1,56056590,56394094,TRUE,FALSE
chr6_56324851,chr6,56324851,COL21A1,56056590,56394094,TRUE,FALSE
chr6_56325039,chr6,56325039,COL21A1,56056590,56394094,TRUE,FALSE
chr6_56326429,chr6,56326429,COL21A1,56056590,56394094,TRUE,FALSE
chr6_56327405,chr6,56327405,COL21A1,56056590,56394094,TRUE,FALSE
chr6_56327676,chr6,56327676,COL21A1,56056590,56394094,TRUE,FALSE
chr6_56327989,chr6,56327989,COL21A1,56056590,56394094,TRUE,FALSE
chr6_56328013,chr6,56328013,COL21A1,56056590,56394094,TRUE,FALSE
chr6_56328335,chr6,56328335,COL21A1,56056590,56394094,TRUE,FALSE
chr6_56328784,chr6,56328784,COL21A1,56056590,56394094,TRUE,FALSE
chr6_56328844,chr6,56328844,COL21A1,56056590,56394094,TRUE,FALSE
chr6_56328927,chr6,56328927,COL21A1,56056590,56394094,TRUE,FALSE
chr6_56328956,chr6,56328956,COL21A1,56056590,56394094,TRUE,FALSE
chr6_56329029,chr6,56329029,COL21A1,56056590,56394094,TRUE,FALSE
chr6_56329130,chr6,56329130,COL21A1,56056590,56394094,TRUE,FALSE
chr6_56329640,chr6,56329640,COL21A1,56056590,56394094,TRUE,FALSE
chr6_56329660,chr6,56329660,COL21A1,56056590,56394094,TRUE,FALSE
chr6_56329687,chr6,56329687,COL21A1,56056590,56394094,TRUE,FALSE
chr6_56330347,chr6,56330347,COL21A1,56056590,56394094,TRUE,FALSE
chr6_56330572,chr6,56330572,COL21A1,56056590,56394094,TRUE,FALSE
chr6_56330647,chr6,56330647,COL21A1,56056590,56394094,TRUE,FALSE
chr6_56330864,chr6,56330864,COL21A1,56056590,56394094,TRUE,FALSE
chr6_56331483,chr6,56331483,COL21A1,56056590,56394094,TRUE,FALSE
chr6_56331710,chr6,56331710,COL21A1,56056590,56394094,TRUE,FALSE
chr6_56331850,chr6,56331850,COL21A1,56056590,56394094,TRUE,FALSE
chr6_56331925,chr6,56331925,COL21A1,56056590,56394094,TRUE,FALSE
chr6_56332423,chr6,56332423,COL21A1,56056590,56394094,TRUE,FALSE
chr6_56332587,chr6,56332587,COL21A1,56056590,56394094,TRUE,FALSE
chr6_56332639,chr6,56332639,COL21A1,56056590,56394094,TRUE,FALSE
chr6_56333596,chr6,56333596,COL21A1,56056590,56394094,TRUE,FALSE
chr6_56333728,chr6,56333728,COL21A1,56056590,56394094,TRUE,FALSE
chr6_56333751,chr6,56333751,COL21A1,56056590,56394094,TRUE,FALSE
chr6_56333906,chr6,56333906,COL21A1,56056590,56394094,TRUE,FALSE
chr6_56333909,chr6,56333909,COL21A1,56056590,56394094,TRUE,FALSE
chr6_56334272,chr6,56334272,COL21A1,56056590,56394094,TRUE,FALSE
chr6_56334822,chr6,56334822,COL21A1,56056590,56394094,TRUE,FALSE
chr6_56335439,chr6,56335439,COL21A1,56056590,56394094,TRUE,FALSE
chr6_56335444,chr6,56335444,COL21A1,56056590,56394094,TRUE,FALSE
chr6_56335971,chr6,56335971,COL21A1,56056590,56394094,TRUE,FALSE
chr6_56336362,chr6,56336362,COL21A1,56056590,56394094,TRUE,FALSE
chr6_56336840,chr6,56336840,COL21A1,56056590,56394094,TRUE,FALSE
chr6_56337102,chr6,56337102,COL21A1,56056590,56394094,TRUE,FALSE
chr6_56337483,chr6,56337483,COL21A1,56056590,56394094,TRUE,FALSE
chr6_56337779,chr6,56337779,COL21A1,56056590,56394094,TRUE,FALSE
chr6_56337791,chr6,56337791,COL21A1,56056590,56394094,TRUE,FALSE
chr6_56337854,chr6,56337854,COL21A1,56056590,56394094,TRUE,FALSE
chr6_56338048,chr6,56338048,COL21A1,56056590,56394094,TRUE,FALSE
chr6_56338153,chr6,56338153,COL21A1,56056590,56394094,TRUE,FALSE
chr6_56338210,chr6,56338210,COL21A1,56056590,56394094,TRUE,FALSE
chr6_56338243,chr6,56338243,COL21A1,56056590,56394094,TRUE,FALSE
chr6_56338291,chr6,56338291,COL21A1,56056590,56394094,TRUE,FALSE
chr6_56338637,chr6,56338637,COL21A1,56056590,56394094,TRUE,FALSE
chr6_56339345,chr6,56339345,COL21A1,56056590,56394094,TRUE,FALSE
chr6_56339593,chr6,56339593,COL21A1,56056590,56394094,TRUE,FALSE
chr6_56339617,chr6,56339617,COL21A1,56056590,56394094,TRUE,FALSE
chr6_56339879,chr6,56339879,COL21A1,56056590,56394094,TRUE,FALSE
chr6_56340065,chr6,56340065,COL21A1,56056590,56394094,TRUE,FALSE
chr6_56340079,chr6,56340079,COL21A1,56056590,56394094,TRUE,FALSE
chr6_56340189,chr6,56340189,COL21A1,56056590,56394094,TRUE,FALSE
chr6_56340713,chr6,56340713,COL21A1,56056590,56394094,TRUE,FALSE
chr6_56340716,chr6,56340716,COL21A1,56056590,56394094,TRUE,FALSE
chr6_56341036,chr6,56341036,COL21A1,56056590,56394094,TRUE,FALSE
chr6_56341207,chr6,56341207,COL21A1,56056590,56394094,TRUE,FALSE
chr6_56341716,chr6,56341716,COL21A1,56056590,56394094,TRUE,FALSE
chr6_56341772,chr6,56341772,COL21A1,56056590,56394094,TRUE,FALSE
chr6_56342182,chr6,56342182,COL21A1,56056590,56394094,TRUE,FALSE
chr6_56342201,chr6,56342201,COL21A1,56056590,56394094,TRUE,FALSE
chr6_56342372,chr6,56342372,COL21A1,56056590,56394094,TRUE,FALSE
chr6_56342590,chr6,56342590,COL21A1,56056590,56394094,TRUE,FALSE
chr6_56342795,chr6,56342795,COL21A1,56056590,56394094,TRUE,FALSE
chr6_56342836,chr6,56342836,COL21A1,56056590,56394094,TRUE,FALSE
chr6_56343445,chr6,56343445,COL21A1,56056590,56394094,TRUE,FALSE
chr6_56343498,chr6,56343498,COL21A1,56056590,56394094,TRUE,FALSE
chr6_56343803,chr6,56343803,COL21A1,56056590,56394094,TRUE,FALSE
chr6_56343835,chr6,56343835,COL21A1,56056590,56394094,TRUE,FALSE
chr6_56343904,chr6,56343904,COL21A1,56056590,56394094,TRUE,FALSE
chr6_56344166,chr6,56344166,COL21A1,56056590,56394094,TRUE,FALSE
chr6_56344608,chr6,56344608,COL21A1,56056590,56394094,TRUE,FALSE
chr6_56344652,chr6,56344652,COL21A1,56056590,56394094,TRUE,FALSE
chr6_56344964,chr6,56344964,COL21A1,56056590,56394094,TRUE,FALSE
chr6_56345011,chr6,56345011,COL21A1,56056590,56394094,TRUE,FALSE
chr6_56345187,chr6,56345187,COL21A1,56056590,56394094,TRUE,FALSE
chr6_56345527,chr6,56345527,COL21A1,56056590,56394094,TRUE,FALSE
chr6_56345610,chr6,56345610,COL21A1,56056590,56394094,TRUE,FALSE
chr6_56345618,chr6,56345618,COL21A1,56056590,56394094,TRUE,FALSE
chr6_56345917,chr6,56345917,COL21A1,56056590,56394094,TRUE,FALSE
chr6_56346157,chr6,56346157,COL21A1,56056590,56394094,TRUE,FALSE
chr6_56346385,chr6,56346385,COL21A1,56056590,56394094,TRUE,FALSE
chr6_56346396,chr6,56346396,COL21A1,56056590,56394094,TRUE,FALSE
chr6_56346614,chr6,56346614,COL21A1,56056590,56394094,TRUE,FALSE
chr6_56346762,chr6,56346762,COL21A1,56056590,56394094,TRUE,FALSE
chr6_56346894,chr6,56346894,COL21A1,56056590,56394094,TRUE,FALSE
chr6_56346939,chr6,56346939,COL21A1,56056590,56394094,TRUE,FALSE
chr6_56347113,chr6,56347113,COL21A1,56056590,56394094,TRUE,FALSE
chr6_56347121,chr6,56347121,COL21A1,56056590,56394094,TRUE,FALSE
chr6_56347180,chr6,56347180,COL21A1,56056590,56394094,TRUE,FALSE
chr6_56347335,chr6,56347335,COL21A1,56056590,56394094,TRUE,FALSE
chr6_56348057,chr6,56348057,COL21A1,56056590,56394094,TRUE,FALSE
chr6_56348133,chr6,56348133,COL21A1,56056590,56394094,TRUE,FALSE
chr6_56348281,chr6,56348281,COL21A1,56056590,56394094,TRUE,FALSE
chr6_56348610,chr6,56348610,COL21A1,56056590,56394094,TRUE,FALSE
chr6_56349203,chr6,56349203,COL21A1,56056590,56394094,TRUE,FALSE
chr6_56349256,chr6,56349256,COL21A1,56056590,56394094,TRUE,FALSE
chr6_56349337,chr6,56349337,COL21A1,56056590,56394094,TRUE,FALSE
chr6_56350048,chr6,56350048,COL21A1,56056590,56394094,TRUE,FALSE
chr6_56350471,chr6,56350471,COL21A1,56056590,56394094,TRUE,FALSE
chr6_56350554,chr6,56350554,COL21A1,56056590,56394094,TRUE,FALSE
chr6_56350700,chr6,56350700,COL21A1,56056590,56394094,TRUE,FALSE
chr6_56350812,chr6,56350812,COL21A1,56056590,56394094,TRUE,FALSE
chr6_56350820,chr6,56350820,COL21A1,56056590,56394094,TRUE,FALSE
chr6_56350871,chr6,56350871,COL21A1,56056590,56394094,TRUE,FALSE
chr6_56350881,chr6,56350881,COL21A1,56056590,56394094,TRUE,FALSE
chr6_56351050,chr6,56351050,COL21A1,56056590,56394094,TRUE,FALSE
chr6_56351320,chr6,56351320,COL21A1,56056590,56394094,TRUE,FALSE
chr6_56351336,chr6,56351336,COL21A1,56056590,56394094,TRUE,FALSE
chr6_56351889,chr6,56351889,COL21A1,56056590,56394094,TRUE,FALSE
chr6_56352315,chr6,56352315,COL21A1,56056590,56394094,TRUE,FALSE
chr6_56352456,chr6,56352456,COL21A1,56056590,56394094,TRUE,FALSE
chr6_56352486,chr6,56352486,COL21A1,56056590,56394094,TRUE,FALSE
chr6_56352631,chr6,56352631,COL21A1,56056590,56394094,TRUE,FALSE
chr6_56352901,chr6,56352901,COL21A1,56056590,56394094,TRUE,FALSE
chr6_56352909,chr6,56352909,COL21A1,56056590,56394094,TRUE,FALSE
chr6_56352933,chr6,56352933,COL21A1,56056590,56394094,TRUE,FALSE
chr6_56352964,chr6,56352964,COL21A1,56056590,56394094,TRUE,FALSE
chr6_56352989,chr6,56352989,COL21A1,56056590,56394094,TRUE,FALSE
chr6_56352995,chr6,56352995,COL21A1,56056590,56394094,TRUE,FALSE
chr6_56353026,chr6,56353026,COL21A1,56056590,56394094,TRUE,FALSE
chr6_56353075,chr6,56353075,COL21A1,56056590,56394094,TRUE,FALSE
chr6_56354612,chr6,56354612,COL21A1,56056590,56394094,TRUE,FALSE
chr6_56354710,chr6,56354710,COL21A1,56056590,56394094,TRUE,FALSE
chr6_56354763,chr6,56354763,COL21A1,56056590,56394094,TRUE,FALSE
chr6_56354813,chr6,56354813,COL21A1,56056590,56394094,TRUE,FALSE
chr6_56355062,chr6,56355062,COL21A1,56056590,56394094,TRUE,FALSE
chr6_56355213,chr6,56355213,COL21A1,56056590,56394094,TRUE,FALSE
chr6_56355427,chr6,56355427,COL21A1,56056590,56394094,TRUE,FALSE
chr6_56356000,chr6,56356000,COL21A1,56056590,56394094,TRUE,FALSE
chr6_56356335,chr6,56356335,COL21A1,56056590,56394094,TRUE,FALSE
chr6_56356370,chr6,56356370,COL21A1,56056590,56394094,TRUE,FALSE
chr6_56356638,chr6,56356638,COL21A1,56056590,56394094,TRUE,FALSE
chr6_56356671,chr6,56356671,COL21A1,56056590,56394094,TRUE,FALSE
chr6_56356847,chr6,56356847,COL21A1,56056590,56394094,TRUE,FALSE
chr6_56357194,chr6,56357194,COL21A1,56056590,56394094,TRUE,FALSE
chr6_56357383,chr6,56357383,COL21A1,56056590,56394094,TRUE,FALSE
chr6_56357403,chr6,56357403,COL21A1,56056590,56394094,TRUE,FALSE
chr6_56357487,chr6,56357487,COL21A1,56056590,56394094,TRUE,FALSE
chr6_56357663,chr6,56357663,COL21A1,56056590,56394094,TRUE,FALSE
chr6_56357791,chr6,56357791,COL21A1,56056590,56394094,TRUE,FALSE
chr6_56357954,chr6,56357954,COL21A1,56056590,56394094,TRUE,FALSE
chr6_56357978,chr6,56357978,COL21A1,56056590,56394094,TRUE,FALSE
chr6_56358165,chr6,56358165,COL21A1,56056590,56394094,TRUE,FALSE
chr6_56358236,chr6,56358236,COL21A1,56056590,56394094,TRUE,FALSE
chr6_56358373,chr6,56358373,COL21A1,56056590,56394094,TRUE,FALSE
chr6_56358426,chr6,56358426,COL21A1,56056590,56394094,TRUE,FALSE
chr6_56358448,chr6,56358448,COL21A1,56056590,56394094,TRUE,FALSE
chr6_56358836,chr6,56358836,COL21A1,56056590,56394094,TRUE,FALSE
chr6_56359261,chr6,56359261,COL21A1,56056590,56394094,TRUE,FALSE
chr6_56359269,chr6,56359269,COL21A1,56056590,56394094,TRUE,FALSE
chr6_56359304,chr6,56359304,COL21A1,56056590,56394094,TRUE,FALSE
chr6_56359387,chr6,56359387,COL21A1,56056590,56394094,TRUE,FALSE
chr6_56359531,chr6,56359531,COL21A1,56056590,56394094,TRUE,FALSE
chr6_56359581,chr6,56359581,COL21A1,56056590,56394094,TRUE,FALSE
chr6_56359645,chr6,56359645,COL21A1,56056590,56394094,TRUE,FALSE
chr6_56359850,chr6,56359850,COL21A1,56056590,56394094,TRUE,FALSE
chr6_56359862,chr6,56359862,COL21A1,56056590,56394094,TRUE,FALSE
chr6_56359982,chr6,56359982,COL21A1,56056590,56394094,TRUE,FALSE
chr6_56360183,chr6,56360183,COL21A1,56056590,56394094,TRUE,FALSE
chr6_56360200,chr6,56360200,COL21A1,56056590,56394094,TRUE,FALSE
chr6_56360259,chr6,56360259,COL21A1,56056590,56394094,TRUE,FALSE
chr6_56360383,chr6,56360383,COL21A1,56056590,56394094,TRUE,FALSE
chr6_56360548,chr6,56360548,COL21A1,56056590,56394094,TRUE,FALSE
chr6_56360611,chr6,56360611,COL21A1,56056590,56394094,TRUE,FALSE
chr6_56360639,chr6,56360639,COL21A1,56056590,56394094,TRUE,FALSE
chr6_56360825,chr6,56360825,COL21A1,56056590,56394094,TRUE,FALSE
chr6_56360928,chr6,56360928,COL21A1,56056590,56394094,TRUE,FALSE
chr6_56360945,chr6,56360945,COL21A1,56056590,56394094,TRUE,FALSE
chr6_56360969,chr6,56360969,COL21A1,56056590,56394094,TRUE,FALSE
chr6_56360971,chr6,56360971,COL21A1,56056590,56394094,TRUE,FALSE
chr6_56361008,chr6,56361008,COL21A1,56056590,56394094,TRUE,FALSE
chr6_56361050,chr6,56361050,COL21A1,56056590,56394094,TRUE,FALSE
chr6_56361088,chr6,56361088,COL21A1,56056590,56394094,TRUE,FALSE
chr6_56361155,chr6,56361155,COL21A1,56056590,56394094,TRUE,FALSE
chr6_56361234,chr6,56361234,COL21A1,56056590,56394094,TRUE,FALSE
chr6_56361283,chr6,56361283,COL21A1,56056590,56394094,TRUE,FALSE
chr6_56361313,chr6,56361313,COL21A1,56056590,56394094,TRUE,FALSE
chr6_56361679,chr6,56361679,COL21A1,56056590,56394094,TRUE,FALSE
chr6_56361751,chr6,56361751,COL21A1,56056590,56394094,TRUE,FALSE
chr6_56361759,chr6,56361759,COL21A1,56056590,56394094,TRUE,FALSE
chr6_56361765,chr6,56361765,COL21A1,56056590,56394094,TRUE,FALSE
chr6_56361933,chr6,56361933,COL21A1,56056590,56394094,TRUE,FALSE
chr6_56362045,chr6,56362045,COL21A1,56056590,56394094,TRUE,FALSE
chr6_56362080,chr6,56362080,COL21A1,56056590,56394094,TRUE,FALSE
chr6_56362085,chr6,56362085,COL21A1,56056590,56394094,TRUE,FALSE
chr6_56362246,chr6,56362246,COL21A1,56056590,56394094,TRUE,FALSE
chr6_56362562,chr6,56362562,COL21A1,56056590,56394094,TRUE,FALSE
chr6_56362597,chr6,56362597,COL21A1,56056590,56394094,TRUE,FALSE
chr6_56362669,chr6,56362669,COL21A1,56056590,56394094,TRUE,FALSE
chr6_56362844,chr6,56362844,COL21A1,56056590,56394094,TRUE,FALSE
chr6_56362849,chr6,56362849,COL21A1,56056590,56394094,TRUE,FALSE
chr6_56362854,chr6,56362854,COL21A1,56056590,56394094,TRUE,FALSE
chr6_56362907,chr6,56362907,COL21A1,56056590,56394094,TRUE,FALSE
chr6_56363164,chr6,56363164,COL21A1,56056590,56394094,TRUE,FALSE
chr6_56363227,chr6,56363227,COL21A1,56056590,56394094,TRUE,FALSE
chr6_56363273,chr6,56363273,COL21A1,56056590,56394094,TRUE,FALSE
chr6_56363327,chr6,56363327,COL21A1,56056590,56394094,TRUE,FALSE
chr6_56364013,chr6,56364013,COL21A1,56056590,56394094,TRUE,FALSE
chr6_56364114,chr6,56364114,COL21A1,56056590,56394094,TRUE,FALSE
chr6_56364222,chr6,56364222,COL21A1,56056590,56394094,TRUE,FALSE
chr6_56364288,chr6,56364288,COL21A1,56056590,56394094,TRUE,FALSE
chr6_56364291,chr6,56364291,COL21A1,56056590,56394094,TRUE,FALSE
chr6_56364990,chr6,56364990,COL21A1,56056590,56394094,TRUE,FALSE
chr6_56365265,chr6,56365265,COL21A1,56056590,56394094,TRUE,FALSE
chr6_56365505,chr6,56365505,COL21A1,56056590,56394094,TRUE,FALSE
chr6_56365769,chr6,56365769,COL21A1,56056590,56394094,TRUE,FALSE
chr6_56366193,chr6,56366193,COL21A1,56056590,56394094,TRUE,FALSE
chr6_56366226,chr6,56366226,COL21A1,56056590,56394094,TRUE,FALSE
chr6_56366262,chr6,56366262,COL21A1,56056590,56394094,TRUE,FALSE
chr6_56366375,chr6,56366375,COL21A1,56056590,56394094,TRUE,FALSE
chr6_56366393,chr6,56366393,COL21A1,56056590,56394094,TRUE,FALSE
chr6_56366762,chr6,56366762,COL21A1,56056590,56394094,TRUE,FALSE
chr6_56366864,chr6,56366864,COL21A1,56056590,56394094,TRUE,FALSE
chr6_56366949,chr6,56366949,COL21A1,56056590,56394094,TRUE,FALSE
chr6_56367293,chr6,56367293,COL21A1,56056590,56394094,TRUE,FALSE
chr6_56367521,chr6,56367521,COL21A1,56056590,56394094,TRUE,FALSE
chr6_56367799,chr6,56367799,COL21A1,56056590,56394094,TRUE,FALSE
chr6_56367826,chr6,56367826,COL21A1,56056590,56394094,TRUE,FALSE
chr6_56367839,chr6,56367839,COL21A1,56056590,56394094,TRUE,FALSE
chr6_56367863,chr6,56367863,COL21A1,56056590,56394094,TRUE,FALSE
chr6_56368058,chr6,56368058,COL21A1,56056590,56394094,TRUE,FALSE
chr6_56368508,chr6,56368508,COL21A1,56056590,56394094,TRUE,FALSE
chr6_56368708,chr6,56368708,COL21A1,56056590,56394094,TRUE,FALSE
chr6_56368756,chr6,56368756,COL21A1,56056590,56394094,TRUE,FALSE
chr6_56369094,chr6,56369094,COL21A1,56056590,56394094,TRUE,FALSE
chr6_56369343,chr6,56369343,COL21A1,56056590,56394094,TRUE,FALSE
chr6_56369731,chr6,56369731,COL21A1,56056590,56394094,TRUE,FALSE
chr6_56370015,chr6,56370015,COL21A1,56056590,56394094,TRUE,FALSE
chr6_56370056,chr6,56370056,COL21A1,56056590,56394094,TRUE,FALSE
chr6_56370158,chr6,56370158,COL21A1,56056590,56394094,TRUE,FALSE
chr6_56370189,chr6,56370189,COL21A1,56056590,56394094,TRUE,FALSE
chr6_56370201,chr6,56370201,COL21A1,56056590,56394094,TRUE,FALSE
chr6_56370217,chr6,56370217,COL21A1,56056590,56394094,TRUE,FALSE
chr6_56370259,chr6,56370259,COL21A1,56056590,56394094,TRUE,FALSE
chr6_56370286,chr6,56370286,COL21A1,56056590,56394094,TRUE,FALSE
chr6_56370313,chr6,56370313,COL21A1,56056590,56394094,TRUE,FALSE
chr6_56370321,chr6,56370321,COL21A1,56056590,56394094,TRUE,FALSE
chr6_56370342,chr6,56370342,COL21A1,56056590,56394094,TRUE,FALSE
chr6_56370466,chr6,56370466,COL21A1,56056590,56394094,TRUE,FALSE
chr6_56370575,chr6,56370575,COL21A1,56056590,56394094,TRUE,FALSE
chr6_56370636,chr6,56370636,COL21A1,56056590,56394094,TRUE,FALSE
chr6_56371211,chr6,56371211,COL21A1,56056590,56394094,TRUE,FALSE
chr6_56371481,chr6,56371481,COL21A1,56056590,56394094,TRUE,FALSE
chr6_56371510,chr6,56371510,COL21A1,56056590,56394094,TRUE,FALSE
chr6_56371870,chr6,56371870,COL21A1,56056590,56394094,TRUE,FALSE
chr6_56372149,chr6,56372149,COL21A1,56056590,56394094,TRUE,FALSE
chr6_56372444,chr6,56372444,COL21A1,56056590,56394094,TRUE,FALSE
chr6_56372583,chr6,56372583,COL21A1,56056590,56394094,TRUE,FALSE
chr6_56373179,chr6,56373179,COL21A1,56056590,56394094,TRUE,FALSE
chr6_56373372,chr6,56373372,COL21A1,56056590,56394094,TRUE,FALSE
chr6_56373430,chr6,56373430,COL21A1,56056590,56394094,TRUE,FALSE
chr6_56373458,chr6,56373458,COL21A1,56056590,56394094,TRUE,FALSE
chr6_56373494,chr6,56373494,COL21A1,56056590,56394094,TRUE,FALSE
chr6_56373556,chr6,56373556,COL21A1,56056590,56394094,TRUE,FALSE
chr6_56373588,chr6,56373588,COL21A1,56056590,56394094,TRUE,FALSE
chr6_56373859,chr6,56373859,COL21A1,56056590,56394094,TRUE,FALSE
chr6_56373892,chr6,56373892,COL21A1,56056590,56394094,TRUE,FALSE
chr6_56374150,chr6,56374150,COL21A1,56056590,56394094,TRUE,FALSE
chr6_56374224,chr6,56374224,COL21A1,56056590,56394094,TRUE,FALSE
chr6_56374499,chr6,56374499,COL21A1,56056590,56394094,TRUE,FALSE
chr6_56374590,chr6,56374590,COL21A1,56056590,56394094,TRUE,FALSE
chr6_56374592,chr6,56374592,COL21A1,56056590,56394094,TRUE,FALSE
chr6_56374614,chr6,56374614,COL21A1,56056590,56394094,TRUE,FALSE
chr6_56374646,chr6,56374646,COL21A1,56056590,56394094,TRUE,FALSE
chr6_56374653,chr6,56374653,COL21A1,56056590,56394094,TRUE,FALSE
chr6_56374676,chr6,56374676,COL21A1,56056590,56394094,TRUE,FALSE
chr6_56374715,chr6,56374715,COL21A1,56056590,56394094,TRUE,FALSE
chr6_56375115,chr6,56375115,COL21A1,56056590,56394094,TRUE,FALSE
chr6_56375156,chr6,56375156,COL21A1,56056590,56394094,TRUE,FALSE
chr6_56375325,chr6,56375325,COL21A1,56056590,56394094,TRUE,FALSE
chr6_56375359,chr6,56375359,COL21A1,56056590,56394094,TRUE,FALSE
chr6_56375393,chr6,56375393,COL21A1,56056590,56394094,TRUE,FALSE
chr6_56375494,chr6,56375494,COL21A1,56056590,56394094,TRUE,FALSE
chr6_56375706,chr6,56375706,COL21A1,56056590,56394094,TRUE,FALSE
chr6_56376023,chr6,56376023,COL21A1,56056590,56394094,TRUE,FALSE
chr6_56376034,chr6,56376034,COL21A1,56056590,56394094,TRUE,FALSE
chr6_56376078,chr6,56376078,COL21A1,56056590,56394094,TRUE,FALSE
chr6_56376338,chr6,56376338,COL21A1,56056590,56394094,TRUE,FALSE
chr6_56376821,chr6,56376821,COL21A1,56056590,56394094,TRUE,FALSE
chr6_56376824,chr6,56376824,COL21A1,56056590,56394094,TRUE,FALSE
chr6_56376962,chr6,56376962,COL21A1,56056590,56394094,TRUE,FALSE
chr6_56377102,chr6,56377102,COL21A1,56056590,56394094,TRUE,FALSE
chr6_56377179,chr6,56377179,COL21A1,56056590,56394094,TRUE,FALSE
chr6_56377240,chr6,56377240,COL21A1,56056590,56394094,TRUE,FALSE
chr6_56377877,chr6,56377877,COL21A1,56056590,56394094,TRUE,FALSE
chr6_56377922,chr6,56377922,COL21A1,56056590,56394094,TRUE,FALSE
chr6_56378020,chr6,56378020,COL21A1,56056590,56394094,TRUE,FALSE
chr6_56378066,chr6,56378066,COL21A1,56056590,56394094,TRUE,FALSE
chr6_56378082,chr6,56378082,COL21A1,56056590,56394094,TRUE,FALSE
chr6_56378153,chr6,56378153,COL21A1,56056590,56394094,TRUE,FALSE
chr6_56378282,chr6,56378282,COL21A1,56056590,56394094,TRUE,FALSE
chr6_56378320,chr6,56378320,COL21A1,56056590,56394094,TRUE,FALSE
chr6_56378461,chr6,56378461,COL21A1,56056590,56394094,TRUE,FALSE
chr6_56378556,chr6,56378556,COL21A1,56056590,56394094,TRUE,FALSE
chr6_56378687,chr6,56378687,COL21A1,56056590,56394094,TRUE,FALSE
chr6_56378726,chr6,56378726,COL21A1,56056590,56394094,TRUE,FALSE
chr6_56378734,chr6,56378734,COL21A1,56056590,56394094,TRUE,FALSE
chr6_56379013,chr6,56379013,COL21A1,56056590,56394094,TRUE,FALSE
chr6_56379063,chr6,56379063,COL21A1,56056590,56394094,TRUE,FALSE
chr6_56379107,chr6,56379107,COL21A1,56056590,56394094,TRUE,FALSE
chr6_56379127,chr6,56379127,COL21A1,56056590,56394094,TRUE,FALSE
chr6_56379130,chr6,56379130,COL21A1,56056590,56394094,TRUE,FALSE
chr6_56379161,chr6,56379161,COL21A1,56056590,56394094,TRUE,FALSE
chr6_56379420,chr6,56379420,COL21A1,56056590,56394094,TRUE,FALSE
chr6_56379590,chr6,56379590,COL21A1,56056590,56394094,TRUE,FALSE
chr6_56379717,chr6,56379717,COL21A1,56056590,56394094,TRUE,FALSE
chr6_56380134,chr6,56380134,COL21A1,56056590,56394094,TRUE,FALSE
chr6_56380550,chr6,56380550,COL21A1,56056590,56394094,TRUE,FALSE
chr6_56380925,chr6,56380925,COL21A1,56056590,56394094,TRUE,FALSE
chr6_56380963,chr6,56380963,COL21A1,56056590,56394094,TRUE,FALSE
chr6_56381057,chr6,56381057,COL21A1,56056590,56394094,TRUE,FALSE
chr6_56381243,chr6,56381243,COL21A1,56056590,56394094,TRUE,FALSE
chr6_56381251,chr6,56381251,COL21A1,56056590,56394094,TRUE,FALSE
chr6_56381401,chr6,56381401,COL21A1,56056590,56394094,TRUE,FALSE
chr6_56381638,chr6,56381638,COL21A1,56056590,56394094,TRUE,FALSE
chr6_56381922,chr6,56381922,COL21A1,56056590,56394094,TRUE,FALSE
chr6_56382075,chr6,56382075,COL21A1,56056590,56394094,TRUE,FALSE
chr6_56382109,chr6,56382109,COL21A1,56056590,56394094,TRUE,FALSE
chr6_56382192,chr6,56382192,COL21A1,56056590,56394094,TRUE,FALSE
chr6_56382372,chr6,56382372,COL21A1,56056590,56394094,TRUE,FALSE
chr6_56382385,chr6,56382385,COL21A1,56056590,56394094,TRUE,FALSE
chr6_56382952,chr6,56382952,COL21A1,56056590,56394094,TRUE,FALSE
chr6_56383233,chr6,56383233,COL21A1,56056590,56394094,TRUE,FALSE
chr6_56383570,chr6,56383570,COL21A1,56056590,56394094,TRUE,FALSE
chr6_56384034,chr6,56384034,COL21A1,56056590,56394094,TRUE,FALSE
chr6_56384175,chr6,56384175,COL21A1,56056590,56394094,TRUE,FALSE
chr6_56384572,chr6,56384572,COL21A1,56056590,56394094,TRUE,FALSE
chr6_56384709,chr6,56384709,COL21A1,56056590,56394094,TRUE,FALSE
chr6_56384963,chr6,56384963,COL21A1,56056590,56394094,TRUE,FALSE
chr6_56385094,chr6,56385094,COL21A1,56056590,56394094,TRUE,FALSE
chr6_56385109,chr6,56385109,COL21A1,56056590,56394094,TRUE,FALSE
chr6_56385120,chr6,56385120,COL21A1,56056590,56394094,TRUE,FALSE
chr6_56385258,chr6,56385258,COL21A1,56056590,56394094,TRUE,FALSE
chr6_56385482,chr6,56385482,COL21A1,56056590,56394094,TRUE,FALSE
chr6_56385929,chr6,56385929,COL21A1,56056590,56394094,TRUE,FALSE
chr6_56385992,chr6,56385992,COL21A1,56056590,56394094,TRUE,FALSE
chr6_56386002,chr6,56386002,COL21A1,56056590,56394094,TRUE,FALSE
chr6_56386093,chr6,56386093,COL21A1,56056590,56394094,TRUE,FALSE
chr6_56386105,chr6,56386105,COL21A1,56056590,56394094,TRUE,FALSE
chr6_56386317,chr6,56386317,COL21A1,56056590,56394094,TRUE,FALSE
chr6_56386572,chr6,56386572,COL21A1,56056590,56394094,TRUE,FALSE
chr6_56386650,chr6,56386650,COL21A1,56056590,56394094,TRUE,FALSE
chr6_56387096,chr6,56387096,COL21A1,56056590,56394094,TRUE,FALSE
chr6_56387243,chr6,56387243,COL21A1,56056590,56394094,TRUE,FALSE
chr6_56387967,chr6,56387967,COL21A1,56056590,56394094,TRUE,FALSE
chr6_56388282,chr6,56388282,COL21A1,56056590,56394094,TRUE,FALSE
chr6_56388875,chr6,56388875,COL21A1,56056590,56394094,TRUE,FALSE
chr6_56389088,chr6,56389088,COL21A1,56056590,56394094,TRUE,FALSE
chr6_56389182,chr6,56389182,COL21A1,56056590,56394094,TRUE,FALSE
chr6_56389230,chr6,56389230,COL21A1,56056590,56394094,TRUE,FALSE
chr6_56389281,chr6,56389281,COL21A1,56056590,56394094,TRUE,FALSE
chr6_56389315,chr6,56389315,COL21A1,56056590,56394094,TRUE,FALSE
chr6_56389651,chr6,56389651,COL21A1,56056590,56394094,TRUE,FALSE
chr6_56389996,chr6,56389996,COL21A1,56056590,56394094,TRUE,FALSE
chr6_56390128,chr6,56390128,COL21A1,56056590,56394094,TRUE,FALSE
chr6_56390432,chr6,56390432,COL21A1,56056590,56394094,TRUE,FALSE
chr6_56391459,chr6,56391459,COL21A1,56056590,56394094,TRUE,FALSE
chr6_56391611,chr6,56391611,COL21A1,56056590,56394094,TRUE,FALSE
chr6_56392093,chr6,56392093,COL21A1,56056590,56394094,TRUE,FALSE
chr6_56392142,chr6,56392142,COL21A1,56056590,56394094,TRUE,FALSE
chr6_56392391,chr6,56392391,COL21A1,56056590,56394094,TRUE,FALSE
chr6_56392557,chr6,56392557,COL21A1,56056590,56394094,TRUE,FALSE
chr6_56392637,chr6,56392637,COL21A1,56056590,56394094,TRUE,FALSE
chr6_56393328,chr6,56393328,COL21A1,56056590,56394094,TRUE,FALSE
chr6_56393586,chr6,56393586,COL21A1,56056590,56394094,TRUE,FALSE
chr6_56393704,chr6,56393704,COL21A1,56056590,56394094,TRUE,FALSE
chr6_56393810,chr6,56393810,COL21A1,56056590,56394094,TRUE,FALSE
chr6_56393878,chr6,56393878,COL21A1,56056590,56394094,TRUE,FALSE
chr6_56393902,chr6,56393902,COL21A1,56056590,56394094,TRUE,FALSE
chr6_56393905,chr6,56393905,COL21A1,56056590,56394094,TRUE,FALSE
chr6_56393941,chr6,56393941,COL21A1,56056590,56394094,TRUE,FALSE
chr6_56393950,chr6,56393950,COL21A1,56056590,56394094,TRUE,FALSE
chr6_56393994,chr6,56393994,COL21A1,56056590,56394094,TRUE,FALSE
chr6_56394049,chr6,56394049,COL21A1,56056590,56394094,TRUE,FALSE
chr6_56394158,chr6,56394158,COL21A1,56056590,56394094,FALSE,FALSE
chr6_56394172,chr6,56394172,COL21A1,56056590,56394094,FALSE,FALSE
chr6_56394288,chr6,56394288,COL21A1,56056590,56394094,FALSE,FALSE
chr6_56394361,chr6,56394361,COL21A1,56056590,56394094,FALSE,FALSE
chr6_56394728,chr6,56394728,COL21A1,56056590,56394094,FALSE,FALSE
chr6_56394784,chr6,56394784,COL21A1,56056590,56394094,FALSE,FALSE
chr6_56394803,chr6,56394803,COL21A1,56056590,56394094,FALSE,FALSE
chr6_56394906,chr6,56394906,COL21A1,56056590,56394094,FALSE,FALSE
chr6_56395384,chr6,56395384,COL21A1,56056590,56394094,FALSE,FALSE
chr6_56395914,chr6,56395914,COL21A1,56056590,56394094,FALSE,FALSE
chr6_56396529,chr6,56396529,COL21A1,56056590,56394094,FALSE,FALSE
chr6_56396671,chr6,56396671,COL21A1,56056590,56394094,FALSE,FALSE
chr6_56398371,chr6,56398371,COL21A1,56056590,56394094,FALSE,FALSE
chr6_56398577,chr6,56398577,COL21A1,56056590,56394094,FALSE,FALSE
chr19_50183334,chr19,50183334,MYH14,50188186,50310542,FALSE,FALSE
chr19_50183400,chr19,50183400,MYH14,50188186,50310542,FALSE,FALSE
chr19_50183440,chr19,50183440,MYH14,50188186,50310542,FALSE,FALSE
chr19_50183472,chr19,50183472,MYH14,50188186,50310542,FALSE,FALSE
chr19_50183535,chr19,50183535,MYH14,50188186,50310542,FALSE,FALSE
chr19_50183545,chr19,50183545,MYH14,50188186,50310542,FALSE,FALSE
chr19_50183568,chr19,50183568,MYH14,50188186,50310542,FALSE,FALSE
chr19_50183589,chr19,50183589,MYH14,50188186,50310542,FALSE,FALSE
chr19_50183606,chr19,50183606,MYH14,50188186,50310542,FALSE,FALSE
chr19_50183669,chr19,50183669,MYH14,50188186,50310542,FALSE,FALSE
chr19_50183693,chr19,50183693,MYH14,50188186,50310542,FALSE,FALSE
chr19_50183697,chr19,50183697,MYH14,50188186,50310542,FALSE,FALSE
chr19_50183709,chr19,50183709,MYH14,50188186,50310542,FALSE,FALSE
chr19_50183751,chr19,50183751,MYH14,50188186,50310542,FALSE,FALSE
chr19_50183761,chr19,50183761,MYH14,50188186,50310542,FALSE,FALSE
chr19_50183777,chr19,50183777,MYH14,50188186,50310542,FALSE,FALSE
chr19_50183785,chr19,50183785,MYH14,50188186,50310542,FALSE,FALSE
chr19_50183832,chr19,50183832,MYH14,50188186,50310542,FALSE,FALSE
chr19_50183922,chr19,50183922,MYH14,50188186,50310542,FALSE,FALSE
chr19_50184050,chr19,50184050,MYH14,50188186,50310542,FALSE,FALSE
chr19_50184125,chr19,50184125,MYH14,50188186,50310542,FALSE,FALSE
chr19_50184272,chr19,50184272,MYH14,50188186,50310542,FALSE,FALSE
chr19_50184777,chr19,50184777,MYH14,50188186,50310542,FALSE,FALSE
chr19_50184817,chr19,50184817,MYH14,50188186,50310542,FALSE,FALSE
chr19_50184826,chr19,50184826,MYH14,50188186,50310542,FALSE,FALSE
chr19_50184903,chr19,50184903,MYH14,50188186,50310542,FALSE,FALSE
chr19_50184917,chr19,50184917,MYH14,50188186,50310542,FALSE,FALSE
chr19_50184945,chr19,50184945,MYH14,50188186,50310542,FALSE,FALSE
chr19_50185068,chr19,50185068,MYH14,50188186,50310542,FALSE,FALSE
chr19_50185239,chr19,50185239,MYH14,50188186,50310542,FALSE,FALSE
chr19_50185279,chr19,50185279,MYH14,50188186,50310542,FALSE,FALSE
chr19_50185317,chr19,50185317,MYH14,50188186,50310542,FALSE,FALSE
chr19_50185325,chr19,50185325,MYH14,50188186,50310542,FALSE,FALSE
chr19_50185357,chr19,50185357,MYH14,50188186,50310542,FALSE,FALSE
chr19_50185446,chr19,50185446,MYH14,50188186,50310542,FALSE,FALSE
chr19_50185491,chr19,50185491,MYH14,50188186,50310542,FALSE,FALSE
chr19_50185502,chr19,50185502,MYH14,50188186,50310542,FALSE,FALSE
chr19_50185535,chr19,50185535,MYH14,50188186,50310542,FALSE,FALSE
chr19_50185783,chr19,50185783,MYH14,50188186,50310542,FALSE,FALSE
chr19_50186209,chr19,50186209,MYH14,50188186,50310542,FALSE,FALSE
chr19_50186362,chr19,50186362,MYH14,50188186,50310542,FALSE,FALSE
chr19_50186641,chr19,50186641,MYH14,50188186,50310542,FALSE,FALSE
chr19_50186678,chr19,50186678,MYH14,50188186,50310542,FALSE,FALSE
chr19_50186685,chr19,50186685,MYH14,50188186,50310542,FALSE,FALSE
chr19_50186690,chr19,50186690,MYH14,50188186,50310542,FALSE,FALSE
chr19_50186701,chr19,50186701,MYH14,50188186,50310542,FALSE,FALSE
chr19_50186746,chr19,50186746,MYH14,50188186,50310542,FALSE,FALSE
chr19_50186780,chr19,50186780,MYH14,50188186,50310542,FALSE,FALSE
chr19_50186788,chr19,50186788,MYH14,50188186,50310542,FALSE,FALSE
chr19_50186812,chr19,50186812,MYH14,50188186,50310542,FALSE,FALSE
chr19_50186851,chr19,50186851,MYH14,50188186,50310542,FALSE,FALSE
chr19_50186876,chr19,50186876,MYH14,50188186,50310542,FALSE,FALSE
chr19_50186890,chr19,50186890,MYH14,50188186,50310542,FALSE,FALSE
chr19_50186991,chr19,50186991,MYH14,50188186,50310542,FALSE,FALSE
chr19_50187130,chr19,50187130,MYH14,50188186,50310542,FALSE,FALSE
chr19_50187522,chr19,50187522,MYH14,50188186,50310542,FALSE,FALSE
chr19_50187581,chr19,50187581,MYH14,50188186,50310542,FALSE,FALSE
chr19_50187595,chr19,50187595,MYH14,50188186,50310542,FALSE,FALSE
chr19_50187617,chr19,50187617,MYH14,50188186,50310542,FALSE,FALSE
chr19_50187673,chr19,50187673,MYH14,50188186,50310542,FALSE,FALSE
chr19_50187832,chr19,50187832,MYH14,50188186,50310542,FALSE,FALSE
chr19_50187855,chr19,50187855,MYH14,50188186,50310542,FALSE,FALSE
chr19_50187879,chr19,50187879,MYH14,50188186,50310542,FALSE,FALSE
chr19_50187914,chr19,50187914,MYH14,50188186,50310542,FALSE,FALSE
chr19_50188010,chr19,50188010,MYH14,50188186,50310542,FALSE,FALSE
chr19_50188080,chr19,50188080,MYH14,50188186,50310542,FALSE,FALSE
chr19_50188099,chr19,50188099,MYH14,50188186,50310542,FALSE,FALSE
chr19_50188132,chr19,50188132,MYH14,50188186,50310542,FALSE,FALSE
chr19_50188180,chr19,50188180,MYH14,50188186,50310542,FALSE,FALSE
chr19_50188184,chr19,50188184,MYH14,50188186,50310542,FALSE,FALSE
chr19_50188206,chr19,50188206,MYH14,50188186,50310542,TRUE,FALSE
chr19_50188244,chr19,50188244,MYH14,50188186,50310542,TRUE,FALSE
chr19_50188257,chr19,50188257,MYH14,50188186,50310542,TRUE,FALSE
chr19_50188266,chr19,50188266,MYH14,50188186,50310542,TRUE,FALSE
chr19_50188284,chr19,50188284,MYH14,50188186,50310542,TRUE,FALSE
chr19_50188302,chr19,50188302,MYH14,50188186,50310542,TRUE,FALSE
chr19_50188356,chr19,50188356,MYH14,50188186,50310542,TRUE,FALSE
chr19_50188494,chr19,50188494,MYH14,50188186,50310542,TRUE,FALSE
chr19_50188503,chr19,50188503,MYH14,50188186,50310542,TRUE,FALSE
chr19_50188573,chr19,50188573,MYH14,50188186,50310542,TRUE,FALSE
chr19_50188597,chr19,50188597,MYH14,50188186,50310542,TRUE,FALSE
chr19_50188603,chr19,50188603,MYH14,50188186,50310542,TRUE,FALSE
chr19_50188619,chr19,50188619,MYH14,50188186,50310542,TRUE,FALSE
chr19_50188651,chr19,50188651,MYH14,50188186,50310542,TRUE,FALSE
chr19_50188699,chr19,50188699,MYH14,50188186,50310542,TRUE,FALSE
chr19_50188749,chr19,50188749,MYH14,50188186,50310542,TRUE,FALSE
chr19_50188789,chr19,50188789,MYH14,50188186,50310542,TRUE,FALSE
chr19_50188791,chr19,50188791,MYH14,50188186,50310542,TRUE,FALSE
chr19_50188797,chr19,50188797,MYH14,50188186,50310542,TRUE,FALSE
chr19_50188799,chr19,50188799,MYH14,50188186,50310542,TRUE,FALSE
chr19_50188821,chr19,50188821,MYH14,50188186,50310542,TRUE,FALSE
chr19_50188915,chr19,50188915,MYH14,50188186,50310542,TRUE,FALSE
chr19_50188978,chr19,50188978,MYH14,50188186,50310542,TRUE,FALSE
chr19_50189007,chr19,50189007,MYH14,50188186,50310542,TRUE,FALSE
chr19_50189021,chr19,50189021,MYH14,50188186,50310542,TRUE,FALSE
chr19_50189296,chr19,50189296,MYH14,50188186,50310542,TRUE,FALSE
chr19_50189460,chr19,50189460,MYH14,50188186,50310542,TRUE,FALSE
chr19_50189527,chr19,50189527,MYH14,50188186,50310542,TRUE,FALSE
chr19_50189544,chr19,50189544,MYH14,50188186,50310542,TRUE,FALSE
chr19_50189568,chr19,50189568,MYH14,50188186,50310542,TRUE,FALSE
chr19_50189601,chr19,50189601,MYH14,50188186,50310542,TRUE,FALSE
chr19_50189625,chr19,50189625,MYH14,50188186,50310542,TRUE,FALSE
chr19_50189637,chr19,50189637,MYH14,50188186,50310542,TRUE,FALSE
chr19_50189669,chr19,50189669,MYH14,50188186,50310542,TRUE,FALSE
chr19_50189770,chr19,50189770,MYH14,50188186,50310542,TRUE,FALSE
chr19_50189818,chr19,50189818,MYH14,50188186,50310542,TRUE,FALSE
chr19_50189930,chr19,50189930,MYH14,50188186,50310542,TRUE,FALSE
chr19_50190038,chr19,50190038,MYH14,50188186,50310542,TRUE,FALSE
chr19_50190046,chr19,50190046,MYH14,50188186,50310542,TRUE,FALSE
chr19_50190077,chr19,50190077,MYH14,50188186,50310542,TRUE,FALSE
chr19_50190087,chr19,50190087,MYH14,50188186,50310542,TRUE,FALSE
chr19_50190145,chr19,50190145,MYH14,50188186,50310542,TRUE,FALSE
chr19_50190177,chr19,50190177,MYH14,50188186,50310542,TRUE,FALSE
chr19_50190254,chr19,50190254,MYH14,50188186,50310542,TRUE,FALSE
chr19_50190381,chr19,50190381,MYH14,50188186,50310542,TRUE,FALSE
chr19_50190391,chr19,50190391,MYH14,50188186,50310542,TRUE,FALSE
chr19_50190484,chr19,50190484,MYH14,50188186,50310542,TRUE,FALSE
chr19_50190562,chr19,50190562,MYH14,50188186,50310542,TRUE,FALSE
chr19_50190590,chr19,50190590,MYH14,50188186,50310542,TRUE,FALSE
chr19_50190683,chr19,50190683,MYH14,50188186,50310542,TRUE,FALSE
chr19_50190776,chr19,50190776,MYH14,50188186,50310542,TRUE,FALSE
chr19_50190823,chr19,50190823,MYH14,50188186,50310542,TRUE,FALSE
chr19_50190826,chr19,50190826,MYH14,50188186,50310542,TRUE,FALSE
chr19_50190856,chr19,50190856,MYH14,50188186,50310542,TRUE,FALSE
chr19_50190921,chr19,50190921,MYH14,50188186,50310542,TRUE,FALSE
chr19_50190923,chr19,50190923,MYH14,50188186,50310542,TRUE,FALSE
chr19_50190925,chr19,50190925,MYH14,50188186,50310542,TRUE,FALSE
chr19_50190935,chr19,50190935,MYH14,50188186,50310542,TRUE,FALSE
chr19_50190968,chr19,50190968,MYH14,50188186,50310542,TRUE,FALSE
chr19_50190993,chr19,50190993,MYH14,50188186,50310542,TRUE,FALSE
chr19_50191052,chr19,50191052,MYH14,50188186,50310542,TRUE,FALSE
chr19_50191068,chr19,50191068,MYH14,50188186,50310542,TRUE,FALSE
chr19_50191110,chr19,50191110,MYH14,50188186,50310542,TRUE,FALSE
chr19_50191112,chr19,50191112,MYH14,50188186,50310542,TRUE,FALSE
chr19_50191150,chr19,50191150,MYH14,50188186,50310542,TRUE,FALSE
chr19_50191152,chr19,50191152,MYH14,50188186,50310542,TRUE,FALSE
chr19_50191190,chr19,50191190,MYH14,50188186,50310542,TRUE,FALSE
chr19_50191219,chr19,50191219,MYH14,50188186,50310542,TRUE,FALSE
chr19_50191398,chr19,50191398,MYH14,50188186,50310542,TRUE,FALSE
chr19_50191609,chr19,50191609,MYH14,50188186,50310542,TRUE,FALSE
chr19_50191695,chr19,50191695,MYH14,50188186,50310542,TRUE,FALSE
chr19_50191818,chr19,50191818,MYH14,50188186,50310542,TRUE,FALSE
chr19_50191939,chr19,50191939,MYH14,50188186,50310542,TRUE,FALSE
chr19_50192152,chr19,50192152,MYH14,50188186,50310542,TRUE,FALSE
chr19_50192159,chr19,50192159,MYH14,50188186,50310542,TRUE,FALSE
chr19_50192164,chr19,50192164,MYH14,50188186,50310542,TRUE,FALSE
chr19_50192255,chr19,50192255,MYH14,50188186,50310542,TRUE,FALSE
chr19_50192295,chr19,50192295,MYH14,50188186,50310542,TRUE,FALSE
chr19_50192337,chr19,50192337,MYH14,50188186,50310542,TRUE,FALSE
chr19_50192480,chr19,50192480,MYH14,50188186,50310542,TRUE,FALSE
chr19_50192531,chr19,50192531,MYH14,50188186,50310542,TRUE,FALSE
chr19_50192635,chr19,50192635,MYH14,50188186,50310542,TRUE,FALSE
chr19_50192695,chr19,50192695,MYH14,50188186,50310542,TRUE,FALSE
chr19_50192899,chr19,50192899,MYH14,50188186,50310542,TRUE,FALSE
chr19_50192937,chr19,50192937,MYH14,50188186,50310542,TRUE,FALSE
chr19_50193014,chr19,50193014,MYH14,50188186,50310542,TRUE,FALSE
chr19_50193019,chr19,50193019,MYH14,50188186,50310542,TRUE,FALSE
chr19_50193135,chr19,50193135,MYH14,50188186,50310542,TRUE,FALSE
chr19_50193174,chr19,50193174,MYH14,50188186,50310542,TRUE,FALSE
chr19_50193188,chr19,50193188,MYH14,50188186,50310542,TRUE,FALSE
chr19_50193263,chr19,50193263,MYH14,50188186,50310542,TRUE,FALSE
chr19_50193369,chr19,50193369,MYH14,50188186,50310542,TRUE,FALSE
chr19_50193460,chr19,50193460,MYH14,50188186,50310542,TRUE,FALSE
chr19_50193462,chr19,50193462,MYH14,50188186,50310542,TRUE,FALSE
chr19_50193511,chr19,50193511,MYH14,50188186,50310542,TRUE,FALSE
chr19_50193556,chr19,50193556,MYH14,50188186,50310542,TRUE,FALSE
chr19_50193618,chr19,50193618,MYH14,50188186,50310542,TRUE,FALSE
chr19_50193680,chr19,50193680,MYH14,50188186,50310542,TRUE,FALSE
chr19_50193734,chr19,50193734,MYH14,50188186,50310542,TRUE,FALSE
chr19_50193777,chr19,50193777,MYH14,50188186,50310542,TRUE,FALSE
chr19_50193822,chr19,50193822,MYH14,50188186,50310542,TRUE,FALSE
chr19_50193855,chr19,50193855,MYH14,50188186,50310542,TRUE,FALSE
chr19_50193871,chr19,50193871,MYH14,50188186,50310542,TRUE,FALSE
chr19_50193905,chr19,50193905,MYH14,50188186,50310542,TRUE,FALSE
chr19_50193914,chr19,50193914,MYH14,50188186,50310542,TRUE,FALSE
chr19_50193978,chr19,50193978,MYH14,50188186,50310542,TRUE,FALSE
chr19_50194019,chr19,50194019,MYH14,50188186,50310542,TRUE,FALSE
chr19_50194031,chr19,50194031,MYH14,50188186,50310542,TRUE,FALSE
chr19_50194162,chr19,50194162,MYH14,50188186,50310542,TRUE,FALSE
chr19_50194171,chr19,50194171,MYH14,50188186,50310542,TRUE,FALSE
chr19_50194262,chr19,50194262,MYH14,50188186,50310542,TRUE,FALSE
chr19_50194285,chr19,50194285,MYH14,50188186,50310542,TRUE,FALSE
chr19_50194322,chr19,50194322,MYH14,50188186,50310542,TRUE,FALSE
chr19_50194346,chr19,50194346,MYH14,50188186,50310542,TRUE,FALSE
chr19_50194471,chr19,50194471,MYH14,50188186,50310542,TRUE,FALSE
chr19_50194606,chr19,50194606,MYH14,50188186,50310542,TRUE,FALSE
chr19_50194800,chr19,50194800,MYH14,50188186,50310542,TRUE,FALSE
chr19_50195281,chr19,50195281,MYH14,50188186,50310542,TRUE,FALSE
chr19_50195375,chr19,50195375,MYH14,50188186,50310542,TRUE,FALSE
chr19_50195431,chr19,50195431,MYH14,50188186,50310542,TRUE,FALSE
chr19_50195554,chr19,50195554,MYH14,50188186,50310542,TRUE,FALSE
chr19_50195556,chr19,50195556,MYH14,50188186,50310542,TRUE,FALSE
chr19_50195694,chr19,50195694,MYH14,50188186,50310542,TRUE,FALSE
chr19_50195846,chr19,50195846,MYH14,50188186,50310542,TRUE,FALSE
chr19_50195876,chr19,50195876,MYH14,50188186,50310542,TRUE,FALSE
chr19_50195947,chr19,50195947,MYH14,50188186,50310542,TRUE,FALSE
chr19_50196093,chr19,50196093,MYH14,50188186,50310542,TRUE,FALSE
chr19_50196191,chr19,50196191,MYH14,50188186,50310542,TRUE,FALSE
chr19_50196246,chr19,50196246,MYH14,50188186,50310542,TRUE,FALSE
chr19_50196498,chr19,50196498,MYH14,50188186,50310542,TRUE,FALSE
chr19_50196697,chr19,50196697,MYH14,50188186,50310542,TRUE,FALSE
chr19_50196834,chr19,50196834,MYH14,50188186,50310542,TRUE,FALSE
chr19_50196904,chr19,50196904,MYH14,50188186,50310542,TRUE,FALSE
chr19_50196978,chr19,50196978,MYH14,50188186,50310542,TRUE,FALSE
chr19_50197020,chr19,50197020,MYH14,50188186,50310542,TRUE,FALSE
chr19_50197374,chr19,50197374,MYH14,50188186,50310542,TRUE,FALSE
chr19_50197497,chr19,50197497,MYH14,50188186,50310542,TRUE,FALSE
chr19_50197865,chr19,50197865,MYH14,50188186,50310542,TRUE,FALSE
chr19_50197927,chr19,50197927,MYH14,50188186,50310542,TRUE,FALSE
chr19_50197954,chr19,50197954,MYH14,50188186,50310542,TRUE,FALSE
chr19_50197995,chr19,50197995,MYH14,50188186,50310542,TRUE,FALSE
chr19_50198048,chr19,50198048,MYH14,50188186,50310542,TRUE,FALSE
chr19_50198058,chr19,50198058,MYH14,50188186,50310542,TRUE,FALSE
chr19_50198086,chr19,50198086,MYH14,50188186,50310542,TRUE,FALSE
chr19_50198102,chr19,50198102,MYH14,50188186,50310542,TRUE,FALSE
chr19_50198188,chr19,50198188,MYH14,50188186,50310542,TRUE,FALSE
chr19_50198198,chr19,50198198,MYH14,50188186,50310542,TRUE,FALSE
chr19_50198220,chr19,50198220,MYH14,50188186,50310542,TRUE,FALSE
chr19_50198242,chr19,50198242,MYH14,50188186,50310542,TRUE,FALSE
chr19_50198251,chr19,50198251,MYH14,50188186,50310542,TRUE,FALSE
chr19_50198415,chr19,50198415,MYH14,50188186,50310542,TRUE,FALSE
chr19_50198435,chr19,50198435,MYH14,50188186,50310542,TRUE,FALSE
chr19_50198537,chr19,50198537,MYH14,50188186,50310542,TRUE,FALSE
chr19_50198717,chr19,50198717,MYH14,50188186,50310542,TRUE,FALSE
chr19_50198859,chr19,50198859,MYH14,50188186,50310542,TRUE,FALSE
chr19_50198902,chr19,50198902,MYH14,50188186,50310542,TRUE,FALSE
chr19_50198932,chr19,50198932,MYH14,50188186,50310542,TRUE,FALSE
chr19_50199162,chr19,50199162,MYH14,50188186,50310542,TRUE,FALSE
chr19_50199313,chr19,50199313,MYH14,50188186,50310542,TRUE,FALSE
chr19_50199321,chr19,50199321,MYH14,50188186,50310542,TRUE,FALSE
chr19_50199402,chr19,50199402,MYH14,50188186,50310542,TRUE,FALSE
chr19_50199413,chr19,50199413,MYH14,50188186,50310542,TRUE,FALSE
chr19_50199416,chr19,50199416,MYH14,50188186,50310542,TRUE,FALSE
chr19_50199567,chr19,50199567,MYH14,50188186,50310542,TRUE,FALSE
chr19_50199759,chr19,50199759,MYH14,50188186,50310542,TRUE,FALSE
chr19_50199906,chr19,50199906,MYH14,50188186,50310542,TRUE,FALSE
chr19_50200015,chr19,50200015,MYH14,50188186,50310542,TRUE,FALSE
chr19_50200038,chr19,50200038,MYH14,50188186,50310542,TRUE,FALSE
chr19_50200327,chr19,50200327,MYH14,50188186,50310542,TRUE,FALSE
chr19_50200507,chr19,50200507,MYH14,50188186,50310542,TRUE,FALSE
chr19_50200559,chr19,50200559,MYH14,50188186,50310542,TRUE,FALSE
chr19_50200713,chr19,50200713,MYH14,50188186,50310542,TRUE,FALSE
chr19_50200765,chr19,50200765,MYH14,50188186,50310542,TRUE,FALSE
chr19_50200887,chr19,50200887,MYH14,50188186,50310542,TRUE,FALSE
chr19_50200979,chr19,50200979,MYH14,50188186,50310542,TRUE,FALSE
chr19_50201054,chr19,50201054,MYH14,50188186,50310542,TRUE,FALSE
chr19_50201143,chr19,50201143,MYH14,50188186,50310542,TRUE,FALSE
chr19_50201437,chr19,50201437,MYH14,50188186,50310542,TRUE,FALSE
chr19_50201587,chr19,50201587,MYH14,50188186,50310542,TRUE,FALSE
chr19_50201603,chr19,50201603,MYH14,50188186,50310542,TRUE,FALSE
chr19_50201642,chr19,50201642,MYH14,50188186,50310542,TRUE,FALSE
chr19_50201662,chr19,50201662,MYH14,50188186,50310542,TRUE,FALSE
chr19_50201706,chr19,50201706,MYH14,50188186,50310542,TRUE,FALSE
chr19_50201737,chr19,50201737,MYH14,50188186,50310542,TRUE,FALSE
chr19_50201797,chr19,50201797,MYH14,50188186,50310542,TRUE,FALSE
chr19_50201807,chr19,50201807,MYH14,50188186,50310542,TRUE,FALSE
chr19_50201971,chr19,50201971,MYH14,50188186,50310542,TRUE,FALSE
chr19_50202002,chr19,50202002,MYH14,50188186,50310542,TRUE,FALSE
chr19_50202085,chr19,50202085,MYH14,50188186,50310542,TRUE,FALSE
chr19_50202095,chr19,50202095,MYH14,50188186,50310542,TRUE,FALSE
chr19_50202175,chr19,50202175,MYH14,50188186,50310542,TRUE,FALSE
chr19_50202368,chr19,50202368,MYH14,50188186,50310542,TRUE,FALSE
chr19_50202521,chr19,50202521,MYH14,50188186,50310542,TRUE,FALSE
chr19_50202592,chr19,50202592,MYH14,50188186,50310542,TRUE,FALSE
chr19_50202773,chr19,50202773,MYH14,50188186,50310542,TRUE,FALSE
chr19_50202860,chr19,50202860,MYH14,50188186,50310542,TRUE,FALSE
chr19_50202878,chr19,50202878,MYH14,50188186,50310542,TRUE,FALSE
chr19_50202926,chr19,50202926,MYH14,50188186,50310542,TRUE,FALSE
chr19_50203027,chr19,50203027,MYH14,50188186,50310542,TRUE,FALSE
chr19_50203062,chr19,50203062,MYH14,50188186,50310542,TRUE,FALSE
chr19_50203078,chr19,50203078,MYH14,50188186,50310542,TRUE,FALSE
chr19_50203088,chr19,50203088,MYH14,50188186,50310542,TRUE,FALSE
chr19_50203104,chr19,50203104,MYH14,50188186,50310542,TRUE,FALSE
chr19_50203119,chr19,50203119,MYH14,50188186,50310542,TRUE,FALSE
chr19_50203130,chr19,50203130,MYH14,50188186,50310542,TRUE,FALSE
chr19_50203145,chr19,50203145,MYH14,50188186,50310542,TRUE,FALSE
chr19_50203186,chr19,50203186,MYH14,50188186,50310542,TRUE,FALSE
chr19_50203190,chr19,50203190,MYH14,50188186,50310542,TRUE,FALSE
chr19_50204052,chr19,50204052,MYH14,50188186,50310542,TRUE,FALSE
chr19_50204072,chr19,50204072,MYH14,50188186,50310542,TRUE,FALSE
chr19_50204087,chr19,50204087,MYH14,50188186,50310542,TRUE,FALSE
chr19_50204134,chr19,50204134,MYH14,50188186,50310542,TRUE,FALSE
chr19_50204174,chr19,50204174,MYH14,50188186,50310542,TRUE,FALSE
chr19_50204184,chr19,50204184,MYH14,50188186,50310542,TRUE,FALSE
chr19_50204344,chr19,50204344,MYH14,50188186,50310542,TRUE,FALSE
chr19_50204400,chr19,50204400,MYH14,50188186,50310542,TRUE,FALSE
chr19_50204471,chr19,50204471,MYH14,50188186,50310542,TRUE,FALSE
chr19_50204504,chr19,50204504,MYH14,50188186,50310542,TRUE,FALSE
chr19_50204616,chr19,50204616,MYH14,50188186,50310542,TRUE,FALSE
chr19_50204787,chr19,50204787,MYH14,50188186,50310542,TRUE,FALSE
chr19_50204809,chr19,50204809,MYH14,50188186,50310542,TRUE,FALSE
chr19_50204849,chr19,50204849,MYH14,50188186,50310542,TRUE,FALSE
chr19_50204961,chr19,50204961,MYH14,50188186,50310542,TRUE,FALSE
chr19_50205009,chr19,50205009,MYH14,50188186,50310542,TRUE,FALSE
chr19_50205089,chr19,50205089,MYH14,50188186,50310542,TRUE,FALSE
chr19_50205154,chr19,50205154,MYH14,50188186,50310542,TRUE,FALSE
chr19_50205157,chr19,50205157,MYH14,50188186,50310542,TRUE,FALSE
chr19_50205178,chr19,50205178,MYH14,50188186,50310542,TRUE,FALSE
chr19_50205220,chr19,50205220,MYH14,50188186,50310542,TRUE,FALSE
chr19_50205234,chr19,50205234,MYH14,50188186,50310542,TRUE,FALSE
chr19_50205879,chr19,50205879,MYH14,50188186,50310542,TRUE,FALSE
chr19_50205899,chr19,50205899,MYH14,50188186,50310542,TRUE,FALSE
chr19_50205936,chr19,50205936,MYH14,50188186,50310542,TRUE,FALSE
chr19_50205976,chr19,50205976,MYH14,50188186,50310542,TRUE,FALSE
chr19_50206079,chr19,50206079,MYH14,50188186,50310542,TRUE,FALSE
chr19_50206113,chr19,50206113,MYH14,50188186,50310542,TRUE,FALSE
chr19_50206567,chr19,50206567,MYH14,50188186,50310542,TRUE,FALSE
chr19_50206756,chr19,50206756,MYH14,50188186,50310542,TRUE,FALSE
chr19_50206790,chr19,50206790,MYH14,50188186,50310542,TRUE,FALSE
chr19_50206801,chr19,50206801,MYH14,50188186,50310542,TRUE,FALSE
chr19_50206823,chr19,50206823,MYH14,50188186,50310542,TRUE,FALSE
chr19_50206935,chr19,50206935,MYH14,50188186,50310542,TRUE,FALSE
chr19_50206939,chr19,50206939,MYH14,50188186,50310542,TRUE,FALSE
chr19_50207095,chr19,50207095,MYH14,50188186,50310542,TRUE,FALSE
chr19_50207216,chr19,50207216,MYH14,50188186,50310542,TRUE,FALSE
chr19_50207348,chr19,50207348,MYH14,50188186,50310542,TRUE,FALSE
chr19_50207392,chr19,50207392,MYH14,50188186,50310542,TRUE,FALSE
chr19_50207394,chr19,50207394,MYH14,50188186,50310542,TRUE,FALSE
chr19_50207423,chr19,50207423,MYH14,50188186,50310542,TRUE,FALSE
chr19_50207570,chr19,50207570,MYH14,50188186,50310542,TRUE,FALSE
chr19_50207575,chr19,50207575,MYH14,50188186,50310542,TRUE,FALSE
chr19_50207583,chr19,50207583,MYH14,50188186,50310542,TRUE,FALSE
chr19_50207694,chr19,50207694,MYH14,50188186,50310542,TRUE,FALSE
chr19_50207722,chr19,50207722,MYH14,50188186,50310542,TRUE,FALSE
chr19_50207855,chr19,50207855,MYH14,50188186,50310542,TRUE,FALSE
chr19_50208688,chr19,50208688,MYH14,50188186,50310542,TRUE,FALSE
chr19_50208881,chr19,50208881,MYH14,50188186,50310542,TRUE,FALSE
chr19_50208933,chr19,50208933,MYH14,50188186,50310542,TRUE,FALSE
chr19_50209106,chr19,50209106,MYH14,50188186,50310542,TRUE,FALSE
chr19_50209139,chr19,50209139,MYH14,50188186,50310542,TRUE,FALSE
chr19_50209241,chr19,50209241,MYH14,50188186,50310542,TRUE,FALSE
chr19_50209282,chr19,50209282,MYH14,50188186,50310542,TRUE,FALSE
chr19_50209510,chr19,50209510,MYH14,50188186,50310542,TRUE,FALSE
chr19_50209555,chr19,50209555,MYH14,50188186,50310542,TRUE,FALSE
chr19_50209580,chr19,50209580,MYH14,50188186,50310542,TRUE,FALSE
chr19_50209608,chr19,50209608,MYH14,50188186,50310542,TRUE,FALSE
chr19_50209640,chr19,50209640,MYH14,50188186,50310542,TRUE,FALSE
chr19_50209656,chr19,50209656,MYH14,50188186,50310542,TRUE,FALSE
chr19_50209715,chr19,50209715,MYH14,50188186,50310542,TRUE,FALSE
chr19_50209732,chr19,50209732,MYH14,50188186,50310542,TRUE,FALSE
chr19_50209738,chr19,50209738,MYH14,50188186,50310542,TRUE,FALSE
chr19_50209762,chr19,50209762,MYH14,50188186,50310542,TRUE,FALSE
chr19_50209813,chr19,50209813,MYH14,50188186,50310542,TRUE,FALSE
chr19_50209819,chr19,50209819,MYH14,50188186,50310542,TRUE,FALSE
chr19_50209863,chr19,50209863,MYH14,50188186,50310542,TRUE,FALSE
chr19_50209895,chr19,50209895,MYH14,50188186,50310542,TRUE,FALSE
chr19_50209958,chr19,50209958,MYH14,50188186,50310542,TRUE,FALSE
chr19_50209970,chr19,50209970,MYH14,50188186,50310542,TRUE,FALSE
chr19_50210030,chr19,50210030,MYH14,50188186,50310542,TRUE,FALSE
chr19_50210054,chr19,50210054,MYH14,50188186,50310542,TRUE,FALSE
chr19_50210083,chr19,50210083,MYH14,50188186,50310542,TRUE,FALSE
chr19_50210091,chr19,50210091,MYH14,50188186,50310542,TRUE,FALSE
chr19_50210313,chr19,50210313,MYH14,50188186,50310542,TRUE,FALSE
chr19_50210320,chr19,50210320,MYH14,50188186,50310542,TRUE,FALSE
chr19_50210698,chr19,50210698,MYH14,50188186,50310542,TRUE,FALSE
chr19_50210716,chr19,50210716,MYH14,50188186,50310542,TRUE,FALSE
chr19_50210724,chr19,50210724,MYH14,50188186,50310542,TRUE,FALSE
chr19_50210741,chr19,50210741,MYH14,50188186,50310542,TRUE,FALSE
chr19_50210747,chr19,50210747,MYH14,50188186,50310542,TRUE,FALSE
chr19_50210758,chr19,50210758,MYH14,50188186,50310542,TRUE,FALSE
chr19_50210770,chr19,50210770,MYH14,50188186,50310542,TRUE,FALSE
chr19_50210794,chr19,50210794,MYH14,50188186,50310542,TRUE,FALSE
chr19_50210796,chr19,50210796,MYH14,50188186,50310542,TRUE,FALSE
chr19_50210800,chr19,50210800,MYH14,50188186,50310542,TRUE,FALSE
chr19_50210803,chr19,50210803,MYH14,50188186,50310542,TRUE,FALSE
chr19_50210815,chr19,50210815,MYH14,50188186,50310542,TRUE,FALSE
chr19_50210840,chr19,50210840,MYH14,50188186,50310542,TRUE,FALSE
chr19_50210890,chr19,50210890,MYH14,50188186,50310542,TRUE,FALSE
chr19_50210953,chr19,50210953,MYH14,50188186,50310542,TRUE,FALSE
chr19_50211022,chr19,50211022,MYH14,50188186,50310542,TRUE,FALSE
chr19_50211051,chr19,50211051,MYH14,50188186,50310542,TRUE,FALSE
chr19_50211065,chr19,50211065,MYH14,50188186,50310542,TRUE,FALSE
chr19_50211204,chr19,50211204,MYH14,50188186,50310542,TRUE,FALSE
chr19_50211258,chr19,50211258,MYH14,50188186,50310542,TRUE,FALSE
chr19_50211779,chr19,50211779,MYH14,50188186,50310542,TRUE,FALSE
chr19_50211944,chr19,50211944,MYH14,50188186,50310542,TRUE,FALSE
chr19_50211996,chr19,50211996,MYH14,50188186,50310542,TRUE,FALSE
chr19_50212063,chr19,50212063,MYH14,50188186,50310542,TRUE,FALSE
chr19_50212117,chr19,50212117,MYH14,50188186,50310542,TRUE,FALSE
chr19_50212195,chr19,50212195,MYH14,50188186,50310542,TRUE,FALSE
chr19_50212221,chr19,50212221,MYH14,50188186,50310542,TRUE,FALSE
chr19_50212407,chr19,50212407,MYH14,50188186,50310542,TRUE,FALSE
chr19_50212415,chr19,50212415,MYH14,50188186,50310542,TRUE,FALSE
chr19_50212446,chr19,50212446,MYH14,50188186,50310542,TRUE,FALSE
chr19_50212537,chr19,50212537,MYH14,50188186,50310542,TRUE,FALSE
chr19_50212650,chr19,50212650,MYH14,50188186,50310542,TRUE,FALSE
chr19_50213097,chr19,50213097,MYH14,50188186,50310542,TRUE,FALSE
chr19_50213168,chr19,50213168,MYH14,50188186,50310542,TRUE,FALSE
chr19_50213244,chr19,50213244,MYH14,50188186,50310542,TRUE,FALSE
chr19_50213316,chr19,50213316,MYH14,50188186,50310542,TRUE,FALSE
chr19_50214213,chr19,50214213,MYH14,50188186,50310542,TRUE,FALSE
chr19_50214507,chr19,50214507,MYH14,50188186,50310542,TRUE,FALSE
chr19_50214521,chr19,50214521,MYH14,50188186,50310542,TRUE,FALSE
chr19_50214579,chr19,50214579,MYH14,50188186,50310542,TRUE,FALSE
chr19_50214735,chr19,50214735,MYH14,50188186,50310542,TRUE,FALSE
chr19_50214759,chr19,50214759,MYH14,50188186,50310542,TRUE,FALSE
chr19_50214784,chr19,50214784,MYH14,50188186,50310542,TRUE,FALSE
chr19_50214790,chr19,50214790,MYH14,50188186,50310542,TRUE,FALSE
chr19_50214804,chr19,50214804,MYH14,50188186,50310542,TRUE,FALSE
chr19_50214866,chr19,50214866,MYH14,50188186,50310542,TRUE,FALSE
chr19_50214884,chr19,50214884,MYH14,50188186,50310542,TRUE,FALSE
chr19_50214889,chr19,50214889,MYH14,50188186,50310542,TRUE,FALSE
chr19_50215046,chr19,50215046,MYH14,50188186,50310542,TRUE,FALSE
chr19_50215541,chr19,50215541,MYH14,50188186,50310542,TRUE,FALSE
chr19_50215578,chr19,50215578,MYH14,50188186,50310542,TRUE,FALSE
chr19_50215945,chr19,50215945,MYH14,50188186,50310542,TRUE,FALSE
chr19_50215965,chr19,50215965,MYH14,50188186,50310542,TRUE,FALSE
chr19_50216196,chr19,50216196,MYH14,50188186,50310542,TRUE,FALSE
chr19_50216240,chr19,50216240,MYH14,50188186,50310542,TRUE,FALSE
chr19_50216330,chr19,50216330,MYH14,50188186,50310542,TRUE,FALSE
chr19_50216418,chr19,50216418,MYH14,50188186,50310542,TRUE,FALSE
chr19_50216431,chr19,50216431,MYH14,50188186,50310542,TRUE,FALSE
chr19_50216498,chr19,50216498,MYH14,50188186,50310542,TRUE,FALSE
chr19_50216679,chr19,50216679,MYH14,50188186,50310542,TRUE,FALSE
chr19_50216838,chr19,50216838,MYH14,50188186,50310542,TRUE,FALSE
chr19_50216868,chr19,50216868,MYH14,50188186,50310542,TRUE,FALSE
chr19_50217030,chr19,50217030,MYH14,50188186,50310542,TRUE,FALSE
chr19_50217044,chr19,50217044,MYH14,50188186,50310542,TRUE,FALSE
chr19_50217055,chr19,50217055,MYH14,50188186,50310542,TRUE,FALSE
chr19_50217060,chr19,50217060,MYH14,50188186,50310542,TRUE,FALSE
chr19_50217088,chr19,50217088,MYH14,50188186,50310542,TRUE,FALSE
chr19_50217098,chr19,50217098,MYH14,50188186,50310542,TRUE,FALSE
chr19_50217104,chr19,50217104,MYH14,50188186,50310542,TRUE,FALSE
chr19_50217149,chr19,50217149,MYH14,50188186,50310542,TRUE,FALSE
chr19_50217234,chr19,50217234,MYH14,50188186,50310542,TRUE,FALSE
chr19_50217255,chr19,50217255,MYH14,50188186,50310542,TRUE,FALSE
chr19_50217293,chr19,50217293,MYH14,50188186,50310542,TRUE,FALSE
chr19_50217559,chr19,50217559,MYH14,50188186,50310542,TRUE,FALSE
chr19_50217571,chr19,50217571,MYH14,50188186,50310542,TRUE,FALSE
chr19_50217616,chr19,50217616,MYH14,50188186,50310542,TRUE,FALSE
chr19_50217623,chr19,50217623,MYH14,50188186,50310542,TRUE,FALSE
chr19_50217649,chr19,50217649,MYH14,50188186,50310542,TRUE,FALSE
chr19_50217696,chr19,50217696,MYH14,50188186,50310542,TRUE,FALSE
chr19_50217708,chr19,50217708,MYH14,50188186,50310542,TRUE,FALSE
chr19_50217713,chr19,50217713,MYH14,50188186,50310542,TRUE,FALSE
chr19_50217728,chr19,50217728,MYH14,50188186,50310542,TRUE,FALSE
chr19_50217734,chr19,50217734,MYH14,50188186,50310542,TRUE,FALSE
chr19_50217743,chr19,50217743,MYH14,50188186,50310542,TRUE,FALSE
chr19_50217756,chr19,50217756,MYH14,50188186,50310542,TRUE,FALSE
chr19_50217800,chr19,50217800,MYH14,50188186,50310542,TRUE,FALSE
chr19_50217805,chr19,50217805,MYH14,50188186,50310542,TRUE,FALSE
chr19_50217816,chr19,50217816,MYH14,50188186,50310542,TRUE,FALSE
chr19_50217838,chr19,50217838,MYH14,50188186,50310542,TRUE,FALSE
chr19_50218032,chr19,50218032,MYH14,50188186,50310542,TRUE,FALSE
chr19_50218099,chr19,50218099,MYH14,50188186,50310542,TRUE,FALSE
chr19_50218106,chr19,50218106,MYH14,50188186,50310542,TRUE,FALSE
chr19_50218153,chr19,50218153,MYH14,50188186,50310542,TRUE,FALSE
chr19_50218322,chr19,50218322,MYH14,50188186,50310542,TRUE,FALSE
chr19_50218324,chr19,50218324,MYH14,50188186,50310542,TRUE,FALSE
chr19_50218334,chr19,50218334,MYH14,50188186,50310542,TRUE,FALSE
chr19_50218371,chr19,50218371,MYH14,50188186,50310542,TRUE,FALSE
chr19_50218466,chr19,50218466,MYH14,50188186,50310542,TRUE,FALSE
chr19_50218490,chr19,50218490,MYH14,50188186,50310542,TRUE,FALSE
chr19_50218514,chr19,50218514,MYH14,50188186,50310542,TRUE,FALSE
chr19_50218522,chr19,50218522,MYH14,50188186,50310542,TRUE,FALSE
chr19_50218529,chr19,50218529,MYH14,50188186,50310542,TRUE,FALSE
chr19_50218546,chr19,50218546,MYH14,50188186,50310542,TRUE,FALSE
chr19_50218552,chr19,50218552,MYH14,50188186,50310542,TRUE,FALSE
chr19_50218554,chr19,50218554,MYH14,50188186,50310542,TRUE,FALSE
chr19_50218647,chr19,50218647,MYH14,50188186,50310542,TRUE,FALSE
chr19_50218681,chr19,50218681,MYH14,50188186,50310542,TRUE,FALSE
chr19_50218855,chr19,50218855,MYH14,50188186,50310542,TRUE,FALSE
chr19_50218876,chr19,50218876,MYH14,50188186,50310542,TRUE,FALSE
chr19_50219179,chr19,50219179,MYH14,50188186,50310542,TRUE,FALSE
chr19_50219410,chr19,50219410,MYH14,50188186,50310542,TRUE,FALSE
chr19_50219515,chr19,50219515,MYH14,50188186,50310542,TRUE,FALSE
chr19_50219546,chr19,50219546,MYH14,50188186,50310542,TRUE,FALSE
chr19_50219605,chr19,50219605,MYH14,50188186,50310542,TRUE,FALSE
chr19_50219636,chr19,50219636,MYH14,50188186,50310542,TRUE,FALSE
chr19_50219928,chr19,50219928,MYH14,50188186,50310542,TRUE,FALSE
chr19_50220108,chr19,50220108,MYH14,50188186,50310542,TRUE,FALSE
chr19_50220120,chr19,50220120,MYH14,50188186,50310542,TRUE,FALSE
chr19_50220130,chr19,50220130,MYH14,50188186,50310542,TRUE,FALSE
chr19_50220136,chr19,50220136,MYH14,50188186,50310542,TRUE,FALSE
chr19_50220140,chr19,50220140,MYH14,50188186,50310542,TRUE,FALSE
chr19_50220149,chr19,50220149,MYH14,50188186,50310542,TRUE,FALSE
chr19_50220154,chr19,50220154,MYH14,50188186,50310542,TRUE,FALSE
chr19_50220629,chr19,50220629,MYH14,50188186,50310542,TRUE,FALSE
chr19_50220645,chr19,50220645,MYH14,50188186,50310542,TRUE,FALSE
chr19_50220677,chr19,50220677,MYH14,50188186,50310542,TRUE,FALSE
chr19_50220761,chr19,50220761,MYH14,50188186,50310542,TRUE,FALSE
chr19_50220772,chr19,50220772,MYH14,50188186,50310542,TRUE,FALSE
chr19_50220795,chr19,50220795,MYH14,50188186,50310542,TRUE,FALSE
chr19_50220848,chr19,50220848,MYH14,50188186,50310542,TRUE,FALSE
chr19_50220986,chr19,50220986,MYH14,50188186,50310542,TRUE,FALSE
chr19_50221101,chr19,50221101,MYH14,50188186,50310542,TRUE,FALSE
chr19_50221123,chr19,50221123,MYH14,50188186,50310542,TRUE,FALSE
chr19_50221167,chr19,50221167,MYH14,50188186,50310542,TRUE,FALSE
chr19_50221323,chr19,50221323,MYH14,50188186,50310542,TRUE,FALSE
chr19_50221327,chr19,50221327,MYH14,50188186,50310542,TRUE,FALSE
chr19_50221388,chr19,50221388,MYH14,50188186,50310542,TRUE,FALSE
chr19_50221498,chr19,50221498,MYH14,50188186,50310542,TRUE,FALSE
chr19_50221539,chr19,50221539,MYH14,50188186,50310542,TRUE,FALSE
chr19_50221562,chr19,50221562,MYH14,50188186,50310542,TRUE,FALSE
chr19_50221569,chr19,50221569,MYH14,50188186,50310542,TRUE,FALSE
chr19_50221625,chr19,50221625,MYH14,50188186,50310542,TRUE,FALSE
chr19_50221710,chr19,50221710,MYH14,50188186,50310542,TRUE,FALSE
chr19_50221728,chr19,50221728,MYH14,50188186,50310542,TRUE,FALSE
chr19_50221781,chr19,50221781,MYH14,50188186,50310542,TRUE,FALSE
chr19_50221808,chr19,50221808,MYH14,50188186,50310542,TRUE,FALSE
chr19_50222021,chr19,50222021,MYH14,50188186,50310542,TRUE,FALSE
chr19_50222065,chr19,50222065,MYH14,50188186,50310542,TRUE,FALSE
chr19_50222154,chr19,50222154,MYH14,50188186,50310542,TRUE,FALSE
chr19_50222179,chr19,50222179,MYH14,50188186,50310542,TRUE,FALSE
chr19_50222198,chr19,50222198,MYH14,50188186,50310542,TRUE,FALSE
chr19_50222202,chr19,50222202,MYH14,50188186,50310542,TRUE,FALSE
chr19_50222246,chr19,50222246,MYH14,50188186,50310542,TRUE,FALSE
chr19_50222262,chr19,50222262,MYH14,50188186,50310542,TRUE,FALSE
chr19_50222276,chr19,50222276,MYH14,50188186,50310542,TRUE,FALSE
chr19_50222340,chr19,50222340,MYH14,50188186,50310542,TRUE,FALSE
chr19_50222352,chr19,50222352,MYH14,50188186,50310542,TRUE,FALSE
chr19_50222396,chr19,50222396,MYH14,50188186,50310542,TRUE,FALSE
chr19_50222404,chr19,50222404,MYH14,50188186,50310542,TRUE,FALSE
chr19_50222428,chr19,50222428,MYH14,50188186,50310542,TRUE,FALSE
chr19_50222436,chr19,50222436,MYH14,50188186,50310542,TRUE,FALSE
chr19_50222458,chr19,50222458,MYH14,50188186,50310542,TRUE,FALSE
chr19_50222474,chr19,50222474,MYH14,50188186,50310542,TRUE,FALSE
chr19_50222551,chr19,50222551,MYH14,50188186,50310542,TRUE,FALSE
chr19_50222646,chr19,50222646,MYH14,50188186,50310542,TRUE,FALSE
chr19_50222703,chr19,50222703,MYH14,50188186,50310542,TRUE,FALSE
chr19_50222735,chr19,50222735,MYH14,50188186,50310542,TRUE,FALSE
chr19_50222792,chr19,50222792,MYH14,50188186,50310542,TRUE,FALSE
chr19_50222801,chr19,50222801,MYH14,50188186,50310542,TRUE,FALSE
chr19_50222851,chr19,50222851,MYH14,50188186,50310542,TRUE,FALSE
chr19_50223007,chr19,50223007,MYH14,50188186,50310542,TRUE,FALSE
chr19_50223085,chr19,50223085,MYH14,50188186,50310542,TRUE,FALSE
chr19_50223110,chr19,50223110,MYH14,50188186,50310542,TRUE,FALSE
chr19_50223270,chr19,50223270,MYH14,50188186,50310542,TRUE,FALSE
chr19_50223301,chr19,50223301,MYH14,50188186,50310542,TRUE,FALSE
chr19_50223307,chr19,50223307,MYH14,50188186,50310542,TRUE,FALSE
chr19_50223312,chr19,50223312,MYH14,50188186,50310542,TRUE,FALSE
chr19_50223315,chr19,50223315,MYH14,50188186,50310542,TRUE,FALSE
chr19_50223339,chr19,50223339,MYH14,50188186,50310542,TRUE,FALSE
chr19_50223349,chr19,50223349,MYH14,50188186,50310542,TRUE,FALSE
chr19_50223361,chr19,50223361,MYH14,50188186,50310542,TRUE,FALSE
chr19_50223377,chr19,50223377,MYH14,50188186,50310542,TRUE,FALSE
chr19_50223562,chr19,50223562,MYH14,50188186,50310542,TRUE,FALSE
chr19_50223654,chr19,50223654,MYH14,50188186,50310542,TRUE,FALSE
chr19_50223725,chr19,50223725,MYH14,50188186,50310542,TRUE,FALSE
chr19_50223760,chr19,50223760,MYH14,50188186,50310542,TRUE,FALSE
chr19_50223807,chr19,50223807,MYH14,50188186,50310542,TRUE,FALSE
chr19_50223829,chr19,50223829,MYH14,50188186,50310542,TRUE,FALSE
chr19_50223873,chr19,50223873,MYH14,50188186,50310542,TRUE,FALSE
chr19_50223887,chr19,50223887,MYH14,50188186,50310542,TRUE,FALSE
chr19_50223939,chr19,50223939,MYH14,50188186,50310542,TRUE,FALSE
chr19_50224027,chr19,50224027,MYH14,50188186,50310542,TRUE,FALSE
chr19_50224102,chr19,50224102,MYH14,50188186,50310542,TRUE,FALSE
chr19_50224126,chr19,50224126,MYH14,50188186,50310542,TRUE,FALSE
chr19_50224133,chr19,50224133,MYH14,50188186,50310542,TRUE,FALSE
chr19_50224140,chr19,50224140,MYH14,50188186,50310542,TRUE,FALSE
chr19_50224159,chr19,50224159,MYH14,50188186,50310542,TRUE,FALSE
chr19_50224168,chr19,50224168,MYH14,50188186,50310542,TRUE,FALSE
chr19_50224199,chr19,50224199,MYH14,50188186,50310542,TRUE,FALSE
chr19_50224226,chr19,50224226,MYH14,50188186,50310542,TRUE,FALSE
chr19_50224323,chr19,50224323,MYH14,50188186,50310542,TRUE,FALSE
chr19_50224445,chr19,50224445,MYH14,50188186,50310542,TRUE,FALSE
chr19_50224487,chr19,50224487,MYH14,50188186,50310542,TRUE,FALSE
chr19_50225278,chr19,50225278,MYH14,50188186,50310542,TRUE,FALSE
chr19_50225437,chr19,50225437,MYH14,50188186,50310542,TRUE,FALSE
chr19_50225458,chr19,50225458,MYH14,50188186,50310542,TRUE,FALSE
chr19_50225516,chr19,50225516,MYH14,50188186,50310542,TRUE,FALSE
chr19_50225579,chr19,50225579,MYH14,50188186,50310542,TRUE,FALSE
chr19_50225597,chr19,50225597,MYH14,50188186,50310542,TRUE,FALSE
chr19_50225672,chr19,50225672,MYH14,50188186,50310542,TRUE,FALSE
chr19_50225677,chr19,50225677,MYH14,50188186,50310542,TRUE,FALSE
chr19_50226846,chr19,50226846,MYH14,50188186,50310542,TRUE,FALSE
chr19_50227287,chr19,50227287,MYH14,50188186,50310542,TRUE,FALSE
chr19_50227363,chr19,50227363,MYH14,50188186,50310542,TRUE,FALSE
chr19_50227388,chr19,50227388,MYH14,50188186,50310542,TRUE,FALSE
chr19_50228234,chr19,50228234,MYH14,50188186,50310542,TRUE,FALSE
chr19_50228242,chr19,50228242,MYH14,50188186,50310542,TRUE,FALSE
chr19_50228272,chr19,50228272,MYH14,50188186,50310542,TRUE,FALSE
chr19_50228427,chr19,50228427,MYH14,50188186,50310542,TRUE,FALSE
chr19_50228491,chr19,50228491,MYH14,50188186,50310542,TRUE,FALSE
chr19_50228496,chr19,50228496,MYH14,50188186,50310542,TRUE,FALSE
chr19_50228562,chr19,50228562,MYH14,50188186,50310542,TRUE,FALSE
chr19_50228580,chr19,50228580,MYH14,50188186,50310542,TRUE,FALSE
chr19_50228743,chr19,50228743,MYH14,50188186,50310542,TRUE,FALSE
chr19_50228773,chr19,50228773,MYH14,50188186,50310542,TRUE,FALSE
chr19_50228865,chr19,50228865,MYH14,50188186,50310542,TRUE,FALSE
chr19_50228880,chr19,50228880,MYH14,50188186,50310542,TRUE,FALSE
chr19_50228904,chr19,50228904,MYH14,50188186,50310542,TRUE,FALSE
chr19_50228939,chr19,50228939,MYH14,50188186,50310542,TRUE,FALSE
chr19_50228960,chr19,50228960,MYH14,50188186,50310542,TRUE,FALSE
chr19_50228998,chr19,50228998,MYH14,50188186,50310542,TRUE,FALSE
chr19_50229006,chr19,50229006,MYH14,50188186,50310542,TRUE,FALSE
chr19_50229050,chr19,50229050,MYH14,50188186,50310542,TRUE,FALSE
chr19_50229074,chr19,50229074,MYH14,50188186,50310542,TRUE,FALSE
chr19_50229094,chr19,50229094,MYH14,50188186,50310542,TRUE,FALSE
chr19_50229124,chr19,50229124,MYH14,50188186,50310542,TRUE,FALSE
chr19_50229134,chr19,50229134,MYH14,50188186,50310542,TRUE,FALSE
chr19_50229373,chr19,50229373,MYH14,50188186,50310542,TRUE,FALSE
chr19_50229445,chr19,50229445,MYH14,50188186,50310542,TRUE,FALSE
chr19_50229571,chr19,50229571,MYH14,50188186,50310542,TRUE,FALSE
chr19_50229707,chr19,50229707,MYH14,50188186,50310542,TRUE,FALSE
chr19_50229827,chr19,50229827,MYH14,50188186,50310542,TRUE,FALSE
chr19_50229907,chr19,50229907,MYH14,50188186,50310542,TRUE,FALSE
chr19_50229953,chr19,50229953,MYH14,50188186,50310542,TRUE,FALSE
chr19_50229975,chr19,50229975,MYH14,50188186,50310542,TRUE,FALSE
chr19_50229983,chr19,50229983,MYH14,50188186,50310542,TRUE,FALSE
chr19_50230007,chr19,50230007,MYH14,50188186,50310542,TRUE,FALSE
chr19_50230017,chr19,50230017,MYH14,50188186,50310542,TRUE,FALSE
chr19_50230063,chr19,50230063,MYH14,50188186,50310542,TRUE,FALSE
chr19_50230065,chr19,50230065,MYH14,50188186,50310542,TRUE,FALSE
chr19_50230155,chr19,50230155,MYH14,50188186,50310542,TRUE,FALSE
chr19_50230192,chr19,50230192,MYH14,50188186,50310542,TRUE,FALSE
chr19_50230204,chr19,50230204,MYH14,50188186,50310542,TRUE,FALSE
chr19_50230361,chr19,50230361,MYH14,50188186,50310542,TRUE,FALSE
chr19_50230408,chr19,50230408,MYH14,50188186,50310542,TRUE,FALSE
chr19_50230442,chr19,50230442,MYH14,50188186,50310542,TRUE,FALSE
chr19_50230477,chr19,50230477,MYH14,50188186,50310542,TRUE,FALSE
chr19_50230480,chr19,50230480,MYH14,50188186,50310542,TRUE,FALSE
chr19_50230486,chr19,50230486,MYH14,50188186,50310542,TRUE,TRUE
chr19_50230513,chr19,50230513,MYH14,50188186,50310542,TRUE,FALSE
chr19_50230565,chr19,50230565,MYH14,50188186,50310542,TRUE,FALSE
chr19_50230632,chr19,50230632,MYH14,50188186,50310542,TRUE,TRUE
chr19_50230637,chr19,50230637,MYH14,50188186,50310542,TRUE,FALSE
chr19_50230655,chr19,50230655,MYH14,50188186,50310542,TRUE,FALSE
chr19_50230728,chr19,50230728,MYH14,50188186,50310542,TRUE,FALSE
chr19_50230738,chr19,50230738,MYH14,50188186,50310542,TRUE,FALSE
chr19_50230744,chr19,50230744,MYH14,50188186,50310542,TRUE,FALSE
chr19_50230757,chr19,50230757,MYH14,50188186,50310542,TRUE,FALSE
chr19_50230772,chr19,50230772,MYH14,50188186,50310542,TRUE,FALSE
chr19_50230777,chr19,50230777,MYH14,50188186,50310542,TRUE,FALSE
chr19_50230785,chr19,50230785,MYH14,50188186,50310542,TRUE,FALSE
chr19_50230792,chr19,50230792,MYH14,50188186,50310542,TRUE,FALSE
chr19_50230796,chr19,50230796,MYH14,50188186,50310542,TRUE,FALSE
chr19_50230811,chr19,50230811,MYH14,50188186,50310542,TRUE,FALSE
chr19_50230833,chr19,50230833,MYH14,50188186,50310542,TRUE,FALSE
chr19_50230844,chr19,50230844,MYH14,50188186,50310542,TRUE,FALSE
chr19_50230846,chr19,50230846,MYH14,50188186,50310542,TRUE,FALSE
chr19_50230850,chr19,50230850,MYH14,50188186,50310542,TRUE,FALSE
chr19_50230858,chr19,50230858,MYH14,50188186,50310542,TRUE,FALSE
chr19_50230873,chr19,50230873,MYH14,50188186,50310542,TRUE,FALSE
chr19_50230876,chr19,50230876,MYH14,50188186,50310542,TRUE,FALSE
chr19_50230896,chr19,50230896,MYH14,50188186,50310542,TRUE,FALSE
chr19_50230900,chr19,50230900,MYH14,50188186,50310542,TRUE,FALSE
chr19_50230906,chr19,50230906,MYH14,50188186,50310542,TRUE,FALSE
chr19_50230914,chr19,50230914,MYH14,50188186,50310542,TRUE,FALSE
chr19_50230928,chr19,50230928,MYH14,50188186,50310542,TRUE,FALSE
chr19_50230930,chr19,50230930,MYH14,50188186,50310542,TRUE,FALSE
chr19_50230932,chr19,50230932,MYH14,50188186,50310542,TRUE,FALSE
chr19_50230948,chr19,50230948,MYH14,50188186,50310542,TRUE,FALSE
chr19_50230951,chr19,50230951,MYH14,50188186,50310542,TRUE,FALSE
chr19_50230961,chr19,50230961,MYH14,50188186,50310542,TRUE,FALSE
chr19_50231402,chr19,50231402,MYH14,50188186,50310542,TRUE,FALSE
chr19_50231433,chr19,50231433,MYH14,50188186,50310542,TRUE,FALSE
chr19_50231782,chr19,50231782,MYH14,50188186,50310542,TRUE,FALSE
chr19_50231861,chr19,50231861,MYH14,50188186,50310542,TRUE,FALSE
chr19_50231931,chr19,50231931,MYH14,50188186,50310542,TRUE,FALSE
chr19_50231943,chr19,50231943,MYH14,50188186,50310542,TRUE,FALSE
chr19_50231962,chr19,50231962,MYH14,50188186,50310542,TRUE,FALSE
chr19_50231976,chr19,50231976,MYH14,50188186,50310542,TRUE,FALSE
chr19_50231981,chr19,50231981,MYH14,50188186,50310542,TRUE,FALSE
chr19_50231994,chr19,50231994,MYH14,50188186,50310542,TRUE,FALSE
chr19_50232004,chr19,50232004,MYH14,50188186,50310542,TRUE,FALSE
chr19_50232023,chr19,50232023,MYH14,50188186,50310542,TRUE,FALSE
chr19_50232113,chr19,50232113,MYH14,50188186,50310542,TRUE,FALSE
chr19_50232144,chr19,50232144,MYH14,50188186,50310542,TRUE,FALSE
chr19_50232192,chr19,50232192,MYH14,50188186,50310542,TRUE,FALSE
chr19_50232317,chr19,50232317,MYH14,50188186,50310542,TRUE,FALSE
chr19_50232420,chr19,50232420,MYH14,50188186,50310542,TRUE,FALSE
chr19_50232454,chr19,50232454,MYH14,50188186,50310542,TRUE,FALSE
chr19_50232525,chr19,50232525,MYH14,50188186,50310542,TRUE,FALSE
chr19_50232548,chr19,50232548,MYH14,50188186,50310542,TRUE,FALSE
chr19_50232880,chr19,50232880,MYH14,50188186,50310542,TRUE,FALSE
chr19_50232991,chr19,50232991,MYH14,50188186,50310542,TRUE,FALSE
chr19_50233066,chr19,50233066,MYH14,50188186,50310542,TRUE,FALSE
chr19_50233101,chr19,50233101,MYH14,50188186,50310542,TRUE,FALSE
chr19_50233103,chr19,50233103,MYH14,50188186,50310542,TRUE,FALSE
chr19_50233145,chr19,50233145,MYH14,50188186,50310542,TRUE,FALSE
chr19_50233294,chr19,50233294,MYH14,50188186,50310542,TRUE,FALSE
chr19_50233314,chr19,50233314,MYH14,50188186,50310542,TRUE,FALSE
chr19_50233326,chr19,50233326,MYH14,50188186,50310542,TRUE,FALSE
chr19_50233389,chr19,50233389,MYH14,50188186,50310542,TRUE,FALSE
chr19_50233421,chr19,50233421,MYH14,50188186,50310542,TRUE,FALSE
chr19_50233449,chr19,50233449,MYH14,50188186,50310542,TRUE,FALSE
chr19_50233456,chr19,50233456,MYH14,50188186,50310542,TRUE,FALSE
chr19_50233461,chr19,50233461,MYH14,50188186,50310542,TRUE,FALSE
chr19_50233884,chr19,50233884,MYH14,50188186,50310542,TRUE,FALSE
chr19_50233908,chr19,50233908,MYH14,50188186,50310542,TRUE,FALSE
chr19_50233918,chr19,50233918,MYH14,50188186,50310542,TRUE,FALSE
chr19_50233960,chr19,50233960,MYH14,50188186,50310542,TRUE,FALSE
chr19_50233978,chr19,50233978,MYH14,50188186,50310542,TRUE,FALSE
chr19_50234039,chr19,50234039,MYH14,50188186,50310542,TRUE,FALSE
chr19_50234066,chr19,50234066,MYH14,50188186,50310542,TRUE,FALSE
chr19_50234072,chr19,50234072,MYH14,50188186,50310542,TRUE,FALSE
chr19_50234109,chr19,50234109,MYH14,50188186,50310542,TRUE,FALSE
chr19_50234154,chr19,50234154,MYH14,50188186,50310542,TRUE,FALSE
chr19_50234163,chr19,50234163,MYH14,50188186,50310542,TRUE,FALSE
chr19_50234262,chr19,50234262,MYH14,50188186,50310542,TRUE,FALSE
chr19_50234273,chr19,50234273,MYH14,50188186,50310542,TRUE,FALSE
chr19_50234287,chr19,50234287,MYH14,50188186,50310542,TRUE,FALSE
chr19_50234304,chr19,50234304,MYH14,50188186,50310542,TRUE,FALSE
chr19_50234323,chr19,50234323,MYH14,50188186,50310542,TRUE,FALSE
chr19_50234394,chr19,50234394,MYH14,50188186,50310542,TRUE,FALSE
chr19_50234427,chr19,50234427,MYH14,50188186,50310542,TRUE,FALSE
chr19_50234467,chr19,50234467,MYH14,50188186,50310542,TRUE,FALSE
chr19_50234492,chr19,50234492,MYH14,50188186,50310542,TRUE,FALSE
chr19_50234526,chr19,50234526,MYH14,50188186,50310542,TRUE,FALSE
chr19_50234580,chr19,50234580,MYH14,50188186,50310542,TRUE,FALSE
chr19_50234583,chr19,50234583,MYH14,50188186,50310542,TRUE,FALSE
chr19_50234629,chr19,50234629,MYH14,50188186,50310542,TRUE,FALSE
chr19_50235089,chr19,50235089,MYH14,50188186,50310542,TRUE,FALSE
chr19_50235137,chr19,50235137,MYH14,50188186,50310542,TRUE,FALSE
chr19_50235155,chr19,50235155,MYH14,50188186,50310542,TRUE,FALSE
chr19_50235186,chr19,50235186,MYH14,50188186,50310542,TRUE,FALSE
chr19_50235230,chr19,50235230,MYH14,50188186,50310542,TRUE,FALSE
chr19_50235342,chr19,50235342,MYH14,50188186,50310542,TRUE,FALSE
chr19_50235545,chr19,50235545,MYH14,50188186,50310542,TRUE,FALSE
chr19_50235937,chr19,50235937,MYH14,50188186,50310542,TRUE,FALSE
chr19_50236057,chr19,50236057,MYH14,50188186,50310542,TRUE,FALSE
chr19_50236069,chr19,50236069,MYH14,50188186,50310542,TRUE,FALSE
chr19_50236193,chr19,50236193,MYH14,50188186,50310542,TRUE,FALSE
chr19_50236205,chr19,50236205,MYH14,50188186,50310542,TRUE,FALSE
chr19_50236257,chr19,50236257,MYH14,50188186,50310542,TRUE,FALSE
chr19_50236281,chr19,50236281,MYH14,50188186,50310542,TRUE,FALSE
chr19_50236311,chr19,50236311,MYH14,50188186,50310542,TRUE,FALSE
chr19_50236350,chr19,50236350,MYH14,50188186,50310542,TRUE,FALSE
chr19_50236419,chr19,50236419,MYH14,50188186,50310542,TRUE,FALSE
chr19_50236435,chr19,50236435,MYH14,50188186,50310542,TRUE,FALSE
chr19_50236437,chr19,50236437,MYH14,50188186,50310542,TRUE,FALSE
chr19_50236475,chr19,50236475,MYH14,50188186,50310542,TRUE,FALSE
chr19_50236484,chr19,50236484,MYH14,50188186,50310542,TRUE,FALSE
chr19_50236568,chr19,50236568,MYH14,50188186,50310542,TRUE,FALSE
chr19_50236600,chr19,50236600,MYH14,50188186,50310542,TRUE,FALSE
chr19_50236632,chr19,50236632,MYH14,50188186,50310542,TRUE,FALSE
chr19_50236639,chr19,50236639,MYH14,50188186,50310542,TRUE,FALSE
chr19_50236769,chr19,50236769,MYH14,50188186,50310542,TRUE,FALSE
chr19_50236788,chr19,50236788,MYH14,50188186,50310542,TRUE,FALSE
chr19_50236812,chr19,50236812,MYH14,50188186,50310542,TRUE,FALSE
chr19_50236928,chr19,50236928,MYH14,50188186,50310542,TRUE,FALSE
chr19_50236992,chr19,50236992,MYH14,50188186,50310542,TRUE,FALSE
chr19_50237044,chr19,50237044,MYH14,50188186,50310542,TRUE,FALSE
chr19_50237269,chr19,50237269,MYH14,50188186,50310542,TRUE,FALSE
chr19_50237388,chr19,50237388,MYH14,50188186,50310542,TRUE,FALSE
chr19_50237394,chr19,50237394,MYH14,50188186,50310542,TRUE,FALSE
chr19_50237418,chr19,50237418,MYH14,50188186,50310542,TRUE,FALSE
chr19_50237486,chr19,50237486,MYH14,50188186,50310542,TRUE,FALSE
chr19_50237527,chr19,50237527,MYH14,50188186,50310542,TRUE,FALSE
chr19_50237547,chr19,50237547,MYH14,50188186,50310542,TRUE,FALSE
chr19_50237580,chr19,50237580,MYH14,50188186,50310542,TRUE,FALSE
chr19_50237607,chr19,50237607,MYH14,50188186,50310542,TRUE,FALSE
chr19_50237617,chr19,50237617,MYH14,50188186,50310542,TRUE,FALSE
chr19_50237623,chr19,50237623,MYH14,50188186,50310542,TRUE,FALSE
chr19_50237661,chr19,50237661,MYH14,50188186,50310542,TRUE,FALSE
chr19_50237664,chr19,50237664,MYH14,50188186,50310542,TRUE,FALSE
chr19_50237744,chr19,50237744,MYH14,50188186,50310542,TRUE,FALSE
chr19_50237950,chr19,50237950,MYH14,50188186,50310542,TRUE,FALSE
chr19_50238185,chr19,50238185,MYH14,50188186,50310542,TRUE,FALSE
chr19_50238265,chr19,50238265,MYH14,50188186,50310542,TRUE,FALSE
chr19_50238350,chr19,50238350,MYH14,50188186,50310542,TRUE,FALSE
chr19_50238477,chr19,50238477,MYH14,50188186,50310542,TRUE,FALSE
chr19_50238506,chr19,50238506,MYH14,50188186,50310542,TRUE,FALSE
chr19_50238576,chr19,50238576,MYH14,50188186,50310542,TRUE,FALSE
chr19_50238596,chr19,50238596,MYH14,50188186,50310542,TRUE,FALSE
chr19_50238600,chr19,50238600,MYH14,50188186,50310542,TRUE,FALSE
chr19_50238671,chr19,50238671,MYH14,50188186,50310542,TRUE,FALSE
chr19_50238898,chr19,50238898,MYH14,50188186,50310542,TRUE,FALSE
chr19_50238945,chr19,50238945,MYH14,50188186,50310542,TRUE,FALSE
chr19_50239035,chr19,50239035,MYH14,50188186,50310542,TRUE,FALSE
chr19_50239171,chr19,50239171,MYH14,50188186,50310542,TRUE,FALSE
chr19_50239207,chr19,50239207,MYH14,50188186,50310542,TRUE,FALSE
chr19_50239238,chr19,50239238,MYH14,50188186,50310542,TRUE,FALSE
chr19_50239261,chr19,50239261,MYH14,50188186,50310542,TRUE,FALSE
chr19_50239270,chr19,50239270,MYH14,50188186,50310542,TRUE,FALSE
chr19_50239278,chr19,50239278,MYH14,50188186,50310542,TRUE,FALSE
chr19_50239298,chr19,50239298,MYH14,50188186,50310542,TRUE,FALSE
chr19_50239308,chr19,50239308,MYH14,50188186,50310542,TRUE,FALSE
chr19_50239495,chr19,50239495,MYH14,50188186,50310542,TRUE,FALSE
chr19_50239612,chr19,50239612,MYH14,50188186,50310542,TRUE,FALSE
chr19_50239706,chr19,50239706,MYH14,50188186,50310542,TRUE,FALSE
chr19_50239770,chr19,50239770,MYH14,50188186,50310542,TRUE,FALSE
chr19_50239784,chr19,50239784,MYH14,50188186,50310542,TRUE,FALSE
chr19_50239828,chr19,50239828,MYH14,50188186,50310542,TRUE,FALSE
chr19_50242144,chr19,50242144,MYH14,50188186,50310542,TRUE,FALSE
chr19_50242158,chr19,50242158,MYH14,50188186,50310542,TRUE,FALSE
chr19_50242245,chr19,50242245,MYH14,50188186,50310542,TRUE,FALSE
chr19_50242369,chr19,50242369,MYH14,50188186,50310542,TRUE,FALSE
chr19_50242488,chr19,50242488,MYH14,50188186,50310542,TRUE,FALSE
chr19_50242509,chr19,50242509,MYH14,50188186,50310542,TRUE,FALSE
chr19_50242566,chr19,50242566,MYH14,50188186,50310542,TRUE,FALSE
chr19_50242645,chr19,50242645,MYH14,50188186,50310542,TRUE,FALSE
chr19_50242657,chr19,50242657,MYH14,50188186,50310542,TRUE,FALSE
chr19_50242751,chr19,50242751,MYH14,50188186,50310542,TRUE,FALSE
chr19_50242763,chr19,50242763,MYH14,50188186,50310542,TRUE,FALSE
chr19_50242771,chr19,50242771,MYH14,50188186,50310542,TRUE,FALSE
chr19_50242798,chr19,50242798,MYH14,50188186,50310542,TRUE,FALSE
chr19_50243054,chr19,50243054,MYH14,50188186,50310542,TRUE,FALSE
chr19_50243076,chr19,50243076,MYH14,50188186,50310542,TRUE,FALSE
chr19_50243087,chr19,50243087,MYH14,50188186,50310542,TRUE,FALSE
chr19_50243151,chr19,50243151,MYH14,50188186,50310542,TRUE,FALSE
chr19_50243201,chr19,50243201,MYH14,50188186,50310542,TRUE,FALSE
chr19_50243206,chr19,50243206,MYH14,50188186,50310542,TRUE,FALSE
chr19_50243256,chr19,50243256,MYH14,50188186,50310542,TRUE,FALSE
chr19_50243350,chr19,50243350,MYH14,50188186,50310542,TRUE,FALSE
chr19_50243431,chr19,50243431,MYH14,50188186,50310542,TRUE,FALSE
chr19_50243465,chr19,50243465,MYH14,50188186,50310542,TRUE,FALSE
chr19_50243504,chr19,50243504,MYH14,50188186,50310542,TRUE,FALSE
chr19_50243582,chr19,50243582,MYH14,50188186,50310542,TRUE,FALSE
chr19_50246929,chr19,50246929,MYH14,50188186,50310542,TRUE,FALSE
chr19_50247043,chr19,50247043,MYH14,50188186,50310542,TRUE,FALSE
chr19_50247054,chr19,50247054,MYH14,50188186,50310542,TRUE,FALSE
chr19_50247128,chr19,50247128,MYH14,50188186,50310542,TRUE,FALSE
chr19_50247137,chr19,50247137,MYH14,50188186,50310542,TRUE,FALSE
chr19_50247160,chr19,50247160,MYH14,50188186,50310542,TRUE,FALSE
chr19_50247169,chr19,50247169,MYH14,50188186,50310542,TRUE,FALSE
chr19_50247235,chr19,50247235,MYH14,50188186,50310542,TRUE,FALSE
chr19_50247246,chr19,50247246,MYH14,50188186,50310542,TRUE,FALSE
chr19_50247268,chr19,50247268,MYH14,50188186,50310542,TRUE,FALSE
chr19_50247283,chr19,50247283,MYH14,50188186,50310542,TRUE,FALSE
chr19_50247428,chr19,50247428,MYH14,50188186,50310542,TRUE,FALSE
chr19_50247447,chr19,50247447,MYH14,50188186,50310542,TRUE,FALSE
chr19_50247460,chr19,50247460,MYH14,50188186,50310542,TRUE,FALSE
chr19_50247682,chr19,50247682,MYH14,50188186,50310542,TRUE,FALSE
chr19_50247703,chr19,50247703,MYH14,50188186,50310542,TRUE,FALSE
chr19_50247712,chr19,50247712,MYH14,50188186,50310542,TRUE,FALSE
chr19_50247718,chr19,50247718,MYH14,50188186,50310542,TRUE,FALSE
chr19_50247787,chr19,50247787,MYH14,50188186,50310542,TRUE,FALSE
chr19_50247836,chr19,50247836,MYH14,50188186,50310542,TRUE,FALSE
chr19_50247890,chr19,50247890,MYH14,50188186,50310542,TRUE,FALSE
chr19_50247932,chr19,50247932,MYH14,50188186,50310542,TRUE,FALSE
chr19_50247967,chr19,50247967,MYH14,50188186,50310542,TRUE,FALSE
chr19_50248016,chr19,50248016,MYH14,50188186,50310542,TRUE,FALSE
chr19_50248345,chr19,50248345,MYH14,50188186,50310542,TRUE,FALSE
chr19_50248385,chr19,50248385,MYH14,50188186,50310542,TRUE,FALSE
chr19_50248425,chr19,50248425,MYH14,50188186,50310542,TRUE,FALSE
chr19_50248519,chr19,50248519,MYH14,50188186,50310542,TRUE,FALSE
chr19_50248556,chr19,50248556,MYH14,50188186,50310542,TRUE,FALSE
chr19_50248694,chr19,50248694,MYH14,50188186,50310542,TRUE,FALSE
chr19_50248709,chr19,50248709,MYH14,50188186,50310542,TRUE,FALSE
chr19_50248719,chr19,50248719,MYH14,50188186,50310542,TRUE,FALSE
chr19_50248784,chr19,50248784,MYH14,50188186,50310542,TRUE,FALSE
chr19_50248803,chr19,50248803,MYH14,50188186,50310542,TRUE,FALSE
chr19_50248995,chr19,50248995,MYH14,50188186,50310542,TRUE,FALSE
chr19_50248997,chr19,50248997,MYH14,50188186,50310542,TRUE,FALSE
chr19_50249025,chr19,50249025,MYH14,50188186,50310542,TRUE,FALSE
chr19_50249029,chr19,50249029,MYH14,50188186,50310542,TRUE,FALSE
chr19_50249038,chr19,50249038,MYH14,50188186,50310542,TRUE,FALSE
chr19_50249053,chr19,50249053,MYH14,50188186,50310542,TRUE,FALSE
chr19_50249062,chr19,50249062,MYH14,50188186,50310542,TRUE,FALSE
chr19_50249074,chr19,50249074,MYH14,50188186,50310542,TRUE,FALSE
chr19_50249083,chr19,50249083,MYH14,50188186,50310542,TRUE,FALSE
chr19_50249091,chr19,50249091,MYH14,50188186,50310542,TRUE,FALSE
chr19_50249118,chr19,50249118,MYH14,50188186,50310542,TRUE,FALSE
chr19_50249120,chr19,50249120,MYH14,50188186,50310542,TRUE,FALSE
chr19_50249661,chr19,50249661,MYH14,50188186,50310542,TRUE,FALSE
chr19_50249688,chr19,50249688,MYH14,50188186,50310542,TRUE,FALSE
chr19_50249724,chr19,50249724,MYH14,50188186,50310542,TRUE,FALSE
chr19_50249749,chr19,50249749,MYH14,50188186,50310542,TRUE,FALSE
chr19_50249775,chr19,50249775,MYH14,50188186,50310542,TRUE,FALSE
chr19_50249787,chr19,50249787,MYH14,50188186,50310542,TRUE,FALSE
chr19_50249805,chr19,50249805,MYH14,50188186,50310542,TRUE,FALSE
chr19_50249814,chr19,50249814,MYH14,50188186,50310542,TRUE,FALSE
chr19_50249818,chr19,50249818,MYH14,50188186,50310542,TRUE,FALSE
chr19_50249822,chr19,50249822,MYH14,50188186,50310542,TRUE,FALSE
chr19_50249856,chr19,50249856,MYH14,50188186,50310542,TRUE,FALSE
chr19_50249867,chr19,50249867,MYH14,50188186,50310542,TRUE,FALSE
chr19_50249885,chr19,50249885,MYH14,50188186,50310542,TRUE,FALSE
chr19_50249968,chr19,50249968,MYH14,50188186,50310542,TRUE,FALSE
chr19_50250036,chr19,50250036,MYH14,50188186,50310542,TRUE,FALSE
chr19_50250056,chr19,50250056,MYH14,50188186,50310542,TRUE,FALSE
chr19_50250073,chr19,50250073,MYH14,50188186,50310542,TRUE,FALSE
chr19_50250123,chr19,50250123,MYH14,50188186,50310542,TRUE,FALSE
chr19_50250131,chr19,50250131,MYH14,50188186,50310542,TRUE,FALSE
chr19_50250139,chr19,50250139,MYH14,50188186,50310542,TRUE,FALSE
chr19_50250347,chr19,50250347,MYH14,50188186,50310542,TRUE,FALSE
chr19_50250352,chr19,50250352,MYH14,50188186,50310542,TRUE,FALSE
chr19_50250380,chr19,50250380,MYH14,50188186,50310542,TRUE,FALSE
chr19_50250390,chr19,50250390,MYH14,50188186,50310542,TRUE,FALSE
chr19_50250406,chr19,50250406,MYH14,50188186,50310542,TRUE,FALSE
chr19_50250564,chr19,50250564,MYH14,50188186,50310542,TRUE,FALSE
chr19_50250582,chr19,50250582,MYH14,50188186,50310542,TRUE,FALSE
chr19_50250632,chr19,50250632,MYH14,50188186,50310542,TRUE,FALSE
chr19_50250636,chr19,50250636,MYH14,50188186,50310542,TRUE,FALSE
chr19_50250930,chr19,50250930,MYH14,50188186,50310542,TRUE,FALSE
chr19_50250971,chr19,50250971,MYH14,50188186,50310542,TRUE,FALSE
chr19_50250996,chr19,50250996,MYH14,50188186,50310542,TRUE,FALSE
chr19_50251002,chr19,50251002,MYH14,50188186,50310542,TRUE,FALSE
chr19_50251081,chr19,50251081,MYH14,50188186,50310542,TRUE,FALSE
chr19_50251210,chr19,50251210,MYH14,50188186,50310542,TRUE,FALSE
chr19_50251235,chr19,50251235,MYH14,50188186,50310542,TRUE,FALSE
chr19_50251268,chr19,50251268,MYH14,50188186,50310542,TRUE,FALSE
chr19_50251387,chr19,50251387,MYH14,50188186,50310542,TRUE,FALSE
chr19_50251640,chr19,50251640,MYH14,50188186,50310542,TRUE,FALSE
chr19_50251646,chr19,50251646,MYH14,50188186,50310542,TRUE,FALSE
chr19_50251663,chr19,50251663,MYH14,50188186,50310542,TRUE,FALSE
chr19_50251867,chr19,50251867,MYH14,50188186,50310542,TRUE,FALSE
chr19_50251869,chr19,50251869,MYH14,50188186,50310542,TRUE,FALSE
chr19_50252138,chr19,50252138,MYH14,50188186,50310542,TRUE,FALSE
chr19_50252164,chr19,50252164,MYH14,50188186,50310542,TRUE,FALSE
chr19_50252172,chr19,50252172,MYH14,50188186,50310542,TRUE,FALSE
chr19_50252210,chr19,50252210,MYH14,50188186,50310542,TRUE,FALSE
chr19_50252220,chr19,50252220,MYH14,50188186,50310542,TRUE,FALSE
chr19_50252314,chr19,50252314,MYH14,50188186,50310542,TRUE,FALSE
chr19_50252330,chr19,50252330,MYH14,50188186,50310542,TRUE,FALSE
chr19_50252347,chr19,50252347,MYH14,50188186,50310542,TRUE,FALSE
chr19_50252367,chr19,50252367,MYH14,50188186,50310542,TRUE,FALSE
chr19_50252388,chr19,50252388,MYH14,50188186,50310542,TRUE,FALSE
chr19_50252520,chr19,50252520,MYH14,50188186,50310542,TRUE,FALSE
chr19_50252612,chr19,50252612,MYH14,50188186,50310542,TRUE,FALSE
chr19_50252641,chr19,50252641,MYH14,50188186,50310542,TRUE,FALSE
chr19_50252726,chr19,50252726,MYH14,50188186,50310542,TRUE,FALSE
chr19_50252733,chr19,50252733,MYH14,50188186,50310542,TRUE,FALSE
chr19_50252752,chr19,50252752,MYH14,50188186,50310542,TRUE,FALSE
chr19_50252777,chr19,50252777,MYH14,50188186,50310542,TRUE,FALSE
chr19_50252795,chr19,50252795,MYH14,50188186,50310542,TRUE,FALSE
chr19_50252817,chr19,50252817,MYH14,50188186,50310542,TRUE,FALSE
chr19_50252840,chr19,50252840,MYH14,50188186,50310542,TRUE,FALSE
chr19_50252990,chr19,50252990,MYH14,50188186,50310542,TRUE,FALSE
chr19_50253005,chr19,50253005,MYH14,50188186,50310542,TRUE,FALSE
chr19_50253042,chr19,50253042,MYH14,50188186,50310542,TRUE,FALSE
chr19_50253095,chr19,50253095,MYH14,50188186,50310542,TRUE,FALSE
chr19_50253217,chr19,50253217,MYH14,50188186,50310542,TRUE,FALSE
chr19_50253357,chr19,50253357,MYH14,50188186,50310542,TRUE,FALSE
chr19_50253569,chr19,50253569,MYH14,50188186,50310542,TRUE,FALSE
chr19_50253935,chr19,50253935,MYH14,50188186,50310542,TRUE,FALSE
chr19_50253943,chr19,50253943,MYH14,50188186,50310542,TRUE,FALSE
chr19_50253945,chr19,50253945,MYH14,50188186,50310542,TRUE,FALSE
chr19_50253955,chr19,50253955,MYH14,50188186,50310542,TRUE,FALSE
chr19_50253992,chr19,50253992,MYH14,50188186,50310542,TRUE,FALSE
chr19_50254007,chr19,50254007,MYH14,50188186,50310542,TRUE,FALSE
chr19_50254077,chr19,50254077,MYH14,50188186,50310542,TRUE,FALSE
chr19_50254109,chr19,50254109,MYH14,50188186,50310542,TRUE,FALSE
chr19_50254131,chr19,50254131,MYH14,50188186,50310542,TRUE,FALSE
chr19_50254141,chr19,50254141,MYH14,50188186,50310542,TRUE,FALSE
chr19_50254165,chr19,50254165,MYH14,50188186,50310542,TRUE,FALSE
chr19_50254171,chr19,50254171,MYH14,50188186,50310542,TRUE,FALSE
chr19_50254428,chr19,50254428,MYH14,50188186,50310542,TRUE,FALSE
chr19_50254442,chr19,50254442,MYH14,50188186,50310542,TRUE,FALSE
chr19_50254735,chr19,50254735,MYH14,50188186,50310542,TRUE,FALSE
chr19_50254818,chr19,50254818,MYH14,50188186,50310542,TRUE,FALSE
chr19_50254993,chr19,50254993,MYH14,50188186,50310542,TRUE,FALSE
chr19_50255163,chr19,50255163,MYH14,50188186,50310542,TRUE,FALSE
chr19_50255310,chr19,50255310,MYH14,50188186,50310542,TRUE,FALSE
chr19_50255536,chr19,50255536,MYH14,50188186,50310542,TRUE,FALSE
chr19_50255552,chr19,50255552,MYH14,50188186,50310542,TRUE,FALSE
chr19_50255554,chr19,50255554,MYH14,50188186,50310542,TRUE,FALSE
chr19_50255579,chr19,50255579,MYH14,50188186,50310542,TRUE,FALSE
chr19_50255798,chr19,50255798,MYH14,50188186,50310542,TRUE,FALSE
chr19_50255812,chr19,50255812,MYH14,50188186,50310542,TRUE,FALSE
chr19_50255894,chr19,50255894,MYH14,50188186,50310542,TRUE,FALSE
chr19_50255904,chr19,50255904,MYH14,50188186,50310542,TRUE,FALSE
chr19_50256030,chr19,50256030,MYH14,50188186,50310542,TRUE,FALSE
chr19_50256043,chr19,50256043,MYH14,50188186,50310542,TRUE,FALSE
chr19_50256106,chr19,50256106,MYH14,50188186,50310542,TRUE,FALSE
chr19_50256151,chr19,50256151,MYH14,50188186,50310542,TRUE,FALSE
chr19_50256301,chr19,50256301,MYH14,50188186,50310542,TRUE,FALSE
chr19_50256353,chr19,50256353,MYH14,50188186,50310542,TRUE,FALSE
chr19_50256360,chr19,50256360,MYH14,50188186,50310542,TRUE,FALSE
chr19_50256447,chr19,50256447,MYH14,50188186,50310542,TRUE,FALSE
chr19_50256593,chr19,50256593,MYH14,50188186,50310542,TRUE,FALSE
chr19_50256620,chr19,50256620,MYH14,50188186,50310542,TRUE,FALSE
chr19_50256663,chr19,50256663,MYH14,50188186,50310542,TRUE,FALSE
chr19_50257071,chr19,50257071,MYH14,50188186,50310542,TRUE,FALSE
chr19_50257309,chr19,50257309,MYH14,50188186,50310542,TRUE,FALSE
chr19_50257339,chr19,50257339,MYH14,50188186,50310542,TRUE,FALSE
chr19_50257342,chr19,50257342,MYH14,50188186,50310542,TRUE,FALSE
chr19_50257358,chr19,50257358,MYH14,50188186,50310542,TRUE,FALSE
chr19_50257364,chr19,50257364,MYH14,50188186,50310542,TRUE,FALSE
chr19_50257367,chr19,50257367,MYH14,50188186,50310542,TRUE,FALSE
chr19_50257379,chr19,50257379,MYH14,50188186,50310542,TRUE,FALSE
chr19_50257415,chr19,50257415,MYH14,50188186,50310542,TRUE,FALSE
chr19_50257457,chr19,50257457,MYH14,50188186,50310542,TRUE,FALSE
chr19_50257477,chr19,50257477,MYH14,50188186,50310542,TRUE,FALSE
chr19_50257637,chr19,50257637,MYH14,50188186,50310542,TRUE,FALSE
chr19_50257804,chr19,50257804,MYH14,50188186,50310542,TRUE,FALSE
chr19_50257886,chr19,50257886,MYH14,50188186,50310542,TRUE,FALSE
chr19_50259086,chr19,50259086,MYH14,50188186,50310542,TRUE,FALSE
chr19_50259093,chr19,50259093,MYH14,50188186,50310542,TRUE,FALSE
chr19_50259099,chr19,50259099,MYH14,50188186,50310542,TRUE,FALSE
chr19_50259107,chr19,50259107,MYH14,50188186,50310542,TRUE,FALSE
chr19_50259110,chr19,50259110,MYH14,50188186,50310542,TRUE,FALSE
chr19_50259120,chr19,50259120,MYH14,50188186,50310542,TRUE,FALSE
chr19_50259122,chr19,50259122,MYH14,50188186,50310542,TRUE,FALSE
chr19_50259128,chr19,50259128,MYH14,50188186,50310542,TRUE,FALSE
chr19_50259132,chr19,50259132,MYH14,50188186,50310542,TRUE,FALSE
chr19_50259146,chr19,50259146,MYH14,50188186,50310542,TRUE,FALSE
chr19_50259162,chr19,50259162,MYH14,50188186,50310542,TRUE,FALSE
chr19_50259421,chr19,50259421,MYH14,50188186,50310542,TRUE,FALSE
chr19_50259542,chr19,50259542,MYH14,50188186,50310542,TRUE,FALSE
chr19_50259599,chr19,50259599,MYH14,50188186,50310542,TRUE,FALSE
chr19_50259604,chr19,50259604,MYH14,50188186,50310542,TRUE,FALSE
chr19_50259606,chr19,50259606,MYH14,50188186,50310542,TRUE,FALSE
chr19_50259616,chr19,50259616,MYH14,50188186,50310542,TRUE,FALSE
chr19_50259644,chr19,50259644,MYH14,50188186,50310542,TRUE,FALSE
chr19_50259668,chr19,50259668,MYH14,50188186,50310542,TRUE,FALSE
chr19_50259676,chr19,50259676,MYH14,50188186,50310542,TRUE,FALSE
chr19_50259694,chr19,50259694,MYH14,50188186,50310542,TRUE,FALSE
chr19_50259734,chr19,50259734,MYH14,50188186,50310542,TRUE,FALSE
chr19_50259770,chr19,50259770,MYH14,50188186,50310542,TRUE,FALSE
chr19_50259801,chr19,50259801,MYH14,50188186,50310542,TRUE,FALSE
chr19_50259826,chr19,50259826,MYH14,50188186,50310542,TRUE,FALSE
chr19_50259834,chr19,50259834,MYH14,50188186,50310542,TRUE,FALSE
chr19_50260004,chr19,50260004,MYH14,50188186,50310542,TRUE,FALSE
chr19_50260192,chr19,50260192,MYH14,50188186,50310542,TRUE,FALSE
chr19_50260197,chr19,50260197,MYH14,50188186,50310542,TRUE,FALSE
chr19_50260339,chr19,50260339,MYH14,50188186,50310542,TRUE,FALSE
chr19_50260356,chr19,50260356,MYH14,50188186,50310542,TRUE,FALSE
chr19_50260363,chr19,50260363,MYH14,50188186,50310542,TRUE,FALSE
chr19_50260403,chr19,50260403,MYH14,50188186,50310542,TRUE,FALSE
chr19_50260411,chr19,50260411,MYH14,50188186,50310542,TRUE,FALSE
chr19_50260457,chr19,50260457,MYH14,50188186,50310542,TRUE,FALSE
chr19_50260467,chr19,50260467,MYH14,50188186,50310542,TRUE,FALSE
chr19_50260491,chr19,50260491,MYH14,50188186,50310542,TRUE,FALSE
chr19_50260580,chr19,50260580,MYH14,50188186,50310542,TRUE,FALSE
chr19_50260600,chr19,50260600,MYH14,50188186,50310542,TRUE,FALSE
chr19_50260649,chr19,50260649,MYH14,50188186,50310542,TRUE,FALSE
chr19_50260740,chr19,50260740,MYH14,50188186,50310542,TRUE,FALSE
chr19_50260748,chr19,50260748,MYH14,50188186,50310542,TRUE,FALSE
chr19_50260776,chr19,50260776,MYH14,50188186,50310542,TRUE,FALSE
chr19_50260904,chr19,50260904,MYH14,50188186,50310542,TRUE,FALSE
chr19_50261535,chr19,50261535,MYH14,50188186,50310542,TRUE,FALSE
chr19_50261568,chr19,50261568,MYH14,50188186,50310542,TRUE,FALSE
chr19_50261585,chr19,50261585,MYH14,50188186,50310542,TRUE,FALSE
chr19_50261594,chr19,50261594,MYH14,50188186,50310542,TRUE,FALSE
chr19_50261616,chr19,50261616,MYH14,50188186,50310542,TRUE,FALSE
chr19_50261631,chr19,50261631,MYH14,50188186,50310542,TRUE,FALSE
chr19_50261647,chr19,50261647,MYH14,50188186,50310542,TRUE,FALSE
chr19_50261657,chr19,50261657,MYH14,50188186,50310542,TRUE,FALSE
chr19_50261672,chr19,50261672,MYH14,50188186,50310542,TRUE,FALSE
chr19_50261865,chr19,50261865,MYH14,50188186,50310542,TRUE,FALSE
chr19_50261992,chr19,50261992,MYH14,50188186,50310542,TRUE,FALSE
chr19_50262044,chr19,50262044,MYH14,50188186,50310542,TRUE,FALSE
chr19_50262125,chr19,50262125,MYH14,50188186,50310542,TRUE,FALSE
chr19_50262214,chr19,50262214,MYH14,50188186,50310542,TRUE,FALSE
chr19_50262238,chr19,50262238,MYH14,50188186,50310542,TRUE,FALSE
chr19_50262279,chr19,50262279,MYH14,50188186,50310542,TRUE,FALSE
chr19_50262285,chr19,50262285,MYH14,50188186,50310542,TRUE,FALSE
chr19_50262328,chr19,50262328,MYH14,50188186,50310542,TRUE,FALSE
chr19_50262332,chr19,50262332,MYH14,50188186,50310542,TRUE,FALSE
chr19_50262355,chr19,50262355,MYH14,50188186,50310542,TRUE,FALSE
chr19_50262414,chr19,50262414,MYH14,50188186,50310542,TRUE,FALSE
chr19_50262462,chr19,50262462,MYH14,50188186,50310542,TRUE,FALSE
chr19_50262694,chr19,50262694,MYH14,50188186,50310542,TRUE,FALSE
chr19_50262822,chr19,50262822,MYH14,50188186,50310542,TRUE,FALSE
chr19_50262826,chr19,50262826,MYH14,50188186,50310542,TRUE,FALSE
chr19_50262965,chr19,50262965,MYH14,50188186,50310542,TRUE,FALSE
chr19_50263008,chr19,50263008,MYH14,50188186,50310542,TRUE,FALSE
chr19_50263056,chr19,50263056,MYH14,50188186,50310542,TRUE,FALSE
chr19_50263070,chr19,50263070,MYH14,50188186,50310542,TRUE,FALSE
chr19_50263267,chr19,50263267,MYH14,50188186,50310542,TRUE,FALSE
chr19_50263325,chr19,50263325,MYH14,50188186,50310542,TRUE,FALSE
chr19_50263342,chr19,50263342,MYH14,50188186,50310542,TRUE,FALSE
chr19_50263361,chr19,50263361,MYH14,50188186,50310542,TRUE,FALSE
chr19_50263369,chr19,50263369,MYH14,50188186,50310542,TRUE,FALSE
chr19_50263371,chr19,50263371,MYH14,50188186,50310542,TRUE,FALSE
chr19_50263406,chr19,50263406,MYH14,50188186,50310542,TRUE,FALSE
chr19_50263544,chr19,50263544,MYH14,50188186,50310542,TRUE,FALSE
chr19_50263603,chr19,50263603,MYH14,50188186,50310542,TRUE,FALSE
chr19_50263822,chr19,50263822,MYH14,50188186,50310542,TRUE,FALSE
chr19_50263827,chr19,50263827,MYH14,50188186,50310542,TRUE,FALSE
chr19_50263831,chr19,50263831,MYH14,50188186,50310542,TRUE,FALSE
chr19_50263854,chr19,50263854,MYH14,50188186,50310542,TRUE,FALSE
chr19_50264117,chr19,50264117,MYH14,50188186,50310542,TRUE,FALSE
chr19_50264213,chr19,50264213,MYH14,50188186,50310542,TRUE,FALSE
chr19_50264259,chr19,50264259,MYH14,50188186,50310542,TRUE,FALSE
chr19_50264389,chr19,50264389,MYH14,50188186,50310542,TRUE,FALSE
chr19_50264585,chr19,50264585,MYH14,50188186,50310542,TRUE,FALSE
chr19_50264605,chr19,50264605,MYH14,50188186,50310542,TRUE,FALSE
chr19_50264627,chr19,50264627,MYH14,50188186,50310542,TRUE,FALSE
chr19_50264862,chr19,50264862,MYH14,50188186,50310542,TRUE,FALSE
chr19_50264965,chr19,50264965,MYH14,50188186,50310542,TRUE,FALSE
chr19_50265124,chr19,50265124,MYH14,50188186,50310542,TRUE,FALSE
chr19_50265164,chr19,50265164,MYH14,50188186,50310542,TRUE,FALSE
chr19_50265269,chr19,50265269,MYH14,50188186,50310542,TRUE,FALSE
chr19_50265418,chr19,50265418,MYH14,50188186,50310542,TRUE,FALSE
chr19_50265466,chr19,50265466,MYH14,50188186,50310542,TRUE,FALSE
chr19_50265548,chr19,50265548,MYH14,50188186,50310542,TRUE,FALSE
chr19_50265554,chr19,50265554,MYH14,50188186,50310542,TRUE,FALSE
chr19_50265735,chr19,50265735,MYH14,50188186,50310542,TRUE,FALSE
chr19_50265775,chr19,50265775,MYH14,50188186,50310542,TRUE,FALSE
chr19_50266019,chr19,50266019,MYH14,50188186,50310542,TRUE,FALSE
chr19_50266095,chr19,50266095,MYH14,50188186,50310542,TRUE,FALSE
chr19_50266150,chr19,50266150,MYH14,50188186,50310542,TRUE,FALSE
chr19_50266153,chr19,50266153,MYH14,50188186,50310542,TRUE,FALSE
chr19_50266381,chr19,50266381,MYH14,50188186,50310542,TRUE,FALSE
chr19_50266415,chr19,50266415,MYH14,50188186,50310542,TRUE,FALSE
chr19_50266419,chr19,50266419,MYH14,50188186,50310542,TRUE,FALSE
chr19_50266431,chr19,50266431,MYH14,50188186,50310542,TRUE,FALSE
chr19_50266451,chr19,50266451,MYH14,50188186,50310542,TRUE,FALSE
chr19_50266473,chr19,50266473,MYH14,50188186,50310542,TRUE,FALSE
chr19_50266507,chr19,50266507,MYH14,50188186,50310542,TRUE,FALSE
chr19_50266756,chr19,50266756,MYH14,50188186,50310542,TRUE,FALSE
chr19_50266836,chr19,50266836,MYH14,50188186,50310542,TRUE,FALSE
chr19_50268523,chr19,50268523,MYH14,50188186,50310542,TRUE,FALSE
chr19_50268525,chr19,50268525,MYH14,50188186,50310542,TRUE,FALSE
chr19_50268700,chr19,50268700,MYH14,50188186,50310542,TRUE,FALSE
chr19_50269215,chr19,50269215,MYH14,50188186,50310542,TRUE,FALSE
chr19_50269262,chr19,50269262,MYH14,50188186,50310542,TRUE,FALSE
chr19_50269269,chr19,50269269,MYH14,50188186,50310542,TRUE,FALSE
chr19_50269401,chr19,50269401,MYH14,50188186,50310542,TRUE,FALSE
chr19_50269424,chr19,50269424,MYH14,50188186,50310542,TRUE,FALSE
chr19_50269461,chr19,50269461,MYH14,50188186,50310542,TRUE,FALSE
chr19_50269477,chr19,50269477,MYH14,50188186,50310542,TRUE,FALSE
chr19_50269595,chr19,50269595,MYH14,50188186,50310542,TRUE,FALSE
chr19_50269612,chr19,50269612,MYH14,50188186,50310542,TRUE,FALSE
chr19_50269710,chr19,50269710,MYH14,50188186,50310542,TRUE,FALSE
chr19_50269975,chr19,50269975,MYH14,50188186,50310542,TRUE,FALSE
chr19_50270116,chr19,50270116,MYH14,50188186,50310542,TRUE,FALSE
chr19_50270284,chr19,50270284,MYH14,50188186,50310542,TRUE,FALSE
chr19_50270388,chr19,50270388,MYH14,50188186,50310542,TRUE,FALSE
chr19_50270412,chr19,50270412,MYH14,50188186,50310542,TRUE,FALSE
chr19_50270445,chr19,50270445,MYH14,50188186,50310542,TRUE,FALSE
chr19_50270516,chr19,50270516,MYH14,50188186,50310542,TRUE,FALSE
chr19_50270755,chr19,50270755,MYH14,50188186,50310542,TRUE,FALSE
chr19_50270757,chr19,50270757,MYH14,50188186,50310542,TRUE,FALSE
chr19_50270795,chr19,50270795,MYH14,50188186,50310542,TRUE,FALSE
chr19_50270843,chr19,50270843,MYH14,50188186,50310542,TRUE,FALSE
chr19_50270851,chr19,50270851,MYH14,50188186,50310542,TRUE,FALSE
chr19_50270855,chr19,50270855,MYH14,50188186,50310542,TRUE,FALSE
chr19_50270895,chr19,50270895,MYH14,50188186,50310542,TRUE,FALSE
chr19_50270915,chr19,50270915,MYH14,50188186,50310542,TRUE,FALSE
chr19_50270929,chr19,50270929,MYH14,50188186,50310542,TRUE,FALSE
chr19_50270936,chr19,50270936,MYH14,50188186,50310542,TRUE,FALSE
chr19_50270973,chr19,50270973,MYH14,50188186,50310542,TRUE,FALSE
chr19_50270985,chr19,50270985,MYH14,50188186,50310542,TRUE,FALSE
chr19_50271097,chr19,50271097,MYH14,50188186,50310542,TRUE,FALSE
chr19_50271129,chr19,50271129,MYH14,50188186,50310542,TRUE,FALSE
chr19_50271186,chr19,50271186,MYH14,50188186,50310542,TRUE,FALSE
chr19_50271226,chr19,50271226,MYH14,50188186,50310542,TRUE,FALSE
chr19_50271271,chr19,50271271,MYH14,50188186,50310542,TRUE,FALSE
chr19_50271310,chr19,50271310,MYH14,50188186,50310542,TRUE,FALSE
chr19_50271312,chr19,50271312,MYH14,50188186,50310542,TRUE,FALSE
chr19_50271320,chr19,50271320,MYH14,50188186,50310542,TRUE,FALSE
chr19_50271337,chr19,50271337,MYH14,50188186,50310542,TRUE,FALSE
chr19_50271443,chr19,50271443,MYH14,50188186,50310542,TRUE,FALSE
chr19_50271445,chr19,50271445,MYH14,50188186,50310542,TRUE,FALSE
chr19_50271473,chr19,50271473,MYH14,50188186,50310542,TRUE,FALSE
chr19_50271618,chr19,50271618,MYH14,50188186,50310542,TRUE,FALSE
chr19_50271658,chr19,50271658,MYH14,50188186,50310542,TRUE,FALSE
chr19_50271852,chr19,50271852,MYH14,50188186,50310542,TRUE,FALSE
chr19_50271870,chr19,50271870,MYH14,50188186,50310542,TRUE,FALSE
chr19_50271878,chr19,50271878,MYH14,50188186,50310542,TRUE,FALSE
chr19_50271936,chr19,50271936,MYH14,50188186,50310542,TRUE,FALSE
chr19_50271959,chr19,50271959,MYH14,50188186,50310542,TRUE,FALSE
chr19_50271982,chr19,50271982,MYH14,50188186,50310542,TRUE,FALSE
chr19_50272379,chr19,50272379,MYH14,50188186,50310542,TRUE,FALSE
chr19_50272443,chr19,50272443,MYH14,50188186,50310542,TRUE,FALSE
chr19_50272505,chr19,50272505,MYH14,50188186,50310542,TRUE,FALSE
chr19_50272538,chr19,50272538,MYH14,50188186,50310542,TRUE,FALSE
chr19_50272697,chr19,50272697,MYH14,50188186,50310542,TRUE,FALSE
chr19_50272776,chr19,50272776,MYH14,50188186,50310542,TRUE,FALSE
chr19_50272787,chr19,50272787,MYH14,50188186,50310542,TRUE,FALSE
chr19_50272868,chr19,50272868,MYH14,50188186,50310542,TRUE,FALSE
chr19_50273018,chr19,50273018,MYH14,50188186,50310542,TRUE,FALSE
chr19_50273159,chr19,50273159,MYH14,50188186,50310542,TRUE,FALSE
chr19_50273163,chr19,50273163,MYH14,50188186,50310542,TRUE,FALSE
chr19_50273198,chr19,50273198,MYH14,50188186,50310542,TRUE,FALSE
chr19_50273239,chr19,50273239,MYH14,50188186,50310542,TRUE,FALSE
chr19_50273427,chr19,50273427,MYH14,50188186,50310542,TRUE,FALSE
chr19_50273547,chr19,50273547,MYH14,50188186,50310542,TRUE,FALSE
chr19_50273643,chr19,50273643,MYH14,50188186,50310542,TRUE,FALSE
chr19_50273664,chr19,50273664,MYH14,50188186,50310542,TRUE,FALSE
chr19_50273710,chr19,50273710,MYH14,50188186,50310542,TRUE,FALSE
chr19_50273808,chr19,50273808,MYH14,50188186,50310542,TRUE,FALSE
chr19_50273825,chr19,50273825,MYH14,50188186,50310542,TRUE,FALSE
chr19_50273883,chr19,50273883,MYH14,50188186,50310542,TRUE,FALSE
chr19_50273920,chr19,50273920,MYH14,50188186,50310542,TRUE,FALSE
chr19_50273924,chr19,50273924,MYH14,50188186,50310542,TRUE,FALSE
chr19_50274114,chr19,50274114,MYH14,50188186,50310542,TRUE,FALSE
chr19_50274333,chr19,50274333,MYH14,50188186,50310542,TRUE,FALSE
chr19_50274380,chr19,50274380,MYH14,50188186,50310542,TRUE,FALSE
chr19_50274419,chr19,50274419,MYH14,50188186,50310542,TRUE,FALSE
chr19_50274483,chr19,50274483,MYH14,50188186,50310542,TRUE,FALSE
chr19_50274668,chr19,50274668,MYH14,50188186,50310542,TRUE,FALSE
chr19_50274708,chr19,50274708,MYH14,50188186,50310542,TRUE,FALSE
chr19_50274863,chr19,50274863,MYH14,50188186,50310542,TRUE,FALSE
chr19_50274917,chr19,50274917,MYH14,50188186,50310542,TRUE,FALSE
chr19_50275081,chr19,50275081,MYH14,50188186,50310542,TRUE,FALSE
chr19_50275121,chr19,50275121,MYH14,50188186,50310542,TRUE,FALSE
chr19_50275281,chr19,50275281,MYH14,50188186,50310542,TRUE,FALSE
chr19_50275336,chr19,50275336,MYH14,50188186,50310542,TRUE,FALSE
chr19_50275362,chr19,50275362,MYH14,50188186,50310542,TRUE,FALSE
chr19_50275371,chr19,50275371,MYH14,50188186,50310542,TRUE,FALSE
chr19_50275389,chr19,50275389,MYH14,50188186,50310542,TRUE,FALSE
chr19_50275484,chr19,50275484,MYH14,50188186,50310542,TRUE,FALSE
chr19_50275533,chr19,50275533,MYH14,50188186,50310542,TRUE,FALSE
chr19_50275552,chr19,50275552,MYH14,50188186,50310542,TRUE,FALSE
chr19_50275592,chr19,50275592,MYH14,50188186,50310542,TRUE,FALSE
chr19_50275624,chr19,50275624,MYH14,50188186,50310542,TRUE,FALSE
chr19_50275696,chr19,50275696,MYH14,50188186,50310542,TRUE,FALSE
chr19_50275718,chr19,50275718,MYH14,50188186,50310542,TRUE,FALSE
chr19_50275774,chr19,50275774,MYH14,50188186,50310542,TRUE,FALSE
chr19_50275812,chr19,50275812,MYH14,50188186,50310542,TRUE,FALSE
chr19_50275972,chr19,50275972,MYH14,50188186,50310542,TRUE,FALSE
chr19_50276013,chr19,50276013,MYH14,50188186,50310542,TRUE,FALSE
chr19_50276060,chr19,50276060,MYH14,50188186,50310542,TRUE,FALSE
chr19_50276118,chr19,50276118,MYH14,50188186,50310542,TRUE,FALSE
chr19_50276121,chr19,50276121,MYH14,50188186,50310542,TRUE,FALSE
chr19_50276132,chr19,50276132,MYH14,50188186,50310542,TRUE,FALSE
chr19_50276146,chr19,50276146,MYH14,50188186,50310542,TRUE,FALSE
chr19_50276151,chr19,50276151,MYH14,50188186,50310542,TRUE,FALSE
chr19_50276156,chr19,50276156,MYH14,50188186,50310542,TRUE,FALSE
chr19_50276170,chr19,50276170,MYH14,50188186,50310542,TRUE,FALSE
chr19_50276202,chr19,50276202,MYH14,50188186,50310542,TRUE,FALSE
chr19_50276223,chr19,50276223,MYH14,50188186,50310542,TRUE,FALSE
chr19_50276325,chr19,50276325,MYH14,50188186,50310542,TRUE,FALSE
chr19_50276460,chr19,50276460,MYH14,50188186,50310542,TRUE,FALSE
chr19_50276470,chr19,50276470,MYH14,50188186,50310542,TRUE,FALSE
chr19_50277023,chr19,50277023,MYH14,50188186,50310542,TRUE,FALSE
chr19_50277256,chr19,50277256,MYH14,50188186,50310542,TRUE,FALSE
chr19_50277296,chr19,50277296,MYH14,50188186,50310542,TRUE,FALSE
chr19_50277335,chr19,50277335,MYH14,50188186,50310542,TRUE,FALSE
chr19_50277403,chr19,50277403,MYH14,50188186,50310542,TRUE,FALSE
chr19_50277466,chr19,50277466,MYH14,50188186,50310542,TRUE,FALSE
chr19_50277480,chr19,50277480,MYH14,50188186,50310542,TRUE,FALSE
chr19_50277641,chr19,50277641,MYH14,50188186,50310542,TRUE,FALSE
chr19_50277773,chr19,50277773,MYH14,50188186,50310542,TRUE,FALSE
chr19_50277777,chr19,50277777,MYH14,50188186,50310542,TRUE,FALSE
chr19_50277789,chr19,50277789,MYH14,50188186,50310542,TRUE,FALSE
chr19_50277848,chr19,50277848,MYH14,50188186,50310542,TRUE,FALSE
chr19_50277871,chr19,50277871,MYH14,50188186,50310542,TRUE,FALSE
chr19_50278107,chr19,50278107,MYH14,50188186,50310542,TRUE,FALSE
chr19_50278124,chr19,50278124,MYH14,50188186,50310542,TRUE,FALSE
chr19_50278133,chr19,50278133,MYH14,50188186,50310542,TRUE,FALSE
chr19_50278140,chr19,50278140,MYH14,50188186,50310542,TRUE,FALSE
chr19_50278170,chr19,50278170,MYH14,50188186,50310542,TRUE,FALSE
chr19_50278188,chr19,50278188,MYH14,50188186,50310542,TRUE,FALSE
chr19_50278194,chr19,50278194,MYH14,50188186,50310542,TRUE,FALSE
chr19_50278197,chr19,50278197,MYH14,50188186,50310542,TRUE,FALSE
chr19_50278230,chr19,50278230,MYH14,50188186,50310542,TRUE,FALSE
chr19_50278254,chr19,50278254,MYH14,50188186,50310542,TRUE,FALSE
chr19_50278258,chr19,50278258,MYH14,50188186,50310542,TRUE,FALSE
chr19_50278281,chr19,50278281,MYH14,50188186,50310542,TRUE,FALSE
chr19_50278389,chr19,50278389,MYH14,50188186,50310542,TRUE,FALSE
chr19_50278498,chr19,50278498,MYH14,50188186,50310542,TRUE,FALSE
chr19_50278636,chr19,50278636,MYH14,50188186,50310542,TRUE,FALSE
chr19_50278740,chr19,50278740,MYH14,50188186,50310542,TRUE,FALSE
chr19_50278745,chr19,50278745,MYH14,50188186,50310542,TRUE,FALSE
chr19_50278772,chr19,50278772,MYH14,50188186,50310542,TRUE,FALSE
chr19_50278778,chr19,50278778,MYH14,50188186,50310542,TRUE,FALSE
chr19_50278844,chr19,50278844,MYH14,50188186,50310542,TRUE,FALSE
chr19_50278848,chr19,50278848,MYH14,50188186,50310542,TRUE,FALSE
chr19_50278880,chr19,50278880,MYH14,50188186,50310542,TRUE,FALSE
chr19_50278942,chr19,50278942,MYH14,50188186,50310542,TRUE,FALSE
chr19_50278944,chr19,50278944,MYH14,50188186,50310542,TRUE,FALSE
chr19_50278952,chr19,50278952,MYH14,50188186,50310542,TRUE,FALSE
chr19_50279279,chr19,50279279,MYH14,50188186,50310542,TRUE,FALSE
chr19_50279308,chr19,50279308,MYH14,50188186,50310542,TRUE,FALSE
chr19_50279395,chr19,50279395,MYH14,50188186,50310542,TRUE,FALSE
chr19_50279401,chr19,50279401,MYH14,50188186,50310542,TRUE,FALSE
chr19_50279462,chr19,50279462,MYH14,50188186,50310542,TRUE,FALSE
chr19_50279489,chr19,50279489,MYH14,50188186,50310542,TRUE,FALSE
chr19_50279501,chr19,50279501,MYH14,50188186,50310542,TRUE,FALSE
chr19_50279564,chr19,50279564,MYH14,50188186,50310542,TRUE,FALSE
chr19_50279581,chr19,50279581,MYH14,50188186,50310542,TRUE,FALSE
chr19_50279597,chr19,50279597,MYH14,50188186,50310542,TRUE,FALSE
chr19_50279659,chr19,50279659,MYH14,50188186,50310542,TRUE,FALSE
chr19_50279688,chr19,50279688,MYH14,50188186,50310542,TRUE,FALSE
chr19_50279699,chr19,50279699,MYH14,50188186,50310542,TRUE,FALSE
chr19_50279733,chr19,50279733,MYH14,50188186,50310542,TRUE,FALSE
chr19_50279762,chr19,50279762,MYH14,50188186,50310542,TRUE,FALSE
chr19_50279772,chr19,50279772,MYH14,50188186,50310542,TRUE,FALSE
chr19_50279802,chr19,50279802,MYH14,50188186,50310542,TRUE,FALSE
chr19_50279807,chr19,50279807,MYH14,50188186,50310542,TRUE,FALSE
chr19_50279860,chr19,50279860,MYH14,50188186,50310542,TRUE,FALSE
chr19_50279926,chr19,50279926,MYH14,50188186,50310542,TRUE,FALSE
chr19_50280001,chr19,50280001,MYH14,50188186,50310542,TRUE,FALSE
chr19_50280021,chr19,50280021,MYH14,50188186,50310542,TRUE,FALSE
chr19_50280062,chr19,50280062,MYH14,50188186,50310542,TRUE,FALSE
chr19_50280069,chr19,50280069,MYH14,50188186,50310542,TRUE,FALSE
chr19_50280091,chr19,50280091,MYH14,50188186,50310542,TRUE,FALSE
chr19_50280132,chr19,50280132,MYH14,50188186,50310542,TRUE,FALSE
chr19_50280160,chr19,50280160,MYH14,50188186,50310542,TRUE,FALSE
chr19_50280169,chr19,50280169,MYH14,50188186,50310542,TRUE,FALSE
chr19_50280213,chr19,50280213,MYH14,50188186,50310542,TRUE,FALSE
chr19_50280256,chr19,50280256,MYH14,50188186,50310542,TRUE,FALSE
chr19_50280276,chr19,50280276,MYH14,50188186,50310542,TRUE,FALSE
chr19_50280282,chr19,50280282,MYH14,50188186,50310542,TRUE,FALSE
chr19_50280357,chr19,50280357,MYH14,50188186,50310542,TRUE,FALSE
chr19_50280397,chr19,50280397,MYH14,50188186,50310542,TRUE,FALSE
chr19_50280946,chr19,50280946,MYH14,50188186,50310542,TRUE,FALSE
chr19_50281109,chr19,50281109,MYH14,50188186,50310542,TRUE,FALSE
chr19_50281146,chr19,50281146,MYH14,50188186,50310542,TRUE,FALSE
chr19_50281340,chr19,50281340,MYH14,50188186,50310542,TRUE,FALSE
chr19_50281558,chr19,50281558,MYH14,50188186,50310542,TRUE,FALSE
chr19_50281599,chr19,50281599,MYH14,50188186,50310542,TRUE,FALSE
chr19_50281606,chr19,50281606,MYH14,50188186,50310542,TRUE,FALSE
chr19_50281680,chr19,50281680,MYH14,50188186,50310542,TRUE,FALSE
chr19_50281696,chr19,50281696,MYH14,50188186,50310542,TRUE,FALSE
chr19_50281719,chr19,50281719,MYH14,50188186,50310542,TRUE,FALSE
chr19_50281726,chr19,50281726,MYH14,50188186,50310542,TRUE,FALSE
chr19_50281735,chr19,50281735,MYH14,50188186,50310542,TRUE,FALSE
chr19_50281741,chr19,50281741,MYH14,50188186,50310542,TRUE,FALSE
chr19_50281744,chr19,50281744,MYH14,50188186,50310542,TRUE,FALSE
chr19_50281747,chr19,50281747,MYH14,50188186,50310542,TRUE,FALSE
chr19_50281767,chr19,50281767,MYH14,50188186,50310542,TRUE,FALSE
chr19_50281770,chr19,50281770,MYH14,50188186,50310542,TRUE,FALSE
chr19_50281795,chr19,50281795,MYH14,50188186,50310542,TRUE,FALSE
chr19_50281828,chr19,50281828,MYH14,50188186,50310542,TRUE,FALSE
chr19_50281867,chr19,50281867,MYH14,50188186,50310542,TRUE,FALSE
chr19_50281890,chr19,50281890,MYH14,50188186,50310542,TRUE,FALSE
chr19_50281903,chr19,50281903,MYH14,50188186,50310542,TRUE,FALSE
chr19_50281924,chr19,50281924,MYH14,50188186,50310542,TRUE,FALSE
chr19_50281934,chr19,50281934,MYH14,50188186,50310542,TRUE,FALSE
chr19_50282051,chr19,50282051,MYH14,50188186,50310542,TRUE,FALSE
chr19_50282106,chr19,50282106,MYH14,50188186,50310542,TRUE,FALSE
chr19_50282179,chr19,50282179,MYH14,50188186,50310542,TRUE,FALSE
chr19_50282223,chr19,50282223,MYH14,50188186,50310542,TRUE,FALSE
chr19_50282337,chr19,50282337,MYH14,50188186,50310542,TRUE,FALSE
chr19_50282472,chr19,50282472,MYH14,50188186,50310542,TRUE,FALSE
chr19_50282476,chr19,50282476,MYH14,50188186,50310542,TRUE,FALSE
chr19_50282519,chr19,50282519,MYH14,50188186,50310542,TRUE,FALSE
chr19_50282530,chr19,50282530,MYH14,50188186,50310542,TRUE,FALSE
chr19_50282575,chr19,50282575,MYH14,50188186,50310542,TRUE,FALSE
chr19_50282595,chr19,50282595,MYH14,50188186,50310542,TRUE,FALSE
chr19_50282657,chr19,50282657,MYH14,50188186,50310542,TRUE,FALSE
chr19_50282672,chr19,50282672,MYH14,50188186,50310542,TRUE,FALSE
chr19_50282787,chr19,50282787,MYH14,50188186,50310542,TRUE,FALSE
chr19_50283150,chr19,50283150,MYH14,50188186,50310542,TRUE,FALSE
chr19_50283182,chr19,50283182,MYH14,50188186,50310542,TRUE,FALSE
chr19_50283222,chr19,50283222,MYH14,50188186,50310542,TRUE,FALSE
chr19_50283229,chr19,50283229,MYH14,50188186,50310542,TRUE,FALSE
chr19_50283308,chr19,50283308,MYH14,50188186,50310542,TRUE,FALSE
chr19_50283339,chr19,50283339,MYH14,50188186,50310542,TRUE,FALSE
chr19_50283371,chr19,50283371,MYH14,50188186,50310542,TRUE,FALSE
chr19_50283379,chr19,50283379,MYH14,50188186,50310542,TRUE,FALSE
chr19_50283409,chr19,50283409,MYH14,50188186,50310542,TRUE,FALSE
chr19_50283657,chr19,50283657,MYH14,50188186,50310542,TRUE,FALSE
chr19_50283793,chr19,50283793,MYH14,50188186,50310542,TRUE,FALSE
chr19_50283901,chr19,50283901,MYH14,50188186,50310542,TRUE,FALSE
chr19_50283986,chr19,50283986,MYH14,50188186,50310542,TRUE,FALSE
chr19_50284003,chr19,50284003,MYH14,50188186,50310542,TRUE,FALSE
chr19_50284020,chr19,50284020,MYH14,50188186,50310542,TRUE,FALSE
chr19_50284389,chr19,50284389,MYH14,50188186,50310542,TRUE,FALSE
chr19_50284409,chr19,50284409,MYH14,50188186,50310542,TRUE,FALSE
chr19_50284469,chr19,50284469,MYH14,50188186,50310542,TRUE,FALSE
chr19_50284519,chr19,50284519,MYH14,50188186,50310542,TRUE,FALSE
chr19_50284528,chr19,50284528,MYH14,50188186,50310542,TRUE,FALSE
chr19_50284641,chr19,50284641,MYH14,50188186,50310542,TRUE,FALSE
chr19_50284685,chr19,50284685,MYH14,50188186,50310542,TRUE,FALSE
chr19_50284957,chr19,50284957,MYH14,50188186,50310542,TRUE,FALSE
chr19_50284989,chr19,50284989,MYH14,50188186,50310542,TRUE,FALSE
chr19_50285021,chr19,50285021,MYH14,50188186,50310542,TRUE,FALSE
chr19_50285245,chr19,50285245,MYH14,50188186,50310542,TRUE,FALSE
chr19_50285328,chr19,50285328,MYH14,50188186,50310542,TRUE,FALSE
chr19_50285373,chr19,50285373,MYH14,50188186,50310542,TRUE,FALSE
chr19_50285391,chr19,50285391,MYH14,50188186,50310542,TRUE,FALSE
chr19_50286005,chr19,50286005,MYH14,50188186,50310542,TRUE,FALSE
chr19_50286039,chr19,50286039,MYH14,50188186,50310542,TRUE,FALSE
chr19_50286322,chr19,50286322,MYH14,50188186,50310542,TRUE,FALSE
chr19_50286626,chr19,50286626,MYH14,50188186,50310542,TRUE,FALSE
chr19_50286635,chr19,50286635,MYH14,50188186,50310542,TRUE,FALSE
chr19_50286644,chr19,50286644,MYH14,50188186,50310542,TRUE,FALSE
chr19_50286682,chr19,50286682,MYH14,50188186,50310542,TRUE,FALSE
chr19_50286685,chr19,50286685,MYH14,50188186,50310542,TRUE,FALSE
chr19_50286709,chr19,50286709,MYH14,50188186,50310542,TRUE,FALSE
chr19_50286892,chr19,50286892,MYH14,50188186,50310542,TRUE,FALSE
chr19_50287032,chr19,50287032,MYH14,50188186,50310542,TRUE,FALSE
chr19_50287066,chr19,50287066,MYH14,50188186,50310542,TRUE,FALSE
chr19_50287104,chr19,50287104,MYH14,50188186,50310542,TRUE,FALSE
chr19_50287181,chr19,50287181,MYH14,50188186,50310542,TRUE,FALSE
chr19_50287220,chr19,50287220,MYH14,50188186,50310542,TRUE,FALSE
chr19_50287281,chr19,50287281,MYH14,50188186,50310542,TRUE,FALSE
chr19_50287369,chr19,50287369,MYH14,50188186,50310542,TRUE,FALSE
chr19_50287537,chr19,50287537,MYH14,50188186,50310542,TRUE,FALSE
chr19_50287814,chr19,50287814,MYH14,50188186,50310542,TRUE,FALSE
chr19_50287857,chr19,50287857,MYH14,50188186,50310542,TRUE,FALSE
chr19_50287998,chr19,50287998,MYH14,50188186,50310542,TRUE,FALSE
chr19_50288042,chr19,50288042,MYH14,50188186,50310542,TRUE,FALSE
chr19_50288079,chr19,50288079,MYH14,50188186,50310542,TRUE,FALSE
chr19_50288097,chr19,50288097,MYH14,50188186,50310542,TRUE,FALSE
chr19_50288265,chr19,50288265,MYH14,50188186,50310542,TRUE,FALSE
chr19_50288308,chr19,50288308,MYH14,50188186,50310542,TRUE,FALSE
chr19_50288318,chr19,50288318,MYH14,50188186,50310542,TRUE,FALSE
chr19_50288326,chr19,50288326,MYH14,50188186,50310542,TRUE,FALSE
chr19_50288431,chr19,50288431,MYH14,50188186,50310542,TRUE,FALSE
chr19_50288441,chr19,50288441,MYH14,50188186,50310542,TRUE,FALSE
chr19_50288592,chr19,50288592,MYH14,50188186,50310542,TRUE,FALSE
chr19_50288597,chr19,50288597,MYH14,50188186,50310542,TRUE,FALSE
chr19_50288652,chr19,50288652,MYH14,50188186,50310542,TRUE,FALSE
chr19_50288698,chr19,50288698,MYH14,50188186,50310542,TRUE,FALSE
chr19_50288705,chr19,50288705,MYH14,50188186,50310542,TRUE,FALSE
chr19_50288995,chr19,50288995,MYH14,50188186,50310542,TRUE,FALSE
chr19_50289048,chr19,50289048,MYH14,50188186,50310542,TRUE,FALSE
chr19_50289065,chr19,50289065,MYH14,50188186,50310542,TRUE,FALSE
chr19_50289173,chr19,50289173,MYH14,50188186,50310542,TRUE,FALSE
chr19_50289279,chr19,50289279,MYH14,50188186,50310542,TRUE,FALSE
chr19_50289451,chr19,50289451,MYH14,50188186,50310542,TRUE,FALSE
chr19_50289460,chr19,50289460,MYH14,50188186,50310542,TRUE,FALSE
chr19_50289490,chr19,50289490,MYH14,50188186,50310542,TRUE,FALSE
chr19_50289740,chr19,50289740,MYH14,50188186,50310542,TRUE,FALSE
chr19_50289773,chr19,50289773,MYH14,50188186,50310542,TRUE,FALSE
chr19_50289834,chr19,50289834,MYH14,50188186,50310542,TRUE,FALSE
chr19_50289880,chr19,50289880,MYH14,50188186,50310542,TRUE,FALSE
chr19_50290435,chr19,50290435,MYH14,50188186,50310542,TRUE,FALSE
chr19_50290649,chr19,50290649,MYH14,50188186,50310542,TRUE,FALSE
chr19_50290776,chr19,50290776,MYH14,50188186,50310542,TRUE,FALSE
chr19_50290950,chr19,50290950,MYH14,50188186,50310542,TRUE,FALSE
chr19_50291003,chr19,50291003,MYH14,50188186,50310542,TRUE,FALSE
chr19_50291023,chr19,50291023,MYH14,50188186,50310542,TRUE,FALSE
chr19_50291037,chr19,50291037,MYH14,50188186,50310542,TRUE,FALSE
chr19_50291057,chr19,50291057,MYH14,50188186,50310542,TRUE,FALSE
chr19_50291060,chr19,50291060,MYH14,50188186,50310542,TRUE,FALSE
chr19_50291131,chr19,50291131,MYH14,50188186,50310542,TRUE,FALSE
chr19_50291140,chr19,50291140,MYH14,50188186,50310542,TRUE,FALSE
chr19_50291164,chr19,50291164,MYH14,50188186,50310542,TRUE,FALSE
chr19_50291359,chr19,50291359,MYH14,50188186,50310542,TRUE,FALSE
chr19_50291362,chr19,50291362,MYH14,50188186,50310542,TRUE,FALSE
chr19_50291445,chr19,50291445,MYH14,50188186,50310542,TRUE,FALSE
chr19_50291449,chr19,50291449,MYH14,50188186,50310542,TRUE,FALSE
chr19_50291509,chr19,50291509,MYH14,50188186,50310542,TRUE,FALSE
chr19_50291536,chr19,50291536,MYH14,50188186,50310542,TRUE,FALSE
chr19_50291735,chr19,50291735,MYH14,50188186,50310542,TRUE,FALSE
chr19_50291789,chr19,50291789,MYH14,50188186,50310542,TRUE,FALSE
chr19_50291851,chr19,50291851,MYH14,50188186,50310542,TRUE,FALSE
chr19_50292141,chr19,50292141,MYH14,50188186,50310542,TRUE,FALSE
chr19_50292163,chr19,50292163,MYH14,50188186,50310542,TRUE,FALSE
chr19_50292180,chr19,50292180,MYH14,50188186,50310542,TRUE,FALSE
chr19_50292183,chr19,50292183,MYH14,50188186,50310542,TRUE,FALSE
chr19_50292249,chr19,50292249,MYH14,50188186,50310542,TRUE,FALSE
chr19_50292282,chr19,50292282,MYH14,50188186,50310542,TRUE,FALSE
chr19_50292300,chr19,50292300,MYH14,50188186,50310542,TRUE,FALSE
chr19_50292309,chr19,50292309,MYH14,50188186,50310542,TRUE,FALSE
chr19_50292333,chr19,50292333,MYH14,50188186,50310542,TRUE,FALSE
chr19_50292348,chr19,50292348,MYH14,50188186,50310542,TRUE,FALSE
chr19_50293180,chr19,50293180,MYH14,50188186,50310542,TRUE,FALSE
chr19_50293210,chr19,50293210,MYH14,50188186,50310542,TRUE,FALSE
chr19_50293241,chr19,50293241,MYH14,50188186,50310542,TRUE,FALSE
chr19_50293246,chr19,50293246,MYH14,50188186,50310542,TRUE,FALSE
chr19_50293251,chr19,50293251,MYH14,50188186,50310542,TRUE,FALSE
chr19_50293260,chr19,50293260,MYH14,50188186,50310542,TRUE,FALSE
chr19_50293278,chr19,50293278,MYH14,50188186,50310542,TRUE,FALSE
chr19_50293545,chr19,50293545,MYH14,50188186,50310542,TRUE,FALSE
chr19_50293586,chr19,50293586,MYH14,50188186,50310542,TRUE,FALSE
chr19_50293601,chr19,50293601,MYH14,50188186,50310542,TRUE,FALSE
chr19_50293647,chr19,50293647,MYH14,50188186,50310542,TRUE,FALSE
chr19_50293664,chr19,50293664,MYH14,50188186,50310542,TRUE,FALSE
chr19_50293670,chr19,50293670,MYH14,50188186,50310542,TRUE,FALSE
chr19_50293693,chr19,50293693,MYH14,50188186,50310542,TRUE,FALSE
chr19_50293739,chr19,50293739,MYH14,50188186,50310542,TRUE,FALSE
chr19_50294103,chr19,50294103,MYH14,50188186,50310542,TRUE,FALSE
chr19_50294123,chr19,50294123,MYH14,50188186,50310542,TRUE,FALSE
chr19_50294177,chr19,50294177,MYH14,50188186,50310542,TRUE,FALSE
chr19_50294243,chr19,50294243,MYH14,50188186,50310542,TRUE,FALSE
chr19_50294503,chr19,50294503,MYH14,50188186,50310542,TRUE,FALSE
chr19_50294537,chr19,50294537,MYH14,50188186,50310542,TRUE,FALSE
chr19_50294643,chr19,50294643,MYH14,50188186,50310542,TRUE,FALSE
chr19_50294939,chr19,50294939,MYH14,50188186,50310542,TRUE,FALSE
chr19_50295152,chr19,50295152,MYH14,50188186,50310542,TRUE,FALSE
chr19_50295181,chr19,50295181,MYH14,50188186,50310542,TRUE,FALSE
chr19_50295273,chr19,50295273,MYH14,50188186,50310542,TRUE,FALSE
chr19_50295421,chr19,50295421,MYH14,50188186,50310542,TRUE,FALSE
chr19_50295516,chr19,50295516,MYH14,50188186,50310542,TRUE,FALSE
chr19_50295528,chr19,50295528,MYH14,50188186,50310542,TRUE,FALSE
chr19_50295540,chr19,50295540,MYH14,50188186,50310542,TRUE,FALSE
chr19_50295724,chr19,50295724,MYH14,50188186,50310542,TRUE,FALSE
chr19_50295838,chr19,50295838,MYH14,50188186,50310542,TRUE,FALSE
chr19_50295883,chr19,50295883,MYH14,50188186,50310542,TRUE,FALSE
chr19_50295939,chr19,50295939,MYH14,50188186,50310542,TRUE,FALSE
chr19_50295971,chr19,50295971,MYH14,50188186,50310542,TRUE,FALSE
chr19_50295979,chr19,50295979,MYH14,50188186,50310542,TRUE,FALSE
chr19_50296002,chr19,50296002,MYH14,50188186,50310542,TRUE,FALSE
chr19_50296040,chr19,50296040,MYH14,50188186,50310542,TRUE,FALSE
chr19_50296063,chr19,50296063,MYH14,50188186,50310542,TRUE,FALSE
chr19_50296095,chr19,50296095,MYH14,50188186,50310542,TRUE,FALSE
chr19_50296280,chr19,50296280,MYH14,50188186,50310542,TRUE,FALSE
chr19_50296333,chr19,50296333,MYH14,50188186,50310542,TRUE,FALSE
chr19_50296436,chr19,50296436,MYH14,50188186,50310542,TRUE,FALSE
chr19_50296467,chr19,50296467,MYH14,50188186,50310542,TRUE,FALSE
chr19_50296473,chr19,50296473,MYH14,50188186,50310542,TRUE,FALSE
chr19_50296479,chr19,50296479,MYH14,50188186,50310542,TRUE,FALSE
chr19_50296485,chr19,50296485,MYH14,50188186,50310542,TRUE,FALSE
chr19_50296531,chr19,50296531,MYH14,50188186,50310542,TRUE,FALSE
chr19_50296653,chr19,50296653,MYH14,50188186,50310542,TRUE,FALSE
chr19_50296757,chr19,50296757,MYH14,50188186,50310542,TRUE,FALSE
chr19_50296769,chr19,50296769,MYH14,50188186,50310542,TRUE,FALSE
chr19_50296781,chr19,50296781,MYH14,50188186,50310542,TRUE,FALSE
chr19_50296783,chr19,50296783,MYH14,50188186,50310542,TRUE,FALSE
chr19_50296874,chr19,50296874,MYH14,50188186,50310542,TRUE,FALSE
chr19_50297016,chr19,50297016,MYH14,50188186,50310542,TRUE,FALSE
chr19_50297078,chr19,50297078,MYH14,50188186,50310542,TRUE,FALSE
chr19_50297263,chr19,50297263,MYH14,50188186,50310542,TRUE,FALSE
chr19_50297273,chr19,50297273,MYH14,50188186,50310542,TRUE,FALSE
chr19_50297275,chr19,50297275,MYH14,50188186,50310542,TRUE,FALSE
chr19_50297279,chr19,50297279,MYH14,50188186,50310542,TRUE,FALSE
chr19_50297380,chr19,50297380,MYH14,50188186,50310542,TRUE,FALSE
chr19_50297527,chr19,50297527,MYH14,50188186,50310542,TRUE,FALSE
chr19_50297536,chr19,50297536,MYH14,50188186,50310542,TRUE,FALSE
chr19_50297590,chr19,50297590,MYH14,50188186,50310542,TRUE,FALSE
chr19_50297600,chr19,50297600,MYH14,50188186,50310542,TRUE,FALSE
chr19_50297622,chr19,50297622,MYH14,50188186,50310542,TRUE,FALSE
chr19_50297641,chr19,50297641,MYH14,50188186,50310542,TRUE,FALSE
chr19_50297719,chr19,50297719,MYH14,50188186,50310542,TRUE,FALSE
chr19_50297742,chr19,50297742,MYH14,50188186,50310542,TRUE,FALSE
chr19_50297866,chr19,50297866,MYH14,50188186,50310542,TRUE,FALSE
chr19_50297868,chr19,50297868,MYH14,50188186,50310542,TRUE,FALSE
chr19_50297919,chr19,50297919,MYH14,50188186,50310542,TRUE,FALSE
chr19_50297946,chr19,50297946,MYH14,50188186,50310542,TRUE,FALSE
chr19_50298008,chr19,50298008,MYH14,50188186,50310542,TRUE,FALSE
chr19_50298130,chr19,50298130,MYH14,50188186,50310542,TRUE,FALSE
chr19_50298159,chr19,50298159,MYH14,50188186,50310542,TRUE,FALSE
chr19_50298173,chr19,50298173,MYH14,50188186,50310542,TRUE,FALSE
chr19_50298436,chr19,50298436,MYH14,50188186,50310542,TRUE,FALSE
chr19_50298491,chr19,50298491,MYH14,50188186,50310542,TRUE,FALSE
chr19_50298493,chr19,50298493,MYH14,50188186,50310542,TRUE,FALSE
chr19_50298611,chr19,50298611,MYH14,50188186,50310542,TRUE,FALSE
chr19_50298619,chr19,50298619,MYH14,50188186,50310542,TRUE,FALSE
chr19_50298699,chr19,50298699,MYH14,50188186,50310542,TRUE,FALSE
chr19_50298705,chr19,50298705,MYH14,50188186,50310542,TRUE,FALSE
chr19_50298737,chr19,50298737,MYH14,50188186,50310542,TRUE,FALSE
chr19_50298803,chr19,50298803,MYH14,50188186,50310542,TRUE,FALSE
chr19_50298997,chr19,50298997,MYH14,50188186,50310542,TRUE,FALSE
chr19_50299005,chr19,50299005,MYH14,50188186,50310542,TRUE,FALSE
chr19_50299199,chr19,50299199,MYH14,50188186,50310542,TRUE,FALSE
chr19_50299335,chr19,50299335,MYH14,50188186,50310542,TRUE,FALSE
chr19_50299340,chr19,50299340,MYH14,50188186,50310542,TRUE,FALSE
chr19_50299427,chr19,50299427,MYH14,50188186,50310542,TRUE,FALSE
chr19_50299431,chr19,50299431,MYH14,50188186,50310542,TRUE,FALSE
chr19_50299477,chr19,50299477,MYH14,50188186,50310542,TRUE,FALSE
chr19_50299666,chr19,50299666,MYH14,50188186,50310542,TRUE,FALSE
chr19_50299670,chr19,50299670,MYH14,50188186,50310542,TRUE,FALSE
chr19_50299682,chr19,50299682,MYH14,50188186,50310542,TRUE,FALSE
chr19_50299710,chr19,50299710,MYH14,50188186,50310542,TRUE,FALSE
chr19_50299815,chr19,50299815,MYH14,50188186,50310542,TRUE,FALSE
chr19_50299859,chr19,50299859,MYH14,50188186,50310542,TRUE,FALSE
chr19_50299869,chr19,50299869,MYH14,50188186,50310542,TRUE,FALSE
chr19_50299893,chr19,50299893,MYH14,50188186,50310542,TRUE,FALSE
chr19_50299899,chr19,50299899,MYH14,50188186,50310542,TRUE,FALSE
chr19_50300238,chr19,50300238,MYH14,50188186,50310542,TRUE,FALSE
chr19_50300301,chr19,50300301,MYH14,50188186,50310542,TRUE,FALSE
chr19_50300470,chr19,50300470,MYH14,50188186,50310542,TRUE,FALSE
chr19_50300474,chr19,50300474,MYH14,50188186,50310542,TRUE,FALSE
chr19_50300546,chr19,50300546,MYH14,50188186,50310542,TRUE,FALSE
chr19_50300663,chr19,50300663,MYH14,50188186,50310542,TRUE,FALSE
chr19_50300703,chr19,50300703,MYH14,50188186,50310542,TRUE,FALSE
chr19_50300727,chr19,50300727,MYH14,50188186,50310542,TRUE,FALSE
chr19_50300795,chr19,50300795,MYH14,50188186,50310542,TRUE,FALSE
chr19_50300893,chr19,50300893,MYH14,50188186,50310542,TRUE,FALSE
chr19_50301009,chr19,50301009,MYH14,50188186,50310542,TRUE,FALSE
chr19_50301075,chr19,50301075,MYH14,50188186,50310542,TRUE,FALSE
chr19_50301086,chr19,50301086,MYH14,50188186,50310542,TRUE,FALSE
chr19_50301103,chr19,50301103,MYH14,50188186,50310542,TRUE,FALSE
chr19_50301166,chr19,50301166,MYH14,50188186,50310542,TRUE,FALSE
chr19_50301208,chr19,50301208,MYH14,50188186,50310542,TRUE,FALSE
chr19_50301408,chr19,50301408,MYH14,50188186,50310542,TRUE,FALSE
chr19_50301555,chr19,50301555,MYH14,50188186,50310542,TRUE,FALSE
chr19_50301739,chr19,50301739,MYH14,50188186,50310542,TRUE,FALSE
chr19_50301757,chr19,50301757,MYH14,50188186,50310542,TRUE,FALSE
chr19_50301763,chr19,50301763,MYH14,50188186,50310542,TRUE,FALSE
chr19_50301790,chr19,50301790,MYH14,50188186,50310542,TRUE,FALSE
chr19_50301796,chr19,50301796,MYH14,50188186,50310542,TRUE,FALSE
chr19_50301950,chr19,50301950,MYH14,50188186,50310542,TRUE,FALSE
chr19_50302015,chr19,50302015,MYH14,50188186,50310542,TRUE,FALSE
chr19_50302048,chr19,50302048,MYH14,50188186,50310542,TRUE,FALSE
chr19_50302152,chr19,50302152,MYH14,50188186,50310542,TRUE,FALSE
chr19_50302352,chr19,50302352,MYH14,50188186,50310542,TRUE,FALSE
chr19_50302531,chr19,50302531,MYH14,50188186,50310542,TRUE,FALSE
chr19_50302539,chr19,50302539,MYH14,50188186,50310542,TRUE,FALSE
chr19_50302628,chr19,50302628,MYH14,50188186,50310542,TRUE,FALSE
chr19_50302638,chr19,50302638,MYH14,50188186,50310542,TRUE,FALSE
chr19_50302671,chr19,50302671,MYH14,50188186,50310542,TRUE,FALSE
chr19_50302690,chr19,50302690,MYH14,50188186,50310542,TRUE,FALSE
chr19_50302698,chr19,50302698,MYH14,50188186,50310542,TRUE,FALSE
chr19_50302729,chr19,50302729,MYH14,50188186,50310542,TRUE,FALSE
chr19_50302758,chr19,50302758,MYH14,50188186,50310542,TRUE,FALSE
chr19_50302762,chr19,50302762,MYH14,50188186,50310542,TRUE,FALSE
chr19_50302772,chr19,50302772,MYH14,50188186,50310542,TRUE,FALSE
chr19_50302896,chr19,50302896,MYH14,50188186,50310542,TRUE,FALSE
chr19_50303033,chr19,50303033,MYH14,50188186,50310542,TRUE,FALSE
chr19_50303046,chr19,50303046,MYH14,50188186,50310542,TRUE,FALSE
chr19_50303054,chr19,50303054,MYH14,50188186,50310542,TRUE,FALSE
chr19_50303190,chr19,50303190,MYH14,50188186,50310542,TRUE,FALSE
chr19_50303513,chr19,50303513,MYH14,50188186,50310542,TRUE,FALSE
chr19_50304327,chr19,50304327,MYH14,50188186,50310542,TRUE,FALSE
chr19_50304418,chr19,50304418,MYH14,50188186,50310542,TRUE,FALSE
chr19_50304446,chr19,50304446,MYH14,50188186,50310542,TRUE,FALSE
chr19_50304538,chr19,50304538,MYH14,50188186,50310542,TRUE,FALSE
chr19_50304584,chr19,50304584,MYH14,50188186,50310542,TRUE,FALSE
chr19_50305051,chr19,50305051,MYH14,50188186,50310542,TRUE,FALSE
chr19_50305130,chr19,50305130,MYH14,50188186,50310542,TRUE,FALSE
chr19_50305331,chr19,50305331,MYH14,50188186,50310542,TRUE,FALSE
chr19_50305612,chr19,50305612,MYH14,50188186,50310542,TRUE,FALSE
chr19_50305748,chr19,50305748,MYH14,50188186,50310542,TRUE,FALSE
chr19_50305824,chr19,50305824,MYH14,50188186,50310542,TRUE,FALSE
chr19_50305846,chr19,50305846,MYH14,50188186,50310542,TRUE,FALSE
chr19_50306000,chr19,50306000,MYH14,50188186,50310542,TRUE,FALSE
chr19_50306004,chr19,50306004,MYH14,50188186,50310542,TRUE,FALSE
chr19_50306016,chr19,50306016,MYH14,50188186,50310542,TRUE,FALSE
chr19_50306053,chr19,50306053,MYH14,50188186,50310542,TRUE,FALSE
chr19_50306076,chr19,50306076,MYH14,50188186,50310542,TRUE,FALSE
chr19_50306170,chr19,50306170,MYH14,50188186,50310542,TRUE,FALSE
chr19_50306219,chr19,50306219,MYH14,50188186,50310542,TRUE,FALSE
chr19_50306234,chr19,50306234,MYH14,50188186,50310542,TRUE,FALSE
chr19_50306337,chr19,50306337,MYH14,50188186,50310542,TRUE,FALSE
chr19_50306408,chr19,50306408,MYH14,50188186,50310542,TRUE,FALSE
chr19_50306502,chr19,50306502,MYH14,50188186,50310542,TRUE,FALSE
chr19_50306868,chr19,50306868,MYH14,50188186,50310542,TRUE,FALSE
chr19_50307053,chr19,50307053,MYH14,50188186,50310542,TRUE,FALSE
chr19_50307128,chr19,50307128,MYH14,50188186,50310542,TRUE,FALSE
chr19_50307149,chr19,50307149,MYH14,50188186,50310542,TRUE,FALSE
chr19_50307872,chr19,50307872,MYH14,50188186,50310542,TRUE,FALSE
chr19_50307952,chr19,50307952,MYH14,50188186,50310542,TRUE,FALSE
chr19_50308008,chr19,50308008,MYH14,50188186,50310542,TRUE,FALSE
chr19_50308229,chr19,50308229,MYH14,50188186,50310542,TRUE,FALSE
chr19_50308394,chr19,50308394,MYH14,50188186,50310542,TRUE,FALSE
chr19_50308710,chr19,50308710,MYH14,50188186,50310542,TRUE,FALSE
chr19_50309058,chr19,50309058,MYH14,50188186,50310542,TRUE,FALSE
chr19_50309074,chr19,50309074,MYH14,50188186,50310542,TRUE,FALSE
chr19_50309089,chr19,50309089,MYH14,50188186,50310542,TRUE,FALSE
chr19_50309092,chr19,50309092,MYH14,50188186,50310542,TRUE,FALSE
chr19_50309104,chr19,50309104,MYH14,50188186,50310542,TRUE,FALSE
chr19_50309129,chr19,50309129,MYH14,50188186,50310542,TRUE,FALSE
chr19_50309133,chr19,50309133,MYH14,50188186,50310542,TRUE,FALSE
chr19_50309146,chr19,50309146,MYH14,50188186,50310542,TRUE,FALSE
chr19_50309170,chr19,50309170,MYH14,50188186,50310542,TRUE,FALSE
chr19_50309176,chr19,50309176,MYH14,50188186,50310542,TRUE,FALSE
chr19_50309192,chr19,50309192,MYH14,50188186,50310542,TRUE,FALSE
chr19_50309205,chr19,50309205,MYH14,50188186,50310542,TRUE,FALSE
chr19_50309242,chr19,50309242,MYH14,50188186,50310542,TRUE,FALSE
chr19_50309244,chr19,50309244,MYH14,50188186,50310542,TRUE,FALSE
chr19_50309286,chr19,50309286,MYH14,50188186,50310542,TRUE,FALSE
chr19_50310456,chr19,50310456,MYH14,50188186,50310542,TRUE,FALSE
chr19_50310533,chr19,50310533,MYH14,50188186,50310542,TRUE,FALSE
chr19_50310659,chr19,50310659,MYH14,50188186,50310542,FALSE,FALSE
chr19_50310691,chr19,50310691,MYH14,50188186,50310542,FALSE,FALSE
chr19_50310794,chr19,50310794,MYH14,50188186,50310542,FALSE,FALSE
chr19_50310828,chr19,50310828,MYH14,50188186,50310542,FALSE,FALSE
chr19_50310902,chr19,50310902,MYH14,50188186,50310542,FALSE,FALSE
chr19_50311036,chr19,50311036,MYH14,50188186,50310542,FALSE,FALSE
chr19_50311042,chr19,50311042,MYH14,50188186,50310542,FALSE,FALSE
chr19_50311053,chr19,50311053,MYH14,50188186,50310542,FALSE,FALSE
chr19_50311375,chr19,50311375,MYH14,50188186,50310542,FALSE,FALSE
chr19_50311394,chr19,50311394,MYH14,50188186,50310542,FALSE,FALSE
chr19_50311408,chr19,50311408,MYH14,50188186,50310542,FALSE,FALSE
chr19_50311412,chr19,50311412,MYH14,50188186,50310542,FALSE,FALSE
chr19_50311514,chr19,50311514,MYH14,50188186,50310542,FALSE,FALSE
chr19_50311530,chr19,50311530,MYH14,50188186,50310542,FALSE,FALSE
chr19_50311604,chr19,50311604,MYH14,50188186,50310542,FALSE,FALSE
chr19_50311634,chr19,50311634,MYH14,50188186,50310542,FALSE,FALSE
chr19_50311652,chr19,50311652,MYH14,50188186,50310542,FALSE,FALSE
chr19_50311661,chr19,50311661,MYH14,50188186,50310542,FALSE,FALSE
chr19_50311786,chr19,50311786,MYH14,50188186,50310542,FALSE,FALSE
chr19_50311797,chr19,50311797,MYH14,50188186,50310542,FALSE,FALSE
chr19_50312605,chr19,50312605,MYH14,50188186,50310542,FALSE,FALSE
chr19_50312667,chr19,50312667,MYH14,50188186,50310542,FALSE,FALSE
chr19_50313146,chr19,50313146,MYH14,50188186,50310542,FALSE,FALSE
chr19_50313190,chr19,50313190,MYH14,50188186,50310542,FALSE,FALSE
chr19_50313192,chr19,50313192,MYH14,50188186,50310542,FALSE,FALSE
chr19_50313196,chr19,50313196,MYH14,50188186,50310542,FALSE,FALSE
chr19_50313201,chr19,50313201,MYH14,50188186,50310542,FALSE,FALSE
chr19_50313203,chr19,50313203,MYH14,50188186,50310542,FALSE,FALSE
chr19_50313213,chr19,50313213,MYH14,50188186,50310542,FALSE,FALSE
chr19_50313242,chr19,50313242,MYH14,50188186,50310542,FALSE,FALSE
chr19_50313257,chr19,50313257,MYH14,50188186,50310542,FALSE,FALSE
chr19_50313295,chr19,50313295,MYH14,50188186,50310542,FALSE,FALSE
chr19_50313360,chr19,50313360,MYH14,50188186,50310542,FALSE,FALSE
chr19_50313378,chr19,50313378,MYH14,50188186,50310542,FALSE,FALSE
chr19_50313394,chr19,50313394,MYH14,50188186,50310542,FALSE,FALSE
chr19_50313412,chr19,50313412,MYH14,50188186,50310542,FALSE,FALSE
chr19_50313629,chr19,50313629,MYH14,50188186,50310542,FALSE,FALSE
chr19_50313703,chr19,50313703,MYH14,50188186,50310542,FALSE,FALSE
chr19_50314028,chr19,50314028,MYH14,50188186,50310542,FALSE,FALSE
chr19_50315183,chr19,50315183,MYH14,50188186,50310542,FALSE,FALSE
