sample	chr_pos	meth_pct	coverage
EGAN00001341982	chr18_14600023	25	4
EGAN00001341982	chr18_36160184	100	1
EGAN00001341982	chr18_60868500	100	4
EGAN00001341982	chr18_77421661	80	5
EGAN00001341982	chr2_70202883	100	4
EGAN00001341982	chr2_70896812	0	2
EGAN00001341982	chr2_71024387	100	3
EGAN00001341982	chr2_101245113	100	2
EGAN00001341982	chr2_104373927	100	3
EGAN00001341982	chr2_128902340	0	1
EGAN00001341982	chr2_175400388	100	2
EGAN00001341982	chr2_182031185	100	2
EGAN00001341982	chr2_187003438	66.6666666666667	3
EGAN00001341982	chr2_203707953	100	5
EGAN00001341982	chr2_213001584	50	4
EGAN00001341982	chr2_217062556	100	3
EGAN00001341982	chr2_226994954	100	3
EGAN00001341982	chr2_228500207	37.5	8
EGAN00001341982	chr2_230318605	66.6666666666667	3
EGAN00001341982	chr11_12886036	0	4
EGAN00001341982	chr11_18108059	60	5
EGAN00001341982	chr11_64041133	100	1
EGAN00001341982	chr11_64236610	100	2
EGAN00001341982	chr11_65642354	100	1
EGAN00001341982	chr11_66959350	0	4
EGAN00001341982	chr11_68878159	100	1
EGAN00001341982	chr11_69152182	100	2
EGAN00001341982	chr11_69702042	66.6666666666667	3
EGAN00001341982	chr11_94584351	20	5
EGAN00001341982	chr11_117071886	100	3
EGAN00001341982	chr11_125382866	100	2
EGAN00001341982	chr11_125418747	75	4
EGAN00001341982	chr11_126461346	33.3333333333333	3
EGAN00001341982	chr11_131933432	100	3
EGAN00001341982	chr11_132479453	100	2
EGAN00001341982	chr9_263022	100	2
EGAN00001341982	chr9_6873941	50	2
EGAN00001341982	chr9_11233815	100	7
EGAN00001341982	chr9_20682982	25	4
EGAN00001341982	chr9_21152362	100	1
EGAN00001341982	chr9_36826325	100	1
EGAN00001341982	chr9_42853495	0	1
EGAN00001341982	chr9_63348247	100	3
EGAN00001341982	chr9_76836241	50	2
EGAN00001341982	chr9_77514982	50	2
EGAN00001341982	chr9_78292300	60	5
EGAN00001341982	chr9_78618458	100	3
EGAN00001341982	chr9_80747246	100	2
EGAN00001341982	chr9_81101871	87.5	8
EGAN00001341982	chr9_127752452	100	2
EGAN00001341982	chr9_130376556	100	3
EGAN00001341982	chr9_135481350	100	1
EGAN00001341982	chr12_34421085	0	4
EGAN00001341982	chr12_47817468	0	1
EGAN00001341982	chr12_54329411	100	2
EGAN00001341982	chr12_96485658	100	2
EGAN00001341982	chr12_103365614	54.5454545454545	11
EGAN00001341982	chr12_109264248	0	1
EGAN00001341982	chr12_109925358	100	3
EGAN00001341982	chr12_115334226	16.6666666666667	6
EGAN00001341982	chr12_121366048	16.6666666666667	6
EGAN00001341982	chr12_132417868	100	1
EGAN00001341982	chr12_133232969	100	3
EGAN00001341982	chr5_1597217	60	5
EGAN00001341982	chr5_1778903	50	2
EGAN00001341982	chr5_24317711	75	4
EGAN00001341982	chr5_33600908	100	3
EGAN00001341982	chr5_36017684	40	5
EGAN00001341982	chr5_36953216	87.5	8
EGAN00001341982	chr5_62208520	80	5
EGAN00001341982	chr5_63155217	66.6666666666667	3
EGAN00001341982	chr5_76199453	100	1
EGAN00001341982	chr5_88827334	0	2
EGAN00001341982	chr5_96656366	50	2
EGAN00001341982	chr5_134906266	66.6666666666667	3
EGAN00001341982	chr5_135036179	0	2
EGAN00001341982	chr5_137889034	50	2
EGAN00001341982	chr5_141477532	50	2
EGAN00001341982	chr5_146333950	25	4
EGAN00001341982	chr5_170715905	50	2
EGAN00001341982	chr13_25852742	66.6666666666667	3
EGAN00001341982	chr13_87447540	50	2
EGAN00001341982	chr13_99977890	66.6666666666667	3
EGAN00001341982	chr13_111422484	100	2
EGAN00001341982	chr3_26878167	50	2
EGAN00001341982	chr3_46984285	100	1
EGAN00001341982	chr3_46988170	50	2
EGAN00001341982	chr3_50340540	0	2
EGAN00001341982	chr3_54203074	100	2
EGAN00001341982	chr3_61178549	62.5	8
EGAN00001341982	chr3_72302013	100	6
EGAN00001341982	chr3_75583245	40	5
EGAN00001341982	chr3_75583318	0	2
EGAN00001341982	chr3_95090765	100	5
EGAN00001341982	chr3_98758134	100	1
EGAN00001341982	chr3_122232635	80	5
EGAN00001341982	chr3_124292638	100	2
EGAN00001341982	chr3_126214216	0	1
EGAN00001341982	chr3_141009558	20	5
EGAN00001341982	chr3_157701978	100	1
EGAN00001341982	chr3_161514273	100	6
EGAN00001341982	chr3_187890625	100	1
EGAN00001341982	chr3_196648504	100	1
EGAN00001341982	chr16_10385715	0	1
EGAN00001341982	chr16_11330143	50	2
EGAN00001341982	chr16_26750116	100	1
EGAN00001341982	chr16_29829449	100	2
EGAN00001341982	chr16_31427636	100	1
EGAN00001341982	chr16_31639411	0	1
EGAN00001341982	chr16_32127597	60	5
EGAN00001341982	chr16_49395896	80	5
EGAN00001341982	chr16_57529241	100	2
EGAN00001341982	chr16_73010278	0	4
EGAN00001341982	chr16_83267621	75	4
EGAN00001341982	chr16_85509285	66.6666666666667	3
EGAN00001341982	chr16_88116470	0	1
EGAN00001341982	chr16_88786563	100	1
EGAN00001341982	chr16_88901804	100	1
EGAN00001341982	chrX_8064562	50	6
EGAN00001341982	chrX_9651990	80	5
EGAN00001341982	chrX_10473748	66.6666666666667	3
EGAN00001341982	chrX_14690789	100	1
EGAN00001341982	chrX_19640587	75	4
EGAN00001341982	chrX_29799022	100	8
EGAN00001341982	chrX_30374129	100	3
EGAN00001341982	chrX_45479778	87.5	8
EGAN00001341982	chrX_47084584	100	4
EGAN00001341982	chrX_52246947	100	1
EGAN00001341982	chrX_66086837	66.6666666666667	3
EGAN00001341982	chrX_66639832	75	4
EGAN00001341982	chrX_70303289	66.6666666666667	3
EGAN00001341982	chrX_87489343	100	4
EGAN00001341982	chrX_88018355	100	6
EGAN00001341982	chrX_92117524	75	4
EGAN00001341982	chrX_103155912	50	4
EGAN00001341982	chrX_121786794	42.8571428571429	7
EGAN00001341982	chrX_125833062	77.7777777777778	9
EGAN00001341982	chrX_131200477	66.6666666666667	3
EGAN00001341982	chrX_133812641	33.3333333333333	3
EGAN00001341982	chrX_134890929	100	5
EGAN00001341982	chrX_140679022	0	2
EGAN00001341982	chrX_142933309	88.8888888888889	9
EGAN00001341982	chrX_145393855	0	1
EGAN00001341982	chrX_145459539	66.6666666666667	6
EGAN00001341982	chrX_153892697	0	2
EGAN00001341982	chrX_154793630	80	5
EGAN00001341982	chr1_11644156	100	1
EGAN00001341982	chr1_15584385	100	2
EGAN00001341982	chr1_16167239	100	1
EGAN00001341982	chr1_25618560	0	1
EGAN00001341982	chr1_26319849	0	2
EGAN00001341982	chr1_36555214	40	5
EGAN00001341982	chr1_53638146	50	2
EGAN00001341982	chr1_96518976	100	1
EGAN00001341982	chr1_98733419	100	3
EGAN00001341982	chr1_114136997	0	4
EGAN00001341982	chr1_119005528	60	5
EGAN00001341982	chr1_151197469	100	1
EGAN00001341982	chr1_151352085	100	5
EGAN00001341982	chr1_153022380	0	1
EGAN00001341982	chr1_154707828	100	2
EGAN00001341982	chr1_156193528	50	2
EGAN00001341982	chr1_156246289	0	1
EGAN00001341982	chr1_167629958	25	4
EGAN00001341982	chr1_168997424	100	1
EGAN00001341982	chr1_180935427	100	1
EGAN00001341982	chr1_181629071	66.6666666666667	6
EGAN00001341982	chr1_212917135	100	3
EGAN00001341982	chr1_221839912	0	1
EGAN00001341982	chr22_12168418	0	1
EGAN00001341982	chr22_18958409	100	1
EGAN00001341982	chr22_26630073	100	6
EGAN00001341982	chr22_26665011	100	2
EGAN00001341982	chr22_27803413	100	2
EGAN00001341982	chr22_46262573	50	2
EGAN00001341982	chr22_49646965	100	1
EGAN00001341982	chr22_50499363	100	4
EGAN00001341982	chr14_20747558	100	2
EGAN00001341982	chr14_50363770	0	2
EGAN00001341982	chr14_68434182	100	2
EGAN00001341982	chr14_72645911	100	2
EGAN00001341982	chr14_96585335	100	1
EGAN00001341982	chr14_97459083	20	5
EGAN00001341982	chr14_99617228	50	2
EGAN00001341982	chr14_102126515	75	4
EGAN00001341982	chr7_5164167	100	4
EGAN00001341982	chr7_43199785	0	3
EGAN00001341982	chr7_56454779	100	1
EGAN00001341982	chr7_58045908	100	1
EGAN00001341982	chr7_73565783	100	6
EGAN00001341982	chr7_76166396	100	2
EGAN00001341982	chr7_95917591	83.3333333333333	6
EGAN00001341982	chr7_115420145	100	4
EGAN00001341982	chr7_116306146	66.6666666666667	6
EGAN00001341982	chr7_134355048	50	2
EGAN00001341982	chr6_24684543	0	1
EGAN00001341982	chr6_25263453	100	3
EGAN00001341982	chr6_27187194	50	2
EGAN00001341982	chr6_45236020	100	1
EGAN00001341982	chr6_68487849	33.3333333333333	3
EGAN00001341982	chr6_68633390	50	2
EGAN00001341982	chr6_69431934	100	2
EGAN00001341982	chr6_96784428	80	5
EGAN00001341982	chr6_126033156	50	2
EGAN00001341982	chr6_128911345	100	4
EGAN00001341982	chr6_133948746	25	4
EGAN00001341982	chr6_138523563	50	2
EGAN00001341982	chr6_150490691	100	1
EGAN00001341982	chr6_158356641	100	1
EGAN00001341982	chr6_159578134	100	3
EGAN00001341982	chr20_18728365	100	1
EGAN00001341982	chr20_31274499	100	3
EGAN00001341982	chr20_38892436	0	1
EGAN00001341982	chr20_41378024	66.6666666666667	3
EGAN00001341982	chr20_53469500	85.7142857142857	7
EGAN00001341982	chr20_56318577	25	4
EGAN00001341982	chr20_63131247	100	3
EGAN00001341982	chr20_63165100	100	2
EGAN00001341982	chr15_25644379	50	2
EGAN00001341982	chr15_37642362	87.5	8
EGAN00001341982	chr15_65305540	0	1
EGAN00001341982	chr15_77815002	50	2
EGAN00001341982	chr15_82808150	85.7142857142857	7
EGAN00001341982	chr15_82850898	100	1
EGAN00001341982	chr15_99438835	66.6666666666667	3
EGAN00001341982	chr15_101653213	33.3333333333333	3
EGAN00001341982	chr10_13054037	80	5
EGAN00001341982	chr10_15761856	100	3
EGAN00001341982	chr10_22875783	100	3
EGAN00001341982	chr10_32230625	80	5
EGAN00001341982	chr10_43215249	100	1
EGAN00001341982	chr10_46051416	0	2
EGAN00001341982	chr10_86942707	50	2
EGAN00001341982	chr10_116238155	100	1
EGAN00001341982	chr10_117126088	100	1
EGAN00001341982	chr10_117126333	100	3
EGAN00001341982	chr10_129394840	100	1
EGAN00001341982	chr10_130359215	100	1
EGAN00001341982	chr10_131223999	33.3333333333333	3
EGAN00001341982	chr10_132416091	100	1
EGAN00001341982	chr4_981446	100	1
EGAN00001341982	chr4_4461846	100	1
EGAN00001341982	chr4_6355382	33.3333333333333	3
EGAN00001341982	chr4_7722248	0	4
EGAN00001341982	chr4_8351429	66.6666666666667	3
EGAN00001341982	chr4_12118549	12.5	8
EGAN00001341982	chr4_26822662	0	1
EGAN00001341982	chr4_37436122	100	1
EGAN00001341982	chr4_64314525	75	4
EGAN00001341982	chr4_64927430	66.6666666666667	6
EGAN00001341982	chr4_78704723	100	5
EGAN00001341982	chr4_134394695	100	2
EGAN00001341982	chr4_164959805	50	2
EGAN00001341982	chr4_184040172	0	2
EGAN00001341982	chr4_184097440	50	2
EGAN00001341982	chr4_188315458	100	4
EGAN00001341982	chr17_4692189	100	2
EGAN00001341982	chr17_6985285	0	1
EGAN00001341982	chr17_16415616	0	2
EGAN00001341982	chr17_68247196	75	4
EGAN00001341982	chr17_75539860	100	1
EGAN00001341982	chr17_81080366	0	1
EGAN00001341982	chr21_19898807	0	1
EGAN00001341982	chr21_37565327	100	1
EGAN00001341982	chr21_38664557	66.6666666666667	3
EGAN00001341982	chr21_44344331	100	3
EGAN00001341982	chr21_45819850	33.3333333333333	3
EGAN00001341982	chr8_4462694	100	4
EGAN00001341982	chr8_28419410	80	5
EGAN00001341982	chr8_41725935	0	2
EGAN00001341982	chr8_109229267	100	2
EGAN00001341982	chr8_140469431	50	4
EGAN00001341982	chr8_142700164	0	1
EGAN00001341982	chr8_142907539	80	5
EGAN00001341982	chr19_1081819	100	1
EGAN00001341982	chr19_4208634	100	2
EGAN00001341982	chr19_6933868	100	1
EGAN00001341982	chr19_7620450	100	1
EGAN00001341982	chr19_9960591	100	1
EGAN00001341982	chr19_10547625	100	1
EGAN00001341982	chr19_17224895	100	1
EGAN00001341982	chr19_19228631	100	3
EGAN00001341982	chr19_39437477	100	3
EGAN00001341982	chr19_47022375	0	1
EGAN00001341982	chr19_47357047	100	1
EGAN00001341982	chr19_48096320	0	1
EGAN00001341982	chr19_56667668	0	1
EGAN00001341983	chr16_984377	50	2
EGAN00001341983	chr16_10385715	50	2
EGAN00001341983	chr16_11330143	0	2
EGAN00001341983	chr16_26750116	0	1
EGAN00001341983	chr16_27782241	0	1
EGAN00001341983	chr16_31427636	0	1
EGAN00001341983	chr16_31639411	0	2
EGAN00001341983	chr16_32127597	100	1
EGAN00001341983	chr16_34663733	0	1
EGAN00001341983	chr16_73010278	100	1
EGAN00001341983	chr16_83267621	0	1
EGAN00001341983	chr16_88116470	100	2
EGAN00001341983	chr16_88786563	100	2
EGAN00001341983	chr11_12886036	0	5
EGAN00001341983	chr11_18108059	100	1
EGAN00001341983	chr11_65642354	100	1
EGAN00001341983	chr11_66959350	60	5
EGAN00001341983	chr11_68878159	100	3
EGAN00001341983	chr11_69152182	100	2
EGAN00001341983	chr11_117071886	100	4
EGAN00001341983	chr11_125418747	100	1
EGAN00001341983	chr11_126461346	100	3
EGAN00001341983	chr11_131933432	100	3
EGAN00001341983	chr11_132479453	100	1
EGAN00001341983	chr10_13054037	100	1
EGAN00001341983	chr10_15761856	0	1
EGAN00001341983	chr10_32230625	100	3
EGAN00001341983	chr10_43215249	0	1
EGAN00001341983	chr10_46051416	0	2
EGAN00001341983	chr10_103584792	0	1
EGAN00001341983	chr10_103848137	0	1
EGAN00001341983	chr10_116238155	100	2
EGAN00001341983	chr10_117126088	0	1
EGAN00001341983	chr10_117126333	100	1
EGAN00001341983	chr10_123497213	0	1
EGAN00001341983	chr10_129394840	100	2
EGAN00001341983	chr10_130359215	66.6666666666667	3
EGAN00001341983	chr3_5027252	100	1
EGAN00001341983	chr3_26878167	0	1
EGAN00001341983	chr3_50340540	0	2
EGAN00001341983	chr3_54203074	100	1
EGAN00001341983	chr3_61178549	80	5
EGAN00001341983	chr3_75583245	0	1
EGAN00001341983	chr3_75583318	0	1
EGAN00001341983	chr3_95090765	100	1
EGAN00001341983	chr3_98758134	100	2
EGAN00001341983	chr3_122232635	100	3
EGAN00001341983	chr3_124292638	100	3
EGAN00001341983	chr3_126214216	66.6666666666667	3
EGAN00001341983	chr3_141009558	33.3333333333333	3
EGAN00001341983	chr3_157701978	100	3
EGAN00001341983	chr3_187890625	100	2
EGAN00001341983	chr3_196648504	100	2
EGAN00001341983	chr7_5564384	66.6666666666667	3
EGAN00001341983	chr7_30642492	100	1
EGAN00001341983	chr7_58045908	60	5
EGAN00001341983	chr7_73565783	66.6666666666667	3
EGAN00001341983	chr7_95917591	0	1
EGAN00001341983	chr7_115420145	100	2
EGAN00001341983	chr7_116306146	100	5
EGAN00001341983	chr7_134355048	100	2
EGAN00001341983	chr4_6355382	0	1
EGAN00001341983	chr4_8351429	0	1
EGAN00001341983	chr4_9381003	100	1
EGAN00001341983	chr4_12118549	50	4
EGAN00001341983	chr4_26822662	0	1
EGAN00001341983	chr4_37436122	100	1
EGAN00001341983	chr4_64314525	100	4
EGAN00001341983	chr4_64927430	50	6
EGAN00001341983	chr4_78704723	75	4
EGAN00001341983	chr4_134394695	83.3333333333333	6
EGAN00001341983	chr4_184040172	0	2
EGAN00001341983	chr4_188315458	66.6666666666667	3
EGAN00001341983	chr12_34421085	100	2
EGAN00001341983	chr12_47817468	0	1
EGAN00001341983	chr12_54329411	33.3333333333333	3
EGAN00001341983	chr12_96485658	100	1
EGAN00001341983	chr12_103365614	80	5
EGAN00001341983	chr12_104215539	100	1
EGAN00001341983	chr12_109925358	100	1
EGAN00001341983	chr12_115334226	100	1
EGAN00001341983	chr12_121366048	0	1
EGAN00001341983	chr12_124548162	100	2
EGAN00001341983	chr12_132417868	0	1
EGAN00001341983	chr12_133232969	100	1
EGAN00001341983	chr6_10882717	0	2
EGAN00001341983	chr6_24684543	66.6666666666667	3
EGAN00001341983	chr6_25263453	100	1
EGAN00001341983	chr6_27187194	0	1
EGAN00001341983	chr6_35503585	0	1
EGAN00001341983	chr6_45236020	100	1
EGAN00001341983	chr6_68487849	87.5	8
EGAN00001341983	chr6_68633390	50	2
EGAN00001341983	chr6_126033156	66.6666666666667	3
EGAN00001341983	chr6_128911345	100	3
EGAN00001341983	chr6_133948746	100	2
EGAN00001341983	chr6_138523563	0	1
EGAN00001341983	chr6_150490691	100	2
EGAN00001341983	chr6_158356641	100	2
EGAN00001341983	chr6_159578134	50	2
EGAN00001341983	chr14_20747558	100	3
EGAN00001341983	chr14_50363770	0	1
EGAN00001341983	chr14_68434182	100	1
EGAN00001341983	chr14_72645911	50	2
EGAN00001341983	chr14_92261125	50	2
EGAN00001341983	chr14_96585335	0	1
EGAN00001341983	chr14_99617228	0	1
EGAN00001341983	chr14_102126515	50	2
EGAN00001341983	chr14_103332688	100	4
EGAN00001341983	chr8_4462694	75	4
EGAN00001341983	chr8_28419410	33.3333333333333	3
EGAN00001341983	chr8_41725935	100	1
EGAN00001341983	chr8_109229267	80	5
EGAN00001341983	chr8_127312020	100	1
EGAN00001341983	chr8_140469431	0	1
EGAN00001341983	chr8_142907539	100	2
EGAN00001341983	chr5_1597217	100	1
EGAN00001341983	chr5_1778903	33.3333333333333	3
EGAN00001341983	chr5_24317711	100	2
EGAN00001341983	chr5_33600908	100	3
EGAN00001341983	chr5_36017684	0	1
EGAN00001341983	chr5_36953216	100	1
EGAN00001341983	chr5_58913787	0	1
EGAN00001341983	chr5_62208520	66.6666666666667	3
EGAN00001341983	chr5_63155217	100	1
EGAN00001341983	chr5_96656366	100	3
EGAN00001341983	chr5_134906266	50	2
EGAN00001341983	chr5_137889034	0	1
EGAN00001341983	chr5_146333950	50	2
EGAN00001341983	chr5_170715905	33.3333333333333	3
EGAN00001341983	chrX_8064562	100	2
EGAN00001341983	chrX_9651990	100	2
EGAN00001341983	chrX_14690789	100	3
EGAN00001341983	chrX_29799022	100	2
EGAN00001341983	chrX_30374129	62.5	8
EGAN00001341983	chrX_45479778	0	1
EGAN00001341983	chrX_47084584	75	4
EGAN00001341983	chrX_52246947	100	2
EGAN00001341983	chrX_66086837	100	2
EGAN00001341983	chrX_66639832	50	2
EGAN00001341983	chrX_70303289	0	2
EGAN00001341983	chrX_87489343	100	2
EGAN00001341983	chrX_88018355	66.6666666666667	3
EGAN00001341983	chrX_92117524	100	4
EGAN00001341983	chrX_103155912	100	1
EGAN00001341983	chrX_121786794	50	4
EGAN00001341983	chrX_125833062	60	5
EGAN00001341983	chrX_131200477	100	1
EGAN00001341983	chrX_133812641	100	1
EGAN00001341983	chrX_140679022	0	3
EGAN00001341983	chrX_142933309	100	5
EGAN00001341983	chrX_145393855	0	1
EGAN00001341983	chrX_145459539	40	5
EGAN00001341983	chrX_154793630	25	4
EGAN00001341983	chr1_3332671	100	1
EGAN00001341983	chr1_15584385	100	1
EGAN00001341983	chr1_16167239	100	1
EGAN00001341983	chr1_25618560	0	1
EGAN00001341983	chr1_36555214	100	1
EGAN00001341983	chr1_53638146	0	1
EGAN00001341983	chr1_96518976	100	2
EGAN00001341983	chr1_98733419	100	2
EGAN00001341983	chr1_112329623	0	1
EGAN00001341983	chr1_114136997	50	2
EGAN00001341983	chr1_119005528	60	5
EGAN00001341983	chr1_151197469	100	1
EGAN00001341983	chr1_151352085	100	1
EGAN00001341983	chr1_153022380	33.3333333333333	3
EGAN00001341983	chr1_156193528	100	1
EGAN00001341983	chr1_156246289	100	1
EGAN00001341983	chr1_167629958	0	6
EGAN00001341983	chr1_168997424	100	1
EGAN00001341983	chr1_181629071	50	2
EGAN00001341983	chr1_221839912	0	2
EGAN00001341983	chr15_37642362	100	3
EGAN00001341983	chr15_59863352	100	1
EGAN00001341983	chr15_65305540	0	2
EGAN00001341983	chr15_77815002	100	1
EGAN00001341983	chr15_82808150	66.6666666666667	6
EGAN00001341983	chr15_82850898	50	2
EGAN00001341983	chr15_101653213	0	3
EGAN00001341983	chr20_18728365	100	2
EGAN00001341983	chr20_31274499	100	1
EGAN00001341983	chr20_38892436	33.3333333333333	3
EGAN00001341983	chr20_41378024	50	2
EGAN00001341983	chr20_53469500	100	1
EGAN00001341983	chr20_56318577	100	1
EGAN00001341983	chr20_63085658	100	2
EGAN00001341983	chr20_63165100	100	1
EGAN00001341983	chr2_70202883	100	3
EGAN00001341983	chr2_175400388	33.3333333333333	3
EGAN00001341983	chr2_187003438	100	1
EGAN00001341983	chr2_203707953	100	4
EGAN00001341983	chr2_213001584	0	3
EGAN00001341983	chr2_217062556	100	3
EGAN00001341983	chr2_226994954	100	1
EGAN00001341983	chr2_228500207	50	2
EGAN00001341983	chr2_230318605	50	2
EGAN00001341983	chr19_1081819	100	2
EGAN00001341983	chr19_4208634	100	1
EGAN00001341983	chr19_9960591	0	1
EGAN00001341983	chr19_10547625	100	1
EGAN00001341983	chr19_14428342	100	2
EGAN00001341983	chr19_17224895	100	3
EGAN00001341983	chr19_19228631	100	1
EGAN00001341983	chr19_39437477	100	1
EGAN00001341983	chr19_47022375	0	2
EGAN00001341983	chr19_47357047	100	1
EGAN00001341983	chr19_48096320	100	3
EGAN00001341983	chr19_50259120	0	1
EGAN00001341983	chr19_56667668	0	1
EGAN00001341983	chr9_263022	100	1
EGAN00001341983	chr9_6873941	100	3
EGAN00001341983	chr9_11233815	100	3
EGAN00001341983	chr9_20682982	100	1
EGAN00001341983	chr9_21152362	66.6666666666667	3
EGAN00001341983	chr9_36826325	50	2
EGAN00001341983	chr9_42853495	0	1
EGAN00001341983	chr9_63348247	66.6666666666667	3
EGAN00001341983	chr9_76836241	50	2
EGAN00001341983	chr9_77514982	0	2
EGAN00001341983	chr9_78292300	66.6666666666667	3
EGAN00001341983	chr9_81101871	33.3333333333333	3
EGAN00001341983	chr9_127752452	100	1
EGAN00001341983	chr9_134026344	0	1
EGAN00001341983	chr9_135481350	0	1
EGAN00001341983	chr17_6985285	75	4
EGAN00001341983	chr17_68247196	0	1
EGAN00001341983	chr17_75539860	100	1
EGAN00001341983	chr13_25852742	83.3333333333333	6
EGAN00001341983	chr13_51782350	100	1
EGAN00001341983	chr13_87447540	100	3
EGAN00001341983	chr13_99977890	0	4
EGAN00001341983	chr13_111422484	100	1
EGAN00001341983	chr18_14600023	33.3333333333333	3
EGAN00001341983	chr18_36160184	100	1
EGAN00001341983	chr18_60868500	80	5
EGAN00001341983	chr18_77421661	100	1
EGAN00001341983	chr22_26630073	100	1
EGAN00001341983	chr22_26665011	50	6
EGAN00001341983	chr22_27803413	100	1
EGAN00001341983	chr22_49646965	66.6666666666667	3
EGAN00001341983	chr22_50267083	100	1
EGAN00001341983	chr21_38664557	100	1
EGAN00001341984	chr5_1597217	100	2
EGAN00001341984	chr5_1778903	66.6666666666667	6
EGAN00001341984	chr5_24317711	100	1
EGAN00001341984	chr5_33600908	100	8
EGAN00001341984	chr5_36017684	80	10
EGAN00001341984	chr5_36953216	87.5	8
EGAN00001341984	chr5_58913787	0	2
EGAN00001341984	chr5_62208520	83.3333333333333	6
EGAN00001341984	chr5_63155217	100	2
EGAN00001341984	chr5_76199453	0	2
EGAN00001341984	chr5_88827334	100	1
EGAN00001341984	chr5_96656366	75	4
EGAN00001341984	chr5_134906266	33.3333333333333	3
EGAN00001341984	chr5_135036179	66.6666666666667	3
EGAN00001341984	chr5_137889034	0	1
EGAN00001341984	chr5_146333950	66.6666666666667	3
EGAN00001341984	chr5_170715905	50	4
EGAN00001341984	chr6_10882717	0	2
EGAN00001341984	chr6_24684543	100	4
EGAN00001341984	chr6_25263453	0	2
EGAN00001341984	chr6_27187194	75	8
EGAN00001341984	chr6_35503585	0	1
EGAN00001341984	chr6_45236020	100	3
EGAN00001341984	chr6_68487849	75	4
EGAN00001341984	chr6_68633390	66.6666666666667	3
EGAN00001341984	chr6_69431934	75	4
EGAN00001341984	chr6_96784428	75	8
EGAN00001341984	chr6_126033156	71.4285714285714	7
EGAN00001341984	chr6_128911345	100	3
EGAN00001341984	chr6_133948746	100	2
EGAN00001341984	chr6_138523563	0	2
EGAN00001341984	chr6_150490691	75	4
EGAN00001341984	chr6_158356641	85.7142857142857	7
EGAN00001341984	chr6_159578134	66.6666666666667	6
EGAN00001341984	chr3_26878167	100	6
EGAN00001341984	chr3_46984285	100	1
EGAN00001341984	chr3_46988170	0	5
EGAN00001341984	chr3_50340540	0	1
EGAN00001341984	chr3_54203074	33.3333333333333	3
EGAN00001341984	chr3_61178549	81.8181818181818	11
EGAN00001341984	chr3_72302013	100	3
EGAN00001341984	chr3_75583245	57.1428571428571	7
EGAN00001341984	chr3_75583318	25	4
EGAN00001341984	chr3_95090765	50	8
EGAN00001341984	chr3_98758134	100	4
EGAN00001341984	chr3_122232635	80	5
EGAN00001341984	chr3_124292638	100	1
EGAN00001341984	chr3_126214216	100	2
EGAN00001341984	chr3_141009558	40	5
EGAN00001341984	chr3_157701978	83.3333333333333	6
EGAN00001341984	chr3_161514273	100	1
EGAN00001341984	chr3_187890625	100	2
EGAN00001341984	chr3_196648504	100	2
EGAN00001341984	chr11_12886036	0	5
EGAN00001341984	chr11_18108059	100	3
EGAN00001341984	chr11_64041133	100	1
EGAN00001341984	chr11_64236610	100	5
EGAN00001341984	chr11_65642354	100	2
EGAN00001341984	chr11_66959350	57.1428571428571	7
EGAN00001341984	chr11_68878159	100	5
EGAN00001341984	chr11_69152182	33.3333333333333	3
EGAN00001341984	chr11_69702042	50	6
EGAN00001341984	chr11_94584351	50	4
EGAN00001341984	chr11_117071886	100	7
EGAN00001341984	chr11_125382866	60	5
EGAN00001341984	chr11_125418747	83.3333333333333	6
EGAN00001341984	chr11_126461346	50	2
EGAN00001341984	chr11_131933432	100	4
EGAN00001341984	chr11_132479453	100	2
EGAN00001341984	chr19_1081819	100	1
EGAN00001341984	chr19_4208634	100	1
EGAN00001341984	chr19_6933868	50	4
EGAN00001341984	chr19_9960591	0	1
EGAN00001341984	chr19_10547625	100	2
EGAN00001341984	chr19_17224895	100	3
EGAN00001341984	chr19_19228631	100	1
EGAN00001341984	chr19_39437477	100	1
EGAN00001341984	chr19_47022375	50	2
EGAN00001341984	chr19_47357047	100	3
EGAN00001341984	chr19_50259120	0	2
EGAN00001341984	chr19_56667668	0	3
EGAN00001341984	chr1_3332671	50	2
EGAN00001341984	chr1_11644156	50	2
EGAN00001341984	chr1_15584385	0	1
EGAN00001341984	chr1_16167239	100	2
EGAN00001341984	chr1_26030509	100	1
EGAN00001341984	chr1_26319849	0	5
EGAN00001341984	chr1_36555214	100	2
EGAN00001341984	chr1_53638146	0	2
EGAN00001341984	chr1_96518976	100	4
EGAN00001341984	chr1_98733419	100	3
EGAN00001341984	chr1_112329623	100	1
EGAN00001341984	chr1_114136997	33.3333333333333	3
EGAN00001341984	chr1_119005528	55.5555555555556	9
EGAN00001341984	chr1_151197469	75	4
EGAN00001341984	chr1_151352085	100	7
EGAN00001341984	chr1_153022380	50	2
EGAN00001341984	chr1_154707828	33.3333333333333	3
EGAN00001341984	chr1_156193528	20	5
EGAN00001341984	chr1_156246289	50	4
EGAN00001341984	chr1_167629958	0	4
EGAN00001341984	chr1_168997424	0	2
EGAN00001341984	chr1_180935427	100	2
EGAN00001341984	chr1_181629071	100	2
EGAN00001341984	chr1_212917135	100	1
EGAN00001341984	chr10_13054037	100	2
EGAN00001341984	chr10_15761856	100	2
EGAN00001341984	chr10_22875783	100	4
EGAN00001341984	chr10_32230625	100	6
EGAN00001341984	chr10_43215249	100	3
EGAN00001341984	chr10_46051416	33.3333333333333	6
EGAN00001341984	chr10_48531683	0	1
EGAN00001341984	chr10_103848137	0	2
EGAN00001341984	chr10_116238155	100	4
EGAN00001341984	chr10_117126088	100	1
EGAN00001341984	chr10_117126333	100	1
EGAN00001341984	chr10_123497213	100	3
EGAN00001341984	chr10_130359215	100	2
EGAN00001341984	chr10_131223999	50	2
EGAN00001341984	chr10_131581723	0	1
EGAN00001341984	chr10_132416091	100	2
EGAN00001341984	chrX_8064562	100	6
EGAN00001341984	chrX_9651990	100	2
EGAN00001341984	chrX_10473748	0	1
EGAN00001341984	chrX_14690789	83.3333333333333	6
EGAN00001341984	chrX_19640587	100	6
EGAN00001341984	chrX_29799022	72.7272727272727	11
EGAN00001341984	chrX_30374129	50	6
EGAN00001341984	chrX_45479778	88.8888888888889	9
EGAN00001341984	chrX_47084584	50	2
EGAN00001341984	chrX_52246947	0	1
EGAN00001341984	chrX_66086837	66.6666666666667	3
EGAN00001341984	chrX_66639832	50	6
EGAN00001341984	chrX_78119699	100	1
EGAN00001341984	chrX_87489343	70	10
EGAN00001341984	chrX_88018355	81.8181818181818	11
EGAN00001341984	chrX_92117524	75	4
EGAN00001341984	chrX_103155912	66.6666666666667	3
EGAN00001341984	chrX_117454191	100	1
EGAN00001341984	chrX_121786794	60	10
EGAN00001341984	chrX_125833062	60	10
EGAN00001341984	chrX_131200477	60	5
EGAN00001341984	chrX_133812641	33.3333333333333	3
EGAN00001341984	chrX_134890929	80	10
EGAN00001341984	chrX_140679022	85.7142857142857	7
EGAN00001341984	chrX_142933309	100	7
EGAN00001341984	chrX_145393855	50	8
EGAN00001341984	chrX_145459539	100	1
EGAN00001341984	chrX_154793630	50	2
EGAN00001341984	chr8_4462694	40	5
EGAN00001341984	chr8_28419410	80	5
EGAN00001341984	chr8_41725935	33.3333333333333	3
EGAN00001341984	chr8_109229267	66.6666666666667	3
EGAN00001341984	chr8_127312020	100	2
EGAN00001341984	chr8_140469431	50	4
EGAN00001341984	chr8_142700164	0	1
EGAN00001341984	chr8_142907539	0	1
EGAN00001341984	chr18_14600023	50	10
EGAN00001341984	chr18_22530056	100	1
EGAN00001341984	chr18_36160184	100	2
EGAN00001341984	chr18_60868500	75	8
EGAN00001341984	chr18_77421661	100	2
EGAN00001341984	chr4_981446	100	4
EGAN00001341984	chr4_4461846	60	5
EGAN00001341984	chr4_6355382	0	1
EGAN00001341984	chr4_7722248	0	1
EGAN00001341984	chr4_8351429	100	2
EGAN00001341984	chr4_9381003	66.6666666666667	3
EGAN00001341984	chr4_12118549	28.5714285714286	7
EGAN00001341984	chr4_26822662	0	7
EGAN00001341984	chr4_37436122	0	12
EGAN00001341984	chr4_64314525	100	5
EGAN00001341984	chr4_64927430	83.3333333333333	6
EGAN00001341984	chr4_78704723	92.3076923076923	13
EGAN00001341984	chr4_134394695	71.4285714285714	7
EGAN00001341984	chr4_164959805	100	1
EGAN00001341984	chr4_184040172	0	3
EGAN00001341984	chr4_184097440	0	2
EGAN00001341984	chr4_188315458	100	2
EGAN00001341984	chr2_70202883	100	2
EGAN00001341984	chr2_70896812	0	1
EGAN00001341984	chr2_71024387	100	3
EGAN00001341984	chr2_101245113	100	4
EGAN00001341984	chr2_175400388	83.3333333333333	6
EGAN00001341984	chr2_182031185	50	2
EGAN00001341984	chr2_203707953	88.8888888888889	9
EGAN00001341984	chr2_213001584	8.33333333333333	12
EGAN00001341984	chr2_217062556	100	9
EGAN00001341984	chr2_226994954	100	2
EGAN00001341984	chr2_228500207	33.3333333333333	3
EGAN00001341984	chr2_230318605	20	5
EGAN00001341984	chr13_25852742	66.6666666666667	6
EGAN00001341984	chr13_51782350	100	6
EGAN00001341984	chr13_87447540	71.4285714285714	7
EGAN00001341984	chr13_99977890	50	2
EGAN00001341984	chr13_111422484	0	1
EGAN00001341984	chr15_25644379	0	1
EGAN00001341984	chr15_37642362	100	6
EGAN00001341984	chr15_59863352	100	2
EGAN00001341984	chr15_60876327	0	3
EGAN00001341984	chr15_65305540	75	4
EGAN00001341984	chr15_77815002	100	3
EGAN00001341984	chr15_82808150	100	5
EGAN00001341984	chr15_82850898	33.3333333333333	3
EGAN00001341984	chr15_99438835	50	2
EGAN00001341984	chr15_101653213	100	2
EGAN00001341984	chr12_34421085	0	7
EGAN00001341984	chr12_47817468	0	1
EGAN00001341984	chr12_54329411	80	5
EGAN00001341984	chr12_96485658	0	1
EGAN00001341984	chr12_103365614	44.4444444444444	9
EGAN00001341984	chr12_104215539	100	4
EGAN00001341984	chr12_109925358	100	1
EGAN00001341984	chr12_115334226	42.8571428571429	7
EGAN00001341984	chr12_121366048	75	4
EGAN00001341984	chr12_124548162	50	2
EGAN00001341984	chr12_132417868	100	3
EGAN00001341984	chr12_133232969	100	2
EGAN00001341984	chr9_263022	80	5
EGAN00001341984	chr9_6873941	50	2
EGAN00001341984	chr9_11233815	85.7142857142857	7
EGAN00001341984	chr9_20682982	50	4
EGAN00001341984	chr9_21152362	100	5
EGAN00001341984	chr9_36826325	100	2
EGAN00001341984	chr9_42853495	100	1
EGAN00001341984	chr9_63348247	100	5
EGAN00001341984	chr9_76836241	100	3
EGAN00001341984	chr9_77514982	14.2857142857143	7
EGAN00001341984	chr9_78292300	66.6666666666667	3
EGAN00001341984	chr9_78618458	100	1
EGAN00001341984	chr9_80747246	100	2
EGAN00001341984	chr9_81101871	80	10
EGAN00001341984	chr9_127752452	100	2
EGAN00001341984	chr9_134026344	66.6666666666667	3
EGAN00001341984	chr9_135481350	0	1
EGAN00001341984	chr16_984377	100	1
EGAN00001341984	chr16_10385715	40	5
EGAN00001341984	chr16_11330143	0	1
EGAN00001341984	chr16_26750116	66.6666666666667	6
EGAN00001341984	chr16_27143556	100	1
EGAN00001341984	chr16_28862806	0	2
EGAN00001341984	chr16_29829449	100	2
EGAN00001341984	chr16_31427636	25	4
EGAN00001341984	chr16_31639411	66.6666666666667	3
EGAN00001341984	chr16_32127597	100	4
EGAN00001341984	chr16_34663733	60	5
EGAN00001341984	chr16_49395896	66.6666666666667	3
EGAN00001341984	chr16_73010278	20	5
EGAN00001341984	chr16_83267621	100	5
EGAN00001341984	chr16_85509285	0	1
EGAN00001341984	chr16_88116470	100	2
EGAN00001341984	chr16_88786563	100	1
EGAN00001341984	chr16_88901804	100	2
EGAN00001341984	chr17_4692189	100	1
EGAN00001341984	chr17_6985285	100	4
EGAN00001341984	chr17_16415616	0	1
EGAN00001341984	chr17_68247196	0	1
EGAN00001341984	chr17_75539860	100	1
EGAN00001341984	chr17_81080366	100	1
EGAN00001341984	chr17_82000072	0	1
EGAN00001341984	chr7_5164167	85.7142857142857	7
EGAN00001341984	chr7_5564384	75	4
EGAN00001341984	chr7_30642492	100	2
EGAN00001341984	chr7_43199785	0	3
EGAN00001341984	chr7_56454779	100	2
EGAN00001341984	chr7_58045908	100	4
EGAN00001341984	chr7_73565783	85.7142857142857	7
EGAN00001341984	chr7_76166396	100	3
EGAN00001341984	chr7_95917591	85.7142857142857	7
EGAN00001341984	chr7_116306146	100	4
EGAN00001341984	chr7_134355048	50	2
EGAN00001341984	chr20_18728365	100	1
EGAN00001341984	chr20_31274499	100	3
EGAN00001341984	chr20_41378024	100	1
EGAN00001341984	chr20_53469500	75	4
EGAN00001341984	chr20_56318577	100	7
EGAN00001341984	chr20_63131247	50	2
EGAN00001341984	chr20_63165100	75	4
EGAN00001341984	chr22_12168418	0	2
EGAN00001341984	chr22_18958409	50	4
EGAN00001341984	chr22_26630073	80	5
EGAN00001341984	chr22_26665011	50	6
EGAN00001341984	chr22_27803413	75	4
EGAN00001341984	chr22_46262573	100	1
EGAN00001341984	chr22_49646965	33.3333333333333	3
EGAN00001341984	chr22_50267083	100	2
EGAN00001341984	chr22_50499363	100	3
EGAN00001341984	chr14_20747558	66.6666666666667	3
EGAN00001341984	chr14_50363770	0	1
EGAN00001341984	chr14_68434182	100	3
EGAN00001341984	chr14_72645911	100	3
EGAN00001341984	chr14_92261125	100	3
EGAN00001341984	chr14_96585335	100	1
EGAN00001341984	chr14_97459083	100	1
EGAN00001341984	chr14_99617228	33.3333333333333	3
EGAN00001341984	chr14_102126515	66.6666666666667	3
EGAN00001341984	chr14_103332688	100	2
EGAN00001341984	chr14_104105553	100	3
EGAN00001341984	chr21_19898807	0	1
EGAN00001341984	chr21_37565327	50	2
EGAN00001341984	chr21_38664557	40	5
EGAN00001341984	chr21_44344331	100	1
EGAN00001341984	chr21_45819850	0	1
EGAN00001341985	chr17_4692189	66.6666666666667	3
EGAN00001341985	chr17_6985285	75	8
EGAN00001341985	chr17_16415616	50	2
EGAN00001341985	chr17_68247196	40	5
EGAN00001341985	chr17_75539860	0	1
EGAN00001341985	chr17_81080366	100	2
EGAN00001341985	chr17_82000072	100	3
EGAN00001341985	chr20_18728365	100	4
EGAN00001341985	chr20_31274499	100	6
EGAN00001341985	chr20_38892436	100	1
EGAN00001341985	chr20_41378024	100	9
EGAN00001341985	chr20_53469500	100	8
EGAN00001341985	chr20_56318577	100	4
EGAN00001341985	chr20_63131247	100	2
EGAN00001341985	chr20_63165100	80	5
EGAN00001341985	chr10_13054037	60	5
EGAN00001341985	chr10_15761856	80	5
EGAN00001341985	chr10_22875783	100	6
EGAN00001341985	chr10_32230625	100	11
EGAN00001341985	chr10_43215249	40	5
EGAN00001341985	chr10_46051416	25	8
EGAN00001341985	chr10_86942707	100	2
EGAN00001341985	chr10_103848137	0	2
EGAN00001341985	chr10_116238155	100	3
EGAN00001341985	chr10_117126088	100	1
EGAN00001341985	chr10_123497213	50	2
EGAN00001341985	chr10_129394840	100	4
EGAN00001341985	chr10_130359215	33.3333333333333	3
EGAN00001341985	chr10_131581723	100	6
EGAN00001341985	chr7_5164167	83.3333333333333	6
EGAN00001341985	chr7_5564384	75	4
EGAN00001341985	chr7_30642492	100	3
EGAN00001341985	chr7_43199785	0	6
EGAN00001341985	chr7_56454779	100	4
EGAN00001341985	chr7_58045908	70	10
EGAN00001341985	chr7_73565783	57.1428571428571	7
EGAN00001341985	chr7_76166396	100	2
EGAN00001341985	chr7_95917591	33.3333333333333	3
EGAN00001341985	chr7_115420145	85.7142857142857	7
EGAN00001341985	chr7_116306146	100	5
EGAN00001341985	chr7_134355048	62.5	8
EGAN00001341985	chrX_8064562	70	10
EGAN00001341985	chrX_9651990	100	8
EGAN00001341985	chrX_10473748	71.4285714285714	7
EGAN00001341985	chrX_14690789	75	4
EGAN00001341985	chrX_19640587	75	4
EGAN00001341985	chrX_29799022	85.7142857142857	7
EGAN00001341985	chrX_30374129	50	4
EGAN00001341985	chrX_45479778	100	10
EGAN00001341985	chrX_47084584	100	7
EGAN00001341985	chrX_52246947	71.4285714285714	7
EGAN00001341985	chrX_66086837	83.3333333333333	6
EGAN00001341985	chrX_66639832	66.6666666666667	9
EGAN00001341985	chrX_70303289	100	6
EGAN00001341985	chrX_87489343	80	5
EGAN00001341985	chrX_88018355	40	5
EGAN00001341985	chrX_92117524	100	12
EGAN00001341985	chrX_103155912	66.6666666666667	3
EGAN00001341985	chrX_117454191	100	2
EGAN00001341985	chrX_121786794	61.5384615384615	13
EGAN00001341985	chrX_125833062	63.6363636363636	11
EGAN00001341985	chrX_131200477	66.6666666666667	6
EGAN00001341985	chrX_133812641	50	2
EGAN00001341985	chrX_134890929	88.8888888888889	9
EGAN00001341985	chrX_140679022	91.6666666666667	12
EGAN00001341985	chrX_142933309	66.6666666666667	9
EGAN00001341985	chrX_145393855	33.3333333333333	3
EGAN00001341985	chrX_145459539	75	12
EGAN00001341985	chrX_153892697	66.6666666666667	3
EGAN00001341985	chrX_154793630	66.6666666666667	12
EGAN00001341985	chr5_1597217	100	2
EGAN00001341985	chr5_1778903	75	16
EGAN00001341985	chr5_24317711	100	2
EGAN00001341985	chr5_33600908	33.3333333333333	3
EGAN00001341985	chr5_36017684	100	6
EGAN00001341985	chr5_36953216	80	10
EGAN00001341985	chr5_58913787	100	2
EGAN00001341985	chr5_62208520	80	5
EGAN00001341985	chr5_63155217	100	4
EGAN00001341985	chr5_76199453	0	1
EGAN00001341985	chr5_88827334	25	4
EGAN00001341985	chr5_96656366	75	8
EGAN00001341985	chr5_134906266	100	1
EGAN00001341985	chr5_135036179	62.5	8
EGAN00001341985	chr5_137889034	14.2857142857143	7
EGAN00001341985	chr5_141477532	66.6666666666667	3
EGAN00001341985	chr5_146333950	50	4
EGAN00001341985	chr5_170715905	66.6666666666667	3
EGAN00001341985	chr3_26878167	100	4
EGAN00001341985	chr3_46984285	50	2
EGAN00001341985	chr3_46988170	33.3333333333333	6
EGAN00001341985	chr3_50340540	0	1
EGAN00001341985	chr3_54203074	100	6
EGAN00001341985	chr3_61178549	75	12
EGAN00001341985	chr3_75583245	33.3333333333333	6
EGAN00001341985	chr3_75583318	33.3333333333333	6
EGAN00001341985	chr3_95090765	0	4
EGAN00001341985	chr3_98758134	100	5
EGAN00001341985	chr3_122232635	42.8571428571429	7
EGAN00001341985	chr3_124292638	100	7
EGAN00001341985	chr3_126214216	20	5
EGAN00001341985	chr3_141009558	100	4
EGAN00001341985	chr3_157701978	50	6
EGAN00001341985	chr3_161514273	100	1
EGAN00001341985	chr3_187890625	100	4
EGAN00001341985	chr3_196648504	50	8
EGAN00001341985	chr11_12886036	11.1111111111111	9
EGAN00001341985	chr11_18108059	100	5
EGAN00001341985	chr11_64041133	100	3
EGAN00001341985	chr11_64236610	75	4
EGAN00001341985	chr11_66959350	20	10
EGAN00001341985	chr11_68878159	100	4
EGAN00001341985	chr11_69152182	100	3
EGAN00001341985	chr11_69702042	0	1
EGAN00001341985	chr11_94584351	66.6666666666667	3
EGAN00001341985	chr11_117071886	100	4
EGAN00001341985	chr11_125382866	100	3
EGAN00001341985	chr11_125418747	100	3
EGAN00001341985	chr11_126461346	100	2
EGAN00001341985	chr11_131933432	100	5
EGAN00001341985	chr11_132479453	100	6
EGAN00001341985	chr4_981446	87.5	8
EGAN00001341985	chr4_4461846	100	1
EGAN00001341985	chr4_6355382	0	8
EGAN00001341985	chr4_7722248	0	3
EGAN00001341985	chr4_8351429	100	2
EGAN00001341985	chr4_9381003	50	2
EGAN00001341985	chr4_12118549	37.5	8
EGAN00001341985	chr4_26822662	0	9
EGAN00001341985	chr4_37436122	0	9
EGAN00001341985	chr4_64314525	100	4
EGAN00001341985	chr4_64927430	90	10
EGAN00001341985	chr4_78704723	92.8571428571429	14
EGAN00001341985	chr4_134394695	85.7142857142857	7
EGAN00001341985	chr4_164959805	50	4
EGAN00001341985	chr4_184040172	16.6666666666667	6
EGAN00001341985	chr4_184097440	0	4
EGAN00001341985	chr4_188315458	90	10
EGAN00001341985	chr1_3332671	50	4
EGAN00001341985	chr1_11644156	40	10
EGAN00001341985	chr1_15584385	100	1
EGAN00001341985	chr1_26030509	33.3333333333333	3
EGAN00001341985	chr1_26319849	0	3
EGAN00001341985	chr1_36555214	66.6666666666667	3
EGAN00001341985	chr1_53638146	60	5
EGAN00001341985	chr1_96518976	100	7
EGAN00001341985	chr1_98733419	100	3
EGAN00001341985	chr1_112329623	0	1
EGAN00001341985	chr1_114136997	50	4
EGAN00001341985	chr1_119005528	37.5	8
EGAN00001341985	chr1_151197469	100	4
EGAN00001341985	chr1_151352085	77.7777777777778	9
EGAN00001341985	chr1_153022380	20	5
EGAN00001341985	chr1_154707828	80	5
EGAN00001341985	chr1_156193528	25	4
EGAN00001341985	chr1_156246289	33.3333333333333	3
EGAN00001341985	chr1_167629958	0	5
EGAN00001341985	chr1_168997424	100	2
EGAN00001341985	chr1_180935427	100	2
EGAN00001341985	chr1_181629071	100	3
EGAN00001341985	chr1_212917135	66.6666666666667	3
EGAN00001341985	chr1_221839912	50	2
EGAN00001341985	chr8_4462694	100	2
EGAN00001341985	chr8_28419410	72.7272727272727	11
EGAN00001341985	chr8_41725935	16.6666666666667	6
EGAN00001341985	chr8_109229267	50	8
EGAN00001341985	chr8_127312020	100	4
EGAN00001341985	chr8_140469431	44.4444444444444	9
EGAN00001341985	chr8_142700164	50	2
EGAN00001341985	chr8_142907539	100	4
EGAN00001341985	chr12_34421085	30	10
EGAN00001341985	chr12_47817468	0	5
EGAN00001341985	chr12_54329411	75	4
EGAN00001341985	chr12_96485658	0	2
EGAN00001341985	chr12_103365614	37.5	8
EGAN00001341985	chr12_104215539	0	1
EGAN00001341985	chr12_109264248	100	2
EGAN00001341985	chr12_109925358	100	1
EGAN00001341985	chr12_115334226	11.1111111111111	9
EGAN00001341985	chr12_121366048	30	10
EGAN00001341985	chr12_124548162	33.3333333333333	3
EGAN00001341985	chr12_132417868	50	4
EGAN00001341985	chr12_133232969	100	3
EGAN00001341985	chr6_10882717	0	4
EGAN00001341985	chr6_24684543	75	8
EGAN00001341985	chr6_25263453	100	1
EGAN00001341985	chr6_27187194	87.5	8
EGAN00001341985	chr6_35503585	0	2
EGAN00001341985	chr6_45236020	71.4285714285714	7
EGAN00001341985	chr6_68487849	0	4
EGAN00001341985	chr6_68633390	0	3
EGAN00001341985	chr6_69431934	100	6
EGAN00001341985	chr6_96784428	80	5
EGAN00001341985	chr6_126033156	50	14
EGAN00001341985	chr6_128911345	100	4
EGAN00001341985	chr6_133746072	75	4
EGAN00001341985	chr6_133948746	66.6666666666667	3
EGAN00001341985	chr6_138523563	38.4615384615385	13
EGAN00001341985	chr6_150490691	100	7
EGAN00001341985	chr6_158356641	85.7142857142857	7
EGAN00001341985	chr6_159578134	100	4
EGAN00001341985	chr13_25852742	100	3
EGAN00001341985	chr13_51782350	33.3333333333333	9
EGAN00001341985	chr13_87447540	85.7142857142857	7
EGAN00001341985	chr13_99977890	50	2
EGAN00001341985	chr13_111422484	80	10
EGAN00001341985	chr15_25644379	16.6666666666667	6
EGAN00001341985	chr15_37642362	86.6666666666667	15
EGAN00001341985	chr15_59863352	60	5
EGAN00001341985	chr15_60876327	0	1
EGAN00001341985	chr15_65305540	100	2
EGAN00001341985	chr15_77815002	100	8
EGAN00001341985	chr15_82808150	85.7142857142857	7
EGAN00001341985	chr15_82850898	100	4
EGAN00001341985	chr15_99438835	0	2
EGAN00001341985	chr15_101653213	50	2
EGAN00001341985	chr19_1081819	33.3333333333333	3
EGAN00001341985	chr19_4208634	100	1
EGAN00001341985	chr19_6933868	66.6666666666667	3
EGAN00001341985	chr19_7620450	100	1
EGAN00001341985	chr19_9960591	100	2
EGAN00001341985	chr19_10547625	66.6666666666667	3
EGAN00001341985	chr19_14428342	100	1
EGAN00001341985	chr19_17224895	75	4
EGAN00001341985	chr19_19228631	80	10
EGAN00001341985	chr19_39437477	75	4
EGAN00001341985	chr19_47022375	40	5
EGAN00001341985	chr19_47357047	100	5
EGAN00001341985	chr19_48096320	100	7
EGAN00001341985	chr19_50259120	0	1
EGAN00001341985	chr19_56667668	0	4
EGAN00001341985	chr18_14600023	30	10
EGAN00001341985	chr18_36160184	100	4
EGAN00001341985	chr18_60868500	50	4
EGAN00001341985	chr18_77421661	100	3
EGAN00001341985	chr2_70202883	60	5
EGAN00001341985	chr2_70896812	33.3333333333333	3
EGAN00001341985	chr2_71024387	100	3
EGAN00001341985	chr2_101245113	100	3
EGAN00001341985	chr2_128902340	80	5
EGAN00001341985	chr2_175400388	90	10
EGAN00001341985	chr2_182031185	80	10
EGAN00001341985	chr2_187003438	100	1
EGAN00001341985	chr2_203707953	88.8888888888889	9
EGAN00001341985	chr2_213001584	0	4
EGAN00001341985	chr2_217062556	100	4
EGAN00001341985	chr2_226994954	100	6
EGAN00001341985	chr2_228500207	44.4444444444444	9
EGAN00001341985	chr2_230318605	27.2727272727273	11
EGAN00001341985	chr16_984377	100	2
EGAN00001341985	chr16_10385715	66.6666666666667	6
EGAN00001341985	chr16_11330143	50	2
EGAN00001341985	chr16_26750116	87.5	8
EGAN00001341985	chr16_27143556	100	2
EGAN00001341985	chr16_28862806	0	4
EGAN00001341985	chr16_29829449	50	2
EGAN00001341985	chr16_31427636	33.3333333333333	3
EGAN00001341985	chr16_31639411	50	4
EGAN00001341985	chr16_32127597	85.7142857142857	7
EGAN00001341985	chr16_34663733	62.5	8
EGAN00001341985	chr16_49395896	100	5
EGAN00001341985	chr16_57529241	100	2
EGAN00001341985	chr16_73010278	0	2
EGAN00001341985	chr16_83267621	66.6666666666667	3
EGAN00001341985	chr16_85509285	100	5
EGAN00001341985	chr16_88116470	50	2
EGAN00001341985	chr16_88786563	25	4
EGAN00001341985	chr16_88901804	100	1
EGAN00001341985	chr9_263022	88.8888888888889	9
EGAN00001341985	chr9_6873941	100	1
EGAN00001341985	chr9_11233815	83.3333333333333	6
EGAN00001341985	chr9_20682982	50	2
EGAN00001341985	chr9_21152362	88.8888888888889	9
EGAN00001341985	chr9_36826325	100	3
EGAN00001341985	chr9_42853495	0	2
EGAN00001341985	chr9_63348247	50	2
EGAN00001341985	chr9_76836241	42.8571428571429	7
EGAN00001341985	chr9_77514982	16.6666666666667	6
EGAN00001341985	chr9_78292300	100	3
EGAN00001341985	chr9_78618458	100	1
EGAN00001341985	chr9_80747246	100	1
EGAN00001341985	chr9_81101871	63.6363636363636	11
EGAN00001341985	chr9_127752452	100	1
EGAN00001341985	chr9_130376556	100	3
EGAN00001341985	chr9_135481350	87.5	8
EGAN00001341985	chr14_20747558	100	7
EGAN00001341985	chr14_50363770	0	2
EGAN00001341985	chr14_68434182	100	1
EGAN00001341985	chr14_72645911	100	2
EGAN00001341985	chr14_92261125	66.6666666666667	3
EGAN00001341985	chr14_96585335	50	4
EGAN00001341985	chr14_97459083	12.5	8
EGAN00001341985	chr14_99617228	0	5
EGAN00001341985	chr14_102126515	100	3
EGAN00001341985	chr14_103332688	100	2
EGAN00001341985	chr14_104105553	85.7142857142857	7
EGAN00001341985	chr21_14070208	100	2
EGAN00001341985	chr21_19898807	50	2
EGAN00001341985	chr21_37565327	100	3
EGAN00001341985	chr21_38664557	50	4
EGAN00001341985	chr21_42518157	100	3
EGAN00001341985	chr21_44344331	85.7142857142857	7
EGAN00001341985	chr22_12168418	75	4
EGAN00001341985	chr22_18958409	0	1
EGAN00001341985	chr22_26630073	72.7272727272727	11
EGAN00001341985	chr22_26665011	90	10
EGAN00001341985	chr22_27803413	100	3
EGAN00001341985	chr22_46262573	100	1
EGAN00001341985	chr22_49646965	50	4
EGAN00001341985	chr22_50267083	100	1
EGAN00001341985	chr22_50499363	100	5
EGAN00001341986	chr1_11644156	0	3
EGAN00001341986	chr1_16167239	100	1
EGAN00001341986	chr1_25618560	0	1
EGAN00001341986	chr1_26030509	0	2
EGAN00001341986	chr1_26319849	14.2857142857143	7
EGAN00001341986	chr1_36555214	60	10
EGAN00001341986	chr1_53638146	75	4
EGAN00001341986	chr1_96518976	83.3333333333333	6
EGAN00001341986	chr1_98733419	100	3
EGAN00001341986	chr1_112329623	100	5
EGAN00001341986	chr1_114136997	100	1
EGAN00001341986	chr1_119005528	80	10
EGAN00001341986	chr1_151197469	100	2
EGAN00001341986	chr1_151352085	77.7777777777778	9
EGAN00001341986	chr1_153022380	0	1
EGAN00001341986	chr1_154707828	33.3333333333333	3
EGAN00001341986	chr1_156193528	0	2
EGAN00001341986	chr1_156246289	75	4
EGAN00001341986	chr1_167629958	11.1111111111111	9
EGAN00001341986	chr1_168997424	100	5
EGAN00001341986	chr1_180935427	100	1
EGAN00001341986	chr1_181629071	88.8888888888889	9
EGAN00001341986	chr1_212917135	66.6666666666667	3
EGAN00001341986	chr1_221839912	0	2
EGAN00001341986	chrX_8064562	50	4
EGAN00001341986	chrX_9651990	100	2
EGAN00001341986	chrX_10473748	66.6666666666667	6
EGAN00001341986	chrX_14690789	75	4
EGAN00001341986	chrX_19640587	71.4285714285714	7
EGAN00001341986	chrX_29799022	100	6
EGAN00001341986	chrX_30374129	72.7272727272727	11
EGAN00001341986	chrX_45479778	40	5
EGAN00001341986	chrX_47084584	80	5
EGAN00001341986	chrX_52246947	50	4
EGAN00001341986	chrX_66086837	66.6666666666667	6
EGAN00001341986	chrX_66639832	42.8571428571429	7
EGAN00001341986	chrX_70303289	66.6666666666667	3
EGAN00001341986	chrX_78119699	33.3333333333333	3
EGAN00001341986	chrX_87489343	33.3333333333333	3
EGAN00001341986	chrX_88018355	71.4285714285714	7
EGAN00001341986	chrX_92117524	87.5	8
EGAN00001341986	chrX_103155912	80	5
EGAN00001341986	chrX_117454191	100	3
EGAN00001341986	chrX_121786794	100	6
EGAN00001341986	chrX_125833062	80	10
EGAN00001341986	chrX_131200477	66.6666666666667	6
EGAN00001341986	chrX_133812641	0	2
EGAN00001341986	chrX_134890929	92.3076923076923	13
EGAN00001341986	chrX_140679022	44.4444444444444	9
EGAN00001341986	chrX_142933309	88.8888888888889	9
EGAN00001341986	chrX_145393855	50	6
EGAN00001341986	chrX_145459539	81.8181818181818	11
EGAN00001341986	chrX_154793630	75	8
EGAN00001341986	chr19_1081819	100	1
EGAN00001341986	chr19_4208634	100	1
EGAN00001341986	chr19_6933868	100	2
EGAN00001341986	chr19_7620450	100	1
EGAN00001341986	chr19_9960591	100	3
EGAN00001341986	chr19_10547625	100	2
EGAN00001341986	chr19_14428342	85.7142857142857	7
EGAN00001341986	chr19_17224895	100	1
EGAN00001341986	chr19_19228631	70	10
EGAN00001341986	chr19_39437477	0	1
EGAN00001341986	chr19_47022375	60	5
EGAN00001341986	chr19_47357047	100	3
EGAN00001341986	chr19_48096320	50	4
EGAN00001341986	chr19_50259120	0	4
EGAN00001341986	chr19_56667668	60	5
EGAN00001341986	chr14_20747558	75	4
EGAN00001341986	chr14_68434182	80	5
EGAN00001341986	chr14_72645911	66.6666666666667	3
EGAN00001341986	chr14_92261125	66.6666666666667	6
EGAN00001341986	chr14_96585335	100	5
EGAN00001341986	chr14_97459083	12.5	8
EGAN00001341986	chr14_99617228	0	6
EGAN00001341986	chr14_102126515	50	2
EGAN00001341986	chr14_103332688	100	3
EGAN00001341986	chr14_104105553	75	4
EGAN00001341986	chr16_984377	100	1
EGAN00001341986	chr16_10385715	100	1
EGAN00001341986	chr16_11330143	0	2
EGAN00001341986	chr16_26750116	60	5
EGAN00001341986	chr16_27782241	0	1
EGAN00001341986	chr16_28862806	0	6
EGAN00001341986	chr16_29829449	100	4
EGAN00001341986	chr16_31427636	0	1
EGAN00001341986	chr16_31639411	62.5	8
EGAN00001341986	chr16_32127597	100	8
EGAN00001341986	chr16_34663733	57.1428571428571	7
EGAN00001341986	chr16_49395896	100	7
EGAN00001341986	chr16_57529241	100	2
EGAN00001341986	chr16_73010278	0	2
EGAN00001341986	chr16_83267621	83.3333333333333	6
EGAN00001341986	chr16_85509285	75	4
EGAN00001341986	chr16_88116470	25	4
EGAN00001341986	chr16_88786563	50	6
EGAN00001341986	chr16_88901804	100	3
EGAN00001341986	chr4_981446	33.3333333333333	3
EGAN00001341986	chr4_4461846	50	2
EGAN00001341986	chr4_6355382	0	10
EGAN00001341986	chr4_8351429	100	2
EGAN00001341986	chr4_9381003	100	1
EGAN00001341986	chr4_12118549	55.5555555555556	9
EGAN00001341986	chr4_26822662	28.5714285714286	7
EGAN00001341986	chr4_37436122	0	8
EGAN00001341986	chr4_64314525	66.6666666666667	6
EGAN00001341986	chr4_64927430	100	14
EGAN00001341986	chr4_78704723	100	9
EGAN00001341986	chr4_134394695	92.3076923076923	13
EGAN00001341986	chr4_164959805	50	8
EGAN00001341986	chr4_184040172	0	2
EGAN00001341986	chr4_184097440	0	2
EGAN00001341986	chr4_188315458	100	5
EGAN00001341986	chr5_1597217	40	5
EGAN00001341986	chr5_1778903	91.6666666666667	12
EGAN00001341986	chr5_24317711	75	4
EGAN00001341986	chr5_33600908	100	7
EGAN00001341986	chr5_36017684	66.6666666666667	3
EGAN00001341986	chr5_36953216	100	4
EGAN00001341986	chr5_58913787	50	2
EGAN00001341986	chr5_62208520	71.4285714285714	7
EGAN00001341986	chr5_63155217	100	5
EGAN00001341986	chr5_76199453	0	1
EGAN00001341986	chr5_88827334	50	2
EGAN00001341986	chr5_96656366	88.8888888888889	9
EGAN00001341986	chr5_134906266	33.3333333333333	3
EGAN00001341986	chr5_135036179	60	5
EGAN00001341986	chr5_137889034	16.6666666666667	6
EGAN00001341986	chr5_146333950	42.8571428571429	7
EGAN00001341986	chr11_12886036	0	8
EGAN00001341986	chr11_18108059	66.6666666666667	3
EGAN00001341986	chr11_64041133	50	4
EGAN00001341986	chr11_64236610	100	5
EGAN00001341986	chr11_65642354	100	2
EGAN00001341986	chr11_66959350	41.6666666666667	12
EGAN00001341986	chr11_68878159	71.4285714285714	7
EGAN00001341986	chr11_69152182	100	5
EGAN00001341986	chr11_69702042	75	4
EGAN00001341986	chr11_94584351	0	3
EGAN00001341986	chr11_117071886	100	4
EGAN00001341986	chr11_125382866	66.6666666666667	9
EGAN00001341986	chr11_125418747	100	3
EGAN00001341986	chr11_126461346	33.3333333333333	3
EGAN00001341986	chr11_131933432	100	1
EGAN00001341986	chr11_132479453	100	3
EGAN00001341986	chr6_10882717	0	6
EGAN00001341986	chr6_24684543	100	2
EGAN00001341986	chr6_25263453	100	2
EGAN00001341986	chr6_27187194	100	2
EGAN00001341986	chr6_45236020	83.3333333333333	6
EGAN00001341986	chr6_68487849	62.5	8
EGAN00001341986	chr6_68633390	37.5	8
EGAN00001341986	chr6_69431934	100	4
EGAN00001341986	chr6_96784428	66.6666666666667	9
EGAN00001341986	chr6_126033156	57.1428571428571	7
EGAN00001341986	chr6_128911345	50	4
EGAN00001341986	chr6_133746072	100	2
EGAN00001341986	chr6_133948746	66.6666666666667	3
EGAN00001341986	chr6_138523563	33.3333333333333	3
EGAN00001341986	chr6_150490691	75	8
EGAN00001341986	chr6_158356641	78.5714285714286	14
EGAN00001341986	chr6_159578134	85.7142857142857	14
EGAN00001341986	chr13_25852742	85.7142857142857	7
EGAN00001341986	chr13_51782350	66.6666666666667	12
EGAN00001341986	chr13_87447540	100	8
EGAN00001341986	chr13_99977890	50	4
EGAN00001341986	chr13_111422484	100	3
EGAN00001341986	chr8_4462694	71.4285714285714	7
EGAN00001341986	chr8_28419410	66.6666666666667	3
EGAN00001341986	chr8_41725935	0	2
EGAN00001341986	chr8_109229267	83.3333333333333	6
EGAN00001341986	chr8_127312020	83.3333333333333	6
EGAN00001341986	chr8_140469431	50	2
EGAN00001341986	chr8_142907539	75	4
EGAN00001341986	chr3_26878167	100	5
EGAN00001341986	chr3_46984285	83.3333333333333	6
EGAN00001341986	chr3_46988170	0	2
EGAN00001341986	chr3_54203074	0	1
EGAN00001341986	chr3_61178549	75	12
EGAN00001341986	chr3_72302013	66.6666666666667	3
EGAN00001341986	chr3_75583245	33.3333333333333	3
EGAN00001341986	chr3_75583318	0	2
EGAN00001341986	chr3_95090765	81.8181818181818	11
EGAN00001341986	chr3_98758134	100	4
EGAN00001341986	chr3_122232635	100	6
EGAN00001341986	chr3_124292638	100	8
EGAN00001341986	chr3_126214216	100	2
EGAN00001341986	chr3_141009558	62.5	8
EGAN00001341986	chr3_157701978	100	9
EGAN00001341986	chr3_161514273	100	2
EGAN00001341986	chr3_187890625	50	6
EGAN00001341986	chr3_196648504	71.4285714285714	7
EGAN00001341986	chr12_34421085	30	10
EGAN00001341986	chr12_47817468	0	2
EGAN00001341986	chr12_54329411	50	2
EGAN00001341986	chr12_96485658	0	2
EGAN00001341986	chr12_103365614	57.1428571428571	7
EGAN00001341986	chr12_104215539	0	1
EGAN00001341986	chr12_109264248	100	1
EGAN00001341986	chr12_109925358	100	1
EGAN00001341986	chr12_115334226	25	4
EGAN00001341986	chr12_121366048	85.7142857142857	7
EGAN00001341986	chr12_124548162	50	2
EGAN00001341986	chr12_132417868	50	2
EGAN00001341986	chr12_133232969	100	11
EGAN00001341986	chr2_70202883	80	5
EGAN00001341986	chr2_70896812	20	5
EGAN00001341986	chr2_71024387	75	4
EGAN00001341986	chr2_101245113	100	3
EGAN00001341986	chr2_104373927	100	1
EGAN00001341986	chr2_128902340	0	3
EGAN00001341986	chr2_175400388	84.6153846153846	13
EGAN00001341986	chr2_182031185	100	2
EGAN00001341986	chr2_187003438	0	1
EGAN00001341986	chr2_203707953	88.8888888888889	9
EGAN00001341986	chr2_213001584	7.69230769230769	13
EGAN00001341986	chr2_217062556	100	4
EGAN00001341986	chr2_226994954	50	8
EGAN00001341986	chr2_228500207	33.3333333333333	9
EGAN00001341986	chr2_230318605	0	6
EGAN00001341986	chr20_18728365	100	3
EGAN00001341986	chr20_31274499	100	3
EGAN00001341986	chr20_38892436	0	1
EGAN00001341986	chr20_41378024	80	5
EGAN00001341986	chr20_53469500	100	9
EGAN00001341986	chr20_56318577	80	5
EGAN00001341986	chr20_63085658	100	1
EGAN00001341986	chr20_63131247	0	3
EGAN00001341986	chr20_63165100	60	5
EGAN00001341986	chr7_5164167	100	3
EGAN00001341986	chr7_5564384	20	5
EGAN00001341986	chr7_30642492	80	5
EGAN00001341986	chr7_43199785	0	5
EGAN00001341986	chr7_56454779	66.6666666666667	3
EGAN00001341986	chr7_58045908	58.3333333333333	12
EGAN00001341986	chr7_73565783	66.6666666666667	6
EGAN00001341986	chr7_76166396	100	1
EGAN00001341986	chr7_95917591	100	5
EGAN00001341986	chr7_115420145	100	2
EGAN00001341986	chr7_116306146	100	7
EGAN00001341986	chr7_134355048	50	8
EGAN00001341986	chr9_263022	50	2
EGAN00001341986	chr9_11233815	100	10
EGAN00001341986	chr9_20682982	100	1
EGAN00001341986	chr9_21152362	100	3
EGAN00001341986	chr9_42853495	0	2
EGAN00001341986	chr9_63348247	66.6666666666667	3
EGAN00001341986	chr9_76836241	42.8571428571429	14
EGAN00001341986	chr9_77514982	0	4
EGAN00001341986	chr9_78292300	42.8571428571429	7
EGAN00001341986	chr9_78618458	100	2
EGAN00001341986	chr9_80747246	66.6666666666667	3
EGAN00001341986	chr9_81101871	71.4285714285714	7
EGAN00001341986	chr9_130376556	100	5
EGAN00001341986	chr9_134026344	0	2
EGAN00001341986	chr9_135481350	100	2
EGAN00001341986	chr10_13054037	50	2
EGAN00001341986	chr10_15761856	77.7777777777778	9
EGAN00001341986	chr10_22875783	100	6
EGAN00001341986	chr10_32230625	42.8571428571429	7
EGAN00001341986	chr10_43215249	100	1
EGAN00001341986	chr10_46051416	50	2
EGAN00001341986	chr10_103848137	40	5
EGAN00001341986	chr10_116238155	100	5
EGAN00001341986	chr10_117126333	100	2
EGAN00001341986	chr10_123497213	75	4
EGAN00001341986	chr10_130359215	0	1
EGAN00001341986	chr10_131581723	50	2
EGAN00001341986	chr10_132416091	100	1
EGAN00001341986	chr22_12168418	70	10
EGAN00001341986	chr22_26630073	66.6666666666667	9
EGAN00001341986	chr22_26665011	66.6666666666667	3
EGAN00001341986	chr22_27803413	100	7
EGAN00001341986	chr22_49646965	100	4
EGAN00001341986	chr22_50267083	100	1
EGAN00001341986	chr22_50499363	75	4
EGAN00001341986	chr17_4692189	83.3333333333333	6
EGAN00001341986	chr17_6985285	77.7777777777778	9
EGAN00001341986	chr17_16415616	0	4
EGAN00001341986	chr17_68247196	100	1
EGAN00001341986	chr17_75539860	100	4
EGAN00001341986	chr17_81080366	0	2
EGAN00001341986	chr18_14600023	44.4444444444444	9
EGAN00001341986	chr18_36160184	85.7142857142857	7
EGAN00001341986	chr18_60868500	40	10
EGAN00001341986	chr18_77421661	100	2
EGAN00001341986	chr15_25644379	0	4
EGAN00001341986	chr15_37642362	66.6666666666667	12
EGAN00001341986	chr15_59863352	42.8571428571429	7
EGAN00001341986	chr15_65305540	100	3
EGAN00001341986	chr15_77815002	83.3333333333333	6
EGAN00001341986	chr15_82808150	100	2
EGAN00001341986	chr15_82850898	37.5	8
EGAN00001341986	chr15_99438835	33.3333333333333	3
EGAN00001341986	chr15_101653213	60	5
EGAN00001341986	chr21_14070208	0	1
EGAN00001341986	chr21_37565327	100	3
EGAN00001341986	chr21_38664557	66.6666666666667	3
EGAN00001341986	chr21_42518157	85.7142857142857	7
EGAN00001341986	chr21_44344331	85.7142857142857	7
EGAN00001341986	chr21_45819850	100	3
EGAN00001341987	chr6_10882717	0	2
EGAN00001341987	chr6_24684543	100	6
EGAN00001341987	chr6_25263453	0	1
EGAN00001341987	chr6_27187194	80	10
EGAN00001341987	chr6_35503585	0	4
EGAN00001341987	chr6_45236020	75	4
EGAN00001341987	chr6_68487849	77.7777777777778	9
EGAN00001341987	chr6_68633390	20	5
EGAN00001341987	chr6_69431934	100	5
EGAN00001341987	chr6_96784428	66.6666666666667	6
EGAN00001341987	chr6_126033156	60	10
EGAN00001341987	chr6_128911345	60	5
EGAN00001341987	chr6_130194025	100	1
EGAN00001341987	chr6_133746072	100	4
EGAN00001341987	chr6_133948746	28.5714285714286	7
EGAN00001341987	chr6_138523563	50	4
EGAN00001341987	chr6_150490691	100	5
EGAN00001341987	chr6_158356641	83.3333333333333	6
EGAN00001341987	chr6_159578134	50	6
EGAN00001341987	chr13_25852742	100	6
EGAN00001341987	chr13_51782350	100	5
EGAN00001341987	chr13_87447540	100	5
EGAN00001341987	chr13_99977890	33.3333333333333	3
EGAN00001341987	chr13_111422484	85.7142857142857	7
EGAN00001341987	chr8_4462694	66.6666666666667	9
EGAN00001341987	chr8_28419410	100	3
EGAN00001341987	chr8_41725935	100	1
EGAN00001341987	chr8_109229267	100	5
EGAN00001341987	chr8_140469431	100	2
EGAN00001341987	chr8_142700164	33.3333333333333	3
EGAN00001341987	chr8_142907539	33.3333333333333	3
EGAN00001341987	chr12_34421085	22.2222222222222	9
EGAN00001341987	chr12_47817468	0	2
EGAN00001341987	chr12_54329411	0	1
EGAN00001341987	chr12_103365614	63.6363636363636	11
EGAN00001341987	chr12_109264248	100	2
EGAN00001341987	chr12_109925358	100	5
EGAN00001341987	chr12_115334226	16.6666666666667	6
EGAN00001341987	chr12_121366048	50	8
EGAN00001341987	chr12_132417868	100	5
EGAN00001341987	chr12_133232969	44.4444444444444	9
EGAN00001341987	chr4_981446	87.5	8
EGAN00001341987	chr4_6355382	0	7
EGAN00001341987	chr4_7722248	0	2
EGAN00001341987	chr4_9381003	100	2
EGAN00001341987	chr4_12118549	40	5
EGAN00001341987	chr4_26822662	50	8
EGAN00001341987	chr4_37436122	0	6
EGAN00001341987	chr4_64314525	66.6666666666667	3
EGAN00001341987	chr4_64927430	77.7777777777778	9
EGAN00001341987	chr4_78704723	77.7777777777778	9
EGAN00001341987	chr4_134394695	75	8
EGAN00001341987	chr4_164959805	33.3333333333333	6
EGAN00001341987	chr4_184040172	33.3333333333333	3
EGAN00001341987	chr4_184097440	0	2
EGAN00001341987	chr4_188315458	100	7
EGAN00001341987	chr11_12886036	7.69230769230769	13
EGAN00001341987	chr11_18108059	44.4444444444444	9
EGAN00001341987	chr11_64041133	100	2
EGAN00001341987	chr11_64236610	100	1
EGAN00001341987	chr11_65642354	100	4
EGAN00001341987	chr11_66959350	15.3846153846154	13
EGAN00001341987	chr11_68878159	100	4
EGAN00001341987	chr11_69152182	66.6666666666667	6
EGAN00001341987	chr11_69702042	66.6666666666667	3
EGAN00001341987	chr11_94584351	33.3333333333333	3
EGAN00001341987	chr11_117071886	100	6
EGAN00001341987	chr11_125382866	50	2
EGAN00001341987	chr11_125418747	100	7
EGAN00001341987	chr11_126461346	80	5
EGAN00001341987	chr11_131933432	100	6
EGAN00001341987	chr11_132479453	0	1
EGAN00001341987	chr16_984377	75	4
EGAN00001341987	chr16_10385715	33.3333333333333	3
EGAN00001341987	chr16_26750116	80	5
EGAN00001341987	chr16_27143556	66.6666666666667	3
EGAN00001341987	chr16_27782241	100	1
EGAN00001341987	chr16_28862806	0	3
EGAN00001341987	chr16_29829449	100	7
EGAN00001341987	chr16_31427636	100	1
EGAN00001341987	chr16_31639411	71.4285714285714	7
EGAN00001341987	chr16_32127597	50	4
EGAN00001341987	chr16_34663733	60	10
EGAN00001341987	chr16_49395896	75	8
EGAN00001341987	chr16_57529241	75	4
EGAN00001341987	chr16_73010278	25	4
EGAN00001341987	chr16_85509285	33.3333333333333	3
EGAN00001341987	chr16_88116470	0	2
EGAN00001341987	chr16_88786563	66.6666666666667	3
EGAN00001341987	chr16_88901804	100	3
EGAN00001341987	chr15_25644379	100	1
EGAN00001341987	chr15_37642362	100	11
EGAN00001341987	chr15_59863352	25	4
EGAN00001341987	chr15_60876327	0	1
EGAN00001341987	chr15_65305540	100	4
EGAN00001341987	chr15_77815002	100	5
EGAN00001341987	chr15_82808150	80	5
EGAN00001341987	chr15_82850898	66.6666666666667	6
EGAN00001341987	chr15_99438835	0	3
EGAN00001341987	chr15_101653213	100	1
EGAN00001341987	chr5_1597217	33.3333333333333	6
EGAN00001341987	chr5_1778903	72.7272727272727	11
EGAN00001341987	chr5_24317711	66.6666666666667	3
EGAN00001341987	chr5_33600908	80	5
EGAN00001341987	chr5_36017684	100	6
EGAN00001341987	chr5_36953216	100	7
EGAN00001341987	chr5_58913787	100	4
EGAN00001341987	chr5_62208520	100	4
EGAN00001341987	chr5_63155217	33.3333333333333	3
EGAN00001341987	chr5_76199453	0	4
EGAN00001341987	chr5_88827334	16.6666666666667	6
EGAN00001341987	chr5_96656366	100	4
EGAN00001341987	chr5_135036179	33.3333333333333	6
EGAN00001341987	chr5_137889034	33.3333333333333	9
EGAN00001341987	chr5_141477532	0	1
EGAN00001341987	chr5_146333950	50	2
EGAN00001341987	chr5_170715905	66.6666666666667	6
EGAN00001341987	chr1_3332671	75	4
EGAN00001341987	chr1_11644156	50	4
EGAN00001341987	chr1_15584385	50	4
EGAN00001341987	chr1_16167239	75	4
EGAN00001341987	chr1_25618560	0	2
EGAN00001341987	chr1_26319849	28.5714285714286	7
EGAN00001341987	chr1_36555214	100	4
EGAN00001341987	chr1_53638146	83.3333333333333	6
EGAN00001341987	chr1_96518976	83.3333333333333	6
EGAN00001341987	chr1_98733419	83.3333333333333	6
EGAN00001341987	chr1_114136997	33.3333333333333	3
EGAN00001341987	chr1_119005528	40	15
EGAN00001341987	chr1_151197469	100	2
EGAN00001341987	chr1_151352085	54.5454545454545	11
EGAN00001341987	chr1_153022380	60	5
EGAN00001341987	chr1_154707828	60	5
EGAN00001341987	chr1_156193528	0	5
EGAN00001341987	chr1_156246289	100	1
EGAN00001341987	chr1_167629958	0	9
EGAN00001341987	chr1_168997424	100	5
EGAN00001341987	chr1_181629071	90	10
EGAN00001341987	chr1_212917135	50	4
EGAN00001341987	chr1_221839912	100	1
EGAN00001341987	chr19_4208634	100	3
EGAN00001341987	chr19_6933868	66.6666666666667	3
EGAN00001341987	chr19_7620450	66.6666666666667	3
EGAN00001341987	chr19_9960591	66.6666666666667	3
EGAN00001341987	chr19_10547625	66.6666666666667	3
EGAN00001341987	chr19_14428342	100	2
EGAN00001341987	chr19_17224895	100	3
EGAN00001341987	chr19_19228631	90.9090909090909	11
EGAN00001341987	chr19_39437477	80	5
EGAN00001341987	chr19_47022375	33.3333333333333	3
EGAN00001341987	chr19_47357047	100	7
EGAN00001341987	chr19_48096320	100	6
EGAN00001341987	chr19_50259120	0	3
EGAN00001341987	chr19_56667668	0	1
EGAN00001341987	chr7_5164167	100	5
EGAN00001341987	chr7_5564384	100	4
EGAN00001341987	chr7_30642492	66.6666666666667	6
EGAN00001341987	chr7_43199785	12.5	8
EGAN00001341987	chr7_56454779	100	5
EGAN00001341987	chr7_58045908	85.7142857142857	14
EGAN00001341987	chr7_73565783	100	5
EGAN00001341987	chr7_76166396	100	1
EGAN00001341987	chr7_95917591	66.6666666666667	3
EGAN00001341987	chr7_115420145	66.6666666666667	6
EGAN00001341987	chr7_116306146	100	10
EGAN00001341987	chr7_134355048	75	4
EGAN00001341987	chrX_8064562	50	6
EGAN00001341987	chrX_9651990	100	3
EGAN00001341987	chrX_10473748	75	8
EGAN00001341987	chrX_14690789	100	5
EGAN00001341987	chrX_19640587	100	4
EGAN00001341987	chrX_29799022	80	15
EGAN00001341987	chrX_30374129	33.3333333333333	3
EGAN00001341987	chrX_45479778	80	10
EGAN00001341987	chrX_47084584	100	2
EGAN00001341987	chrX_52246947	66.6666666666667	6
EGAN00001341987	chrX_66086837	58.3333333333333	12
EGAN00001341987	chrX_66639832	50	4
EGAN00001341987	chrX_70303289	75	12
EGAN00001341987	chrX_87489343	100	4
EGAN00001341987	chrX_88018355	66.6666666666667	6
EGAN00001341987	chrX_92117524	100	7
EGAN00001341987	chrX_103155912	100	2
EGAN00001341987	chrX_117454191	100	1
EGAN00001341987	chrX_121786794	85.7142857142857	7
EGAN00001341987	chrX_125833062	53.3333333333333	15
EGAN00001341987	chrX_131200477	88.8888888888889	9
EGAN00001341987	chrX_133812641	50	4
EGAN00001341987	chrX_134890929	100	6
EGAN00001341987	chrX_140679022	36.3636363636364	11
EGAN00001341987	chrX_142933309	80	10
EGAN00001341987	chrX_145393855	12.5	8
EGAN00001341987	chrX_145459539	85.7142857142857	7
EGAN00001341987	chrX_153892697	100	1
EGAN00001341987	chrX_154793630	88.8888888888889	9
EGAN00001341987	chr3_26878167	100	11
EGAN00001341987	chr3_46984285	100	2
EGAN00001341987	chr3_46988170	0	6
EGAN00001341987	chr3_50340540	0	3
EGAN00001341987	chr3_54203074	71.4285714285714	7
EGAN00001341987	chr3_61178549	100	7
EGAN00001341987	chr3_72302013	100	3
EGAN00001341987	chr3_75583318	0	1
EGAN00001341987	chr3_95090765	87.5	8
EGAN00001341987	chr3_98758134	100	5
EGAN00001341987	chr3_122232635	75	4
EGAN00001341987	chr3_124292638	100	2
EGAN00001341987	chr3_126214216	0	1
EGAN00001341987	chr3_141009558	57.1428571428571	7
EGAN00001341987	chr3_157701978	50	2
EGAN00001341987	chr3_161514273	100	1
EGAN00001341987	chr3_187890625	100	3
EGAN00001341987	chr3_196648504	85.7142857142857	7
EGAN00001341987	chr10_13054037	42.8571428571429	7
EGAN00001341987	chr10_15761856	80	10
EGAN00001341987	chr10_22875783	100	5
EGAN00001341987	chr10_32230625	100	5
EGAN00001341987	chr10_43215249	66.6666666666667	3
EGAN00001341987	chr10_46051416	0	3
EGAN00001341987	chr10_103584792	0	2
EGAN00001341987	chr10_103848137	40	5
EGAN00001341987	chr10_116238155	100	6
EGAN00001341987	chr10_117126088	100	3
EGAN00001341987	chr10_117126333	0	2
EGAN00001341987	chr10_123497213	75	8
EGAN00001341987	chr10_129394840	100	3
EGAN00001341987	chr10_130359215	75	4
EGAN00001341987	chr10_131581723	100	6
EGAN00001341987	chr20_18728365	100	7
EGAN00001341987	chr20_31274499	100	2
EGAN00001341987	chr20_38892436	0	2
EGAN00001341987	chr20_41378024	100	4
EGAN00001341987	chr20_53469500	100	7
EGAN00001341987	chr20_56318577	80	5
EGAN00001341987	chr20_63085658	100	3
EGAN00001341987	chr20_63131247	50	4
EGAN00001341987	chr20_63165100	75	4
EGAN00001341987	chr9_263022	100	2
EGAN00001341987	chr9_6873941	50	2
EGAN00001341987	chr9_11233815	91.6666666666667	12
EGAN00001341987	chr9_20682982	80	5
EGAN00001341987	chr9_21152362	75	4
EGAN00001341987	chr9_36826325	75	4
EGAN00001341987	chr9_42853495	33.3333333333333	3
EGAN00001341987	chr9_63348247	66.6666666666667	3
EGAN00001341987	chr9_76836241	27.2727272727273	11
EGAN00001341987	chr9_77514982	20	5
EGAN00001341987	chr9_78292300	75	8
EGAN00001341987	chr9_78618458	0	1
EGAN00001341987	chr9_80747246	66.6666666666667	3
EGAN00001341987	chr9_81101871	88.8888888888889	9
EGAN00001341987	chr9_127752452	100	1
EGAN00001341987	chr9_130376556	100	3
EGAN00001341987	chr9_134026344	50	2
EGAN00001341987	chr9_135481350	100	5
EGAN00001341987	chr2_70202883	100	4
EGAN00001341987	chr2_70896812	50	2
EGAN00001341987	chr2_71024387	100	7
EGAN00001341987	chr2_101245113	60	5
EGAN00001341987	chr2_104373927	0	1
EGAN00001341987	chr2_128902340	25	4
EGAN00001341987	chr2_175400388	83.3333333333333	6
EGAN00001341987	chr2_182031185	85.7142857142857	7
EGAN00001341987	chr2_203707953	90	10
EGAN00001341987	chr2_213001584	22.2222222222222	9
EGAN00001341987	chr2_217062556	100	13
EGAN00001341987	chr2_226994954	85.7142857142857	7
EGAN00001341987	chr2_228500207	33.3333333333333	3
EGAN00001341987	chr2_230318605	0	6
EGAN00001341987	chr18_14600023	50	6
EGAN00001341987	chr18_36160184	83.3333333333333	6
EGAN00001341987	chr18_60868500	88.8888888888889	9
EGAN00001341987	chr18_77421661	100	2
EGAN00001341987	chr21_14070208	66.6666666666667	3
EGAN00001341987	chr21_37565327	100	2
EGAN00001341987	chr21_38664557	66.6666666666667	3
EGAN00001341987	chr21_42518157	100	2
EGAN00001341987	chr21_44344331	100	4
EGAN00001341987	chr21_45819850	75	4
EGAN00001341987	chr17_4692189	100	4
EGAN00001341987	chr17_6985285	100	4
EGAN00001341987	chr17_16415616	0	5
EGAN00001341987	chr17_68247196	0	4
EGAN00001341987	chr17_75539860	100	2
EGAN00001341987	chr17_81080366	16.6666666666667	6
EGAN00001341987	chr17_82000072	100	3
EGAN00001341987	chr14_20747558	100	5
EGAN00001341987	chr14_50363770	0	4
EGAN00001341987	chr14_68434182	100	2
EGAN00001341987	chr14_72645911	100	1
EGAN00001341987	chr14_92261125	100	3
EGAN00001341987	chr14_96585335	40	5
EGAN00001341987	chr14_97459083	0	5
EGAN00001341987	chr14_99617228	25	4
EGAN00001341987	chr14_102126515	100	4
EGAN00001341987	chr14_103332688	100	4
EGAN00001341987	chr14_104105553	100	2
EGAN00001341987	chr22_12168418	66.6666666666667	3
EGAN00001341987	chr22_18958409	50	2
EGAN00001341987	chr22_26630073	77.7777777777778	9
EGAN00001341987	chr22_26665011	80	5
EGAN00001341987	chr22_27803413	100	6
EGAN00001341987	chr22_49646965	83.3333333333333	6
EGAN00001341987	chr22_50499363	100	3
EGAN00001341988	chr1_3332671	100	1
EGAN00001341988	chr1_15584385	100	1
EGAN00001341988	chr1_16167239	100	2
EGAN00001341988	chr1_25618560	66.6666666666667	3
EGAN00001341988	chr1_36555214	100	1
EGAN00001341988	chr1_53638146	100	1
EGAN00001341988	chr1_96518976	100	3
EGAN00001341988	chr1_98733419	100	2
EGAN00001341988	chr1_112329623	50	2
EGAN00001341988	chr1_114136997	100	1
EGAN00001341988	chr1_119005528	0	3
EGAN00001341988	chr1_151197469	100	1
EGAN00001341988	chr1_151352085	100	1
EGAN00001341988	chr1_153022380	25	4
EGAN00001341988	chr1_156193528	0	1
EGAN00001341988	chr1_156246289	100	1
EGAN00001341988	chr1_167629958	0	5
EGAN00001341988	chr1_168997424	100	3
EGAN00001341988	chr1_180935427	100	1
EGAN00001341988	chr1_181629071	25	4
EGAN00001341988	chr1_212917135	50	2
EGAN00001341988	chr1_221839912	100	1
EGAN00001341988	chr12_34421085	0	4
EGAN00001341988	chr12_54329411	80	5
EGAN00001341988	chr12_96485658	0	1
EGAN00001341988	chr12_103365614	66.6666666666667	6
EGAN00001341988	chr12_104215539	100	3
EGAN00001341988	chr12_109925358	66.6666666666667	3
EGAN00001341988	chr12_115334226	0	2
EGAN00001341988	chr12_121366048	50	2
EGAN00001341988	chr12_124548162	100	5
EGAN00001341988	chr12_133232969	80	5
EGAN00001341988	chr2_70202883	50	2
EGAN00001341988	chr2_70896812	33.3333333333333	3
EGAN00001341988	chr2_71024387	0	1
EGAN00001341988	chr2_175400388	100	3
EGAN00001341988	chr2_182031185	60	5
EGAN00001341988	chr2_187003438	50	2
EGAN00001341988	chr2_203707953	80	5
EGAN00001341988	chr2_213001584	16.6666666666667	6
EGAN00001341988	chr2_217062556	100	3
EGAN00001341988	chr2_226994954	100	2
EGAN00001341988	chr2_228500207	20	5
EGAN00001341988	chr2_230318605	25	4
EGAN00001341988	chrX_8064562	75	4
EGAN00001341988	chrX_9651990	66.6666666666667	3
EGAN00001341988	chrX_10473748	71.4285714285714	7
EGAN00001341988	chrX_14690789	100	2
EGAN00001341988	chrX_19640587	0	1
EGAN00001341988	chrX_29799022	100	3
EGAN00001341988	chrX_30374129	75	4
EGAN00001341988	chrX_45479778	100	3
EGAN00001341988	chrX_47084584	100	3
EGAN00001341988	chrX_52246947	50	2
EGAN00001341988	chrX_66086837	33.3333333333333	6
EGAN00001341988	chrX_66639832	75	4
EGAN00001341988	chrX_70303289	100	6
EGAN00001341988	chrX_78119699	100	1
EGAN00001341988	chrX_87489343	80	5
EGAN00001341988	chrX_88018355	80	5
EGAN00001341988	chrX_92117524	80	5
EGAN00001341988	chrX_103155912	0	1
EGAN00001341988	chrX_117454191	100	3
EGAN00001341988	chrX_121786794	75	4
EGAN00001341988	chrX_125833062	50	6
EGAN00001341988	chrX_131200477	100	3
EGAN00001341988	chrX_133812641	100	4
EGAN00001341988	chrX_134890929	100	3
EGAN00001341988	chrX_140679022	75	4
EGAN00001341988	chrX_142933309	66.6666666666667	6
EGAN00001341988	chrX_145393855	0	2
EGAN00001341988	chrX_145459539	100	1
EGAN00001341988	chrX_153892697	0	1
EGAN00001341988	chrX_154793630	66.6666666666667	6
EGAN00001341988	chr14_50363770	0	2
EGAN00001341988	chr14_68434182	100	2
EGAN00001341988	chr14_72645911	100	1
EGAN00001341988	chr14_92261125	100	1
EGAN00001341988	chr14_97459083	0	4
EGAN00001341988	chr14_99617228	0	8
EGAN00001341988	chr14_103332688	100	1
EGAN00001341988	chr14_104105553	100	1
EGAN00001341988	chr4_981446	100	3
EGAN00001341988	chr4_4461846	100	3
EGAN00001341988	chr4_6355382	50	2
EGAN00001341988	chr4_7722248	0	1
EGAN00001341988	chr4_9381003	100	1
EGAN00001341988	chr4_12118549	20	5
EGAN00001341988	chr4_26822662	66.6666666666667	6
EGAN00001341988	chr4_37436122	0	2
EGAN00001341988	chr4_64314525	100	3
EGAN00001341988	chr4_64927430	100	6
EGAN00001341988	chr4_78704723	100	7
EGAN00001341988	chr4_134394695	100	1
EGAN00001341988	chr4_164959805	100	3
EGAN00001341988	chr4_188315458	100	4
EGAN00001341988	chr6_10882717	50	2
EGAN00001341988	chr6_25263453	50	2
EGAN00001341988	chr6_27187194	75	4
EGAN00001341988	chr6_35503585	25	4
EGAN00001341988	chr6_45236020	100	4
EGAN00001341988	chr6_68487849	66.6666666666667	6
EGAN00001341988	chr6_68633390	66.6666666666667	3
EGAN00001341988	chr6_69431934	100	1
EGAN00001341988	chr6_96784428	100	2
EGAN00001341988	chr6_126033156	66.6666666666667	9
EGAN00001341988	chr6_128911345	100	2
EGAN00001341988	chr6_133746072	75	4
EGAN00001341988	chr6_133948746	0	1
EGAN00001341988	chr6_138523563	0	2
EGAN00001341988	chr6_158356641	75	4
EGAN00001341988	chr6_159578134	50	4
EGAN00001341988	chr5_1597217	100	4
EGAN00001341988	chr5_1778903	80	5
EGAN00001341988	chr5_33600908	100	3
EGAN00001341988	chr5_36017684	100	1
EGAN00001341988	chr5_36953216	85.7142857142857	7
EGAN00001341988	chr5_58913787	100	1
EGAN00001341988	chr5_62208520	100	4
EGAN00001341988	chr5_63155217	100	4
EGAN00001341988	chr5_76199453	0	3
EGAN00001341988	chr5_88827334	0	1
EGAN00001341988	chr5_96656366	100	5
EGAN00001341988	chr5_134906266	50	2
EGAN00001341988	chr5_135036179	0	2
EGAN00001341988	chr5_137889034	0	1
EGAN00001341988	chr5_141477532	50	2
EGAN00001341988	chr5_146333950	100	3
EGAN00001341988	chr5_170715905	100	1
EGAN00001341988	chr13_25852742	66.6666666666667	3
EGAN00001341988	chr13_51782350	25	4
EGAN00001341988	chr13_87447540	66.6666666666667	3
EGAN00001341988	chr13_99977890	0	1
EGAN00001341988	chr13_111422484	100	1
EGAN00001341988	chr9_263022	75	4
EGAN00001341988	chr9_11233815	100	3
EGAN00001341988	chr9_20682982	100	2
EGAN00001341988	chr9_21152362	100	7
EGAN00001341988	chr9_36826325	50	2
EGAN00001341988	chr9_42853495	25	4
EGAN00001341988	chr9_63348247	66.6666666666667	3
EGAN00001341988	chr9_76836241	50	2
EGAN00001341988	chr9_77514982	0	6
EGAN00001341988	chr9_78618458	100	1
EGAN00001341988	chr9_80747246	100	2
EGAN00001341988	chr9_81101871	85.7142857142857	7
EGAN00001341988	chr9_127752452	100	2
EGAN00001341988	chr9_134026344	0	1
EGAN00001341988	chr9_135481350	100	2
EGAN00001341988	chr19_4208634	100	1
EGAN00001341988	chr19_6933868	100	4
EGAN00001341988	chr19_9960591	33.3333333333333	3
EGAN00001341988	chr19_10547625	60	5
EGAN00001341988	chr19_14428342	50	2
EGAN00001341988	chr19_17224895	100	1
EGAN00001341988	chr19_19228631	100	3
EGAN00001341988	chr19_39437477	100	1
EGAN00001341988	chr19_47022375	25	4
EGAN00001341988	chr19_47357047	100	4
EGAN00001341988	chr19_48096320	75	4
EGAN00001341988	chr19_50259120	100	1
EGAN00001341988	chr19_56667668	0	1
EGAN00001341988	chr10_13054037	80	5
EGAN00001341988	chr10_22875783	100	4
EGAN00001341988	chr10_32230625	75	4
EGAN00001341988	chr10_43215249	0	1
EGAN00001341988	chr10_103848137	0	1
EGAN00001341988	chr10_116238155	100	2
EGAN00001341988	chr10_117126088	0	1
EGAN00001341988	chr10_117126333	100	2
EGAN00001341988	chr10_123497213	25	4
EGAN00001341988	chr10_130359215	50	2
EGAN00001341988	chr10_131581723	100	2
EGAN00001341988	chr3_26878167	100	2
EGAN00001341988	chr3_46984285	100	3
EGAN00001341988	chr3_46988170	0	2
EGAN00001341988	chr3_54203074	100	2
EGAN00001341988	chr3_61178549	50	6
EGAN00001341988	chr3_72302013	100	4
EGAN00001341988	chr3_75583245	0	2
EGAN00001341988	chr3_75583318	0	3
EGAN00001341988	chr3_95090765	100	4
EGAN00001341988	chr3_98758134	100	1
EGAN00001341988	chr3_122232635	75	4
EGAN00001341988	chr3_124292638	100	4
EGAN00001341988	chr3_126214216	100	1
EGAN00001341988	chr3_141009558	60	5
EGAN00001341988	chr3_157701978	66.6666666666667	3
EGAN00001341988	chr3_161514273	75	4
EGAN00001341988	chr3_187890625	100	2
EGAN00001341988	chr3_196648504	0	1
EGAN00001341988	chr7_5164167	100	3
EGAN00001341988	chr7_5564384	50	2
EGAN00001341988	chr7_30642492	100	2
EGAN00001341988	chr7_43199785	0	4
EGAN00001341988	chr7_56454779	100	2
EGAN00001341988	chr7_58045908	100	3
EGAN00001341988	chr7_73565783	40	5
EGAN00001341988	chr7_95917591	100	2
EGAN00001341988	chr7_115420145	100	1
EGAN00001341988	chr7_116306146	100	2
EGAN00001341988	chr7_134355048	75	4
EGAN00001341988	chr20_18728365	66.6666666666667	3
EGAN00001341988	chr20_38892436	0	1
EGAN00001341988	chr20_41378024	50	4
EGAN00001341988	chr20_53469500	75	4
EGAN00001341988	chr20_63131247	33.3333333333333	3
EGAN00001341988	chr11_12886036	0	1
EGAN00001341988	chr11_18108059	100	2
EGAN00001341988	chr11_66959350	25	4
EGAN00001341988	chr11_68878159	0	1
EGAN00001341988	chr11_69152182	50	4
EGAN00001341988	chr11_117071886	100	2
EGAN00001341988	chr11_125382866	50	2
EGAN00001341988	chr11_125418747	0	1
EGAN00001341988	chr11_131933432	100	3
EGAN00001341988	chr11_132479453	100	1
EGAN00001341988	chr22_26630073	83.3333333333333	6
EGAN00001341988	chr22_26665011	100	4
EGAN00001341988	chr22_27803413	100	1
EGAN00001341988	chr22_46262573	100	1
EGAN00001341988	chr22_49646965	100	1
EGAN00001341988	chr22_50267083	100	2
EGAN00001341988	chr21_14070208	100	3
EGAN00001341988	chr21_19898807	0	1
EGAN00001341988	chr21_37565327	100	2
EGAN00001341988	chr21_38664557	66.6666666666667	3
EGAN00001341988	chr21_42518157	0	1
EGAN00001341988	chr21_44344331	100	1
EGAN00001341988	chr21_45819850	100	1
EGAN00001341988	chr16_984377	50	2
EGAN00001341988	chr16_10385715	0	3
EGAN00001341988	chr16_26750116	66.6666666666667	3
EGAN00001341988	chr16_28862806	0	2
EGAN00001341988	chr16_29829449	50	2
EGAN00001341988	chr16_31639411	75	4
EGAN00001341988	chr16_32127597	100	2
EGAN00001341988	chr16_34663733	66.6666666666667	3
EGAN00001341988	chr16_49395896	83.3333333333333	6
EGAN00001341988	chr16_57529241	100	2
EGAN00001341988	chr16_83267621	100	1
EGAN00001341988	chr16_85509285	66.6666666666667	3
EGAN00001341988	chr16_88116470	100	1
EGAN00001341988	chr16_88786563	100	1
EGAN00001341988	chr8_4462694	100	1
EGAN00001341988	chr8_28419410	100	3
EGAN00001341988	chr8_41725935	33.3333333333333	3
EGAN00001341988	chr8_109229267	75	4
EGAN00001341988	chr8_140469431	66.6666666666667	3
EGAN00001341988	chr8_142700164	100	1
EGAN00001341988	chr8_142907539	75	4
EGAN00001341988	chr15_25644379	33.3333333333333	3
EGAN00001341988	chr15_37642362	100	5
EGAN00001341988	chr15_59863352	75	4
EGAN00001341988	chr15_77815002	100	2
EGAN00001341988	chr15_82808150	100	1
EGAN00001341988	chr15_82850898	0	1
EGAN00001341988	chr15_101653213	100	2
EGAN00001341988	chr17_4692189	100	3
EGAN00001341988	chr17_6985285	60	5
EGAN00001341988	chr17_68247196	0	1
EGAN00001341988	chr17_75539860	50	2
EGAN00001341988	chr17_81080366	50	2
EGAN00001341988	chr17_82000072	50	2
EGAN00001341988	chr18_14600023	0	3
EGAN00001341988	chr18_60868500	70	10
EGAN00001341989	chr8_4462694	66.6666666666667	12
EGAN00001341989	chr8_28419410	100	2
EGAN00001341989	chr8_41725935	0	1
EGAN00001341989	chr8_109229267	87.5	8
EGAN00001341989	chr8_127312020	100	1
EGAN00001341989	chr8_140469431	100	1
EGAN00001341989	chr8_142700164	100	1
EGAN00001341989	chr5_1597217	100	3
EGAN00001341989	chr5_1778903	100	2
EGAN00001341989	chr5_33600908	100	5
EGAN00001341989	chr5_36017684	100	5
EGAN00001341989	chr5_36953216	66.6666666666667	6
EGAN00001341989	chr5_58913787	0	1
EGAN00001341989	chr5_62208520	100	2
EGAN00001341989	chr5_63155217	100	3
EGAN00001341989	chr5_76199453	0	1
EGAN00001341989	chr5_88827334	0	1
EGAN00001341989	chr5_96656366	100	2
EGAN00001341989	chr5_134906266	100	1
EGAN00001341989	chr5_135036179	0	2
EGAN00001341989	chr5_137889034	33.3333333333333	3
EGAN00001341989	chr5_141477532	0	2
EGAN00001341989	chr5_146333950	100	1
EGAN00001341989	chr5_170715905	100	3
EGAN00001341989	chr1_3332671	0	1
EGAN00001341989	chr1_11644156	0	3
EGAN00001341989	chr1_16167239	100	1
EGAN00001341989	chr1_26030509	100	1
EGAN00001341989	chr1_26319849	0	4
EGAN00001341989	chr1_36555214	33.3333333333333	3
EGAN00001341989	chr1_53638146	0	2
EGAN00001341989	chr1_112329623	50	2
EGAN00001341989	chr1_114136997	100	1
EGAN00001341989	chr1_151352085	80	5
EGAN00001341989	chr1_153022380	0	1
EGAN00001341989	chr1_154707828	50	2
EGAN00001341989	chr1_156193528	0	1
EGAN00001341989	chr1_156246289	50	2
EGAN00001341989	chr1_167629958	0	5
EGAN00001341989	chr1_181629071	60	5
EGAN00001341989	chr1_212917135	57.1428571428571	7
EGAN00001341989	chr1_221839912	0	4
EGAN00001341989	chr10_13054037	100	6
EGAN00001341989	chr10_15761856	100	1
EGAN00001341989	chr10_22875783	100	1
EGAN00001341989	chr10_32230625	66.6666666666667	3
EGAN00001341989	chr10_43215249	66.6666666666667	3
EGAN00001341989	chr10_46051416	0	4
EGAN00001341989	chr10_86942707	100	2
EGAN00001341989	chr10_103848137	0	2
EGAN00001341989	chr10_116238155	100	1
EGAN00001341989	chr10_117126333	50	2
EGAN00001341989	chr10_123497213	100	1
EGAN00001341989	chr10_129394840	100	2
EGAN00001341989	chr10_130359215	50	2
EGAN00001341989	chr10_131223999	0	1
EGAN00001341989	chr10_132416091	0	2
EGAN00001341989	chr17_6985285	71.4285714285714	7
EGAN00001341989	chr17_68247196	0	1
EGAN00001341989	chr17_75539860	100	1
EGAN00001341989	chr17_82000072	100	1
EGAN00001341989	chr4_4461846	0	1
EGAN00001341989	chr4_6355382	0	1
EGAN00001341989	chr4_7722248	0	1
EGAN00001341989	chr4_12118549	57.1428571428571	7
EGAN00001341989	chr4_26822662	50	2
EGAN00001341989	chr4_37436122	33.3333333333333	3
EGAN00001341989	chr4_64314525	100	3
EGAN00001341989	chr4_64927430	100	7
EGAN00001341989	chr4_78704723	90.9090909090909	11
EGAN00001341989	chr4_134394695	100	6
EGAN00001341989	chr4_164959805	100	3
EGAN00001341989	chr4_184097440	0	2
EGAN00001341989	chr4_188315458	100	4
EGAN00001341989	chr11_12886036	0	2
EGAN00001341989	chr11_18108059	100	2
EGAN00001341989	chr11_64041133	100	2
EGAN00001341989	chr11_65642354	100	1
EGAN00001341989	chr11_66959350	42.8571428571429	7
EGAN00001341989	chr11_69152182	75	4
EGAN00001341989	chr11_69702042	33.3333333333333	3
EGAN00001341989	chr11_94584351	50	2
EGAN00001341989	chr11_117071886	100	3
EGAN00001341989	chr11_125382866	75	4
EGAN00001341989	chr11_125418747	100	4
EGAN00001341989	chr11_126461346	100	2
EGAN00001341989	chr11_132479453	100	1
EGAN00001341989	chr15_25644379	33.3333333333333	3
EGAN00001341989	chr15_37642362	100	3
EGAN00001341989	chr15_59863352	100	1
EGAN00001341989	chr15_65305540	0	2
EGAN00001341989	chr15_82808150	100	2
EGAN00001341989	chr15_82850898	50	2
EGAN00001341989	chr15_99438835	50	2
EGAN00001341989	chr15_101653213	100	1
EGAN00001341989	chr2_70202883	66.6666666666667	3
EGAN00001341989	chr2_70896812	50	2
EGAN00001341989	chr2_71024387	100	1
EGAN00001341989	chr2_101245113	100	5
EGAN00001341989	chr2_175400388	100	3
EGAN00001341989	chr2_203707953	100	4
EGAN00001341989	chr2_213001584	23.0769230769231	13
EGAN00001341989	chr2_217062556	80	5
EGAN00001341989	chr2_226994954	60	5
EGAN00001341989	chr2_228500207	0	1
EGAN00001341989	chr2_230318605	50	2
EGAN00001341989	chr3_26878167	66.6666666666667	6
EGAN00001341989	chr3_46984285	100	3
EGAN00001341989	chr3_46988170	0	2
EGAN00001341989	chr3_50340540	0	1
EGAN00001341989	chr3_54203074	66.6666666666667	3
EGAN00001341989	chr3_61178549	100	8
EGAN00001341989	chr3_75583245	33.3333333333333	3
EGAN00001341989	chr3_75583318	100	1
EGAN00001341989	chr3_95090765	60	5
EGAN00001341989	chr3_98758134	100	1
EGAN00001341989	chr3_122232635	25	4
EGAN00001341989	chr3_124292638	50	2
EGAN00001341989	chr3_126214216	100	1
EGAN00001341989	chr3_141009558	0	2
EGAN00001341989	chr3_157701978	100	3
EGAN00001341989	chr3_161514273	100	5
EGAN00001341989	chr3_196648504	100	3
EGAN00001341989	chr6_25263453	66.6666666666667	3
EGAN00001341989	chr6_27187194	100	7
EGAN00001341989	chr6_35503585	0	1
EGAN00001341989	chr6_45236020	83.3333333333333	6
EGAN00001341989	chr6_68487849	100	2
EGAN00001341989	chr6_68633390	0	1
EGAN00001341989	chr6_69431934	100	2
EGAN00001341989	chr6_96784428	100	6
EGAN00001341989	chr6_126033156	63.6363636363636	11
EGAN00001341989	chr6_133746072	100	1
EGAN00001341989	chr6_133948746	66.6666666666667	3
EGAN00001341989	chr6_138523563	66.6666666666667	6
EGAN00001341989	chr6_150490691	100	1
EGAN00001341989	chr6_158356641	80	5
EGAN00001341989	chr6_159578134	66.6666666666667	3
EGAN00001341989	chr7_5164167	100	3
EGAN00001341989	chr7_30642492	100	1
EGAN00001341989	chr7_43199785	0	8
EGAN00001341989	chr7_56454779	100	2
EGAN00001341989	chr7_58045908	57.1428571428571	7
EGAN00001341989	chr7_73565783	0	3
EGAN00001341989	chr7_95917591	50	4
EGAN00001341989	chr7_115420145	100	2
EGAN00001341989	chr7_116306146	80	5
EGAN00001341989	chr7_134355048	100	1
EGAN00001341989	chr18_14600023	18.1818181818182	11
EGAN00001341989	chr18_36160184	100	5
EGAN00001341989	chr18_60868500	50	8
EGAN00001341989	chr14_20747558	100	3
EGAN00001341989	chr14_68434182	100	5
EGAN00001341989	chr14_72645911	100	2
EGAN00001341989	chr14_92261125	33.3333333333333	3
EGAN00001341989	chr14_96585335	50	4
EGAN00001341989	chr14_97459083	50	2
EGAN00001341989	chr14_99617228	14.2857142857143	7
EGAN00001341989	chr14_102126515	50	2
EGAN00001341989	chr14_103332688	100	1
EGAN00001341989	chr14_104105553	100	1
EGAN00001341989	chr12_34421085	25	4
EGAN00001341989	chr12_47817468	0	1
EGAN00001341989	chr12_54329411	100	2
EGAN00001341989	chr12_96485658	0	1
EGAN00001341989	chr12_103365614	66.6666666666667	3
EGAN00001341989	chr12_104215539	100	1
EGAN00001341989	chr12_109264248	50	2
EGAN00001341989	chr12_109925358	0	1
EGAN00001341989	chr12_115334226	25	4
EGAN00001341989	chr12_121366048	100	3
EGAN00001341989	chr12_132417868	100	1
EGAN00001341989	chr12_133232969	0	2
EGAN00001341989	chr20_18728365	100	3
EGAN00001341989	chr20_31274499	100	1
EGAN00001341989	chr20_38892436	33.3333333333333	3
EGAN00001341989	chr20_41378024	100	2
EGAN00001341989	chr20_53469500	100	6
EGAN00001341989	chr20_56318577	100	2
EGAN00001341989	chr20_63131247	50	2
EGAN00001341989	chr20_63165100	0	1
EGAN00001341989	chr19_1081819	100	2
EGAN00001341989	chr19_4208634	0	1
EGAN00001341989	chr19_6933868	100	1
EGAN00001341989	chr19_7620450	100	1
EGAN00001341989	chr19_10547625	100	1
EGAN00001341989	chr19_14428342	100	1
EGAN00001341989	chr19_17224895	75	4
EGAN00001341989	chr19_19228631	50	2
EGAN00001341989	chr19_47022375	0	2
EGAN00001341989	chr19_47357047	50	2
EGAN00001341989	chr19_48096320	75	4
EGAN00001341989	chr22_12168418	0	1
EGAN00001341989	chr22_18958409	100	1
EGAN00001341989	chr22_26630073	100	4
EGAN00001341989	chr22_26665011	100	2
EGAN00001341989	chr22_27803413	100	2
EGAN00001341989	chr22_46262573	100	1
EGAN00001341989	chr22_49646965	50	2
EGAN00001341989	chr22_50267083	100	1
EGAN00001341989	chr22_50499363	100	3
EGAN00001341989	chrX_8064562	100	1
EGAN00001341989	chrX_9651990	50	2
EGAN00001341989	chrX_14690789	100	3
EGAN00001341989	chrX_19640587	100	3
EGAN00001341989	chrX_29799022	87.5	8
EGAN00001341989	chrX_30374129	100	2
EGAN00001341989	chrX_45479778	75	4
EGAN00001341989	chrX_47084584	80	5
EGAN00001341989	chrX_52246947	100	2
EGAN00001341989	chrX_66086837	71.4285714285714	7
EGAN00001341989	chrX_66639832	25	4
EGAN00001341989	chrX_70303289	75	4
EGAN00001341989	chrX_87489343	50	4
EGAN00001341989	chrX_88018355	40	5
EGAN00001341989	chrX_92117524	100	6
EGAN00001341989	chrX_103155912	50	2
EGAN00001341989	chrX_117454191	33.3333333333333	3
EGAN00001341989	chrX_121786794	80	5
EGAN00001341989	chrX_125833062	66.6666666666667	9
EGAN00001341989	chrX_131200477	100	1
EGAN00001341989	chrX_133812641	100	2
EGAN00001341989	chrX_134890929	100	3
EGAN00001341989	chrX_140679022	50	2
EGAN00001341989	chrX_142933309	66.6666666666667	3
EGAN00001341989	chrX_145393855	0	1
EGAN00001341989	chrX_145459539	100	7
EGAN00001341989	chrX_153892697	100	1
EGAN00001341989	chrX_154793630	42.8571428571429	7
EGAN00001341989	chr13_25852742	100	3
EGAN00001341989	chr13_51782350	80	5
EGAN00001341989	chr13_87447540	75	4
EGAN00001341989	chr13_111422484	100	1
EGAN00001341989	chr9_263022	100	2
EGAN00001341989	chr9_6873941	100	2
EGAN00001341989	chr9_11233815	88.8888888888889	9
EGAN00001341989	chr9_20682982	0	1
EGAN00001341989	chr9_21152362	66.6666666666667	3
EGAN00001341989	chr9_36826325	100	3
EGAN00001341989	chr9_42853495	50	2
EGAN00001341989	chr9_63348247	100	2
EGAN00001341989	chr9_76836241	100	2
EGAN00001341989	chr9_77514982	20	5
EGAN00001341989	chr9_78292300	80	5
EGAN00001341989	chr9_78618458	50	2
EGAN00001341989	chr9_81101871	75	4
EGAN00001341989	chr9_130376556	100	1
EGAN00001341989	chr9_135481350	33.3333333333333	3
EGAN00001341989	chr21_14070208	66.6666666666667	3
EGAN00001341989	chr21_19898807	66.6666666666667	3
EGAN00001341989	chr21_42518157	33.3333333333333	3
EGAN00001341989	chr21_44344331	100	2
EGAN00001341989	chr21_45819850	100	1
EGAN00001341989	chr16_984377	100	2
EGAN00001341989	chr16_10385715	75	4
EGAN00001341989	chr16_11330143	0	3
EGAN00001341989	chr16_26750116	100	3
EGAN00001341989	chr16_27143556	100	1
EGAN00001341989	chr16_28862806	0	1
EGAN00001341989	chr16_29829449	100	1
EGAN00001341989	chr16_31639411	100	4
EGAN00001341989	chr16_32127597	80	5
EGAN00001341989	chr16_34663733	50	2
EGAN00001341989	chr16_49395896	80	5
EGAN00001341989	chr16_57529241	66.6666666666667	3
EGAN00001341989	chr16_73010278	33.3333333333333	3
EGAN00001341989	chr16_83267621	100	1
EGAN00001341989	chr16_85509285	100	3
EGAN00001341989	chr16_88116470	50	2
EGAN00001341989	chr16_88786563	100	1
EGAN00001341989	chr16_88901804	100	2
EGAN00001341990	chr19_1081819	100	1
EGAN00001341990	chr19_4208634	100	1
EGAN00001341990	chr19_6933868	100	2
EGAN00001341990	chr19_9960591	50	4
EGAN00001341990	chr19_10547625	100	1
EGAN00001341990	chr19_14428342	100	4
EGAN00001341990	chr19_19228631	100	8
EGAN00001341990	chr19_39437477	100	3
EGAN00001341990	chr19_47022375	66.6666666666667	3
EGAN00001341990	chr19_47357047	100	2
EGAN00001341990	chr19_48096320	100	6
EGAN00001341990	chr19_56667668	50	2
EGAN00001341990	chr2_70202883	100	3
EGAN00001341990	chr2_70896812	33.3333333333333	3
EGAN00001341990	chr2_71024387	66.6666666666667	3
EGAN00001341990	chr2_101245113	66.6666666666667	3
EGAN00001341990	chr2_104373927	50	2
EGAN00001341990	chr2_128902340	66.6666666666667	3
EGAN00001341990	chr2_175400388	60	5
EGAN00001341990	chr2_182031185	60	5
EGAN00001341990	chr2_203707953	80	5
EGAN00001341990	chr2_213001584	16.6666666666667	12
EGAN00001341990	chr2_217062556	100	3
EGAN00001341990	chr2_226994954	100	5
EGAN00001341990	chr2_228500207	80	5
EGAN00001341990	chr2_230318605	0	1
EGAN00001341990	chr18_14600023	40	10
EGAN00001341990	chr18_36160184	100	7
EGAN00001341990	chr18_60868500	66.6666666666667	3
EGAN00001341990	chr18_77421661	100	2
EGAN00001341990	chr5_1597217	71.4285714285714	7
EGAN00001341990	chr5_1778903	77.7777777777778	9
EGAN00001341990	chr5_24317711	0	1
EGAN00001341990	chr5_33600908	100	3
EGAN00001341990	chr5_36017684	75	4
EGAN00001341990	chr5_36953216	100	6
EGAN00001341990	chr5_58913787	100	2
EGAN00001341990	chr5_62208520	75	8
EGAN00001341990	chr5_63155217	50	4
EGAN00001341990	chr5_88827334	25	4
EGAN00001341990	chr5_96656366	100	2
EGAN00001341990	chr5_134906266	100	2
EGAN00001341990	chr5_135036179	0	2
EGAN00001341990	chr5_137889034	0	2
EGAN00001341990	chr5_141477532	0	1
EGAN00001341990	chr5_146333950	50	4
EGAN00001341990	chr4_981446	75	4
EGAN00001341990	chr4_4461846	100	1
EGAN00001341990	chr4_6355382	20	5
EGAN00001341990	chr4_7722248	0	2
EGAN00001341990	chr4_8351429	100	2
EGAN00001341990	chr4_9381003	50	2
EGAN00001341990	chr4_12118549	50	8
EGAN00001341990	chr4_26822662	100	2
EGAN00001341990	chr4_37436122	0	1
EGAN00001341990	chr4_64314525	100	3
EGAN00001341990	chr4_64927430	76.9230769230769	13
EGAN00001341990	chr4_78704723	87.5	8
EGAN00001341990	chr4_134394695	80	5
EGAN00001341990	chr4_164959805	100	6
EGAN00001341990	chr4_184097440	33.3333333333333	3
EGAN00001341990	chr4_188315458	100	1
EGAN00001341990	chr7_5164167	100	2
EGAN00001341990	chr7_5564384	0	1
EGAN00001341990	chr7_30642492	100	1
EGAN00001341990	chr7_43199785	0	5
EGAN00001341990	chr7_56454779	66.6666666666667	3
EGAN00001341990	chr7_58045908	90.9090909090909	11
EGAN00001341990	chr7_73565783	0	1
EGAN00001341990	chr7_76166396	100	1
EGAN00001341990	chr7_95917591	60	5
EGAN00001341990	chr7_116306146	0	1
EGAN00001341990	chr7_134355048	85.7142857142857	7
EGAN00001341990	chr1_3332671	50	2
EGAN00001341990	chr1_11644156	100	1
EGAN00001341990	chr1_15584385	33.3333333333333	3
EGAN00001341990	chr1_16167239	100	2
EGAN00001341990	chr1_26319849	0	2
EGAN00001341990	chr1_36555214	100	2
EGAN00001341990	chr1_53638146	100	1
EGAN00001341990	chr1_96518976	50	2
EGAN00001341990	chr1_114136997	0	3
EGAN00001341990	chr1_119005528	75	8
EGAN00001341990	chr1_151352085	100	3
EGAN00001341990	chr1_153022380	33.3333333333333	3
EGAN00001341990	chr1_154707828	0	1
EGAN00001341990	chr1_156193528	0	2
EGAN00001341990	chr1_156246289	75	4
EGAN00001341990	chr1_167629958	0	2
EGAN00001341990	chr1_168997424	100	4
EGAN00001341990	chr1_181629071	83.3333333333333	6
EGAN00001341990	chr1_221839912	0	1
EGAN00001341990	chr9_263022	80	5
EGAN00001341990	chr9_11233815	100	3
EGAN00001341990	chr9_20682982	50	2
EGAN00001341990	chr9_21152362	100	5
EGAN00001341990	chr9_63348247	0	1
EGAN00001341990	chr9_76836241	60	5
EGAN00001341990	chr9_77514982	0	8
EGAN00001341990	chr9_78292300	50	4
EGAN00001341990	chr9_80747246	100	1
EGAN00001341990	chr9_81101871	100	3
EGAN00001341990	chr9_130376556	100	1
EGAN00001341990	chr9_134026344	50	2
EGAN00001341990	chr13_25852742	100	1
EGAN00001341990	chr13_51782350	100	2
EGAN00001341990	chr13_87447540	71.4285714285714	7
EGAN00001341990	chr13_99977890	100	2
EGAN00001341990	chr13_111422484	66.6666666666667	3
EGAN00001341990	chr11_12886036	20	5
EGAN00001341990	chr11_18108059	66.6666666666667	3
EGAN00001341990	chr11_64041133	100	4
EGAN00001341990	chr11_64236610	100	4
EGAN00001341990	chr11_65642354	100	1
EGAN00001341990	chr11_66959350	33.3333333333333	6
EGAN00001341990	chr11_68878159	100	1
EGAN00001341990	chr11_69152182	100	1
EGAN00001341990	chr11_69702042	50	2
EGAN00001341990	chr11_94584351	20	5
EGAN00001341990	chr11_117071886	85.7142857142857	7
EGAN00001341990	chr11_125382866	66.6666666666667	3
EGAN00001341990	chr11_125418747	100	4
EGAN00001341990	chr11_126461346	100	1
EGAN00001341990	chr11_131933432	75	4
EGAN00001341990	chr11_132479453	100	2
EGAN00001341990	chr3_26878167	80	5
EGAN00001341990	chr3_46984285	66.6666666666667	3
EGAN00001341990	chr3_46988170	0	1
EGAN00001341990	chr3_54203074	0	2
EGAN00001341990	chr3_61178549	62.5	8
EGAN00001341990	chr3_72302013	100	2
EGAN00001341990	chr3_75583245	0	7
EGAN00001341990	chr3_75583318	0	4
EGAN00001341990	chr3_95090765	87.5	8
EGAN00001341990	chr3_122232635	100	3
EGAN00001341990	chr3_124292638	100	3
EGAN00001341990	chr3_141009558	50	2
EGAN00001341990	chr3_157701978	100	6
EGAN00001341990	chr3_161514273	100	1
EGAN00001341990	chr3_196648504	66.6666666666667	3
EGAN00001341990	chr17_4692189	50	2
EGAN00001341990	chr17_6985285	75	4
EGAN00001341990	chr17_16415616	0	1
EGAN00001341990	chr17_68247196	20	5
EGAN00001341990	chr17_75539860	0	1
EGAN00001341990	chr17_82000072	100	1
EGAN00001341990	chr12_34421085	50	4
EGAN00001341990	chr12_47817468	0	1
EGAN00001341990	chr12_54329411	100	3
EGAN00001341990	chr12_103365614	50	4
EGAN00001341990	chr12_104215539	100	1
EGAN00001341990	chr12_115334226	66.6666666666667	3
EGAN00001341990	chr12_121366048	66.6666666666667	6
EGAN00001341990	chr12_124548162	100	1
EGAN00001341990	chr12_132417868	0	1
EGAN00001341990	chr12_133232969	75	4
EGAN00001341990	chr6_24684543	100	2
EGAN00001341990	chr6_25263453	0	1
EGAN00001341990	chr6_27187194	83.3333333333333	6
EGAN00001341990	chr6_35503585	0	2
EGAN00001341990	chr6_45236020	100	2
EGAN00001341990	chr6_68487849	100	3
EGAN00001341990	chr6_68633390	0	1
EGAN00001341990	chr6_69431934	83.3333333333333	6
EGAN00001341990	chr6_96784428	100	2
EGAN00001341990	chr6_126033156	90	10
EGAN00001341990	chr6_128911345	100	1
EGAN00001341990	chr6_133948746	50	2
EGAN00001341990	chr6_138523563	33.3333333333333	3
EGAN00001341990	chr6_150490691	100	1
EGAN00001341990	chr6_158356641	75	4
EGAN00001341990	chr6_159578134	50	4
EGAN00001341990	chr8_4462694	100	1
EGAN00001341990	chr8_28419410	100	2
EGAN00001341990	chr8_41725935	66.6666666666667	3
EGAN00001341990	chr8_109229267	75	4
EGAN00001341990	chr8_127312020	100	1
EGAN00001341990	chr8_140469431	40	5
EGAN00001341990	chr8_142700164	100	1
EGAN00001341990	chr8_142907539	100	1
EGAN00001341990	chr22_18958409	100	1
EGAN00001341990	chr22_26630073	100	5
EGAN00001341990	chr22_26665011	60	5
EGAN00001341990	chr22_27803413	83.3333333333333	6
EGAN00001341990	chr22_46262573	33.3333333333333	3
EGAN00001341990	chr22_50267083	100	1
EGAN00001341990	chr16_984377	50	2
EGAN00001341990	chr16_10385715	66.6666666666667	3
EGAN00001341990	chr16_11330143	25	4
EGAN00001341990	chr16_26750116	75	4
EGAN00001341990	chr16_28862806	75	4
EGAN00001341990	chr16_31427636	50	4
EGAN00001341990	chr16_31639411	100	5
EGAN00001341990	chr16_32127597	83.3333333333333	6
EGAN00001341990	chr16_34663733	100	4
EGAN00001341990	chr16_49395896	60	5
EGAN00001341990	chr16_73010278	50	2
EGAN00001341990	chr16_83267621	100	2
EGAN00001341990	chr16_88116470	66.6666666666667	3
EGAN00001341990	chr16_88786563	100	3
EGAN00001341990	chr15_25644379	0	2
EGAN00001341990	chr15_37642362	100	7
EGAN00001341990	chr15_59863352	25	4
EGAN00001341990	chr15_65305540	0	1
EGAN00001341990	chr15_77815002	100	1
EGAN00001341990	chr15_82808150	100	3
EGAN00001341990	chr15_82850898	33.3333333333333	3
EGAN00001341990	chr15_99438835	100	1
EGAN00001341990	chr15_101653213	0	3
EGAN00001341990	chr10_13054037	100	8
EGAN00001341990	chr10_15761856	33.3333333333333	3
EGAN00001341990	chr10_22875783	100	6
EGAN00001341990	chr10_32230625	75	4
EGAN00001341990	chr10_43215249	50	2
EGAN00001341990	chr10_48531683	100	3
EGAN00001341990	chr10_103848137	50	2
EGAN00001341990	chr10_116238155	66.6666666666667	3
EGAN00001341990	chr10_123497213	50	4
EGAN00001341990	chr10_131223999	0	2
EGAN00001341990	chrX_8064562	75	4
EGAN00001341990	chrX_9651990	100	1
EGAN00001341990	chrX_10473748	80	5
EGAN00001341990	chrX_14690789	100	6
EGAN00001341990	chrX_19640587	50	2
EGAN00001341990	chrX_29799022	85.7142857142857	7
EGAN00001341990	chrX_30374129	100	1
EGAN00001341990	chrX_45479778	100	4
EGAN00001341990	chrX_47084584	100	5
EGAN00001341990	chrX_52246947	60	5
EGAN00001341990	chrX_66086837	100	1
EGAN00001341990	chrX_66639832	66.6666666666667	6
EGAN00001341990	chrX_70303289	60	5
EGAN00001341990	chrX_78119699	100	1
EGAN00001341990	chrX_87489343	33.3333333333333	3
EGAN00001341990	chrX_88018355	75	8
EGAN00001341990	chrX_92117524	66.6666666666667	3
EGAN00001341990	chrX_103155912	100	1
EGAN00001341990	chrX_117454191	66.6666666666667	3
EGAN00001341990	chrX_121786794	87.5	8
EGAN00001341990	chrX_125833062	75	12
EGAN00001341990	chrX_131200477	50	2
EGAN00001341990	chrX_133812641	100	4
EGAN00001341990	chrX_134890929	80	10
EGAN00001341990	chrX_140679022	25	8
EGAN00001341990	chrX_142933309	80	5
EGAN00001341990	chrX_145459539	100	3
EGAN00001341990	chrX_153892697	50	2
EGAN00001341990	chrX_154793630	71.4285714285714	7
EGAN00001341990	chr21_14070208	100	3
EGAN00001341990	chr21_19898807	0	1
EGAN00001341990	chr21_37565327	100	1
EGAN00001341990	chr21_38664557	66.6666666666667	3
EGAN00001341990	chr14_20747558	100	3
EGAN00001341990	chr14_50363770	0	1
EGAN00001341990	chr14_68434182	100	3
EGAN00001341990	chr14_92261125	100	1
EGAN00001341990	chr14_96585335	100	1
EGAN00001341990	chr14_97459083	0	2
EGAN00001341990	chr14_99617228	16.6666666666667	6
EGAN00001341990	chr14_102126515	0	1
EGAN00001341990	chr14_103332688	100	2
EGAN00001341990	chr20_18728365	100	2
EGAN00001341990	chr20_38892436	0	1
EGAN00001341990	chr20_41378024	83.3333333333333	6
EGAN00001341990	chr20_53469500	100	1
EGAN00001341990	chr20_56318577	100	2
EGAN00001341990	chr20_63085658	100	1
EGAN00001341990	chr20_63165100	0	1
EGAN00001341991	chr9_263022	33.3333333333333	3
EGAN00001341991	chr9_6873941	50	2
EGAN00001341991	chr9_11233815	100	6
EGAN00001341991	chr9_20682982	50	2
EGAN00001341991	chr9_21152362	100	3
EGAN00001341991	chr9_36826325	100	1
EGAN00001341991	chr9_42853495	100	1
EGAN00001341991	chr9_63348247	80	5
EGAN00001341991	chr9_76836241	28.5714285714286	7
EGAN00001341991	chr9_77514982	0	2
EGAN00001341991	chr9_78292300	50	2
EGAN00001341991	chr9_78618458	0	1
EGAN00001341991	chr9_81101871	100	1
EGAN00001341991	chr9_127752452	100	3
EGAN00001341991	chr9_130376556	100	4
EGAN00001341991	chr9_134026344	100	2
EGAN00001341991	chr9_135481350	100	3
EGAN00001341991	chr14_20747558	100	2
EGAN00001341991	chr14_50363770	0	1
EGAN00001341991	chr14_68434182	50	2
EGAN00001341991	chr14_72645911	100	1
EGAN00001341991	chr14_92261125	100	4
EGAN00001341991	chr14_96585335	100	1
EGAN00001341991	chr14_97459083	50	2
EGAN00001341991	chr14_99617228	0	3
EGAN00001341991	chr14_102126515	50	4
EGAN00001341991	chr14_103332688	100	5
EGAN00001341991	chr14_104105553	50	2
EGAN00001341991	chr3_26878167	100	2
EGAN00001341991	chr3_46984285	100	2
EGAN00001341991	chr3_50340540	0	1
EGAN00001341991	chr3_54203074	0	2
EGAN00001341991	chr3_61178549	85.7142857142857	7
EGAN00001341991	chr3_72302013	100	3
EGAN00001341991	chr3_75583245	0	1
EGAN00001341991	chr3_75583318	0	1
EGAN00001341991	chr3_95090765	100	5
EGAN00001341991	chr3_122232635	66.6666666666667	3
EGAN00001341991	chr3_124292638	80	5
EGAN00001341991	chr3_141009558	0	4
EGAN00001341991	chr3_157701978	100	3
EGAN00001341991	chr3_161514273	75	4
EGAN00001341991	chr3_187890625	0	1
EGAN00001341991	chr3_196648504	66.6666666666667	3
EGAN00001341991	chr2_70202883	100	1
EGAN00001341991	chr2_70896812	0	1
EGAN00001341991	chr2_71024387	100	1
EGAN00001341991	chr2_101245113	66.6666666666667	3
EGAN00001341991	chr2_104373927	100	1
EGAN00001341991	chr2_128902340	100	1
EGAN00001341991	chr2_175400388	100	1
EGAN00001341991	chr2_182031185	100	1
EGAN00001341991	chr2_187003438	100	1
EGAN00001341991	chr2_203707953	60	5
EGAN00001341991	chr2_213001584	16.6666666666667	6
EGAN00001341991	chr2_226994954	100	4
EGAN00001341991	chr2_228500207	40	5
EGAN00001341991	chr2_230318605	0	5
EGAN00001341991	chr19_1081819	100	1
EGAN00001341991	chr19_4208634	100	3
EGAN00001341991	chr19_7620450	100	3
EGAN00001341991	chr19_10547625	66.6666666666667	3
EGAN00001341991	chr19_14428342	100	1
EGAN00001341991	chr19_17224895	100	3
EGAN00001341991	chr19_19228631	100	3
EGAN00001341991	chr19_47022375	50	2
EGAN00001341991	chr19_47357047	100	1
EGAN00001341991	chr19_48096320	50	2
EGAN00001341991	chr19_50259120	50	2
EGAN00001341991	chr19_56667668	0	1
EGAN00001341991	chr1_3332671	100	2
EGAN00001341991	chr1_11644156	0	1
EGAN00001341991	chr1_15584385	100	1
EGAN00001341991	chr1_16167239	50	2
EGAN00001341991	chr1_26030509	100	1
EGAN00001341991	chr1_26319849	0	1
EGAN00001341991	chr1_53638146	33.3333333333333	3
EGAN00001341991	chr1_96518976	75	4
EGAN00001341991	chr1_112329623	100	1
EGAN00001341991	chr1_114136997	0	4
EGAN00001341991	chr1_119005528	71.4285714285714	7
EGAN00001341991	chr1_151197469	100	2
EGAN00001341991	chr1_151352085	100	5
EGAN00001341991	chr1_153022380	50	4
EGAN00001341991	chr1_154707828	0	2
EGAN00001341991	chr1_156193528	0	1
EGAN00001341991	chr1_156246289	100	2
EGAN00001341991	chr1_167629958	0	3
EGAN00001341991	chr1_168997424	100	2
EGAN00001341991	chr1_181629071	66.6666666666667	3
EGAN00001341991	chr1_212917135	100	3
EGAN00001341991	chr1_221839912	0	1
EGAN00001341991	chr7_5164167	100	3
EGAN00001341991	chr7_5564384	100	1
EGAN00001341991	chr7_30642492	100	3
EGAN00001341991	chr7_43199785	0	4
EGAN00001341991	chr7_56454779	100	1
EGAN00001341991	chr7_58045908	100	6
EGAN00001341991	chr7_73565783	66.6666666666667	3
EGAN00001341991	chr7_95917591	80	5
EGAN00001341991	chr7_115420145	66.6666666666667	3
EGAN00001341991	chr7_116306146	87.5	8
EGAN00001341991	chr7_134355048	40	5
EGAN00001341991	chr6_10882717	0	1
EGAN00001341991	chr6_24684543	100	2
EGAN00001341991	chr6_25263453	100	1
EGAN00001341991	chr6_27187194	100	3
EGAN00001341991	chr6_35503585	100	2
EGAN00001341991	chr6_45236020	100	1
EGAN00001341991	chr6_68487849	66.6666666666667	6
EGAN00001341991	chr6_68633390	0	2
EGAN00001341991	chr6_69431934	85.7142857142857	7
EGAN00001341991	chr6_96784428	85.7142857142857	7
EGAN00001341991	chr6_126033156	80	5
EGAN00001341991	chr6_128911345	66.6666666666667	3
EGAN00001341991	chr6_138523563	50	2
EGAN00001341991	chr6_150490691	100	5
EGAN00001341991	chr6_158356641	85.7142857142857	7
EGAN00001341991	chr6_159578134	33.3333333333333	3
EGAN00001341991	chrX_8064562	100	3
EGAN00001341991	chrX_9651990	33.3333333333333	3
EGAN00001341991	chrX_10473748	100	2
EGAN00001341991	chrX_14690789	100	1
EGAN00001341991	chrX_29799022	77.7777777777778	9
EGAN00001341991	chrX_30374129	0	3
EGAN00001341991	chrX_45479778	85.7142857142857	7
EGAN00001341991	chrX_47084584	100	2
EGAN00001341991	chrX_52246947	50	4
EGAN00001341991	chrX_66086837	57.1428571428571	7
EGAN00001341991	chrX_66639832	71.4285714285714	7
EGAN00001341991	chrX_70303289	66.6666666666667	3
EGAN00001341991	chrX_78119699	100	3
EGAN00001341991	chrX_87489343	100	3
EGAN00001341991	chrX_88018355	75	4
EGAN00001341991	chrX_92117524	80	5
EGAN00001341991	chrX_103155912	75	4
EGAN00001341991	chrX_117454191	100	3
EGAN00001341991	chrX_121786794	36.3636363636364	11
EGAN00001341991	chrX_125833062	75	4
EGAN00001341991	chrX_131200477	66.6666666666667	3
EGAN00001341991	chrX_133812641	33.3333333333333	3
EGAN00001341991	chrX_134890929	100	7
EGAN00001341991	chrX_140679022	33.3333333333333	3
EGAN00001341991	chrX_142933309	83.3333333333333	6
EGAN00001341991	chrX_145393855	25	4
EGAN00001341991	chrX_145459539	80	5
EGAN00001341991	chrX_154793630	50	4
EGAN00001341991	chr11_12886036	16.6666666666667	6
EGAN00001341991	chr11_18108059	100	2
EGAN00001341991	chr11_64041133	100	1
EGAN00001341991	chr11_64236610	100	5
EGAN00001341991	chr11_65642354	100	1
EGAN00001341991	chr11_66959350	25	4
EGAN00001341991	chr11_68878159	100	1
EGAN00001341991	chr11_69152182	100	2
EGAN00001341991	chr11_69702042	25	4
EGAN00001341991	chr11_94584351	0	3
EGAN00001341991	chr11_117071886	100	4
EGAN00001341991	chr11_125382866	33.3333333333333	3
EGAN00001341991	chr11_125418747	100	5
EGAN00001341991	chr11_126461346	50	2
EGAN00001341991	chr11_131933432	100	1
EGAN00001341991	chr11_132479453	100	2
EGAN00001341991	chr4_981446	100	1
EGAN00001341991	chr4_6355382	0	2
EGAN00001341991	chr4_7722248	33.3333333333333	3
EGAN00001341991	chr4_8351429	100	1
EGAN00001341991	chr4_12118549	25	4
EGAN00001341991	chr4_26822662	33.3333333333333	3
EGAN00001341991	chr4_37436122	0	4
EGAN00001341991	chr4_64314525	75	4
EGAN00001341991	chr4_64927430	100	14
EGAN00001341991	chr4_78704723	88.8888888888889	9
EGAN00001341991	chr4_134394695	100	2
EGAN00001341991	chr4_164959805	100	1
EGAN00001341991	chr4_184097440	0	2
EGAN00001341991	chr4_188315458	100	7
EGAN00001341991	chr20_18728365	100	2
EGAN00001341991	chr20_31274499	0	1
EGAN00001341991	chr20_38892436	20	5
EGAN00001341991	chr20_41378024	80	5
EGAN00001341991	chr20_53469500	100	4
EGAN00001341991	chr20_56318577	83.3333333333333	6
EGAN00001341991	chr20_63085658	66.6666666666667	3
EGAN00001341991	chr20_63131247	100	1
EGAN00001341991	chr21_14070208	100	1
EGAN00001341991	chr21_37565327	100	2
EGAN00001341991	chr21_42518157	75	4
EGAN00001341991	chr21_44344331	100	2
EGAN00001341991	chr21_45819850	100	2
EGAN00001341991	chr12_34421085	50	8
EGAN00001341991	chr12_47817468	0	2
EGAN00001341991	chr12_54329411	50	2
EGAN00001341991	chr12_103365614	50	4
EGAN00001341991	chr12_104215539	0	1
EGAN00001341991	chr12_109264248	100	1
EGAN00001341991	chr12_115334226	50	2
EGAN00001341991	chr12_121366048	33.3333333333333	6
EGAN00001341991	chr12_133232969	83.3333333333333	6
EGAN00001341991	chr17_4692189	100	6
EGAN00001341991	chr17_6985285	100	6
EGAN00001341991	chr17_68247196	50	2
EGAN00001341991	chr17_75539860	100	1
EGAN00001341991	chr8_4462694	100	5
EGAN00001341991	chr8_28419410	100	2
EGAN00001341991	chr8_41725935	0	1
EGAN00001341991	chr8_109229267	83.3333333333333	6
EGAN00001341991	chr8_127312020	100	1
EGAN00001341991	chr8_140469431	0	4
EGAN00001341991	chr8_142700164	100	1
EGAN00001341991	chr8_142907539	100	3
EGAN00001341991	chr15_25644379	100	2
EGAN00001341991	chr15_37642362	100	8
EGAN00001341991	chr15_60876327	0	3
EGAN00001341991	chr15_77815002	100	1
EGAN00001341991	chr15_99438835	0	2
EGAN00001341991	chr15_101653213	50	4
EGAN00001341991	chr10_13054037	100	5
EGAN00001341991	chr10_15761856	100	2
EGAN00001341991	chr10_22875783	100	4
EGAN00001341991	chr10_32230625	100	4
EGAN00001341991	chr10_43215249	66.6666666666667	3
EGAN00001341991	chr10_46051416	0	1
EGAN00001341991	chr10_48531683	0	1
EGAN00001341991	chr10_103848137	50	4
EGAN00001341991	chr10_116238155	100	1
EGAN00001341991	chr10_117126088	0	2
EGAN00001341991	chr10_123497213	100	2
EGAN00001341991	chr10_129394840	100	2
EGAN00001341991	chr10_130359215	100	3
EGAN00001341991	chr10_131223999	0	1
EGAN00001341991	chr10_131581723	100	2
EGAN00001341991	chr10_132416091	100	1
EGAN00001341991	chr13_25852742	100	5
EGAN00001341991	chr13_51782350	100	2
EGAN00001341991	chr13_87447540	100	3
EGAN00001341991	chr13_99977890	0	3
EGAN00001341991	chr13_111422484	100	2
EGAN00001341991	chr5_1597217	42.8571428571429	7
EGAN00001341991	chr5_1778903	100	2
EGAN00001341991	chr5_33600908	100	4
EGAN00001341991	chr5_36017684	100	7
EGAN00001341991	chr5_36953216	100	3
EGAN00001341991	chr5_58913787	100	2
EGAN00001341991	chr5_62208520	57.1428571428571	7
EGAN00001341991	chr5_63155217	100	3
EGAN00001341991	chr5_76199453	0	1
EGAN00001341991	chr5_88827334	100	2
EGAN00001341991	chr5_96656366	33.3333333333333	6
EGAN00001341991	chr5_135036179	75	4
EGAN00001341991	chr5_137889034	50	2
EGAN00001341991	chr5_141477532	50	4
EGAN00001341991	chr5_146333950	60	5
EGAN00001341991	chr5_170715905	50	2
EGAN00001341991	chr18_14600023	60	5
EGAN00001341991	chr18_36160184	50	2
EGAN00001341991	chr18_60868500	100	5
EGAN00001341991	chr18_77421661	100	1
EGAN00001341991	chr16_984377	50	2
EGAN00001341991	chr16_10385715	40	5
EGAN00001341991	chr16_11330143	100	1
EGAN00001341991	chr16_26750116	100	5
EGAN00001341991	chr16_27143556	0	1
EGAN00001341991	chr16_29829449	100	1
EGAN00001341991	chr16_31639411	66.6666666666667	6
EGAN00001341991	chr16_32127597	71.4285714285714	7
EGAN00001341991	chr16_34663733	75	4
EGAN00001341991	chr16_49395896	100	5
EGAN00001341991	chr16_73010278	0	1
EGAN00001341991	chr16_83267621	100	2
EGAN00001341991	chr16_85509285	100	2
EGAN00001341991	chr16_88116470	40	5
EGAN00001341991	chr16_88901804	100	1
EGAN00001341991	chr22_18958409	0	1
EGAN00001341991	chr22_26630073	75	4
EGAN00001341991	chr22_26665011	80	5
EGAN00001341991	chr22_27803413	75	4
EGAN00001341991	chr22_46262573	100	2
EGAN00001341991	chr22_49646965	66.6666666666667	3
EGAN00001341991	chr22_50267083	100	1
EGAN00001341991	chr22_50499363	100	1
EGAN00001341992	chr4_981446	100	1
EGAN00001341992	chr4_6355382	0	1
EGAN00001341992	chr4_8351429	100	1
EGAN00001341992	chr4_9381003	100	1
EGAN00001341992	chr4_12118549	100	1
EGAN00001341992	chr4_26822662	100	2
EGAN00001341992	chr4_37436122	50	4
EGAN00001341992	chr4_64314525	0	1
EGAN00001341992	chr4_64927430	100	2
EGAN00001341992	chr4_78704723	80	5
EGAN00001341992	chr4_134394695	33.3333333333333	3
EGAN00001341992	chr4_164959805	100	3
EGAN00001341992	chr4_188315458	66.6666666666667	3
EGAN00001341992	chr13_25852742	33.3333333333333	3
EGAN00001341992	chr13_51782350	100	1
EGAN00001341992	chr13_87447540	100	3
EGAN00001341992	chr13_111422484	50	4
EGAN00001341992	chr14_20747558	100	3
EGAN00001341992	chr14_92261125	100	2
EGAN00001341992	chr14_96585335	0	1
EGAN00001341992	chr14_97459083	100	1
EGAN00001341992	chr14_99617228	55.5555555555556	9
EGAN00001341992	chr14_102126515	50	2
EGAN00001341992	chr14_103332688	75	4
EGAN00001341992	chr14_104105553	100	2
EGAN00001341992	chr1_11644156	33.3333333333333	3
EGAN00001341992	chr1_15584385	100	2
EGAN00001341992	chr1_25618560	100	1
EGAN00001341992	chr1_26319849	100	2
EGAN00001341992	chr1_53638146	60	5
EGAN00001341992	chr1_96518976	100	1
EGAN00001341992	chr1_98733419	100	2
EGAN00001341992	chr1_112329623	100	3
EGAN00001341992	chr1_119005528	50	6
EGAN00001341992	chr1_151352085	66.6666666666667	3
EGAN00001341992	chr1_153022380	60	5
EGAN00001341992	chr1_167629958	66.6666666666667	3
EGAN00001341992	chr1_168997424	100	1
EGAN00001341992	chr1_181629071	0	1
EGAN00001341992	chr1_212917135	100	1
EGAN00001341992	chr1_221839912	0	1
EGAN00001341992	chr12_34421085	0	2
EGAN00001341992	chr12_54329411	100	2
EGAN00001341992	chr12_96485658	0	1
EGAN00001341992	chr12_103365614	66.6666666666667	3
EGAN00001341992	chr12_104215539	100	2
EGAN00001341992	chr12_115334226	0	2
EGAN00001341992	chr12_121366048	100	4
EGAN00001341992	chr12_124548162	0	1
EGAN00001341992	chr12_132417868	50	2
EGAN00001341992	chr12_133232969	100	2
EGAN00001341992	chr6_24684543	0	1
EGAN00001341992	chr6_25263453	100	2
EGAN00001341992	chr6_27187194	0	1
EGAN00001341992	chr6_35503585	0	1
EGAN00001341992	chr6_45236020	0	1
EGAN00001341992	chr6_68487849	50	2
EGAN00001341992	chr6_68633390	50	2
EGAN00001341992	chr6_69431934	75	4
EGAN00001341992	chr6_96784428	50	2
EGAN00001341992	chr6_126033156	50	6
EGAN00001341992	chr6_130194025	100	1
EGAN00001341992	chr6_133746072	100	1
EGAN00001341992	chr6_133948746	66.6666666666667	3
EGAN00001341992	chr6_138523563	50	2
EGAN00001341992	chr6_150490691	100	2
EGAN00001341992	chr6_158356641	33.3333333333333	3
EGAN00001341992	chr6_159578134	0	1
EGAN00001341992	chr3_46984285	100	1
EGAN00001341992	chr3_50340540	0	1
EGAN00001341992	chr3_54203074	0	1
EGAN00001341992	chr3_61178549	50	8
EGAN00001341992	chr3_72302013	100	2
EGAN00001341992	chr3_75583245	50	4
EGAN00001341992	chr3_95090765	100	1
EGAN00001341992	chr3_122232635	100	4
EGAN00001341992	chr3_124292638	100	2
EGAN00001341992	chr3_141009558	50	2
EGAN00001341992	chr3_157701978	75	4
EGAN00001341992	chr3_161514273	100	4
EGAN00001341992	chr3_187890625	100	2
EGAN00001341992	chr7_5164167	100	1
EGAN00001341992	chr7_5564384	0	3
EGAN00001341992	chr7_43199785	0	1
EGAN00001341992	chr7_56454779	100	2
EGAN00001341992	chr7_58045908	60	5
EGAN00001341992	chr7_73565783	100	3
EGAN00001341992	chr7_95917591	50	4
EGAN00001341992	chr7_115420145	75	4
EGAN00001341992	chr7_134355048	0	2
EGAN00001341992	chr15_37642362	100	6
EGAN00001341992	chr15_59863352	100	2
EGAN00001341992	chr15_65305540	100	1
EGAN00001341992	chr15_82808150	100	4
EGAN00001341992	chr15_82850898	100	1
EGAN00001341992	chr15_99438835	100	2
EGAN00001341992	chr15_101653213	50	2
EGAN00001341992	chr19_1081819	0	1
EGAN00001341992	chr19_4208634	100	1
EGAN00001341992	chr19_6933868	0	1
EGAN00001341992	chr19_9960591	0	1
EGAN00001341992	chr19_17224895	100	3
EGAN00001341992	chr19_19228631	100	4
EGAN00001341992	chr19_39437477	50	2
EGAN00001341992	chr19_47022375	100	1
EGAN00001341992	chr19_47357047	100	4
EGAN00001341992	chr19_48096320	100	2
EGAN00001341992	chr19_56667668	0	1
EGAN00001341992	chr10_22875783	100	4
EGAN00001341992	chr10_32230625	75	4
EGAN00001341992	chr10_43215249	50	2
EGAN00001341992	chr10_46051416	50	2
EGAN00001341992	chr10_86942707	100	2
EGAN00001341992	chr10_129394840	100	1
EGAN00001341992	chr10_130359215	100	1
EGAN00001341992	chr10_131581723	100	1
EGAN00001341992	chr17_6985285	83.3333333333333	6
EGAN00001341992	chr17_82000072	100	1
EGAN00001341992	chr8_4462694	75	8
EGAN00001341992	chr8_109229267	33.3333333333333	3
EGAN00001341992	chr8_140469431	100	1
EGAN00001341992	chr8_142907539	100	1
EGAN00001341992	chr18_14600023	16.6666666666667	6
EGAN00001341992	chr18_36160184	100	1
EGAN00001341992	chr18_60868500	60	5
EGAN00001341992	chr5_1778903	100	1
EGAN00001341992	chr5_33600908	100	5
EGAN00001341992	chr5_36017684	100	1
EGAN00001341992	chr5_36953216	100	4
EGAN00001341992	chr5_62208520	100	3
EGAN00001341992	chr5_63155217	100	1
EGAN00001341992	chr5_76199453	0	2
EGAN00001341992	chr5_88827334	50	2
EGAN00001341992	chr5_96656366	100	1
EGAN00001341992	chr5_134906266	66.6666666666667	3
EGAN00001341992	chr5_137889034	33.3333333333333	3
EGAN00001341992	chr5_141477532	100	1
EGAN00001341992	chr5_146333950	100	2
EGAN00001341992	chr5_170715905	100	1
EGAN00001341992	chr2_70202883	0	1
EGAN00001341992	chr2_71024387	100	1
EGAN00001341992	chr2_101245113	100	1
EGAN00001341992	chr2_104373927	100	1
EGAN00001341992	chr2_175400388	100	4
EGAN00001341992	chr2_182031185	100	1
EGAN00001341992	chr2_187003438	0	1
EGAN00001341992	chr2_203707953	66.6666666666667	3
EGAN00001341992	chr2_213001584	33.3333333333333	3
EGAN00001341992	chr2_217062556	100	3
EGAN00001341992	chr2_226994954	100	1
EGAN00001341992	chr2_228500207	50	4
EGAN00001341992	chr2_230318605	0	5
EGAN00001341992	chr20_38892436	100	1
EGAN00001341992	chr20_41378024	100	3
EGAN00001341992	chr20_53469500	100	2
EGAN00001341992	chr20_56318577	100	3
EGAN00001341992	chr20_63085658	100	1
EGAN00001341992	chr20_63165100	100	1
EGAN00001341992	chr16_984377	66.6666666666667	3
EGAN00001341992	chr16_10385715	50	2
EGAN00001341992	chr16_11330143	0	1
EGAN00001341992	chr16_27143556	100	1
EGAN00001341992	chr16_27782241	0	1
EGAN00001341992	chr16_29829449	100	3
EGAN00001341992	chr16_32127597	100	3
EGAN00001341992	chr16_49395896	90.9090909090909	11
EGAN00001341992	chr16_73010278	0	1
EGAN00001341992	chr16_83267621	100	1
EGAN00001341992	chr16_88116470	100	1
EGAN00001341992	chr16_88786563	0	2
EGAN00001341992	chr16_88901804	100	1
EGAN00001341992	chr11_12886036	50	2
EGAN00001341992	chr11_18108059	100	1
EGAN00001341992	chr11_65642354	100	1
EGAN00001341992	chr11_66959350	0	5
EGAN00001341992	chr11_68878159	100	2
EGAN00001341992	chr11_69152182	100	2
EGAN00001341992	chr11_69702042	0	1
EGAN00001341992	chr11_94584351	0	2
EGAN00001341992	chr11_117071886	100	3
EGAN00001341992	chr11_125418747	0	1
EGAN00001341992	chr11_131933432	0	1
EGAN00001341992	chr11_132479453	50	2
EGAN00001341992	chrX_8064562	100	5
EGAN00001341992	chrX_9651990	100	2
EGAN00001341992	chrX_10473748	100	1
EGAN00001341992	chrX_14690789	75	4
EGAN00001341992	chrX_29799022	55.5555555555556	9
EGAN00001341992	chrX_30374129	100	5
EGAN00001341992	chrX_45479778	100	6
EGAN00001341992	chrX_47084584	100	1
EGAN00001341992	chrX_52246947	0	1
EGAN00001341992	chrX_66086837	66.6666666666667	6
EGAN00001341992	chrX_66639832	60	5
EGAN00001341992	chrX_70303289	0	3
EGAN00001341992	chrX_87489343	100	2
EGAN00001341992	chrX_88018355	100	5
EGAN00001341992	chrX_92117524	87.5	8
EGAN00001341992	chrX_103155912	100	1
EGAN00001341992	chrX_121786794	0	1
EGAN00001341992	chrX_125833062	71.4285714285714	7
EGAN00001341992	chrX_131200477	50	4
EGAN00001341992	chrX_134890929	71.4285714285714	7
EGAN00001341992	chrX_140679022	25	4
EGAN00001341992	chrX_142933309	100	2
EGAN00001341992	chrX_145459539	50	2
EGAN00001341992	chrX_154793630	16.6666666666667	6
EGAN00001341992	chr9_6873941	100	2
EGAN00001341992	chr9_11233815	100	2
EGAN00001341992	chr9_21152362	100	4
EGAN00001341992	chr9_36826325	100	1
EGAN00001341992	chr9_42853495	0	2
EGAN00001341992	chr9_63348247	100	3
EGAN00001341992	chr9_76836241	50	2
EGAN00001341992	chr9_77514982	20	5
EGAN00001341992	chr9_78292300	100	1
EGAN00001341992	chr9_78618458	0	1
EGAN00001341992	chr9_80747246	100	2
EGAN00001341992	chr9_127752452	66.6666666666667	3
EGAN00001341992	chr9_134026344	100	1
EGAN00001341992	chr21_14070208	100	1
EGAN00001341992	chr21_37565327	100	3
EGAN00001341992	chr21_42518157	100	2
EGAN00001341992	chr22_12168418	100	2
EGAN00001341992	chr22_26630073	100	3
EGAN00001341992	chr22_27803413	85.7142857142857	7
EGAN00001341992	chr22_49646965	50	2
EGAN00001341992	chr22_50267083	100	2
EGAN00001341992	chr22_50499363	100	1
EGAN00001341993	chr6_24684543	100	1
EGAN00001341993	chr6_25263453	40	5
EGAN00001341993	chr6_27187194	66.6666666666667	3
EGAN00001341993	chr6_35503585	0	2
EGAN00001341993	chr6_68633390	0	1
EGAN00001341993	chr6_69431934	66.6666666666667	3
EGAN00001341993	chr6_96784428	80	5
EGAN00001341993	chr6_126033156	80	5
EGAN00001341993	chr6_130194025	100	1
EGAN00001341993	chr6_133746072	100	1
EGAN00001341993	chr6_133948746	100	1
EGAN00001341993	chr6_138523563	0	1
EGAN00001341993	chr6_158356641	50	2
EGAN00001341993	chr6_159578134	100	1
EGAN00001341993	chr19_4208634	100	1
EGAN00001341993	chr19_7620450	100	2
EGAN00001341993	chr19_14428342	100	1
EGAN00001341993	chr19_17224895	100	1
EGAN00001341993	chr19_19228631	100	1
EGAN00001341993	chr19_48096320	100	1
EGAN00001341993	chr19_50259120	0	3
EGAN00001341993	chr19_56667668	50	2
EGAN00001341993	chr7_5164167	100	4
EGAN00001341993	chr7_5564384	0	1
EGAN00001341993	chr7_43199785	0	3
EGAN00001341993	chr7_56454779	100	1
EGAN00001341993	chr7_58045908	66.6666666666667	3
EGAN00001341993	chr7_73565783	100	1
EGAN00001341993	chr7_76166396	100	1
EGAN00001341993	chr7_95917591	100	1
EGAN00001341993	chr7_116306146	75	4
EGAN00001341993	chr7_134355048	0	1
EGAN00001341993	chr2_71024387	100	1
EGAN00001341993	chr2_101245113	100	1
EGAN00001341993	chr2_104373927	33.3333333333333	3
EGAN00001341993	chr2_128902340	50	2
EGAN00001341993	chr2_175400388	33.3333333333333	3
EGAN00001341993	chr2_182031185	100	2
EGAN00001341993	chr2_203707953	100	2
EGAN00001341993	chr2_213001584	25	12
EGAN00001341993	chr2_226994954	100	2
EGAN00001341993	chr2_228500207	0	3
EGAN00001341993	chr2_230318605	0	3
EGAN00001341993	chr12_34421085	100	1
EGAN00001341993	chr12_47817468	0	2
EGAN00001341993	chr12_54329411	100	1
EGAN00001341993	chr12_103365614	37.5	8
EGAN00001341993	chr12_109264248	100	2
EGAN00001341993	chr12_115334226	75	4
EGAN00001341993	chr12_121366048	66.6666666666667	3
EGAN00001341993	chr12_133232969	100	1
EGAN00001341993	chr1_3332671	0	1
EGAN00001341993	chr1_15584385	100	1
EGAN00001341993	chr1_26319849	0	1
EGAN00001341993	chr1_36555214	100	1
EGAN00001341993	chr1_53638146	50	2
EGAN00001341993	chr1_96518976	100	1
EGAN00001341993	chr1_98733419	100	4
EGAN00001341993	chr1_112329623	100	2
EGAN00001341993	chr1_119005528	40	5
EGAN00001341993	chr1_151352085	100	2
EGAN00001341993	chr1_154707828	100	1
EGAN00001341993	chr1_156193528	0	1
EGAN00001341993	chr1_167629958	12.5	8
EGAN00001341993	chr1_181629071	66.6666666666667	3
EGAN00001341993	chr1_212917135	50	4
EGAN00001341993	chr1_221839912	0	1
EGAN00001341993	chr16_10385715	0	1
EGAN00001341993	chr16_11330143	50	2
EGAN00001341993	chr16_26750116	100	2
EGAN00001341993	chr16_27782241	0	1
EGAN00001341993	chr16_28862806	0	1
EGAN00001341993	chr16_31639411	100	1
EGAN00001341993	chr16_32127597	66.6666666666667	6
EGAN00001341993	chr16_34663733	100	1
EGAN00001341993	chr16_49395896	100	3
EGAN00001341993	chr16_73010278	100	2
EGAN00001341993	chr16_88116470	0	2
EGAN00001341993	chr16_88786563	100	1
EGAN00001341993	chr16_88901804	100	1
EGAN00001341993	chr8_4462694	80	5
EGAN00001341993	chr8_28419410	100	1
EGAN00001341993	chr8_41725935	0	2
EGAN00001341993	chr8_109229267	100	3
EGAN00001341993	chr8_127312020	100	2
EGAN00001341993	chr8_142700164	0	1
EGAN00001341993	chr11_12886036	0	4
EGAN00001341993	chr11_64041133	0	1
EGAN00001341993	chr11_64236610	0	1
EGAN00001341993	chr11_66959350	25	4
EGAN00001341993	chr11_68878159	100	1
EGAN00001341993	chr11_69152182	0	1
EGAN00001341993	chr11_69702042	100	1
EGAN00001341993	chr11_94584351	100	1
EGAN00001341993	chr11_117071886	100	3
EGAN00001341993	chr11_125418747	100	1
EGAN00001341993	chr11_131933432	100	1
EGAN00001341993	chr11_132479453	100	2
EGAN00001341993	chr3_46984285	100	2
EGAN00001341993	chr3_61178549	100	6
EGAN00001341993	chr3_72302013	100	1
EGAN00001341993	chr3_75583245	0	2
EGAN00001341993	chr3_95090765	100	3
EGAN00001341993	chr3_98758134	100	2
EGAN00001341993	chr3_122232635	100	1
EGAN00001341993	chr3_124292638	100	1
EGAN00001341993	chr3_126214216	100	1
EGAN00001341993	chr3_141009558	0	1
EGAN00001341993	chr3_157701978	100	1
EGAN00001341993	chr3_161514273	100	5
EGAN00001341993	chr13_99977890	100	1
EGAN00001341993	chr4_981446	100	2
EGAN00001341993	chr4_6355382	0	2
EGAN00001341993	chr4_12118549	50	4
EGAN00001341993	chr4_37436122	100	2
EGAN00001341993	chr4_64314525	50	2
EGAN00001341993	chr4_64927430	85.7142857142857	7
EGAN00001341993	chr4_78704723	60	5
EGAN00001341993	chr4_134394695	100	2
EGAN00001341993	chr4_164959805	100	4
EGAN00001341993	chr4_184040172	100	1
EGAN00001341993	chr4_184097440	0	1
EGAN00001341993	chr14_50363770	0	1
EGAN00001341993	chr14_68434182	66.6666666666667	3
EGAN00001341993	chr14_96585335	50	2
EGAN00001341993	chr14_97459083	100	1
EGAN00001341993	chr14_99617228	0	4
EGAN00001341993	chr14_102126515	100	1
EGAN00001341993	chr14_103332688	100	1
EGAN00001341993	chr14_104105553	100	1
EGAN00001341993	chr15_25644379	50	2
EGAN00001341993	chr15_37642362	100	3
EGAN00001341993	chr15_59863352	100	3
EGAN00001341993	chr15_77815002	100	1
EGAN00001341993	chr15_82808150	0	1
EGAN00001341993	chr15_99438835	50	2
EGAN00001341993	chr15_101653213	100	2
EGAN00001341993	chr21_14070208	100	1
EGAN00001341993	chr21_38664557	100	1
EGAN00001341993	chr21_44344331	50	2
EGAN00001341993	chr5_1597217	0	1
EGAN00001341993	chr5_1778903	100	1
EGAN00001341993	chr5_24317711	0	1
EGAN00001341993	chr5_33600908	100	1
EGAN00001341993	chr5_36017684	100	2
EGAN00001341993	chr5_36953216	100	6
EGAN00001341993	chr5_62208520	100	1
EGAN00001341993	chr5_63155217	100	3
EGAN00001341993	chr5_76199453	0	1
EGAN00001341993	chr5_88827334	0	2
EGAN00001341993	chr5_96656366	100	3
EGAN00001341993	chr5_135036179	0	2
EGAN00001341993	chr5_137889034	100	1
EGAN00001341993	chr5_141477532	100	1
EGAN00001341993	chr5_146333950	50	2
EGAN00001341993	chr17_6985285	100	4
EGAN00001341993	chr17_16415616	0	1
EGAN00001341993	chr17_68247196	0	2
EGAN00001341993	chr17_75539860	33.3333333333333	3
EGAN00001341993	chr17_81080366	100	1
EGAN00001341993	chr17_82000072	0	1
EGAN00001341993	chr10_13054037	100	1
EGAN00001341993	chr10_32230625	100	2
EGAN00001341993	chr10_46051416	0	1
EGAN00001341993	chr10_48531683	0	1
EGAN00001341993	chr10_103848137	0	1
EGAN00001341993	chr10_117126088	100	1
EGAN00001341993	chr10_117126333	100	1
EGAN00001341993	chr10_123497213	0	2
EGAN00001341993	chr10_129394840	100	1
EGAN00001341993	chr10_131581723	100	1
EGAN00001341993	chr22_12168418	100	2
EGAN00001341993	chr22_26630073	50	2
EGAN00001341993	chr22_26665011	100	1
EGAN00001341993	chr22_27803413	100	3
EGAN00001341993	chrX_8064562	50	4
EGAN00001341993	chrX_9651990	100	2
EGAN00001341993	chrX_14690789	66.6666666666667	3
EGAN00001341993	chrX_19640587	100	4
EGAN00001341993	chrX_29799022	60	5
EGAN00001341993	chrX_30374129	75	4
EGAN00001341993	chrX_45479778	50	2
EGAN00001341993	chrX_52246947	100	1
EGAN00001341993	chrX_66086837	100	3
EGAN00001341993	chrX_66639832	100	1
EGAN00001341993	chrX_70303289	100	2
EGAN00001341993	chrX_87489343	100	1
EGAN00001341993	chrX_88018355	100	3
EGAN00001341993	chrX_92117524	100	2
EGAN00001341993	chrX_103155912	0	1
EGAN00001341993	chrX_117454191	100	1
EGAN00001341993	chrX_121786794	100	1
EGAN00001341993	chrX_125833062	80	5
EGAN00001341993	chrX_131200477	100	1
EGAN00001341993	chrX_134890929	80	5
EGAN00001341993	chrX_140679022	0	3
EGAN00001341993	chrX_142933309	100	4
EGAN00001341993	chrX_145459539	100	2
EGAN00001341993	chrX_154793630	100	1
EGAN00001341993	chr18_14600023	66.6666666666667	6
EGAN00001341993	chr18_60868500	87.5	8
EGAN00001341993	chr9_6873941	50	2
EGAN00001341993	chr9_11233815	85.7142857142857	7
EGAN00001341993	chr9_20682982	100	1
EGAN00001341993	chr9_21152362	100	2
EGAN00001341993	chr9_36826325	50	2
EGAN00001341993	chr9_42853495	0	2
EGAN00001341993	chr9_63348247	80	5
EGAN00001341993	chr9_76836241	0	1
EGAN00001341993	chr9_77514982	50	2
EGAN00001341993	chr9_78618458	100	1
EGAN00001341993	chr9_81101871	50	4
EGAN00001341993	chr9_127752452	100	2
EGAN00001341993	chr9_130376556	100	1
EGAN00001341993	chr9_135481350	0	1
EGAN00001341993	chr20_18728365	50	2
EGAN00001341993	chr20_38892436	100	1
EGAN00001341993	chr20_41378024	100	2
EGAN00001341993	chr20_53469500	100	2
EGAN00001341993	chr20_56318577	100	1
EGAN00001341993	chr20_63131247	100	2
EGAN00001341993	chr20_63165100	0	1
EGAN00001341994	chr12_34421085	60	5
EGAN00001341994	chr12_47817468	0	3
EGAN00001341994	chr12_54329411	0	2
EGAN00001341994	chr12_103365614	42.8571428571429	7
EGAN00001341994	chr12_115334226	0	1
EGAN00001341994	chr12_121366048	33.3333333333333	3
EGAN00001341994	chr12_124548162	100	4
EGAN00001341994	chr12_133232969	100	4
EGAN00001341994	chr3_46984285	100	2
EGAN00001341994	chr3_46988170	0	1
EGAN00001341994	chr3_54203074	0	1
EGAN00001341994	chr3_61178549	55.5555555555556	9
EGAN00001341994	chr3_72302013	100	4
EGAN00001341994	chr3_75583245	0	4
EGAN00001341994	chr3_75583318	0	2
EGAN00001341994	chr3_95090765	100	5
EGAN00001341994	chr3_124292638	100	1
EGAN00001341994	chr3_126214216	50	2
EGAN00001341994	chr3_141009558	0	2
EGAN00001341994	chr3_157701978	100	2
EGAN00001341994	chr3_161514273	100	4
EGAN00001341994	chr3_196648504	100	2
EGAN00001341994	chrX_9651990	50	2
EGAN00001341994	chrX_10473748	100	2
EGAN00001341994	chrX_14690789	50	2
EGAN00001341994	chrX_19640587	50	2
EGAN00001341994	chrX_29799022	80	5
EGAN00001341994	chrX_30374129	80	5
EGAN00001341994	chrX_45479778	100	4
EGAN00001341994	chrX_47084584	100	2
EGAN00001341994	chrX_52246947	100	2
EGAN00001341994	chrX_66086837	66.6666666666667	3
EGAN00001341994	chrX_66639832	50	2
EGAN00001341994	chrX_78119699	100	1
EGAN00001341994	chrX_87489343	66.6666666666667	3
EGAN00001341994	chrX_88018355	100	3
EGAN00001341994	chrX_92117524	100	6
EGAN00001341994	chrX_103155912	0	1
EGAN00001341994	chrX_117454191	50	2
EGAN00001341994	chrX_121786794	66.6666666666667	3
EGAN00001341994	chrX_125833062	0	2
EGAN00001341994	chrX_131200477	100	4
EGAN00001341994	chrX_133812641	50	2
EGAN00001341994	chrX_134890929	90	10
EGAN00001341994	chrX_140679022	100	3
EGAN00001341994	chrX_142933309	66.6666666666667	3
EGAN00001341994	chrX_145393855	0	1
EGAN00001341994	chrX_145459539	50	2
EGAN00001341994	chrX_153892697	66.6666666666667	3
EGAN00001341994	chrX_154793630	66.6666666666667	3
EGAN00001341994	chr1_3332671	100	1
EGAN00001341994	chr1_11644156	0	2
EGAN00001341994	chr1_15584385	0	1
EGAN00001341994	chr1_16167239	100	1
EGAN00001341994	chr1_25618560	50	2
EGAN00001341994	chr1_26319849	50	4
EGAN00001341994	chr1_53638146	50	2
EGAN00001341994	chr1_96518976	50	2
EGAN00001341994	chr1_98733419	100	1
EGAN00001341994	chr1_112329623	100	1
EGAN00001341994	chr1_114136997	0	1
EGAN00001341994	chr1_119005528	0	3
EGAN00001341994	chr1_151197469	100	1
EGAN00001341994	chr1_151352085	66.6666666666667	3
EGAN00001341994	chr1_154707828	100	1
EGAN00001341994	chr1_156193528	0	1
EGAN00001341994	chr1_156246289	50	2
EGAN00001341994	chr1_167629958	0	3
EGAN00001341994	chr1_168997424	100	2
EGAN00001341994	chr1_181629071	100	2
EGAN00001341994	chr1_212917135	100	3
EGAN00001341994	chr1_221839912	0	1
EGAN00001341994	chr4_981446	100	1
EGAN00001341994	chr4_6355382	0	1
EGAN00001341994	chr4_7722248	0	3
EGAN00001341994	chr4_9381003	100	1
EGAN00001341994	chr4_12118549	25	4
EGAN00001341994	chr4_26822662	66.6666666666667	3
EGAN00001341994	chr4_37436122	0	5
EGAN00001341994	chr4_64314525	100	3
EGAN00001341994	chr4_64927430	87.5	8
EGAN00001341994	chr4_78704723	100	4
EGAN00001341994	chr4_134394695	100	4
EGAN00001341994	chr4_164959805	100	3
EGAN00001341994	chr4_184097440	0	1
EGAN00001341994	chr4_188315458	50	2
EGAN00001341994	chr11_12886036	28.5714285714286	7
EGAN00001341994	chr11_18108059	50	2
EGAN00001341994	chr11_64236610	100	3
EGAN00001341994	chr11_66959350	28.5714285714286	7
EGAN00001341994	chr11_68878159	100	1
EGAN00001341994	chr11_69152182	100	2
EGAN00001341994	chr11_94584351	0	1
EGAN00001341994	chr11_117071886	100	2
EGAN00001341994	chr11_125418747	0	1
EGAN00001341994	chr11_126461346	100	2
EGAN00001341994	chr11_131933432	0	1
EGAN00001341994	chr17_4692189	100	2
EGAN00001341994	chr17_6985285	100	6
EGAN00001341994	chr17_16415616	0	1
EGAN00001341994	chr17_68247196	66.6666666666667	3
EGAN00001341994	chr17_75539860	100	2
EGAN00001341994	chr17_82000072	100	1
EGAN00001341994	chr13_25852742	100	3
EGAN00001341994	chr13_51782350	66.6666666666667	3
EGAN00001341994	chr13_87447540	100	1
EGAN00001341994	chr13_99977890	100	1
EGAN00001341994	chr13_111422484	0	1
EGAN00001341994	chr16_10385715	0	2
EGAN00001341994	chr16_26750116	100	1
EGAN00001341994	chr16_28862806	0	1
EGAN00001341994	chr16_31639411	60	5
EGAN00001341994	chr16_32127597	50	2
EGAN00001341994	chr16_34663733	100	2
EGAN00001341994	chr16_49395896	100	3
EGAN00001341994	chr16_57529241	100	1
EGAN00001341994	chr16_73010278	66.6666666666667	3
EGAN00001341994	chr16_85509285	100	1
EGAN00001341994	chr16_88116470	50	2
EGAN00001341994	chr16_88786563	33.3333333333333	3
EGAN00001341994	chr14_20747558	66.6666666666667	3
EGAN00001341994	chr14_50363770	0	2
EGAN00001341994	chr14_68434182	100	1
EGAN00001341994	chr14_92261125	100	2
EGAN00001341994	chr14_96585335	40	5
EGAN00001341994	chr14_97459083	0	1
EGAN00001341994	chr14_99617228	50	2
EGAN00001341994	chr14_102126515	50	2
EGAN00001341994	chr14_103332688	100	2
EGAN00001341994	chr14_104105553	0	1
EGAN00001341994	chr2_70202883	100	4
EGAN00001341994	chr2_70896812	100	1
EGAN00001341994	chr2_71024387	100	1
EGAN00001341994	chr2_101245113	100	1
EGAN00001341994	chr2_104373927	33.3333333333333	3
EGAN00001341994	chr2_175400388	75	4
EGAN00001341994	chr2_182031185	100	6
EGAN00001341994	chr2_187003438	100	1
EGAN00001341994	chr2_203707953	0	2
EGAN00001341994	chr2_213001584	18.1818181818182	11
EGAN00001341994	chr2_217062556	100	2
EGAN00001341994	chr2_228500207	0	2
EGAN00001341994	chr2_230318605	50	2
EGAN00001341994	chr18_14600023	22.2222222222222	9
EGAN00001341994	chr18_60868500	50	4
EGAN00001341994	chr18_77421661	100	3
EGAN00001341994	chr15_37642362	83.3333333333333	6
EGAN00001341994	chr15_65305540	100	2
EGAN00001341994	chr15_82808150	83.3333333333333	6
EGAN00001341994	chr15_82850898	0	1
EGAN00001341994	chr15_99438835	25	4
EGAN00001341994	chr15_101653213	100	1
EGAN00001341994	chr9_263022	50	2
EGAN00001341994	chr9_6873941	100	1
EGAN00001341994	chr9_11233815	100	5
EGAN00001341994	chr9_20682982	100	3
EGAN00001341994	chr9_21152362	100	2
EGAN00001341994	chr9_42853495	0	1
EGAN00001341994	chr9_63348247	100	3
EGAN00001341994	chr9_76836241	40	5
EGAN00001341994	chr9_77514982	50	2
EGAN00001341994	chr9_78292300	0	2
EGAN00001341994	chr9_78618458	100	1
EGAN00001341994	chr9_80747246	0	1
EGAN00001341994	chr9_81101871	83.3333333333333	6
EGAN00001341994	chr9_127752452	100	1
EGAN00001341994	chr9_134026344	50	2
EGAN00001341994	chr9_135481350	100	1
EGAN00001341994	chr8_4462694	71.4285714285714	7
EGAN00001341994	chr8_109229267	50	2
EGAN00001341994	chr8_127312020	100	2
EGAN00001341994	chr8_140469431	33.3333333333333	3
EGAN00001341994	chr8_142907539	100	2
EGAN00001341994	chr5_1597217	100	1
EGAN00001341994	chr5_1778903	75	4
EGAN00001341994	chr5_24317711	100	1
EGAN00001341994	chr5_33600908	100	4
EGAN00001341994	chr5_36017684	100	5
EGAN00001341994	chr5_36953216	100	4
EGAN00001341994	chr5_58913787	100	3
EGAN00001341994	chr5_62208520	100	1
EGAN00001341994	chr5_63155217	75	4
EGAN00001341994	chr5_88827334	0	2
EGAN00001341994	chr5_96656366	100	2
EGAN00001341994	chr5_134906266	100	1
EGAN00001341994	chr5_135036179	0	1
EGAN00001341994	chr5_137889034	50	2
EGAN00001341994	chr5_146333950	100	1
EGAN00001341994	chr5_170715905	50	2
EGAN00001341994	chr10_13054037	100	2
EGAN00001341994	chr10_22875783	100	3
EGAN00001341994	chr10_32230625	100	5
EGAN00001341994	chr10_43215249	0	1
EGAN00001341994	chr10_46051416	0	1
EGAN00001341994	chr10_103848137	0	1
EGAN00001341994	chr10_116238155	100	3
EGAN00001341994	chr10_123497213	50	2
EGAN00001341994	chr10_130359215	100	1
EGAN00001341994	chr6_27187194	100	2
EGAN00001341994	chr6_35503585	0	2
EGAN00001341994	chr6_45236020	100	2
EGAN00001341994	chr6_68487849	100	4
EGAN00001341994	chr6_68633390	100	2
EGAN00001341994	chr6_69431934	100	2
EGAN00001341994	chr6_96784428	66.6666666666667	3
EGAN00001341994	chr6_126033156	66.6666666666667	9
EGAN00001341994	chr6_130194025	100	1
EGAN00001341994	chr6_133746072	0	1
EGAN00001341994	chr6_133948746	100	1
EGAN00001341994	chr6_150490691	100	1
EGAN00001341994	chr6_158356641	100	2
EGAN00001341994	chr6_159578134	100	1
EGAN00001341994	chr21_37565327	100	1
EGAN00001341994	chr21_38664557	100	1
EGAN00001341994	chr21_42518157	100	2
EGAN00001341994	chr21_44344331	100	1
EGAN00001341994	chr21_45819850	100	2
EGAN00001341994	chr7_5164167	100	5
EGAN00001341994	chr7_30642492	100	2
EGAN00001341994	chr7_43199785	20	5
EGAN00001341994	chr7_58045908	57.1428571428571	7
EGAN00001341994	chr7_73565783	100	1
EGAN00001341994	chr7_95917591	66.6666666666667	3
EGAN00001341994	chr7_115420145	0	1
EGAN00001341994	chr7_116306146	100	4
EGAN00001341994	chr7_134355048	50	2
EGAN00001341994	chr22_12168418	100	2
EGAN00001341994	chr22_26665011	66.6666666666667	3
EGAN00001341994	chr22_27803413	100	5
EGAN00001341994	chr22_46262573	0	1
EGAN00001341994	chr22_49646965	100	2
EGAN00001341994	chr22_50267083	100	1
EGAN00001341994	chr20_18728365	100	2
EGAN00001341994	chr20_31274499	100	1
EGAN00001341994	chr20_38892436	100	2
EGAN00001341994	chr20_41378024	75	4
EGAN00001341994	chr20_53469500	50	2
EGAN00001341994	chr20_56318577	100	4
EGAN00001341994	chr20_63131247	100	1
EGAN00001341994	chr20_63165100	100	1
EGAN00001341994	chr19_1081819	50	2
EGAN00001341994	chr19_6933868	100	1
EGAN00001341994	chr19_10547625	100	1
EGAN00001341994	chr19_19228631	100	5
EGAN00001341994	chr19_39437477	100	2
EGAN00001341994	chr19_47022375	100	1
EGAN00001341994	chr19_48096320	100	3
EGAN00001341994	chr19_50259120	100	1
EGAN00001341994	chr19_56667668	0	1
EGAN00001341995	chr1_11644156	0	3
EGAN00001341995	chr1_25618560	100	1
EGAN00001341995	chr1_36555214	100	1
EGAN00001341995	chr1_53638146	100	2
EGAN00001341995	chr1_96518976	100	3
EGAN00001341995	chr1_98733419	100	1
EGAN00001341995	chr1_112329623	100	3
EGAN00001341995	chr1_114136997	0	2
EGAN00001341995	chr1_119005528	33.3333333333333	6
EGAN00001341995	chr1_151352085	0	1
EGAN00001341995	chr1_154707828	100	1
EGAN00001341995	chr1_156193528	0	2
EGAN00001341995	chr1_156246289	100	1
EGAN00001341995	chr1_167629958	0	4
EGAN00001341995	chr1_180935427	100	1
EGAN00001341995	chr1_181629071	50	4
EGAN00001341995	chr1_212917135	100	3
EGAN00001341995	chr1_221839912	0	1
EGAN00001341995	chr8_4462694	50	4
EGAN00001341995	chr8_109229267	50	2
EGAN00001341995	chr8_140469431	33.3333333333333	3
EGAN00001341995	chr8_142700164	100	1
EGAN00001341995	chr8_142907539	100	2
EGAN00001341995	chr4_4461846	0	1
EGAN00001341995	chr4_6355382	0	1
EGAN00001341995	chr4_12118549	0	1
EGAN00001341995	chr4_26822662	0	3
EGAN00001341995	chr4_37436122	0	2
EGAN00001341995	chr4_64314525	100	1
EGAN00001341995	chr4_64927430	66.6666666666667	6
EGAN00001341995	chr4_78704723	100	6
EGAN00001341995	chr4_134394695	100	3
EGAN00001341995	chr4_164959805	100	2
EGAN00001341995	chr4_184040172	0	2
EGAN00001341995	chr4_184097440	0	2
EGAN00001341995	chr5_1778903	100	1
EGAN00001341995	chr5_33600908	100	2
EGAN00001341995	chr5_36017684	100	1
EGAN00001341995	chr5_36953216	71.4285714285714	7
EGAN00001341995	chr5_62208520	75	4
EGAN00001341995	chr5_63155217	100	5
EGAN00001341995	chr5_88827334	0	2
EGAN00001341995	chr5_96656366	100	3
EGAN00001341995	chr5_135036179	0	1
EGAN00001341995	chr5_137889034	0	1
EGAN00001341995	chr5_141477532	0	1
EGAN00001341995	chr5_146333950	0	2
EGAN00001341995	chr6_24684543	100	3
EGAN00001341995	chr6_25263453	50	2
EGAN00001341995	chr6_27187194	75	4
EGAN00001341995	chr6_45236020	100	1
EGAN00001341995	chr6_68487849	100	1
EGAN00001341995	chr6_68633390	0	2
EGAN00001341995	chr6_69431934	50	2
EGAN00001341995	chr6_96784428	50	6
EGAN00001341995	chr6_126033156	80	5
EGAN00001341995	chr6_128911345	100	2
EGAN00001341995	chr6_138523563	0	1
EGAN00001341995	chr6_150490691	100	2
EGAN00001341995	chr6_158356641	100	3
EGAN00001341995	chr6_159578134	100	2
EGAN00001341995	chr2_70202883	100	1
EGAN00001341995	chr2_71024387	100	1
EGAN00001341995	chr2_101245113	100	2
EGAN00001341995	chr2_104373927	0	1
EGAN00001341995	chr2_128902340	100	1
EGAN00001341995	chr2_175400388	100	2
EGAN00001341995	chr2_203707953	0	2
EGAN00001341995	chr2_213001584	12.5	8
EGAN00001341995	chr2_217062556	100	2
EGAN00001341995	chr2_226994954	83.3333333333333	6
EGAN00001341995	chr2_228500207	100	2
EGAN00001341995	chr2_230318605	66.6666666666667	3
EGAN00001341995	chr20_18728365	100	2
EGAN00001341995	chr20_31274499	100	2
EGAN00001341995	chr20_38892436	0	1
EGAN00001341995	chr20_41378024	100	5
EGAN00001341995	chr20_56318577	0	1
EGAN00001341995	chr20_63131247	100	1
EGAN00001341995	chr20_63165100	100	1
EGAN00001341995	chr10_13054037	100	1
EGAN00001341995	chr10_22875783	100	1
EGAN00001341995	chr10_32230625	100	2
EGAN00001341995	chr10_46051416	0	2
EGAN00001341995	chr10_48531683	0	1
EGAN00001341995	chr10_103848137	0	1
EGAN00001341995	chr10_117126088	100	1
EGAN00001341995	chr10_123497213	100	1
EGAN00001341995	chr9_263022	100	2
EGAN00001341995	chr9_6873941	100	1
EGAN00001341995	chr9_11233815	100	3
EGAN00001341995	chr9_21152362	50	2
EGAN00001341995	chr9_36826325	100	1
EGAN00001341995	chr9_63348247	50	4
EGAN00001341995	chr9_76836241	50	4
EGAN00001341995	chr9_77514982	0	2
EGAN00001341995	chr9_80747246	100	1
EGAN00001341995	chr9_81101871	100	1
EGAN00001341995	chr9_130376556	100	2
EGAN00001341995	chr16_10385715	33.3333333333333	3
EGAN00001341995	chr16_27143556	100	1
EGAN00001341995	chr16_27782241	100	1
EGAN00001341995	chr16_28862806	50	2
EGAN00001341995	chr16_32127597	100	1
EGAN00001341995	chr16_49395896	83.3333333333333	6
EGAN00001341995	chr16_57529241	100	1
EGAN00001341995	chr16_83267621	100	1
EGAN00001341995	chr16_88116470	0	1
EGAN00001341995	chr16_88786563	33.3333333333333	3
EGAN00001341995	chr16_88901804	100	1
EGAN00001341995	chr3_46984285	50	2
EGAN00001341995	chr3_61178549	33.3333333333333	3
EGAN00001341995	chr3_72302013	100	2
EGAN00001341995	chr3_75583245	0	3
EGAN00001341995	chr3_75583318	33.3333333333333	3
EGAN00001341995	chr3_95090765	50	2
EGAN00001341995	chr3_98758134	100	2
EGAN00001341995	chr3_124292638	100	1
EGAN00001341995	chr3_141009558	100	1
EGAN00001341995	chr3_157701978	100	2
EGAN00001341995	chr3_161514273	100	2
EGAN00001341995	chr3_187890625	100	1
EGAN00001341995	chr3_196648504	0	3
EGAN00001341995	chr11_18108059	100	3
EGAN00001341995	chr11_65642354	100	2
EGAN00001341995	chr11_66959350	0	2
EGAN00001341995	chr11_69152182	66.6666666666667	3
EGAN00001341995	chr11_94584351	0	1
EGAN00001341995	chr11_117071886	100	5
EGAN00001341995	chr11_125382866	100	1
EGAN00001341995	chr11_125418747	100	2
EGAN00001341995	chr11_126461346	100	1
EGAN00001341995	chr11_132479453	100	1
EGAN00001341995	chr12_34421085	50	4
EGAN00001341995	chr12_54329411	50	2
EGAN00001341995	chr12_103365614	33.3333333333333	3
EGAN00001341995	chr12_104215539	50	2
EGAN00001341995	chr12_109264248	100	1
EGAN00001341995	chr12_109925358	100	1
EGAN00001341995	chr12_115334226	0	2
EGAN00001341995	chr12_121366048	100	2
EGAN00001341995	chr12_124548162	100	2
EGAN00001341995	chr12_133232969	66.6666666666667	3
EGAN00001341995	chr13_51782350	50	4
EGAN00001341995	chr13_87447540	100	1
EGAN00001341995	chr7_5564384	50	2
EGAN00001341995	chr7_43199785	0	4
EGAN00001341995	chr7_58045908	80	10
EGAN00001341995	chr7_76166396	100	2
EGAN00001341995	chr7_95917591	100	1
EGAN00001341995	chr7_115420145	50	2
EGAN00001341995	chr7_116306146	50	2
EGAN00001341995	chrX_8064562	60	5
EGAN00001341995	chrX_14690789	100	1
EGAN00001341995	chrX_30374129	66.6666666666667	3
EGAN00001341995	chrX_45479778	66.6666666666667	3
EGAN00001341995	chrX_52246947	100	2
EGAN00001341995	chrX_66086837	0	1
EGAN00001341995	chrX_66639832	80	5
EGAN00001341995	chrX_70303289	100	1
EGAN00001341995	chrX_78119699	100	1
EGAN00001341995	chrX_87489343	66.6666666666667	3
EGAN00001341995	chrX_88018355	100	3
EGAN00001341995	chrX_92117524	66.6666666666667	3
EGAN00001341995	chrX_103155912	100	1
EGAN00001341995	chrX_117454191	100	4
EGAN00001341995	chrX_121786794	42.8571428571429	7
EGAN00001341995	chrX_125833062	80	5
EGAN00001341995	chrX_131200477	100	3
EGAN00001341995	chrX_134890929	100	8
EGAN00001341995	chrX_140679022	66.6666666666667	3
EGAN00001341995	chrX_142933309	60	5
EGAN00001341995	chrX_145393855	0	1
EGAN00001341995	chrX_145459539	0	2
EGAN00001341995	chrX_153892697	100	1
EGAN00001341995	chrX_154793630	100	2
EGAN00001341995	chr15_37642362	100	6
EGAN00001341995	chr15_59863352	100	1
EGAN00001341995	chr15_60876327	0	1
EGAN00001341995	chr15_65305540	100	1
EGAN00001341995	chr15_82808150	100	2
EGAN00001341995	chr15_99438835	0	3
EGAN00001341995	chr14_20747558	0	1
EGAN00001341995	chr14_50363770	0	2
EGAN00001341995	chr14_72645911	100	1
EGAN00001341995	chr14_92261125	0	1
EGAN00001341995	chr14_96585335	0	1
EGAN00001341995	chr14_97459083	100	2
EGAN00001341995	chr14_99617228	0	2
EGAN00001341995	chr14_102126515	50	2
EGAN00001341995	chr19_6933868	100	1
EGAN00001341995	chr19_7620450	100	1
EGAN00001341995	chr19_39437477	100	1
EGAN00001341995	chr19_47022375	0	2
EGAN00001341995	chr19_48096320	100	2
EGAN00001341995	chr19_50259120	0	1
EGAN00001341995	chr18_14600023	50	2
EGAN00001341995	chr18_60868500	100	4
EGAN00001341995	chr21_14070208	100	2
EGAN00001341995	chr21_42518157	100	1
EGAN00001341995	chr17_4692189	100	1
EGAN00001341995	chr17_6985285	80	5
EGAN00001341995	chr17_68247196	66.6666666666667	3
EGAN00001341995	chr22_12168418	100	1
EGAN00001341995	chr22_26630073	100	2
EGAN00001341995	chr22_27803413	100	3
EGAN00001341995	chr22_46262573	100	1
EGAN00001341995	chr22_49646965	33.3333333333333	3
